sheet,row,region,broker_symbol,description,digits,point_size,contract_size,contract_unit,quote_ccy,point_value,min_volume_lots,volume_step_lots,spread_points,spread_price,commission_model,commission_amount,commission_ccy,swap_model,swap_long,swap_short,triple_weekday,quote_sample,trading_time_server,row_status,status_reason
Forex&Metals,2,,AUDCAD+,Australian Dollar vs Canadian Dollar,5,1e-05,100000.0,AUD,CAD,1.0,0.01,0.01,12.29,0.0001229,per_lot,6.0,USD,points,1.22,-5.7,WED,0.89584,Monday: 00:01-23:58; Tuesday: 00:01-23:58; Wednesday: 00:01-23:58; Thursday: 00:01-23:58; Friday: 00:01-23:57,ok,
Forex&Metals,3,,AUDCHF+,Australian Dollar vs Swiss Franc,5,1e-05,100000.0,AUD,CHF,1.0,0.01,0.01,8.84,8.840000000000001e-05,per_lot,6.0,USD,points,3.61,-8.25,WED,0.5195,Monday: 00:01-23:58; Tuesday: 00:01-23:58; Wednesday: 00:01-23:58; Thursday: 00:01-23:58; Friday: 00:01-23:57,ok,
Forex&Metals,4,,AUDCNH+,AU Dollar vs Chinese Yuan,5,1e-05,100000.0,AUD,CNH,1.0,0.01,0.01,32.49,0.00032490000000000004,per_lot,6.0,USD,points,6.27,-51.03,WED,4.70266,Monday: 03:00-23:59; Tuesday: 03:00-23:59; Wednesday: 03:00-23:59; Thursday: 03:00-23:59; Friday: 03:00-23:59,ok,
Forex&Metals,5,,AUDJPY+,Australian Dollar vs Japanese Yen,3,0.001,100000.0,AUD,JPY,100.0,0.01,0.01,10.69,0.01069,per_lot,6.0,USD,points,2.77,-10.85,WED,95.615,Monday: 00:01-23:58; Tuesday: 00:01-23:58; Wednesday: 00:01-23:58; Thursday: 00:01-23:58; Friday: 00:01-23:57,ok,
Forex&Metals,6,,AUDNZD+,Australian Dollar vs New Zealand Dollar,5,1e-05,100000.0,AUD,NZD,1.0,0.01,0.01,16.97,0.0001697,per_lot,6.0,USD,points,-0.66,-4.31,WED,1.08988,Monday: 00:01-23:58; Tuesday: 00:01-23:58; Wednesday: 00:01-23:58; Thursday: 00:01-23:58; Friday: 00:01-23:57,ok,
Forex&Metals,7,,AUDSGD+,Australian Dollar vs Singapore Dollar,5,1e-05,100000.0,AUD,SGD,1.0,0.01,0.01,13.58,0.00013580000000000002,per_lot,6.0,USD,points,0.62,-8.57,WED,0.83778,Monday: 00:01-23:58; Tuesday: 00:01-23:58; Wednesday: 00:01-23:58; Thursday: 00:01-23:58; Friday: 00:01-23:57,ok,
Forex&Metals,8,,AUDUSD+,Australian Dollar vs US Dollar,5,1e-05,100000.0,AUD,USD,1.0,0.01,0.01,6.22,6.220000000000001e-05,per_lot,6.0,USD,points,-1.72,0.13,WED,0.65508,Monday: 00:01-23:58; Tuesday: 00:01-23:58; Wednesday: 00:01-23:58; Thursday: 00:01-23:58; Friday: 00:01-23:57,ok,
Forex&Metals,9,,CADCHF+,Canadian Dollar vs Swiss Franc,5,1e-05,100000.0,CAD,CHF,1.0,0.01,0.01,8.25,8.250000000000001e-05,per_lot,6.0,USD,points,2.18,-6.73,WED,0.57988,Monday: 00:01-23:58; Tuesday: 00:01-23:58; Wednesday: 00:01-23:58; Thursday: 00:01-23:58; Friday: 00:01-23:57,ok,
Forex&Metals,10,,CADJPY+,Canadian Dollar vs Japanese Yen,3,0.001,100000.0,CAD,JPY,100.0,0.01,0.01,8.13,0.008130000000000002,per_lot,6.0,USD,points,2.65,-8.24,WED,106.729,Monday: 00:01-23:58; Tuesday: 00:01-23:58; Wednesday: 00:01-23:58; Thursday: 00:01-23:58; Friday: 00:01-23:57,ok,
Forex&Metals,11,,CHFJPY+,Swiss Franc vs Japanese Yen,3,0.001,100000.0,CHF,JPY,100.0,0.01,0.01,17.35,0.01735,per_lot,6.0,USD,points,-4.81,-0.63,WED,184.044,Monday: 00:01-23:58; Tuesday: 00:01-23:58; Wednesday: 00:01-23:58; Thursday: 00:01-23:58; Friday: 00:01-23:57,ok,
Forex&Metals,12,,CHFSGD+,Swiss Franc vs Singapore Dollar,5,1e-05,100000.0,CHF,SGD,1.0,0.01,0.01,30.96,0.00030960000000000004,per_lot,6.0,USD,points,-14.89,1.18,WED,1.61255,Monday: 00:01-23:58; Tuesday: 00:01-23:58; Wednesday: 00:01-23:58; Thursday: 00:01-23:58; Friday: 00:01-23:57,ok,
Forex&Metals,13,,EURAUD+,Euro vs Australian Dollar,5,1e-05,100000.0,EUR,AUD,1.0,0.01,0.01,10.82,0.00010820000000000001,per_lot,6.0,USD,points,-14.18,5.82,WED,1.79261,Monday: 00:01-23:58; Tuesday: 00:01-23:58; Wednesday: 00:01-23:58; Thursday: 00:01-23:58; Friday: 00:01-23:57,ok,
Forex&Metals,14,,EURCAD+,Euro vs Canadian Dollar,5,1e-05,100000.0,EUR,CAD,1.0,0.01,0.01,10.62,0.0001062,per_lot,6.0,USD,points,-6.16,-0.4,WED,1.6059,Monday: 00:01-23:58; Tuesday: 00:01-23:58; Wednesday: 00:01-23:58; Thursday: 00:01-23:58; Friday: 00:01-23:57,ok,
Forex&Metals,15,,EURCHF+,Euro vs Swiss Franc,5,1e-05,100000.0,EUR,CHF,1.0,0.01,0.01,9.33,9.33e-05,per_lot,6.0,USD,points,1.85,-9.43,WED,0.93129,Monday: 00:01-23:58; Tuesday: 00:01-23:58; Wednesday: 00:01-23:58; Thursday: 00:01-23:58; Friday: 00:01-23:57,ok,
Forex&Metals,16,,EURCZK+,Euro vs Czech Koruna,4,0.0001,100000.0,EUR,CZK,10.0,0.01,0.01,221.25,0.022125000000000002,per_lot,6.0,USD,points,-20.19,0.52,WED,24.6291,Monday: 00:01-23:58; Tuesday: 00:01-23:58; Wednesday: 00:01-23:58; Thursday: 00:01-23:58; Friday: 00:01-23:57,ok,
Forex&Metals,17,,EURDKK+,Euro vs Danish Krone,5,1e-05,100000.0,EUR,DKK,1.0,0.01,0.01,222.51,0.0022251000000000003,per_lot,6.0,USD,points,-10.93,-22.43,WED,7.46015,Monday: 00:01-23:58; Tuesday: 00:01-23:58; Wednesday: 00:01-23:58; Thursday: 00:01-23:58; Friday: 00:01-23:57,ok,
Forex&Metals,18,,EURGBP+,Euro vs Great Britain Pound,5,1e-05,100000.0,EUR,GBP,1.0,0.01,0.01,3.74,3.740000000000001e-05,per_lot,6.0,USD,points,-9.13,2.22,WED,0.86273,Monday: 00:01-23:58; Tuesday: 00:01-23:58; Wednesday: 00:01-23:58; Thursday: 00:01-23:58; Friday: 00:01-23:57,ok,
Forex&Metals,19,,EURHUF+,Euro vs Hungarian Forint,3,0.001,100000.0,EUR,HUF,100.0,0.01,0.01,363.38,0.36338,per_lot,6.0,USD,points,-58.92,14.52,WED,399.241,Monday: 00:01-23:58; Tuesday: 00:01-23:58; Wednesday: 00:01-23:58; Thursday: 00:01-23:58; Friday: 00:01-23:57,ok,
Forex&Metals,20,,EURJPY+,Euro vs Japanese Yen,3,0.001,100000.0,EUR,JPY,100.0,0.01,0.01,8.51,0.00851,per_lot,6.0,USD,points,0.94,-10.21,WED,171.406,Monday: 00:01-23:58; Tuesday: 00:01-23:58; Wednesday: 00:01-23:58; Thursday: 00:01-23:58; Friday: 00:01-23:57,ok,
Forex&Metals,21,,EURNOK+,Euro vs Norwegian Krone,5,1e-05,100000.0,EUR,NOK,1.0,0.01,0.01,1264.55,0.0126455,per_lot,6.0,USD,points,-101.46,18.97,WED,11.81587,Monday: 00:01-23:58; Tuesday: 00:01-23:58; Wednesday: 00:01-23:58; Thursday: 00:01-23:58; Friday: 00:01-23:57,ok,
Forex&Metals,22,,EURNZD+,Euro vs New Zealand Dollar,5,1e-05,100000.0,EUR,NZD,1.0,0.01,0.01,21.81,0.00021810000000000002,per_lot,6.0,USD,points,-12.16,3.59,WED,1.95372,Monday: 00:01-23:58; Tuesday: 00:01-23:58; Wednesday: 00:01-23:58; Thursday: 00:01-23:58; Friday: 00:01-23:57,ok,
Forex&Metals,23,,EURPLN+,Euro vs Polish Zloty,5,1e-05,100000.0,EUR,PLN,1.0,0.01,0.01,360.28,0.0036028,per_lot,6.0,USD,points,-49.39,9.9,WED,4.24049,Monday: 00:01-23:58; Tuesday: 00:01-23:58; Wednesday: 00:01-23:58; Thursday: 00:01-23:58; Friday: 00:01-23:57,ok,
Forex&Metals,24,,EURSEK+,Euro vs Swedish Krona,5,1e-05,100000.0,EUR,SEK,1.0,0.01,0.01,955.83,0.0095583,per_lot,6.0,USD,points,-22.24,-25.55,WED,11.13591,Monday: 00:01-23:58; Tuesday: 00:01-23:58; Wednesday: 00:01-23:58; Thursday: 00:01-23:58; Friday: 00:01-23:57,ok,
Forex&Metals,25,,EURSGD+,Euro vs Singapore Dollar,5,1e-05,100000.0,EUR,SGD,1.0,0.01,0.01,18.87,0.00018870000000000003,per_lot,6.0,USD,points,-4.88,-5.65,WED,1.50182,Monday: 00:01-23:58; Tuesday: 00:01-23:58; Wednesday: 00:01-23:58; Thursday: 00:01-23:58; Friday: 00:01-23:57,ok,
Forex&Metals,26,,EURTRY+,Euro vs Turkish Lira,5,1e-05,100000.0,EUR,TRY,1.0,0.01,0.01,4760.65,0.0476065,per_lot,6.0,USD,points,-5871.49,1269.17,WED,47.11576,Monday: 00:01-23:58; Tuesday: 00:01-23:58; Wednesday: 00:01-23:58; Thursday: 00:01-23:58; Friday: 00:01-23:57,ok,
Forex&Metals,27,,EURUSD+,Euro vs US Dollar,5,1e-05,100000.0,EUR,USD,1.0,0.01,0.01,2.61,2.61e-05,per_lot,6.0,USD,points,-9.46,4.69,WED,1.17432,Monday: 00:01-23:58; Tuesday: 00:01-23:58; Wednesday: 00:01-23:58; Thursday: 00:01-23:58; Friday: 00:01-23:57,ok,
Forex&Metals,28,,GBPAUD+,Great Britain Pound vs Australian Dollar,5,1e-05,100000.0,GBP,AUD,1.0,0.01,0.01,21.5,0.00021500000000000002,per_lot,6.0,USD,points,-4.42,-8.26,WED,2.07777,Monday: 00:01-23:58; Tuesday: 00:01-23:58; Wednesday: 00:01-23:58; Thursday: 00:01-23:58; Friday: 00:01-23:57,ok,
Forex&Metals,29,,GBPCAD+,Great Britain Pound vs Canadian Dollar,5,1e-05,100000.0,GBP,CAD,1.0,0.01,0.01,13.05,0.00013050000000000003,per_lot,6.0,USD,points,2.75,-15.42,WED,1.86139,Monday: 00:01-23:58; Tuesday: 00:01-23:58; Wednesday: 00:01-23:58; Thursday: 00:01-23:58; Friday: 00:01-23:57,ok,
Forex&Metals,30,,GBPCHF+,Great Britain Pound vs Swiss Franc,5,1e-05,100000.0,GBP,CHF,1.0,0.01,0.01,8.82,8.820000000000002e-05,per_lot,6.0,USD,points,6.3,-20.78,WED,1.07946,Monday: 00:01-23:58; Tuesday: 00:01-23:58; Wednesday: 00:01-23:58; Thursday: 00:01-23:58; Friday: 00:01-23:57,ok,
Forex&Metals,31,,GBPJPY+,Great Britain Pound vs Japanese Yen,3,0.001,100000.0,GBP,JPY,100.0,0.01,0.01,12.28,0.01228,per_lot,6.0,USD,points,6.91,-25.69,WED,198.674,Monday: 00:01-23:58; Tuesday: 00:01-23:58; Wednesday: 00:01-23:58; Thursday: 00:01-23:58; Friday: 00:01-23:57,ok,
Forex&Metals,32,,GBPNZD+,Great Britain Pound vs New Zealand Dollar,5,1e-05,100000.0,GBP,NZD,1.0,0.01,0.01,25.57,0.00025570000000000004,per_lot,6.0,USD,points,-1.2,-12.93,WED,2.26455,Monday: 00:01-23:58; Tuesday: 00:01-23:58; Wednesday: 00:01-23:58; Thursday: 00:01-23:58; Friday: 00:01-23:57,ok,
Forex&Metals,33,,GBPSGD+,Great Britain Pound vs Singapore Dollar,5,1e-05,100000.0,GBP,SGD,1.0,0.01,0.01,22.17,0.00022170000000000002,per_lot,6.0,USD,points,2.13,-18.29,WED,1.74076,Monday: 00:01-23:58; Tuesday: 00:01-23:58; Wednesday: 00:01-23:58; Thursday: 00:01-23:58; Friday: 00:01-23:57,ok,
Forex&Metals,34,,GBPUSD+,Great Britain Pound vs US Dollar,5,1e-05,100000.0,GBP,USD,1.0,0.01,0.01,4.18,4.18e-05,per_lot,6.0,USD,points,-1.71,-0.72,WED,1.36115,Monday: 00:01-23:58; Tuesday: 00:01-23:58; Wednesday: 00:01-23:58; Thursday: 00:01-23:58; Friday: 00:01-23:57,ok,
Forex&Metals,35,,NZDCAD+,New Zealand Dollar vs Canadian Dollar,5,1e-05,100000.0,NZD,CAD,1.0,0.01,0.01,13.79,0.0001379,per_lot,6.0,USD,points,-0.02,-3.98,WED,0.82192,Monday: 00:01-23:58; Tuesday: 00:01-23:58; Wednesday: 00:01-23:58; Thursday: 00:01-23:58; Friday: 00:01-23:57,ok,
Forex&Metals,36,,NZDCHF+,New Zealand Dollar vs Swiss Franc,5,1e-05,100000.0,NZD,CHF,1.0,0.01,0.01,9.47,9.470000000000001e-05,per_lot,6.0,USD,points,2.77,-6.9,WED,0.47663,Monday: 00:01-23:58; Tuesday: 00:01-23:58; Wednesday: 00:01-23:58; Thursday: 00:01-23:58; Friday: 00:01-23:57,ok,
Forex&Metals,37,,NZDJPY+,New Zealand Dollar vs Japanese Yen,3,0.001,100000.0,NZD,JPY,100.0,0.01,0.01,10.95,0.01095,per_lot,6.0,USD,points,1.35,-8.89,WED,87.725,Monday: 00:01-23:58; Tuesday: 00:01-23:58; Wednesday: 00:01-23:58; Thursday: 00:01-23:58; Friday: 00:01-23:57,ok,
Forex&Metals,38,,NZDSGD+,New Zealand Dollar vs Singapore Dollar,5,1e-05,100000.0,NZD,SGD,1.0,0.01,0.01,14.77,0.0001477,per_lot,6.0,USD,points,0.17,-6.79,WED,0.76864,Monday: 00:01-23:58; Tuesday: 00:01-23:58; Wednesday: 00:01-23:58; Thursday: 00:01-23:58; Friday: 00:01-23:57,ok,
Forex&Metals,39,,NZDUSD+,New Zealand Dollar vs US Dollar,5,1e-05,100000.0,NZD,USD,1.0,0.01,0.01,5.64,5.64e-05,per_lot,6.0,USD,points,-2.78,0.15,WED,0.60103,Monday: 00:01-23:58; Tuesday: 00:01-23:58; Wednesday: 00:01-23:58; Thursday: 00:01-23:58; Friday: 00:01-23:57,ok,
Forex&Metals,40,,SGDJPY+,Singapore Dollar vs Japanese Yen,3,0.001,100000.0,SGD,JPY,100.0,0.01,0.01,14.62,0.01462,per_lot,6.0,USD,points,0.86,-8.0,WED,114.116,Monday: 00:01-23:58; Tuesday: 00:01-23:58; Wednesday: 00:01-23:58; Thursday: 00:01-23:58; Friday: 00:01-23:57,ok,
Forex&Metals,41,,USDBRL+,US Dollar vs Brazilian,5,1e-05,100000.0,USD,BRL,1.0,0.01,0.01,280.47,0.0028047000000000007,per_lot,6.0,USD,points,-297.26,15.1,WED,5.53953,Monday: 15:31-22:58; Tuesday: 15:31-22:58; Wednesday: 15:31-22:58; Thursday: 15:31-22:58; Friday: 15:31-22:58,ok,
Forex&Metals,42,,USDCAD+,US Dollar vs Canadian Dollar,5,1e-05,100000.0,USD,CAD,1.0,0.01,0.01,2.03,2.03e-05,per_lot,6.0,USD,points,3.0,-9.19,WED,1.36776,Monday: 00:01-23:58; Tuesday: 00:01-23:58; Wednesday: 00:01-23:58; Thursday: 00:01-23:58; Friday: 00:01-23:57,ok,
Forex&Metals,43,,USDCHF+,US Dollar vs Swiss Franc,5,1e-05,100000.0,USD,CHF,1.0,0.01,0.01,7.4,7.400000000000001e-05,per_lot,6.0,USD,points,6.2,-13.92,WED,0.79303,Monday: 00:01-23:58; Tuesday: 00:01-23:58; Wednesday: 00:01-23:58; Thursday: 00:01-23:58; Friday: 00:01-23:57,ok,
Forex&Metals,44,,USDCLP+,US Dollar vs Chile Peso,2,0.01,100000.0,USD,CLP,1000.0,0.01,0.01,67.15,0.6715000000000001,per_lot,6.0,USD,points,-9.97,-9.99,WED,949.04,Monday: 15:50-19:10; Tuesday: 15:50-19:10; Wednesday: 15:50-19:10; Thursday: 15:50-19:10; Friday: 15:50-19:10,ok,
Forex&Metals,45,,USDCNH+,US Dollar vs Chinese Yuan,5,1e-05,100000.0,USD,CNH,1.0,0.01,0.01,25.8,0.00025800000000000004,per_lot,6.0,USD,points,13.18,-84.26,WED,7.17866,Monday: 00:01-23:58; Tuesday: 00:01-23:58; Wednesday: 00:01-23:58; Thursday: 00:01-23:58; Friday: 00:01-23:57,ok,
Forex&Metals,46,,USDCOP+,US Dollar vs Colombia Peso,2,0.01,100000.0,USD,COP,1000.0,0.01,0.01,426.62,4.2662,per_lot,6.0,USD,points,-66.51,1.95,WED,4021.65,Monday: 17:00-20:50; Tuesday: 17:00-20:50; Wednesday: 17:00-20:50; Thursday: 17:00-20:50; Friday: 17:00-20:50,ok,
Forex&Metals,47,,USDCZK+,US Dollar vs Czech Koruna,5,1e-05,100000.0,USD,CZK,1.0,0.01,0.01,1683.37,0.0168337,per_lot,6.0,USD,points,-21.01,-142.23,WED,20.97465,Monday: 00:01-23:58; Tuesday: 00:01-23:58; Wednesday: 00:01-23:58; Thursday: 00:01-23:58; Friday: 00:01-23:57,ok,
Forex&Metals,48,,USDDKK+,US Dollar vs Danish Krone,5,1e-05,100000.0,USD,DKK,1.0,0.01,0.01,211.61,0.0021161,per_lot,6.0,USD,points,11.73,-65.71,WED,6.35269,Monday: 00:01-23:58; Tuesday: 00:01-23:58; Wednesday: 00:01-23:58; Thursday: 00:01-23:58; Friday: 00:01-23:57,ok,
Forex&Metals,49,,USDHUF+,US Dollar vs Hungarian Forint,3,0.001,100000.0,USD,HUF,100.0,0.01,0.01,351.76,0.35176,per_lot,6.0,USD,points,-25.71,0.42,WED,339.958,Monday: 00:01-23:58; Tuesday: 00:01-23:58; Wednesday: 00:01-23:58; Thursday: 00:01-23:58; Friday: 00:01-23:57,ok,
Forex&Metals,50,,USDIDR+,US Dollar vs Indonesian Rupiah,1,0.1,100000.0,USD,IDR,10000.0,0.01,0.01,191.73,19.173,per_lot,6.0,USD,points,-83.84,-72.84,WED,16224.0,Monday: 04:00-23:00; Tuesday: 04:00-23:00; Wednesday: 04:00-23:00; Thursday: 04:00-23:00; Friday: 04:00-23:00,ok,
Forex&Metals,51,,USDILS+,US dollar vs Israeli Shekel,5,1e-05,100000.0,USD,ILS,1.0,0.01,0.01,438.06,0.0043806,per_lot,6.0,USD,points,-11.95,-4.58,WED,3.30425,Monday: 00:01-23:58; Tuesday: 00:01-23:58; Wednesday: 00:01-23:58; Thursday: 00:01-23:58; Friday: 00:01-23:57,ok,
Forex&Metals,52,,USDINR+,US Dollar vs Indian Rupee,3,0.001,100000.0,USD,INR,100.0,0.01,0.01,29.39,0.02939,per_lot,6.0,USD,points,-12.43,-1.98,WED,85.557,Monday: 05:00-23:00; Tuesday: 05:00-23:00; Wednesday: 05:00-23:00; Thursday: 05:00-23:00; Friday: 05:00-23:00,ok,
Forex&Metals,53,,USDJPY+,US Dollar vs Japanese Yen,3,0.001,100000.0,USD,JPY,100.0,0.01,0.01,4.36,0.00436,per_lot,6.0,USD,points,5.38,-19.63,WED,145.96,Monday: 00:01-23:58; Tuesday: 00:01-23:58; Wednesday: 00:01-23:58; Thursday: 00:01-23:58; Friday: 00:01-23:57,ok,
Forex&Metals,54,,USDKRW+,US Dollar vs South Korean won,2,0.01,100000.0,USD,KRW,1000.0,0.01,0.01,73.97,0.7397,per_lot,6.0,USD,points,-3.52,-21.51,WED,1369.03,Monday: 03:00-23:00; Tuesday: 03:00-23:00; Wednesday: 03:00-23:00; Thursday: 03:00-23:00; Friday: 03:00-23:00,ok,
Forex&Metals,55,,USDMXN+,US Dollar vs Mexican Peso,5,1e-05,100000.0,USD,MXN,1.0,0.01,0.01,460.19,0.004601900000000001,per_lot,6.0,USD,points,-302.18,33.99,WED,18.59921,Monday: 00:01-23:58; Tuesday: 00:01-23:58; Wednesday: 00:01-23:58; Thursday: 00:01-23:58; Friday: 00:01-23:57,ok,
Forex&Metals,56,,USDNOK+,US Dollar vs Norwegian Krone,5,1e-05,100000.0,USD,NOK,1.0,0.01,0.01,1102.23,0.0110223,per_lot,6.0,USD,points,-13.18,-24.81,WED,10.06168,Monday: 00:01-23:58; Tuesday: 00:01-23:58; Wednesday: 00:01-23:58; Thursday: 00:01-23:58; Friday: 00:01-23:57,ok,
Forex&Metals,57,,USDPLN+,US Dollar vs Polish Zloty,5,1e-05,100000.0,USD,PLN,1.0,0.01,0.01,289.38,0.0028938,per_lot,6.0,USD,points,-15.93,-1.19,WED,3.61099,Monday: 00:01-23:58; Tuesday: 00:01-23:58; Wednesday: 00:01-23:58; Thursday: 00:01-23:58; Friday: 00:01-23:57,ok,
Forex&Metals,58,,USDSEK+,US Dollar vs Swedish Krona,5,1e-05,100000.0,USD,SEK,1.0,0.01,0.01,766.77,0.0076677,per_lot,6.0,USD,points,16.52,-91.74,WED,9.4829,Monday: 00:01-23:58; Tuesday: 00:01-23:58; Wednesday: 00:01-23:58; Thursday: 00:01-23:58; Friday: 00:01-23:57,ok,
Forex&Metals,59,,USDSGD+,US Dollar vs Singapore Dollar,5,1e-05,100000.0,USD,SGD,1.0,0.01,0.01,10.42,0.00010420000000000001,per_lot,6.0,USD,points,1.66,-14.23,WED,1.2789,Monday: 00:01-23:58; Tuesday: 00:01-23:58; Wednesday: 00:01-23:58; Thursday: 00:01-23:58; Friday: 00:01-23:57,ok,
Forex&Metals,60,,USDTHB+,United States Dollar vs Thai Baht,5,1e-05,100000.0,USD,THB,1.0,0.01,0.01,767.46,0.007674600000000001,per_lot,6.0,USD,points,231.12,-1119.8,WED,32.584,Monday: 00:01-23:58; Tuesday: 00:01-23:58; Wednesday: 00:01-23:58; Thursday: 00:01-23:58; Friday: 00:01-23:57,ok,
Forex&Metals,61,,USDTRY+,US Dollar vs Turkish Lira,5,1e-05,100000.0,USD,TRY,1.0,0.01,0.01,2169.55,0.021695500000000003,per_lot,6.0,USD,points,-4466.59,1112.98,THU,40.02668,Monday: 00:00-23:00; Tuesday: 00:00-23:00; Wednesday: 00:00-23:00; Thursday: 00:00-23:00; Friday: 00:00-23:00,ok,
Forex&Metals,62,,USDTWD+,US Dollar vs Taiwan Dollar,3,0.001,100000.0,USD,TWD,100.0,0.01,0.01,30.38,0.03038,per_lot,6.0,USD,points,-21.75,-37.93,WED,28.958,Monday: 03:10-22:00; Tuesday: 03:10-22:00; Wednesday: 03:10-22:00; Thursday: 03:10-22:00; Friday: 03:10-22:00,ok,
Forex&Metals,63,,USDZAR+,US Dollar vs South African Rand,5,1e-05,100000.0,USD,ZAR,1.0,0.01,0.01,813.77,0.008137700000000001,per_lot,6.0,USD,points,-230.88,26.36,WED,17.76197,Monday: 00:01-23:58; Tuesday: 00:01-23:58; Wednesday: 00:01-23:58; Thursday: 00:01-23:58; Friday: 00:01-23:57,ok,
Forex&Metals,64,,XAGAUD,Silver vs Australian Dollar,3,0.001,5000.0,OZ,AUD,5.0,0.01,0.01,46.86,0.04686,none,,,points,-7.15,1.67,WED,55.661,Monday: 01:01-23:58; Tuesday: 01:01-23:58; Wednesday: 01:01-23:58; Thursday: 01:01-23:58; Friday: 01:01-23:57,ok,
Forex&Metals,65,,XAGUSD,Silver US Dollar,3,0.001,5000.0,OZ,USD,5.0,0.01,0.01,22.74,0.02274,none,,,points,-5.25,2.47,WED,36.469,Monday: 01:01-23:58; Tuesday: 01:01-23:58; Wednesday: 01:01-23:58; Thursday: 01:01-23:58; Friday: 01:01-23:57,ok,
Forex&Metals,66,,XAUAUD+,Gold vs Australian Dollar,2,0.01,100.0,OZ,AUD,1.0,0.01,0.01,50.95,0.5095000000000001,per_lot,6.0,USD,points,-73.71,19.83,WED,5072.37,Monday: 01:01-23:58; Tuesday: 01:01-23:58; Wednesday: 01:01-23:58; Thursday: 01:01-23:58; Friday: 01:01-23:57,ok,
Forex&Metals,67,,XAUEUR+,Gold / Euro,2,0.01,100.0,OZ,EUR,1.0,0.01,0.01,35.79,0.3579,per_lot,6.0,USD,points,-24.32,5.5,WED,2829.53,Monday: 01:01-23:58; Tuesday: 01:01-23:58; Wednesday: 01:01-23:58; Thursday: 01:01-23:58; Friday: 01:01-23:57,ok,
Forex&Metals,68,,XAUJPY+,Gold vs Japanese Yen,0,1.0,100.0,OZ,JPY,100.0,0.01,0.01,77.74,77.74,per_lot,6.0,USD,points,-15.98,4.58,WED,485012.0,Monday: 01:01-23:58; Tuesday: 01:01-23:58; Wednesday: 01:01-23:58; Thursday: 01:01-23:58; Friday: 01:01-23:57,ok,
Forex&Metals,69,,XAUUSD+,Gold US Dollar,2,0.01,100.0,OZ,USD,1.0,0.01,0.01,7.52,0.0752,per_lot,6.0,USD,points,-46.2,25.2,WED,3323.01,Monday: 01:01-23:58; Tuesday: 01:01-23:58; Wednesday: 01:01-23:58; Thursday: 01:01-23:58; Friday: 01:01-23:57,ok,
Forex&Metals,70,,XPDUSD.r,Palladium - Cash,2,0.01,10.0,OZ,USD,0.1,0.1,0.1,474.69,4.7469,none,,,points,-14.71,3.08,FRI,1106.59,Monday: 01:00-24:00; Tuesday: 01:00-24:00; Wednesday: 01:00-24:00; Thursday: 01:00-24:00; Friday: 01:00-24:00,ok,
Forex&Metals,71,,XPTUSD.r,Platinum vs US Dollar,2,0.01,10.0,OZ,USD,0.1,0.1,0.1,494.28,4.9428,none,,,points,-11.08,1.61,FRI,1350.43,Monday: 01:00-24:00; Tuesday: 01:00-24:00; Wednesday: 01:00-24:00; Thursday: 01:00-24:00; Friday: 01:00-24:00,ok,
Commodities,2,,CL-OIL,Crude Oil Future CFD (USD),3,0.001,1000.0,barrels,USD,1.0,0.01,0.01,30.43,0.03043,none,,,none,,,,68.31,Monday: 01:00-24:00; Tuesday: 01:00-24:00; Wednesday: 01:00-24:00; Thursday: 01:00-24:00; Friday: 01:00-24:00,ok,
Commodities,3,,COPPER-Cr,Copper,4,0.0001,25000.0,lbs,USD,2.5,0.1,0.1,30.89,0.003089,none,,,points,-10.42,3.48,FRI,5.5414,Monday: 01:00-24:00; Tuesday: 01:00-24:00; Wednesday: 01:00-24:00; Thursday: 01:00-24:00; Friday: 01:00-24:00,ok,
Commodities,4,,Cocoa-Cr,US Cocoa - Cash,1,0.1,10.0,lbs,USD,1.0,0.1,0.1,100.0,10.0,none,,,points,26.87,-70.98,FRI,8793.8,Monday: 11:45-20:30; Tuesday: 11:45-20:30; Wednesday: 11:45-20:30; Thursday: 11:45-20:30; Friday: 11:45-20:30,ok,
Commodities,5,,Coffee-Cr,Coffee Arabica - Cash,4,0.0001,37500.0,lbs,USD,3.75,0.1,0.1,29.0,0.0029000000000000002,none,,,points,1.72,-5.26,FRI,2.8783,Monday: 11:15-20:30; Tuesday: 11:15-20:30; Wednesday: 11:15-20:30; Thursday: 11:15-20:30; Friday: 11:15-20:30,ok,
Commodities,6,,Cotton-Cr,Cotton - Cash,5,1e-05,50000.0,lbs,USD,0.5,0.1,0.1,152.0,0.00152,none,,,points,-18.95,13.31,FRI,0.65463,Monday: 04:00-21:20; Tuesday: 04:00-21:20; Wednesday: 04:00-21:20; Thursday: 04:00-21:20; Friday: 04:00-21:20,ok,
Commodities,7,,GAS-Cr,Gasoline,4,0.0001,42000.0,gallons,USD,4.2,0.1,0.1,25.03,0.0025030000000000005,none,,,points,4.3,-6.13,FRI,2.2038,Monday: 01:00-24:00; Tuesday: 01:00-24:00; Wednesday: 01:00-24:00; Thursday: 01:00-24:00; Friday: 01:00-24:00,ok,
Commodities,8,,GASOIL-Cr,Low Sulphur Gasoil - Cash,2,0.01,100.0,tonnes,USD,1.0,0.1,0.1,62.19,0.6219,none,,,points,16.53,-23.18,FRI,709.72,Monday: 01:00-24:00; Tuesday: 03:00-24:00; Wednesday: 03:00-24:00; Thursday: 03:00-24:00; Friday: 03:00-24:00,ok,
Commodities,9,,NG-Cr,Natural Gas,3,0.001,10000.0,BTU,USD,10.0,0.1,0.1,7.12,0.0071200000000000005,none,,,points,-4.26,3.08,FRI,3.143,Monday: 01:00-24:00; Tuesday: 01:00-24:00; Wednesday: 01:00-24:00; Thursday: 01:00-24:00; Friday: 01:00-24:00,ok,
Commodities,10,,OJ-Cr,Orange Juice - Cash,4,0.0001,15000.0,lbs,USD,1.5,0.1,0.1,86.81,0.008681000000000001,none,,,points,3.81,-5.53,FRI,2.509,Monday: 15:00-21:00; Tuesday: 15:00-21:00; Wednesday: 15:00-21:00; Thursday: 15:00-21:00; Friday: 15:00-21:00,ok,
Commodities,11,,Soybean-Cr,Soybean - Cash,3,0.001,500.0,Bushels,USD,0.5,0.1,0.1,15.21,0.015210000000000001,none,,,points,-1.54,0.48,FRI,9.992,"Monday: 03:00-15:45,16:30-21:20; Tuesday: 03:00-15:45,16:30-21:20; Wednesday: 03:00-15:45,16:30-21:20; Thursday: 03:00-15:45,16:30-21:20; Friday: 03:00-15:45,16:30-21:20",ok,
Commodities,12,,Sugar-Cr,Sugar Raw - Cash,5,1e-05,112000.0,lbs,USD,1.12,0.1,0.1,50.0,0.0005,none,,,points,-0.1,-0.4,FRI,0.16531,Monday: 10:30-20:00; Tuesday: 10:30-20:00; Wednesday: 10:30-20:00; Thursday: 10:30-20:00; Friday: 10:30-20:00,ok,
Commodities,13,,UKOUSD,Brent Crude Oil Cash,3,0.001,1000.0,barrels,USD,1.0,0.01,0.01,23.0,0.023,none,,,points,22.851,-46.7377,FRI,70.832,Monday: 01:00-24:00; Tuesday: 03:00-24:00; Wednesday: 03:00-24:00; Thursday: 03:00-24:00; Friday: 03:00-24:00,ok,
Commodities,14,,UKOUSDft,Brent Crude Oil Future,3,0.001,1000.0,barrels,USD,1.0,0.01,0.01,37.31,0.03731,none,,,none,,,,70.167,"Monday: 01:00-24:00; Tuesday: 00:00-01:00,03:00-24:00; Wednesday: 00:00-01:00,03:00-24:00; Thursday: 00:00-01:00,03:00-24:00; Friday: 00:00-01:00,03:00-24:00",ok,
Commodities,15,,USOUSD,WTI Crude Oil Cash,3,0.001,1000.0,barrels,USD,1.0,0.01,0.01,23.0,0.023,none,,,points,36.2029,-62.452,FRI,68.652,Monday: 01:00-24:00; Tuesday: 01:00-24:00; Wednesday: 01:00-24:00; Thursday: 01:00-24:00; Friday: 01:00-24:00,ok,
Commodities,16,,Wheat-Cr,US Wheat (SRW) - Cash,3,0.001,1000.0,Bushels,USD,1.0,0.1,0.1,10.0,0.01,none,,,points,-2.7,1.0,FRI,5.269,"Monday: 03:00-15:45,16:30-21:20; Tuesday: 03:00-15:45,16:30-21:20; Wednesday: 03:00-15:45,16:30-21:20; Thursday: 03:00-15:45,16:30-21:20; Friday: 03:00-15:45,16:30-21:20",ok,
Indices,2,,BVSPX.r,Bovespa Cash CFD (BRL),2,0.01,1.0,BRL,BRL,0.01,0.01,0.01,2602.94,26.029400000000003,none,,,currency,-69.1754,31.2711,FRI,131037.32,Monday: 15:01-23:55; Tuesday: 15:01-23:55; Wednesday: 15:01-23:55; Thursday: 15:01-23:55; Friday: 15:01-23:55,ok,
Indices,3,,CHINA50.r,China A50 Index Cash CFD (USD),0,1.0,1.0,USD,USD,1.0,0.01,0.01,6.02,6.02,none,,,currency,-3.3152,0.6177,FRI,13848.0,"Monday: 04:00-11:30,12:00-23:45; Tuesday: 04:00-11:30,12:00-23:45; Wednesday: 04:00-11:30,12:00-23:45; Thursday: 04:00-11:30,12:00-23:45; Friday: 04:00-11:30,12:00-23:45",ok,
Indices,4,,CHINA50ft.r,CHINA50 Future,1,0.1,1.0,USD,USD,0.1,0.01,0.01,107.97,10.797,none,,,none,,,,13768.1,"Monday: 04:00-11:30,12:00-23:45; Tuesday: 04:00-11:30,12:00-23:45; Wednesday: 04:00-11:30,12:00-23:45; Thursday: 04:00-11:30,12:00-23:45; Friday: 04:00-11:30,12:00-23:45",ok,
Indices,5,,CHINAH.r,Hong Kong China H-shares Cash,2,0.01,1.0,HKD,HKD,0.01,0.01,0.01,695.16,6.9516,none,,,currency,-0.5335,-0.5024,FRI,8615.3,"Monday: 04:15-07:00,08:00-11:00,12:15-21:58; Tuesday: 04:15-07:00,08:00-11:00,12:15-21:58; Wednesday: 04:15-07:00,08:00-11:00,12:15-21:58; Thursday: 04:15-07:00,08:00-11:00,12:15-21:58; Friday: 04:15-07:00,08:00-11:00,12:15-21:58",ok,
Indices,6,,DJ30.r,Dow Jones Index Cash CFD (USD),2,0.01,1.0,USD,USD,0.01,0.01,0.01,101.75,1.0175,none,,,currency,-10.7357,1.0,FRI,44427.5,Monday: 01:00-24:00; Tuesday: 01:00-24:00; Wednesday: 01:00-24:00; Thursday: 01:00-24:00; Friday: 01:00-24:00,ok,
Indices,7,,DJ30ft.r,DJ30 Future,2,0.01,1.0,USD,USD,0.01,0.01,0.01,500.02,5.0001999999999995,none,,,none,,,,44658.38,Monday: 01:00-24:00; Tuesday: 01:00-24:00; Wednesday: 01:00-24:00; Thursday: 01:00-24:00; Friday: 01:00-24:00,ok,
Indices,8,,ES35.r,ES35 Index Cash,2,0.01,1.0,EUR,EUR,0.01,0.01,0.01,562.42,5.6242,none,,,currency,-1.1819,0.3899,FRI,14284.03,Monday: 09:00-21:00; Tuesday: 09:00-21:00; Wednesday: 09:00-21:00; Thursday: 09:00-21:00; Friday: 09:00-21:00,ok,
Indices,9,,EU50.r,EUSTX50 Cash,2,0.01,1.0,EUR,EUR,0.01,0.01,0.01,147.48,1.4747999999999999,none,,,currency,-0.7746,0.0245,FRI,5460.83,Monday: 01:00-24:00; Tuesday: 01:00-24:00; Wednesday: 01:00-24:00; Thursday: 01:00-24:00; Friday: 01:00-24:00,ok,
Indices,10,,FRA40.r,France 40 Index,2,0.01,1.0,EUR,EUR,0.01,0.01,0.01,169.03,1.6903000000000001,none,,,currency,-1.1274,0.0357,FRI,7902.05,Monday: 01:00-24:00; Tuesday: 01:00-24:00; Wednesday: 01:00-24:00; Thursday: 01:00-24:00; Friday: 01:00-24:00,ok,
Indices,11,,FRA40ft.r,FRA40 Future,2,0.01,1.0,EUR,EUR,0.01,0.01,0.01,335.01,3.3501,none,,,none,,,,7917.51,Monday: 09:00-23:00; Tuesday: 09:00-23:00; Wednesday: 09:00-23:00; Thursday: 09:00-23:00; Friday: 09:00-22:57,ok,
Indices,12,,GER40.r,GER40 Cash,2,0.01,1.0,EUR,EUR,0.01,0.01,0.01,84.6,0.846,none,,,currency,-3.4909,0.1106,FRI,24603.48,Monday: 03:15-24:00; Tuesday: 03:15-24:00; Wednesday: 03:15-24:00; Thursday: 03:15-24:00; Friday: 03:15-23:00,ok,
Indices,13,,GER40ft.r,GER40 Future,2,0.01,1.0,EUR,EUR,0.01,0.01,0.01,506.39,5.0639,none,,,none,,,,24696.8,Monday: 03:15-24:00; Tuesday: 03:15-24:00; Wednesday: 03:15-24:00; Thursday: 03:15-24:00; Friday: 03:15-23:00,ok,
Indices,14,,HK50.r,Hang Seng Index Cash CFD (HKD),0,1.0,1.0,HKD,HKD,1.0,0.01,0.01,4.07,4.07,none,,,currency,-2.3896,-0.8164,FRI,23930.0,"Monday: 04:15-07:00,08:00-11:30,12:15-22:00; Tuesday: 04:15-07:00,08:00-11:30,12:15-22:00; Wednesday: 04:15-07:00,08:00-11:30,12:15-22:00; Thursday: 04:15-07:00,08:00-11:30,12:15-22:00; Friday: 04:15-07:00,08:00-11:30,12:15-22:00",ok,
Indices,15,,HK50ft.r,HK50 Future,2,0.01,1.0,HKD,HKD,0.01,0.01,0.01,900.0,9.0,none,,,none,,,,23942.5,"Monday: 04:15-07:00,08:00-11:30,12:15-22:00; Tuesday: 04:15-07:00,08:00-11:30,12:15-22:00; Wednesday: 04:15-07:00,08:00-11:30,12:15-22:00; Thursday: 04:15-07:00,08:00-11:30,12:15-22:00; Friday: 04:15-07:00,08:00-11:30,12:15-22:00",ok,
Indices,16,,HKTECH.r,Hang Seng TECH Index CASH CFD (HKD),2,0.01,1.0,HKD,HKD,0.01,0.01,0.01,495.39,4.9539,none,,,currency,-0.4701,-0.1278,FRI,5210.55,"Monday: 04:15-07:00,08:00-11:30,12:15-22:00; Tuesday: 04:15-07:00,08:00-11:30,12:15-22:00; Wednesday: 04:15-07:00,08:00-11:30,12:15-22:00; Thursday: 04:15-07:00,08:00-11:30,12:15-22:00; Friday: 04:15-07:00,08:00-11:30,12:15-22:00",ok,
Indices,17,,IND50.r,India 50 Cash,2,0.01,1.0,USD,USD,0.01,0.01,0.01,1235.09,12.3509,none,,,currency,-5.3433,1.4418,FRI,25443.0,Monday: 06:45-13:00; Tuesday: 06:45-13:00; Wednesday: 06:45-13:00; Thursday: 06:45-13:00; Friday: 06:45-13:00,ok,
Indices,18,,JPN225ft,Nikkei Future,2,0.01,1.0,USD,JPY,0.01,1.0,1.0,1411.36,14.1136,none,,,none,,,,39605.48,Monday: 01:00-24:00; Tuesday: 01:00-24:00; Wednesday: 01:00-24:00; Thursday: 01:00-24:00; Friday: 01:00-23:57,ok,
Indices,19,,NAS100.r,NAS100 Cash,2,0.01,1.0,USD,USD,0.01,0.01,0.01,70.29,0.7029000000000001,none,,,currency,-5.4694,1.019,FRI,22845.85,Monday: 01:00-24:00; Tuesday: 01:00-24:00; Wednesday: 01:00-24:00; Thursday: 01:00-24:00; Friday: 01:00-24:00,ok,
Indices,20,,NAS100ft.r,NAS100 Future,2,0.01,1.0,USD,USD,0.01,0.01,0.01,170.03,1.7003000000000001,none,,,none,,,,23016.15,Monday: 01:00-24:00; Tuesday: 01:00-24:00; Wednesday: 01:00-24:00; Thursday: 01:00-24:00; Friday: 01:00-24:00,ok,
Indices,21,,NETH25.r,Netherlands 25 Cash,2,0.01,1.0,EUR,EUR,0.01,0.01,0.01,111.8,1.118,none,,,currency,-0.1029,0.0139,FRI,920.59,Monday: 09:00-22:59; Tuesday: 09:00-22:59; Wednesday: 09:00-22:59; Thursday: 09:00-22:59; Friday: 09:00-22:59,ok,
Indices,22,,Nikkei225,Nikkei Index Cash CFD (JPY),2,0.01,1.0,JPY,JPY,0.01,1.0,1.0,792.67,7.926699999999999,none,,,currency,-3.3847,-2.0208,FRI,39594.5,Monday: 01:00-24:00; Tuesday: 01:00-24:00; Wednesday: 01:00-24:00; Thursday: 01:00-24:00; Friday: 01:00-24:00,ok,
Indices,23,,SA40.r,South Africa 40 - CASH,2,0.01,1.0,ZAR,ZAR,0.01,0.01,0.01,2652.47,26.5247,none,,,currency,-24.3412,9.6963,FRI,89569.3,Monday: 09:30-18:30; Tuesday: 09:30-18:30; Wednesday: 09:30-18:30; Thursday: 09:30-18:30; Friday: 09:30-18:30,ok,
Indices,24,,SGP20.r,Singapore 20 Index Cash CFD,2,0.01,1.0,SGD,SGD,0.01,0.01,0.01,82.61,0.8261000000000001,none,,,currency,-0.0788,0.0103,FRI,416.29,"Monday: 03:30-12:10,12:50-23:45; Tuesday: 03:30-12:10,12:50-23:45; Wednesday: 03:30-12:10,12:50-23:45; Thursday: 03:30-12:10,12:50-23:45; Friday: 03:30-12:10,12:50-23:45",ok,
Indices,25,,SP500.r,S&P Index Cash CFD (USD),2,0.01,1.0,USD,USD,0.01,0.01,0.01,36.08,0.3608,none,,,currency,-1.5024,0.2799,FRI,6259.18,Monday: 01:00-24:00; Tuesday: 01:00-24:00; Wednesday: 01:00-24:00; Thursday: 01:00-24:00; Friday: 01:00-24:00,ok,
Indices,26,,SP500ft.r,SP500 Future,2,0.01,1.0,USD,USD,0.01,0.01,0.01,137.93,1.3793000000000002,none,,,none,,,,6297.76,Monday: 01:00-24:00; Tuesday: 01:00-24:00; Wednesday: 01:00-24:00; Thursday: 01:00-24:00; Friday: 01:00-24:00,ok,
Indices,27,,SPI200.r,S&P/ASX 200 Index Cash CFD (AUD),2,0.01,1.0,AUD,AUD,0.01,0.01,0.01,139.83,1.3983,none,,,currency,-1.792,0.266,FRI,8606.5,"Monday: 01:00-09:30,10:10-24:00; Tuesday: 01:00-09:30,10:10-24:00; Wednesday: 01:00-09:30,10:10-24:00; Thursday: 01:00-09:30,10:10-24:00; Friday: 01:00-09:30,10:10-24:00",ok,
Indices,28,,SWI20.r,Switzerland 20 Cash,2,0.01,1.0,CHF,CHF,0.01,0.01,0.01,151.98,1.5198,none,,,currency,-0.4455,-0.4827,FRI,12017.3,Monday: 09:00-19:59; Tuesday: 09:00-19:59; Wednesday: 09:00-19:59; Thursday: 09:00-19:59; Friday: 09:00-19:59,ok,
Indices,29,,TWINDEX.r,Taiwan RIC Index Cash CFD,2,0.01,1.0,USD,USD,0.01,0.01,0.01,100.02,1.0002,none,,,currency,-0.4453,0.083,FRI,1871.22,"Monday: 04:00-08:30,09:15-24:00; Tuesday: 04:00-08:30,09:15-24:00; Wednesday: 04:00-08:30,09:15-24:00; Thursday: 04:00-08:30,09:15-24:00; Friday: 04:00-08:30,09:15-24:00",ok,
Indices,30,,UK100.r,UK 100 Cash,2,0.01,1.0,GBP,GBP,0.01,0.01,0.01,114.1,1.141,none,,,currency,-2.0247,0.3619,FRI,8906.64,Monday: 01:00-24:00; Tuesday: 01:00-24:00; Wednesday: 01:00-24:00; Thursday: 01:00-24:00; Friday: 01:00-23:00,ok,
Indices,31,,UK100ft.r,UK100 Future,2,0.01,1.0,GBP,GBP,0.01,0.01,0.01,216.77,2.1677,none,,,none,,,,8914.25,Monday: 01:05-24:00; Tuesday: 01:00-24:00; Wednesday: 01:00-24:00; Thursday: 01:00-24:00; Friday: 01:00-23:00,ok,
Indices,32,,US2000.r,US SMALL CAP 2000 - CASH,2,0.01,1.0,USD,USD,0.01,0.01,0.01,34.75,0.34750000000000003,none,,,currency,-0.4007,0.1533,FRI,2249.7,Monday: 01:00-24:00; Tuesday: 01:00-24:00; Wednesday: 01:00-24:00; Thursday: 01:00-24:00; Friday: 01:00-24:00,ok,
Indices,33,,USDX.r,US Dollar Index CFD (USD),3,0.001,100.0,USD,USD,0.1,0.01,0.01,42.24,0.04224,none,,,none,,,,96.964,Monday: 01:00-24:00; Tuesday: 03:00-24:00; Wednesday: 03:00-24:00; Thursday: 03:00-24:00; Friday: 03:00-24:00,ok,
Indices,34,,VIX.r,Volatility Index,3,0.001,1000.0,USD,USD,1.0,0.01,0.01,93.24,0.09324,none,,,none,,,,17.224,Monday: 01:00-24:00; Tuesday: 01:00-24:00; Wednesday: 01:00-24:00; Thursday: 01:00-24:00; Friday: 01:00-23:15,ok,
Share_CFDs,2,Stock US,A,Agilent Technologies Inc,2,0.01,1.0,Share,USD,0.01,0.1,0.1,27.0,0.27,none,,,percent,-6.88,-3.5,FRI,121.17,Monday: 16:30-23:00; Tuesday: 16:30-23:00; Wednesday: 16:30-23:00; Thursday: 16:30-23:00; Friday: 16:30-23:00,ok,
Share_CFDs,3,Stock US,AA,Alcoa Corp,2,0.01,1.0,Share,USD,0.01,0.1,0.1,9.0,0.09,none,,,percent,-6.88,-3.5,FRI,30.55,Monday: 16:30-23:00; Tuesday: 16:30-23:00; Wednesday: 16:30-23:00; Thursday: 16:30-23:00; Friday: 16:30-23:00,ok,
Share_CFDs,4,Stock US,AALG,AMERICAN AIRLINES GROUP INC,2,0.01,1.0,Share,USD,0.01,0.1,0.1,7.12,0.0712,none,,,percent,-6.88,-3.5,FRI,11.43,Monday: 16:30-23:00; Tuesday: 16:30-23:00; Wednesday: 16:30-23:00; Thursday: 16:30-23:00; Friday: 16:30-23:00,ok,
Share_CFDs,5,Stock US,AAPL,Apple Inc.,2,0.01,1.0,Share,USD,0.01,0.1,0.1,9.24,0.09240000000000001,none,,,percent,-6.88,-3.5,FRI,211.06,Monday: 14:05-23:00; Tuesday: 14:05-23:00; Wednesday: 14:05-23:00; Thursday: 14:05-23:00; Friday: 14:05-23:00,ok,
Share_CFDs,6,Stock US,ABBVIE,ABBVIE INC,2,0.01,1.0,Share,USD,0.01,0.1,0.1,37.3,0.373,none,,,percent,-6.88,-3.5,FRI,190.33,Monday: 16:30-23:00; Tuesday: 16:30-23:00; Wednesday: 16:30-23:00; Thursday: 16:30-23:00; Friday: 16:30-23:00,ok,
Share_CFDs,7,Stock US,ABNB,Airbnb Inc,2,0.01,1.0,Share,USD,0.01,0.1,0.1,25.2,0.252,none,,,percent,-6.88,-3.5,FRI,136.73,Monday: 16:30-23:00; Tuesday: 16:30-23:00; Wednesday: 16:30-23:00; Thursday: 16:30-23:00; Friday: 16:30-23:00,ok,
Share_CFDs,8,Stock US,ABT,Abbott Laboratories,2,0.01,1.0,Share,USD,0.01,0.1,0.1,16.0,0.16,none,,,percent,-6.88,-3.5,FRI,133.17,Monday: 16:30-23:00; Tuesday: 16:30-23:00; Wednesday: 16:30-23:00; Thursday: 16:30-23:00; Friday: 16:30-23:00,ok,
Share_CFDs,9,Stock US,ACN,Accenture PLC - Class A,2,0.01,1.0,Share,USD,0.01,0.1,0.1,37.0,0.37,none,,,percent,-6.88,-3.5,FRI,297.22,Monday: 16:30-23:00; Tuesday: 16:30-23:00; Wednesday: 16:30-23:00; Thursday: 16:30-23:00; Friday: 16:30-23:00,ok,
Share_CFDs,10,Stock US,ADBE,Adobe Inc,2,0.01,1.0,Share,USD,0.01,0.1,0.1,80.0,0.8,none,,,percent,-6.88,-3.5,FRI,372.85,Monday: 16:30-23:00; Tuesday: 16:30-23:00; Wednesday: 16:30-23:00; Thursday: 16:30-23:00; Friday: 16:30-23:00,ok,
Share_CFDs,11,Stock US,ADI,Analog Devices Inc,2,0.01,1.0,Share,USD,0.01,0.1,0.1,25.0,0.25,none,,,percent,-6.88,-3.5,FRI,242.61,Monday: 16:30-23:00; Tuesday: 16:30-23:00; Wednesday: 16:30-23:00; Thursday: 16:30-23:00; Friday: 16:30-23:00,ok,
Share_CFDs,12,Stock US,ADM,Archer-Daniels-Midland Co,2,0.01,1.0,Share,USD,0.01,0.1,0.1,16.0,0.16,none,,,percent,-6.88,-3.5,FRI,53.94,Monday: 16:30-23:00; Tuesday: 16:30-23:00; Wednesday: 16:30-23:00; Thursday: 16:30-23:00; Friday: 16:30-23:00,ok,
Share_CFDs,13,Stock US,ADP,Automatic Data Processing Inc,2,0.01,1.0,Share,USD,0.01,0.1,0.1,56.0,0.56,none,,,percent,-6.88,-3.5,FRI,308.13,Monday: 16:30-23:00; Tuesday: 16:30-23:00; Wednesday: 16:30-23:00; Thursday: 16:30-23:00; Friday: 16:30-23:00,ok,
Share_CFDs,14,Stock US,ADSK,Autodesk Inc,2,0.01,1.0,Share,USD,0.01,0.1,0.1,87.0,0.87,none,,,percent,-6.88,-3.5,FRI,306.65,Monday: 16:30-23:00; Tuesday: 16:30-23:00; Wednesday: 16:30-23:00; Thursday: 16:30-23:00; Friday: 16:30-23:00,ok,
Share_CFDs,15,Stock US,AEP,American Electric Power Inc,2,0.01,1.0,Share,USD,0.01,0.1,0.1,17.0,0.17,none,,,percent,-6.88,-3.5,FRI,104.65,Monday: 16:30-23:00; Tuesday: 16:30-23:00; Wednesday: 16:30-23:00; Thursday: 16:30-23:00; Friday: 16:30-23:00,ok,
Share_CFDs,16,Stock US,AFG,American Financial Group Inc,2,0.01,1.0,Share,USD,0.01,0.1,0.1,37.0,0.37,none,,,percent,-6.88,-3.5,FRI,126.02,Monday: 16:30-23:00; Tuesday: 16:30-23:00; Wednesday: 16:30-23:00; Thursday: 16:30-23:00; Friday: 16:30-23:00,ok,
Share_CFDs,17,Stock US,AFL,Aflac Inc,2,0.01,1.0,Share,USD,0.01,0.1,0.1,11.0,0.11,none,,,percent,-6.88,-3.5,FRI,101.82,Monday: 16:30-23:00; Tuesday: 16:30-23:00; Wednesday: 16:30-23:00; Thursday: 16:30-23:00; Friday: 16:30-23:00,ok,
Share_CFDs,18,Stock US,AGNC,Agnc Investment Corp,2,0.01,1.0,Share,USD,0.01,0.1,0.1,6.0,0.06,none,,,percent,-6.88,-3.5,FRI,9.46,Monday: 16:30-23:00; Tuesday: 16:30-23:00; Wednesday: 16:30-23:00; Thursday: 16:30-23:00; Friday: 16:30-23:00,ok,
Share_CFDs,19,Stock US,AIG,American International Group,2,0.01,1.0,Share,USD,0.01,0.1,0.1,14.0,0.14,none,,,percent,-6.88,-3.5,FRI,82.95,Monday: 16:30-23:00; Tuesday: 16:30-23:00; Wednesday: 16:30-23:00; Thursday: 16:30-23:00; Friday: 16:30-23:00,ok,
Share_CFDs,20,Stock US,AKAM,Akamai Technologies Inc,2,0.01,1.0,Share,USD,0.01,0.1,0.1,18.0,0.18,none,,,percent,-6.88,-3.5,FRI,80.54,Monday: 16:30-23:00; Tuesday: 16:30-23:00; Wednesday: 16:30-23:00; Thursday: 16:30-23:00; Friday: 16:30-23:00,ok,
Share_CFDs,21,Stock US,ALB,Albemarle Corp,2,0.01,1.0,Share,USD,0.01,0.1,0.1,29.0,0.29,none,,,percent,-6.88,-3.5,FRI,70.65,Monday: 16:30-23:00; Tuesday: 16:30-23:00; Wednesday: 16:30-23:00; Thursday: 16:30-23:00; Friday: 16:30-23:00,ok,
Share_CFDs,22,Stock US,ALGN,Align Technology Inc,2,0.01,1.0,Share,USD,0.01,0.1,0.1,31.0,0.31,none,,,percent,-6.88,-3.5,FRI,200.22,Monday: 16:30-23:00; Tuesday: 16:30-23:00; Wednesday: 16:30-23:00; Thursday: 16:30-23:00; Friday: 16:30-23:00,ok,
Share_CFDs,23,Stock US,ALIBABA,ALIBABA GROUP HOLDING-SP ADR,2,0.01,1.0,Share,USD,0.01,0.1,0.1,7.65,0.0765,none,,,percent,-6.88,-3.5,FRI,103.79,Monday: 14:05-23:00; Tuesday: 14:05-23:00; Wednesday: 14:05-23:00; Thursday: 14:05-23:00; Friday: 14:05-23:00,ok,
Share_CFDs,24,Stock US,ALK,Alaska Air Group Inc,2,0.01,1.0,Share,USD,0.01,0.1,0.1,14.0,0.14,none,,,percent,-6.88,-3.5,FRI,49.62,Monday: 16:30-23:00; Tuesday: 16:30-23:00; Wednesday: 16:30-23:00; Thursday: 16:30-23:00; Friday: 16:30-23:00,ok,
Share_CFDs,25,Stock US,ALLC,Allstate Corporation,2,0.01,1.0,Share,USD,0.01,0.1,0.1,26.0,0.26,none,,,percent,-6.88,-3.5,FRI,193.98,Monday: 16:30-23:00; Tuesday: 16:30-23:00; Wednesday: 16:30-23:00; Thursday: 16:30-23:00; Friday: 16:30-23:00,ok,
Share_CFDs,26,Stock US,AMAT,Applied Materials Inc,2,0.01,1.0,Share,USD,0.01,0.1,0.1,20.67,0.20670000000000002,none,,,percent,-6.88,-3.5,FRI,195.25,Monday: 16:30-23:00; Tuesday: 16:30-23:00; Wednesday: 16:30-23:00; Thursday: 16:30-23:00; Friday: 16:30-23:00,ok,
Share_CFDs,27,Stock US,AMAZON,AMAZON.COM INC,2,0.01,1.0,Share,USD,0.01,0.1,0.1,10.41,0.1041,none,,,percent,-6.88,-3.5,FRI,222.45,Monday: 14:05-23:00; Tuesday: 14:05-23:00; Wednesday: 14:05-23:00; Thursday: 14:05-23:00; Friday: 14:05-23:00,ok,
Share_CFDs,28,Stock US,AMCX,AMC Entertainment Hlds - Class A,2,0.01,1.0,Share,USD,0.01,0.1,0.1,8.0,0.08,none,,,percent,-6.88,-3.5,FRI,5.94,Monday: 16:30-23:00; Tuesday: 16:30-23:00; Wednesday: 16:30-23:00; Thursday: 16:30-23:00; Friday: 16:30-23:00,ok,
Share_CFDs,29,Stock US,AMD,Advanced Micro Devices / AMD,2,0.01,1.0,Share,USD,0.01,0.1,0.1,14.89,0.1489,none,,,percent,-6.88,-3.5,FRI,138.39,Monday: 16:30-23:00; Tuesday: 16:30-23:00; Wednesday: 16:30-23:00; Thursday: 16:30-23:00; Friday: 16:30-23:00,ok,
Share_CFDs,30,Stock US,AMGN,Amgen Inc,2,0.01,1.0,Share,USD,0.01,0.1,0.1,79.0,0.79,none,,,percent,-6.88,-3.5,FRI,296.14,Monday: 16:30-23:00; Tuesday: 16:30-23:00; Wednesday: 16:30-23:00; Thursday: 16:30-23:00; Friday: 16:30-23:00,ok,
Share_CFDs,31,Stock US,AMPF,Ameriprise Financial Inc,2,0.01,1.0,Share,USD,0.01,0.1,0.1,74.0,0.74,none,,,percent,-6.88,-3.5,FRI,539.01,Monday: 16:30-23:00; Tuesday: 16:30-23:00; Wednesday: 16:30-23:00; Thursday: 16:30-23:00; Friday: 16:30-23:00,ok,
Share_CFDs,32,Stock US,AMT,American Tower Corp,2,0.01,1.0,Share,USD,0.01,0.1,0.1,47.0,0.47000000000000003,none,,,percent,-6.88,-3.5,FRI,221.55,Monday: 16:30-23:00; Tuesday: 16:30-23:00; Wednesday: 16:30-23:00; Thursday: 16:30-23:00; Friday: 16:30-23:00,ok,
Share_CFDs,33,Stock US,AMWL,American Well / amwell Corp,2,0.01,1.0,Share,USD,0.01,0.1,0.1,16.0,0.16,none,,,percent,-6.88,-3.5,FRI,8.54,Monday: 16:30-23:00; Tuesday: 16:30-23:00; Wednesday: 16:30-23:00; Thursday: 16:30-23:00; Friday: 16:30-23:00,ok,
Share_CFDs,34,Stock US,AON,Aon PLC,2,0.01,1.0,Share,USD,0.01,0.1,0.1,47.0,0.47000000000000003,none,,,percent,-6.88,-3.5,FRI,356.57,Monday: 16:30-23:00; Tuesday: 16:30-23:00; Wednesday: 16:30-23:00; Thursday: 16:30-23:00; Friday: 16:30-23:00,ok,
Share_CFDs,35,Stock US,APA,Apache Corp,2,0.01,1.0,Share,USD,0.01,0.1,0.1,8.0,0.08,none,,,percent,-6.88,-3.5,FRI,20.39,Monday: 16:30-23:00; Tuesday: 16:30-23:00; Wednesday: 16:30-23:00; Thursday: 16:30-23:00; Friday: 16:30-23:00,ok,
Share_CFDs,36,Stock US,APD,Air Products & Chemicals Inc,2,0.01,1.0,Share,USD,0.01,0.1,0.1,54.0,0.54,none,,,percent,-6.88,-3.5,FRI,293.85,Monday: 16:30-23:00; Tuesday: 16:30-23:00; Wednesday: 16:30-23:00; Thursday: 16:30-23:00; Friday: 16:30-23:00,ok,
Share_CFDs,37,Stock US,APH,Amphenol Corp - Class A,2,0.01,1.0,Share,USD,0.01,0.1,0.1,16.0,0.16,none,,,percent,-6.88,-3.5,FRI,98.12,Monday: 16:30-23:00; Tuesday: 16:30-23:00; Wednesday: 16:30-23:00; Thursday: 16:30-23:00; Friday: 16:30-23:00,ok,
Share_CFDs,38,Stock US,APTV,Aptiv PLC,2,0.01,1.0,Share,USD,0.01,0.1,0.1,18.0,0.18,none,,,percent,-6.88,-3.5,FRI,70.83,Monday: 16:30-23:00; Tuesday: 16:30-23:00; Wednesday: 16:30-23:00; Thursday: 16:30-23:00; Friday: 16:30-23:00,ok,
Share_CFDs,39,Stock US,AT&T,AT&T INC,2,0.01,1.0,Share,USD,0.01,0.1,0.1,7.14,0.0714,none,,,percent,-6.88,-3.5,FRI,28.07,Monday: 16:30-23:00; Tuesday: 16:30-23:00; Wednesday: 16:30-23:00; Thursday: 16:30-23:00; Friday: 16:30-23:00,ok,
Share_CFDs,40,Stock US,AUPH,Aurinia Pharmaceuticals Inc,2,0.01,1.0,Share,USD,0.01,0.1,0.1,6.0,0.06,none,,,percent,-6.88,-3.5,FRI,8.35,Monday: 16:30-23:00; Tuesday: 16:30-23:00; Wednesday: 16:30-23:00; Thursday: 16:30-23:00; Friday: 16:30-23:00,ok,
Share_CFDs,41,Stock US,AVB,AvalonBay Communities Inc,2,0.01,1.0,Share,USD,0.01,0.1,0.1,37.0,0.37,none,,,percent,-6.88,-3.5,FRI,200.57,Monday: 16:30-23:00; Tuesday: 16:30-23:00; Wednesday: 16:30-23:00; Thursday: 16:30-23:00; Friday: 16:30-23:00,ok,
Share_CFDs,42,Stock US,AVGO,Broadcom Inc,2,0.01,1.0,Share,USD,0.01,0.1,0.1,45.74,0.45740000000000003,none,,,percent,-6.88,-3.5,FRI,277.55,Monday: 16:30-23:00; Tuesday: 16:30-23:00; Wednesday: 16:30-23:00; Thursday: 16:30-23:00; Friday: 16:30-23:00,ok,
Share_CFDs,43,Stock US,AXP,American Express Co,2,0.01,1.0,Share,USD,0.01,0.1,0.1,54.29,0.5429,none,,,percent,-6.88,-3.5,FRI,317.02,Monday: 16:30-23:00; Tuesday: 16:30-23:00; Wednesday: 16:30-23:00; Thursday: 16:30-23:00; Friday: 16:30-23:00,ok,
Share_CFDs,44,Stock US,AZO,Autozone Inc,2,0.01,1.0,Share,USD,0.01,0.1,0.1,440.0,4.4,none,,,percent,-6.88,-3.5,FRI,3741.5,Monday: 16:30-23:00; Tuesday: 16:30-23:00; Wednesday: 16:30-23:00; Thursday: 16:30-23:00; Friday: 16:30-23:00,ok,
Share_CFDs,45,Stock US,BAC,BANK OF AMERICA CORP,2,0.01,1.0,Share,USD,0.01,0.1,0.1,8.31,0.08310000000000001,none,,,percent,-6.88,-3.5,FRI,46.78,Monday: 16:30-23:00; Tuesday: 16:30-23:00; Wednesday: 16:30-23:00; Thursday: 16:30-23:00; Friday: 16:30-23:00,ok,
Share_CFDs,46,Stock US,BAIDU,BAIDU INC - SPON ADR,2,0.01,1.0,Share,USD,0.01,0.1,0.1,13.79,0.1379,none,,,percent,-6.88,-3.5,FRI,88.61,Monday: 14:05-23:00; Tuesday: 14:05-23:00; Wednesday: 14:05-23:00; Thursday: 14:05-23:00; Friday: 14:05-23:00,ok,
Share_CFDs,47,Stock US,BAP,Credicorp Ltd,2,0.01,1.0,Share,USD,0.01,0.1,0.1,138.0,1.3800000000000001,none,,,percent,-6.88,-3.5,FRI,224.48,Monday: 16:30-23:00; Tuesday: 16:30-23:00; Wednesday: 16:30-23:00; Thursday: 16:30-23:00; Friday: 16:30-23:00,ok,
Share_CFDs,48,Stock US,BAX,Baxter International Inc,2,0.01,1.0,Share,USD,0.01,0.1,0.1,11.0,0.11,none,,,percent,-6.88,-3.5,FRI,29.72,Monday: 16:30-23:00; Tuesday: 16:30-23:00; Wednesday: 16:30-23:00; Thursday: 16:30-23:00; Friday: 16:30-23:00,ok,
Share_CFDs,49,Stock US,BB,Blackberry Ltd,2,0.01,1.0,Share,USD,0.01,0.1,0.1,6.0,0.06,none,,,percent,-6.88,-3.5,FRI,4.1,Monday: 16:30-23:00; Tuesday: 16:30-23:00; Wednesday: 16:30-23:00; Thursday: 16:30-23:00; Friday: 16:30-23:00,ok,
Share_CFDs,50,Stock US,BBD,Banco Bradesco,2,0.01,1.0,Share,USD,0.01,0.1,0.1,6.0,0.06,none,,,percent,-6.88,-3.5,FRI,2.98,Monday: 16:30-23:00; Tuesday: 16:30-23:00; Wednesday: 16:30-23:00; Thursday: 16:30-23:00; Friday: 16:30-23:00,ok,
Share_CFDs,51,Stock US,BBWI,Bath & Body Works Inc,2,0.01,1.0,Share,USD,0.01,0.1,0.1,10.0,0.1,none,,,percent,-6.88,-3.5,FRI,32.89,Monday: 16:30-23:00; Tuesday: 16:30-23:00; Wednesday: 16:30-23:00; Thursday: 16:30-23:00; Friday: 16:30-23:00,ok,
Share_CFDs,52,Stock US,BBY,Best Buy Co Inc,2,0.01,1.0,Share,USD,0.01,0.1,0.1,12.0,0.12,none,,,percent,-6.88,-3.5,FRI,72.37,Monday: 16:30-23:00; Tuesday: 16:30-23:00; Wednesday: 16:30-23:00; Thursday: 16:30-23:00; Friday: 16:30-23:00,ok,
Share_CFDs,53,Stock US,BDX,Becton Dickinson & Co,2,0.01,1.0,Share,USD,0.01,0.1,0.1,37.0,0.37,none,,,percent,-6.88,-3.5,FRI,175.25,Monday: 16:30-23:00; Tuesday: 16:30-23:00; Wednesday: 16:30-23:00; Thursday: 16:30-23:00; Friday: 16:30-23:00,ok,
Share_CFDs,54,Stock US,BE,Bloom Energy Corp,2,0.01,1.0,Share,USD,0.01,0.1,0.1,7.0,0.07,none,,,percent,-6.88,-3.5,FRI,28.67,Monday: 16:30-23:00; Tuesday: 16:30-23:00; Wednesday: 16:30-23:00; Thursday: 16:30-23:00; Friday: 16:30-23:00,ok,
Share_CFDs,55,Stock US,BEN,Franklin Resources Inc,2,0.01,1.0,Share,USD,0.01,0.1,0.1,7.0,0.07,none,,,percent,-6.88,-3.5,FRI,24.84,Monday: 16:30-23:00; Tuesday: 16:30-23:00; Wednesday: 16:30-23:00; Thursday: 16:30-23:00; Friday: 16:30-23:00,ok,
Share_CFDs,56,Stock US,BIIB,Biogen Inc,2,0.01,1.0,Share,USD,0.01,0.1,0.1,34.0,0.34,none,,,percent,-6.88,-3.5,FRI,132.8,Monday: 16:30-23:00; Tuesday: 16:30-23:00; Wednesday: 16:30-23:00; Thursday: 16:30-23:00; Friday: 16:30-23:00,ok,
Share_CFDs,57,Stock US,BK,Bank of New York Mellon Corp,2,0.01,1.0,Share,USD,0.01,0.1,0.1,12.0,0.12,none,,,percent,-6.88,-3.5,FRI,92.96,Monday: 16:30-23:00; Tuesday: 16:30-23:00; Wednesday: 16:30-23:00; Thursday: 16:30-23:00; Friday: 16:30-23:00,ok,
Share_CFDs,58,Stock US,BKNG,Booking Holdings Inc,2,0.01,1.0,Share,USD,0.01,0.1,0.1,1605.0,16.05,none,,,percent,-6.88,-3.5,FRI,5650.28,Monday: 16:30-23:00; Tuesday: 16:30-23:00; Wednesday: 16:30-23:00; Thursday: 16:30-23:00; Friday: 16:30-23:00,ok,
Share_CFDs,59,Stock US,BKR,Baker Hughes Co,2,0.01,1.0,Share,USD,0.01,0.1,0.1,8.0,0.08,none,,,percent,-6.88,-3.5,FRI,39.28,Monday: 16:30-23:00; Tuesday: 16:30-23:00; Wednesday: 16:30-23:00; Thursday: 16:30-23:00; Friday: 16:30-23:00,ok,
Share_CFDs,60,Stock US,BLDP,Ballard Power Systems Inc,2,0.01,1.0,Share,USD,0.01,0.1,0.1,6.0,0.06,none,,,percent,-6.88,-3.5,FRI,1.91,Monday: 16:30-23:00; Tuesday: 16:30-23:00; Wednesday: 16:30-23:00; Thursday: 16:30-23:00; Friday: 16:30-23:00,ok,
Share_CFDs,61,Stock US,BLK,Blackrock Inc,2,0.01,1.0,Share,USD,0.01,0.1,0.1,362.58,3.6258,none,,,percent,-6.88,-3.5,FRI,1085.44,Monday: 16:30-23:00; Tuesday: 16:30-23:00; Wednesday: 16:30-23:00; Thursday: 16:30-23:00; Friday: 16:30-23:00,ok,
Share_CFDs,62,Stock US,BLNK,Blink Charging Co,2,0.01,1.0,Share,USD,0.01,0.1,0.1,7.0,0.07,none,,,percent,-6.88,-3.5,FRI,0.98,Monday: 16:30-23:00; Tuesday: 16:30-23:00; Wednesday: 16:30-23:00; Thursday: 16:30-23:00; Friday: 16:30-23:00,ok,
Share_CFDs,63,Stock US,BMBL,Bumble Inc,2,0.01,1.0,Share,USD,0.01,0.1,0.1,7.0,0.07,none,,,percent,-6.88,-3.5,FRI,6.68,Monday: 16:30-23:00; Tuesday: 16:30-23:00; Wednesday: 16:30-23:00; Thursday: 16:30-23:00; Friday: 16:30-23:00,ok,
Share_CFDs,64,Stock US,BMRN,BioMarin Pharmaceutical Inc,2,0.01,1.0,Share,USD,0.01,0.1,0.1,14.0,0.14,none,,,percent,-6.88,-3.5,FRI,59.6,Monday: 16:30-23:00; Tuesday: 16:30-23:00; Wednesday: 16:30-23:00; Thursday: 16:30-23:00; Friday: 16:30-23:00,ok,
Share_CFDs,65,Stock US,BMY,Bristol-Myers Squibb Co,2,0.01,1.0,Share,USD,0.01,0.1,0.1,12.0,0.12,none,,,percent,-6.88,-3.5,FRI,47.59,Monday: 16:30-23:00; Tuesday: 16:30-23:00; Wednesday: 16:30-23:00; Thursday: 16:30-23:00; Friday: 16:30-23:00,ok,
Share_CFDs,66,Stock US,BNGO,Bionano Genomics Inc,2,0.01,1.0,Share,USD,0.01,0.1,0.1,10.0,0.1,none,,,percent,-6.88,-3.5,FRI,3.31,Monday: 16:30-23:00; Tuesday: 16:30-23:00; Wednesday: 16:30-23:00; Thursday: 16:30-23:00; Friday: 16:30-23:00,ok,
Share_CFDs,67,Stock US,BNTX,BIONTECH SE-ADR,2,0.01,1.0,Share,USD,0.01,0.1,0.1,69.41,0.6940999999999999,none,,,percent,-6.88,-3.5,FRI,111.43,Monday: 16:30-23:00; Tuesday: 16:30-23:00; Wednesday: 16:30-23:00; Thursday: 16:30-23:00; Friday: 16:30-23:00,ok,
Share_CFDs,68,Stock US,BOEING,BOEING CO/THE,2,0.01,1.0,Share,USD,0.01,0.1,0.1,22.37,0.2237,none,,,percent,-6.88,-3.5,FRI,226.25,Monday: 14:05-23:00; Tuesday: 14:05-23:00; Wednesday: 14:05-23:00; Thursday: 14:05-23:00; Friday: 14:05-23:00,ok,
Share_CFDs,69,Stock US,BOX,Box Inc,2,0.01,1.0,Share,USD,0.01,0.1,0.1,14.0,0.14,none,,,percent,-6.88,-3.5,FRI,33.65,Monday: 16:30-23:00; Tuesday: 16:30-23:00; Wednesday: 16:30-23:00; Thursday: 16:30-23:00; Friday: 16:30-23:00,ok,
Share_CFDs,70,Stock US,BRKB,Berkshire Hathaway Inc - Class B,2,0.01,1.0,Share,USD,0.01,0.1,0.1,38.0,0.38,none,,,percent,-6.88,-3.5,FRI,478.63,Monday: 16:30-23:00; Tuesday: 16:30-23:00; Wednesday: 16:30-23:00; Thursday: 16:30-23:00; Friday: 16:30-23:00,ok,
Share_CFDs,71,Stock US,BSX,Boston Scientific Corp,2,0.01,1.0,Share,USD,0.01,0.1,0.1,13.0,0.13,none,,,percent,-6.88,-3.5,FRI,102.87,Monday: 16:30-23:00; Tuesday: 16:30-23:00; Wednesday: 16:30-23:00; Thursday: 16:30-23:00; Friday: 16:30-23:00,ok,
Share_CFDs,72,Stock US,BTOG,Bit Origin Ltd,2,0.01,1.0,share,USD,0.01,0.1,0.1,6.0,0.06,none,,,percent,-6.88,-3.5,FRI,0.19,Monday: 16:30-23:00; Tuesday: 16:30-23:00; Wednesday: 16:30-23:00; Thursday: 16:30-23:00; Friday: 16:30-23:00,ok,
Share_CFDs,73,Stock US,BUD,ANHEUSER-BUSCH INBEV SPN ADR,2,0.01,1.0,Share,USD,0.01,0.1,0.1,13.02,0.1302,none,,,percent,-6.88,-3.5,FRI,67.35,Monday: 16:30-23:00; Tuesday: 16:30-23:00; Wednesday: 16:30-23:00; Thursday: 16:30-23:00; Friday: 16:30-23:00,ok,
Share_CFDs,74,Stock US,BX,Blackstone Group Inc,2,0.01,1.0,Share,USD,0.01,0.1,0.1,20.0,0.2,none,,,percent,-6.88,-3.5,FRI,158.56,Monday: 16:30-23:00; Tuesday: 16:30-23:00; Wednesday: 16:30-23:00; Thursday: 16:30-23:00; Friday: 16:30-23:00,ok,
Share_CFDs,75,Stock US,BYND,Beyond Meat,2,0.01,1.0,Share,USD,0.01,0.1,0.1,7.0,0.07,none,,,percent,-6.88,-3.5,FRI,3.48,Monday: 16:30-23:00; Tuesday: 16:30-23:00; Wednesday: 16:30-23:00; Thursday: 16:30-23:00; Friday: 16:30-23:00,ok,
Share_CFDs,76,Stock US,BYON,Beyond Inc,2,0.01,1.0,Share,USD,0.01,0.1,0.1,7.0,0.07,none,,,percent,-6.88,-3.5,FRI,7.89,Monday: 16:30-23:00; Tuesday: 16:30-23:00; Wednesday: 16:30-23:00; Thursday: 16:30-23:00; Friday: 16:30-23:00,ok,
Share_CFDs,77,Stock US,CAH,Cardinal Health Inc,2,0.01,1.0,Share,USD,0.01,0.1,0.1,17.0,0.17,none,,,percent,-6.88,-3.5,FRI,164.18,Monday: 16:30-23:00; Tuesday: 16:30-23:00; Wednesday: 16:30-23:00; Thursday: 16:30-23:00; Friday: 16:30-23:00,ok,
Share_CFDs,78,Stock US,CAT,Caterpillar Inc,2,0.01,1.0,Share,USD,0.01,0.1,0.1,38.94,0.38939999999999997,none,,,percent,-6.88,-3.5,FRI,402.05,Monday: 16:30-23:00; Tuesday: 16:30-23:00; Wednesday: 16:30-23:00; Thursday: 16:30-23:00; Friday: 16:30-23:00,ok,
Share_CFDs,79,Stock US,CB,Chubb Ltd,2,0.01,1.0,Share,USD,0.01,0.1,0.1,35.0,0.35000000000000003,none,,,percent,-6.88,-3.5,FRI,279.77,Monday: 16:30-23:00; Tuesday: 16:30-23:00; Wednesday: 16:30-23:00; Thursday: 16:30-23:00; Friday: 16:30-23:00,ok,
Share_CFDs,80,Stock US,CBOE,Cboe Global Markets Inc,2,0.01,1.0,Share,USD,0.01,0.1,0.1,47.0,0.47000000000000003,none,,,percent,-6.88,-3.5,FRI,232.03,Monday: 16:30-23:00; Tuesday: 16:30-23:00; Wednesday: 16:30-23:00; Thursday: 16:30-23:00; Friday: 16:30-23:00,ok,
Share_CFDs,81,Stock US,CCI,Crown Castle Intl Corp,2,0.01,1.0,Share,USD,0.01,0.1,0.1,22.0,0.22,none,,,percent,-6.88,-3.5,FRI,103.31,Monday: 16:30-23:00; Tuesday: 16:30-23:00; Wednesday: 16:30-23:00; Thursday: 16:30-23:00; Friday: 16:30-23:00,ok,
Share_CFDs,82,Stock US,CDNS,Cadence Design Systems Inc,2,0.01,1.0,Share,USD,0.01,0.1,0.1,63.0,0.63,none,,,percent,-6.88,-3.5,FRI,322.5,Monday: 16:30-23:00; Tuesday: 16:30-23:00; Wednesday: 16:30-23:00; Thursday: 16:30-23:00; Friday: 16:30-23:00,ok,
Share_CFDs,83,Stock US,CFG,Citizens Financial Group,2,0.01,1.0,Share,USD,0.01,0.1,0.1,8.0,0.08,none,,,percent,-6.88,-3.5,FRI,47.35,Monday: 16:30-23:00; Tuesday: 16:30-23:00; Wednesday: 16:30-23:00; Thursday: 16:30-23:00; Friday: 16:30-23:00,ok,
Share_CFDs,84,Stock US,CGC,Canopy Growth Corp,2,0.01,1.0,Share,USD,0.01,0.1,0.1,6.0,0.06,none,,,percent,-6.88,-3.5,FRI,1.22,Monday: 16:30-23:00; Tuesday: 16:30-23:00; Wednesday: 16:30-23:00; Thursday: 16:30-23:00; Friday: 16:30-23:00,ok,
Share_CFDs,85,Stock US,CHKP,Check Point Software Technologies Ltd,2,0.01,1.0,Share,USD,0.01,0.1,0.1,77.0,0.77,none,,,percent,-6.88,-3.5,FRI,230.91,Monday: 16:30-23:00; Tuesday: 16:30-23:00; Wednesday: 16:30-23:00; Thursday: 16:30-23:00; Friday: 16:30-23:00,ok,
Share_CFDs,86,Stock US,CHPT,ChargePoint Holdings Inc,2,0.01,1.0,Share,USD,0.01,0.1,0.1,8.0,0.08,none,,,percent,-6.88,-3.5,FRI,0.67,Monday: 16:30-23:00; Tuesday: 16:30-23:00; Wednesday: 16:30-23:00; Thursday: 16:30-23:00; Friday: 16:30-23:00,ok,
Share_CFDs,87,Stock US,CHT,Chunghwa Telecom (ADRs),2,0.01,1.0,share,USD,0.01,0.1,0.1,30.0,0.3,none,,,percent,-6.88,-3.5,FRI,43.94,Monday: 16:30-23:00; Tuesday: 16:30-23:00; Wednesday: 16:30-23:00; Thursday: 16:30-23:00; Friday: 16:30-23:00,ok,
Share_CFDs,88,Stock US,CHTR,Charter Communications Inc,2,0.01,1.0,Share,USD,0.01,0.1,0.1,72.0,0.72,none,,,percent,-6.88,-3.5,FRI,403.28,Monday: 16:30-23:00; Tuesday: 16:30-23:00; Wednesday: 16:30-23:00; Thursday: 16:30-23:00; Friday: 16:30-23:00,ok,
Share_CFDs,89,Stock US,CHWY,Chewy Inc - Class A,2,0.01,1.0,Share,USD,0.01,0.1,0.1,10.0,0.1,none,,,percent,-6.88,-3.5,FRI,38.89,Monday: 16:30-23:00; Tuesday: 16:30-23:00; Wednesday: 16:30-23:00; Thursday: 16:30-23:00; Friday: 16:30-23:00,ok,
Share_CFDs,90,Stock US,CI,Cigna Corp,2,0.01,1.0,Share,USD,0.01,0.1,0.1,41.0,0.41000000000000003,none,,,percent,-6.88,-3.5,FRI,309.47,Monday: 16:30-23:00; Tuesday: 16:30-23:00; Wednesday: 16:30-23:00; Thursday: 16:30-23:00; Friday: 16:30-23:00,ok,
Share_CFDs,91,Stock US,CIB,Grupo Cibest S.A.,2,0.01,1.0,Share,USD,0.01,0.1,0.1,14.0,0.14,none,,,percent,-6.88,-3.5,FRI,44.85,Monday: 16:30-23:00; Tuesday: 16:30-23:00; Wednesday: 16:30-23:00; Thursday: 16:30-23:00; Friday: 16:30-23:00,ok,
Share_CFDs,92,Stock US,CIM,Chimera Investment Corp,2,0.01,1.0,Share,USD,0.01,0.1,0.1,10.0,0.1,none,,,percent,-6.88,-3.5,FRI,14.17,Monday: 16:30-23:00; Tuesday: 16:30-23:00; Wednesday: 16:30-23:00; Thursday: 16:30-23:00; Friday: 16:30-23:00,ok,
Share_CFDs,93,Stock US,CISCO,CISCO SYSTEMS INC,2,0.01,1.0,Share,USD,0.01,0.1,0.1,8.74,0.0874,none,,,percent,-6.88,-3.5,FRI,69.25,Monday: 16:30-23:00; Tuesday: 16:30-23:00; Wednesday: 16:30-23:00; Thursday: 16:30-23:00; Friday: 16:30-23:00,ok,
Share_CFDs,94,Stock US,CITI,CITIGROUP INC,2,0.01,1.0,Share,USD,0.01,0.1,0.1,9.93,0.0993,none,,,percent,-6.88,-3.5,FRI,85.7,Monday: 16:30-23:00; Tuesday: 16:30-23:00; Wednesday: 16:30-23:00; Thursday: 16:30-23:00; Friday: 16:30-23:00,ok,
Share_CFDs,95,Stock US,CL,Colgate-Palmolive Co,2,0.01,1.0,Share,USD,0.01,0.1,0.1,12.0,0.12,none,,,percent,-6.88,-3.5,FRI,91.48,Monday: 16:30-23:00; Tuesday: 16:30-23:00; Wednesday: 16:30-23:00; Thursday: 16:30-23:00; Friday: 16:30-23:00,ok,
Share_CFDs,96,Stock US,CLX,Clorox Company,2,0.01,1.0,Share,USD,0.01,0.1,0.1,30.0,0.3,none,,,percent,-6.88,-3.5,FRI,125.82,Monday: 16:30-23:00; Tuesday: 16:30-23:00; Wednesday: 16:30-23:00; Thursday: 16:30-23:00; Friday: 16:30-23:00,ok,
Share_CFDs,97,Stock US,CMA,Comerica Inc,2,0.01,1.0,Share,USD,0.01,0.1,0.1,20.0,0.2,none,,,percent,-6.88,-3.5,FRI,62.68,Monday: 16:30-23:00; Tuesday: 16:30-23:00; Wednesday: 16:30-23:00; Thursday: 16:30-23:00; Friday: 16:30-23:00,ok,
Share_CFDs,98,Stock US,CMCSA,COMCAST CORP-CLASS A,2,0.01,1.0,Share,USD,0.01,0.1,0.1,8.67,0.0867,none,,,percent,-6.88,-3.5,FRI,35.56,Monday: 16:30-23:00; Tuesday: 16:30-23:00; Wednesday: 16:30-23:00; Thursday: 16:30-23:00; Friday: 16:30-23:00,ok,
Share_CFDs,99,Stock US,CME,CME Group Inc,2,0.01,1.0,Share,USD,0.01,0.1,0.1,28.0,0.28,none,,,percent,-6.88,-3.5,FRI,275.45,Monday: 16:30-23:00; Tuesday: 16:30-23:00; Wednesday: 16:30-23:00; Thursday: 16:30-23:00; Friday: 16:30-23:00,ok,
Share_CFDs,100,Stock US,CMI,Cummins Inc,2,0.01,1.0,Share,USD,0.01,0.1,0.1,94.0,0.9400000000000001,none,,,percent,-6.88,-3.5,FRI,334.22,Monday: 16:30-23:00; Tuesday: 16:30-23:00; Wednesday: 16:30-23:00; Thursday: 16:30-23:00; Friday: 16:30-23:00,ok,
Share_CFDs,101,Stock US,CNC,Centene Corp,2,0.01,1.0,Share,USD,0.01,0.1,0.1,19.0,0.19,none,,,percent,-6.88,-3.5,FRI,32.96,Monday: 16:30-23:00; Tuesday: 16:30-23:00; Wednesday: 16:30-23:00; Thursday: 16:30-23:00; Friday: 16:30-23:00,ok,
Share_CFDs,102,Stock US,COF,Capital One Financial Corp,2,0.01,1.0,Share,USD,0.01,0.1,0.1,24.0,0.24,none,,,percent,-6.88,-3.5,FRI,217.84,Monday: 16:30-23:00; Tuesday: 16:30-23:00; Wednesday: 16:30-23:00; Thursday: 16:30-23:00; Friday: 16:30-23:00,ok,
Share_CFDs,103,Stock US,COIN,COINBASE GLOBAL INC -CLASS A,2,0.01,1.0,Share,USD,0.01,0.1,0.1,57.89,0.5789,none,,,percent,-6.88,-3.5,FRI,373.44,Monday: 16:30-23:00; Tuesday: 16:30-23:00; Wednesday: 16:30-23:00; Thursday: 16:30-23:00; Friday: 16:30-23:00,ok,
Share_CFDs,104,Stock US,COP,Conoco Philiprs,2,0.01,1.0,Share,USD,0.01,0.1,0.1,18.0,0.18,none,,,percent,-6.88,-3.5,FRI,94.42,Monday: 16:30-23:00; Tuesday: 16:30-23:00; Wednesday: 16:30-23:00; Thursday: 16:30-23:00; Friday: 16:30-23:00,ok,
Share_CFDs,105,Stock US,COR,Cencora Inc.,2,0.01,1.0,Share,USD,0.01,0.1,0.1,48.0,0.48,none,,,percent,-6.88,-3.5,FRI,299.94,Monday: 16:30-23:00; Tuesday: 16:30-23:00; Wednesday: 16:30-23:00; Thursday: 16:30-23:00; Friday: 16:30-23:00,ok,
Share_CFDs,106,Stock US,COST,Costco Wholesale Corp,2,0.01,1.0,Share,USD,0.01,0.1,0.1,122.0,1.22,none,,,percent,-6.88,-3.5,FRI,981.35,Monday: 16:30-23:00; Tuesday: 16:30-23:00; Wednesday: 16:30-23:00; Thursday: 16:30-23:00; Friday: 16:30-23:00,ok,
Share_CFDs,107,Stock US,COTY,Coty Inc,2,0.01,1.0,Share,USD,0.01,0.1,0.1,6.0,0.06,none,,,percent,-6.88,-3.5,FRI,4.93,Monday: 16:30-23:00; Tuesday: 16:30-23:00; Wednesday: 16:30-23:00; Thursday: 16:30-23:00; Friday: 16:30-23:00,ok,
Share_CFDs,108,Stock US,CPNG,Coupang LLC,2,0.01,1.0,Share,USD,0.01,0.1,0.1,8.0,0.08,none,,,percent,-6.88,-3.5,FRI,30.12,Monday: 16:30-23:00; Tuesday: 16:30-23:00; Wednesday: 16:30-23:00; Thursday: 16:30-23:00; Friday: 16:30-23:00,ok,
Share_CFDs,109,Stock US,CPRI,Capri Holdings Ltd,2,0.01,1.0,Share,USD,0.01,0.1,0.1,11.0,0.11,none,,,percent,-6.88,-3.5,FRI,19.48,Monday: 16:30-23:00; Tuesday: 16:30-23:00; Wednesday: 16:30-23:00; Thursday: 16:30-23:00; Friday: 16:30-23:00,ok,
Share_CFDs,110,Stock US,CRM,SALESFORCE.COM INC,2,0.01,1.0,Share,USD,0.01,0.1,0.1,42.47,0.4247,none,,,percent,-6.88,-3.5,FRI,270.54,Monday: 16:30-23:00; Tuesday: 16:30-23:00; Wednesday: 16:30-23:00; Thursday: 16:30-23:00; Friday: 16:30-23:00,ok,
Share_CFDs,111,Stock US,CRON,Cronos Group Inc,2,0.01,1.0,Share,USD,0.01,0.1,0.1,6.0,0.06,none,,,percent,-6.88,-3.5,FRI,2.05,Monday: 16:30-23:00; Tuesday: 16:30-23:00; Wednesday: 16:30-23:00; Thursday: 16:30-23:00; Friday: 16:30-23:00,ok,
Share_CFDs,112,Stock US,CRWD,Crowdstrike Holdings Inc,2,0.01,1.0,Share,USD,0.01,0.1,0.1,52.0,0.52,none,,,percent,-6.88,-3.5,FRI,512.97,Monday: 16:30-23:00; Tuesday: 16:30-23:00; Wednesday: 16:30-23:00; Thursday: 16:30-23:00; Friday: 16:30-23:00,ok,
Share_CFDs,113,Stock US,CSX,CSX Corp,2,0.01,1.0,Share,USD,0.01,0.1,0.1,8.0,0.08,none,,,percent,-6.88,-3.5,FRI,33.28,Monday: 16:30-23:00; Tuesday: 16:30-23:00; Wednesday: 16:30-23:00; Thursday: 16:30-23:00; Friday: 16:30-23:00,ok,
Share_CFDs,114,Stock US,CTAS,Cintas Corp,2,0.01,1.0,Share,USD,0.01,0.1,0.1,51.0,0.51,none,,,percent,-6.88,-3.5,FRI,216.33,Monday: 16:30-23:00; Tuesday: 16:30-23:00; Wednesday: 16:30-23:00; Thursday: 16:30-23:00; Friday: 16:30-23:00,ok,
Share_CFDs,115,Stock US,CTRA,Coterra Energy Inc,2,0.01,1.0,Share,USD,0.01,0.1,0.1,8.0,0.08,none,,,percent,-6.88,-3.5,FRI,25.1,Monday: 16:30-23:00; Tuesday: 16:30-23:00; Wednesday: 16:30-23:00; Thursday: 16:30-23:00; Friday: 16:30-23:00,ok,
Share_CFDs,116,Stock US,CTSH,Cognizant Tech Solutions - Class A,2,0.01,1.0,Share,USD,0.01,0.1,0.1,11.0,0.11,none,,,percent,-6.88,-3.5,FRI,79.88,Monday: 16:30-23:00; Tuesday: 16:30-23:00; Wednesday: 16:30-23:00; Thursday: 16:30-23:00; Friday: 16:30-23:00,ok,
Share_CFDs,117,Stock US,CVAC,CureVac NV,2,0.01,1.0,Share,USD,0.01,0.1,0.1,7.0,0.07,none,,,percent,-6.88,-3.5,FRI,5.46,Monday: 16:30-23:00; Tuesday: 16:30-23:00; Wednesday: 16:30-23:00; Thursday: 16:30-23:00; Friday: 16:30-23:00,ok,
Share_CFDs,118,Stock US,CVS,CVS Health Corp,2,0.01,1.0,Share,USD,0.01,0.1,0.1,13.0,0.13,none,,,percent,-6.88,-3.5,FRI,66.56,Monday: 16:30-23:00; Tuesday: 16:30-23:00; Wednesday: 16:30-23:00; Thursday: 16:30-23:00; Friday: 16:30-23:00,ok,
Share_CFDs,119,Stock US,CVX,CHEVRON CORP,2,0.01,1.0,Share,USD,0.01,0.1,0.1,19.41,0.1941,none,,,percent,-6.88,-3.5,FRI,152.76,Monday: 16:30-23:00; Tuesday: 16:30-23:00; Wednesday: 16:30-23:00; Thursday: 16:30-23:00; Friday: 16:30-23:00,ok,
Share_CFDs,120,Stock US,D,Dominion Energy Inc,2,0.01,1.0,Share,USD,0.01,0.1,0.1,12.0,0.12,none,,,percent,-6.88,-3.5,FRI,57.07,Monday: 16:30-23:00; Tuesday: 16:30-23:00; Wednesday: 16:30-23:00; Thursday: 16:30-23:00; Friday: 16:30-23:00,ok,
Share_CFDs,121,Stock US,DAL,Delta Air Lines Inc,2,0.01,1.0,Share,USD,0.01,0.1,0.1,16.0,0.16,none,,,percent,-6.88,-3.5,FRI,50.6,Monday: 16:30-23:00; Tuesday: 16:30-23:00; Wednesday: 16:30-23:00; Thursday: 16:30-23:00; Friday: 16:30-23:00,ok,
Share_CFDs,122,Stock US,DASH,DoorDash Inc,2,0.01,1.0,Share,USD,0.01,0.1,0.1,42.0,0.42,none,,,percent,-6.88,-3.5,FRI,245.79,Monday: 16:30-23:00; Tuesday: 16:30-23:00; Wednesday: 16:30-23:00; Thursday: 16:30-23:00; Friday: 16:30-23:00,ok,
Share_CFDs,123,Stock US,DBX,Dropbox Inc,2,0.01,1.0,Share,USD,0.01,0.1,0.1,8.0,0.08,none,,,percent,-6.88,-3.5,FRI,27.62,Monday: 16:30-23:00; Tuesday: 16:30-23:00; Wednesday: 16:30-23:00; Thursday: 16:30-23:00; Friday: 16:30-23:00,ok,
Share_CFDs,124,Stock US,DD,DuPont de Nemours Inc,2,0.01,1.0,Share,USD,0.01,0.1,0.1,11.0,0.11,none,,,percent,-6.88,-3.5,FRI,75.52,Monday: 16:30-23:00; Tuesday: 16:30-23:00; Wednesday: 16:30-23:00; Thursday: 16:30-23:00; Friday: 16:30-23:00,ok,
Share_CFDs,125,Stock US,DDOG,Datadog Inc - Class A,2,0.01,1.0,Share,USD,0.01,0.1,0.1,20.0,0.2,none,,,percent,-6.88,-3.5,FRI,142.59,Monday: 16:30-23:00; Tuesday: 16:30-23:00; Wednesday: 16:30-23:00; Thursday: 16:30-23:00; Friday: 16:30-23:00,ok,
Share_CFDs,126,Stock US,DE,Deere & Co,2,0.01,1.0,Share,USD,0.01,0.1,0.1,123.0,1.23,none,,,percent,-6.88,-3.5,FRI,508.46,Monday: 16:30-23:00; Tuesday: 16:30-23:00; Wednesday: 16:30-23:00; Thursday: 16:30-23:00; Friday: 16:30-23:00,ok,
Share_CFDs,127,Stock US,DELL,Dell Technologies Inc,2,0.01,1.0,Share,USD,0.01,0.1,0.1,10.0,0.1,none,,,percent,-6.88,-3.5,FRI,126.61,Monday: 16:30-23:00; Tuesday: 16:30-23:00; Wednesday: 16:30-23:00; Thursday: 16:30-23:00; Friday: 16:30-23:00,ok,
Share_CFDs,128,Stock US,DFS,Discover Financial Services,2,0.01,1.0,Share,USD,0.01,0.1,0.1,170.0,1.7,none,,,percent,-6.88,-3.5,FRI,199.3,Monday: 16:30-23:00; Tuesday: 16:30-23:00; Wednesday: 16:30-23:00; Thursday: 16:30-23:00; Friday: 16:30-23:00,ok,
Share_CFDs,129,Stock US,DGC,Dollar General Corp,2,0.01,1.0,Share,USD,0.01,0.1,0.1,32.0,0.32,none,,,percent,-6.88,-3.5,FRI,112.14,Monday: 16:30-23:00; Tuesday: 16:30-23:00; Wednesday: 16:30-23:00; Thursday: 16:30-23:00; Friday: 16:30-23:00,ok,
Share_CFDs,130,Stock US,DHI,Dr Horton Inc,2,0.01,1.0,Share,USD,0.01,0.1,0.1,19.0,0.19,none,,,percent,-6.88,-3.5,FRI,138.3,Monday: 16:30-23:00; Tuesday: 16:30-23:00; Wednesday: 16:30-23:00; Thursday: 16:30-23:00; Friday: 16:30-23:00,ok,
Share_CFDs,131,Stock US,DHR,Danaher Corp,2,0.01,1.0,Share,USD,0.01,0.1,0.1,43.0,0.43,none,,,percent,-6.88,-3.5,FRI,200.68,Monday: 16:30-23:00; Tuesday: 16:30-23:00; Wednesday: 16:30-23:00; Thursday: 16:30-23:00; Friday: 16:30-23:00,ok,
Share_CFDs,132,Stock US,DISNEY,WALT DISNEY CO/THE,2,0.01,1.0,Share,USD,0.01,0.1,0.1,8.28,0.0828,none,,,percent,-6.88,-3.5,FRI,120.59,Monday: 14:05-23:00; Tuesday: 14:05-23:00; Wednesday: 14:05-23:00; Thursday: 14:05-23:00; Friday: 14:05-23:00,ok,
Share_CFDs,133,Stock US,DKNG,DraftKings Inc - Class A,2,0.01,1.0,Share,USD,0.01,0.1,0.1,9.0,0.09,none,,,percent,-6.88,-3.5,FRI,42.76,Monday: 16:30-23:00; Tuesday: 16:30-23:00; Wednesday: 16:30-23:00; Thursday: 16:30-23:00; Friday: 16:30-23:00,ok,
Share_CFDs,134,Stock US,DLR,Digital Realty Trust Inc,2,0.01,1.0,Share,USD,0.01,0.1,0.1,22.0,0.22,none,,,percent,-6.88,-3.5,FRI,171.16,Monday: 16:30-23:00; Tuesday: 16:30-23:00; Wednesday: 16:30-23:00; Thursday: 16:30-23:00; Friday: 16:30-23:00,ok,
Share_CFDs,135,Stock US,DLTR,Dollar Tree Inc,2,0.01,1.0,Share,USD,0.01,0.1,0.1,16.0,0.16,none,,,percent,-6.88,-3.5,FRI,104.68,Monday: 16:30-23:00; Tuesday: 16:30-23:00; Wednesday: 16:30-23:00; Thursday: 16:30-23:00; Friday: 16:30-23:00,ok,
Share_CFDs,136,Stock US,DOCU,DocuSign Inc,2,0.01,1.0,Share,USD,0.01,0.1,0.1,20.42,0.20420000000000002,none,,,percent,-6.88,-3.5,FRI,79.45,Monday: 16:30-23:00; Tuesday: 16:30-23:00; Wednesday: 16:30-23:00; Thursday: 16:30-23:00; Friday: 16:30-23:00,ok,
Share_CFDs,137,Stock US,DOW,Dow Inc,2,0.01,1.0,Share,USD,0.01,0.1,0.1,9.0,0.09,none,,,percent,-6.88,-3.5,FRI,29.79,Monday: 16:30-23:00; Tuesday: 16:30-23:00; Wednesday: 16:30-23:00; Thursday: 16:30-23:00; Friday: 16:30-23:00,ok,
Share_CFDs,138,Stock US,DTE,DTE Energy Co,2,0.01,1.0,Share,USD,0.01,0.1,0.1,27.0,0.27,none,,,percent,-6.88,-3.5,FRI,131.25,Monday: 16:30-23:00; Tuesday: 16:30-23:00; Wednesday: 16:30-23:00; Thursday: 16:30-23:00; Friday: 16:30-23:00,ok,
Share_CFDs,139,Stock US,DUK,Duke Energy Corp,2,0.01,1.0,Share,USD,0.01,0.1,0.1,13.0,0.13,none,,,percent,-6.88,-3.5,FRI,117.07,Monday: 16:30-23:00; Tuesday: 16:30-23:00; Wednesday: 16:30-23:00; Thursday: 16:30-23:00; Friday: 16:30-23:00,ok,
Share_CFDs,140,Stock US,DVN,Devon Energy Corp,2,0.01,1.0,Share,USD,0.01,0.1,0.1,10.0,0.1,none,,,percent,-6.88,-3.5,FRI,34.52,Monday: 16:30-23:00; Tuesday: 16:30-23:00; Wednesday: 16:30-23:00; Thursday: 16:30-23:00; Friday: 16:30-23:00,ok,
Share_CFDs,141,Stock US,DXC,DXC Technology Corp,2,0.01,1.0,Share,USD,0.01,0.1,0.1,8.0,0.08,none,,,percent,-6.88,-3.5,FRI,15.66,Monday: 16:30-23:00; Tuesday: 16:30-23:00; Wednesday: 16:30-23:00; Thursday: 16:30-23:00; Friday: 16:30-23:00,ok,
Share_CFDs,142,Stock US,DXCM,DexCom Inc,2,0.01,1.0,Share,USD,0.01,0.1,0.1,17.0,0.17,none,,,percent,-6.88,-3.5,FRI,84.78,Monday: 16:30-23:00; Tuesday: 16:30-23:00; Wednesday: 16:30-23:00; Thursday: 16:30-23:00; Friday: 16:30-23:00,ok,
Share_CFDs,143,Stock US,EA,Electronic Arts Inc,2,0.01,1.0,Share,USD,0.01,0.1,0.1,22.0,0.22,none,,,percent,-6.88,-3.5,FRI,152.5,Monday: 16:30-23:00; Tuesday: 16:30-23:00; Wednesday: 16:30-23:00; Thursday: 16:30-23:00; Friday: 16:30-23:00,ok,
Share_CFDs,144,Stock US,EBAY,eBay Inc,2,0.01,1.0,Share,USD,0.01,0.1,0.1,10.0,0.1,none,,,percent,-6.88,-3.5,FRI,76.25,Monday: 16:30-23:00; Tuesday: 16:30-23:00; Wednesday: 16:30-23:00; Thursday: 16:30-23:00; Friday: 16:30-23:00,ok,
Share_CFDs,145,Stock US,EC,Ecopetrol,2,0.01,1.0,Share,USD,0.01,0.1,0.1,7.0,0.07,none,,,percent,-6.88,-3.5,FRI,8.92,Monday: 16:30-23:00; Tuesday: 16:30-23:00; Wednesday: 16:30-23:00; Thursday: 16:30-23:00; Friday: 16:30-23:00,ok,
Share_CFDs,146,Stock US,ECL,Ecolab Inc,2,0.01,1.0,Share,USD,0.01,0.1,0.1,43.0,0.43,none,,,percent,-6.88,-3.5,FRI,267.91,Monday: 16:30-23:00; Tuesday: 16:30-23:00; Wednesday: 16:30-23:00; Thursday: 16:30-23:00; Friday: 16:30-23:00,ok,
Share_CFDs,147,Stock US,ED,Consolidated Edison Inc,2,0.01,1.0,Share,USD,0.01,0.1,0.1,16.0,0.16,none,,,percent,-6.88,-3.5,FRI,99.91,Monday: 16:30-23:00; Tuesday: 16:30-23:00; Wednesday: 16:30-23:00; Thursday: 16:30-23:00; Friday: 16:30-23:00,ok,
Share_CFDs,148,Stock US,EDU,New Oriental Education (ADRs),2,0.01,1.0,share,USD,0.01,0.1,0.1,46.0,0.46,none,,,percent,-6.88,-3.5,FRI,52.3,Monday: 16:30-23:00; Tuesday: 16:30-23:00; Wednesday: 16:30-23:00; Thursday: 16:30-23:00; Friday: 16:30-23:00,ok,
Share_CFDs,149,Stock US,EMN,Eastman Chemical Co,2,0.01,1.0,Share,USD,0.01,0.1,0.1,16.0,0.16,none,,,percent,-6.88,-3.5,FRI,80.21,Monday: 16:30-23:00; Tuesday: 16:30-23:00; Wednesday: 16:30-23:00; Thursday: 16:30-23:00; Friday: 16:30-23:00,ok,
Share_CFDs,150,Stock US,EMR,Emerson Electric Co,2,0.01,1.0,Share,USD,0.01,0.1,0.1,23.0,0.23,none,,,percent,-6.88,-3.5,FRI,139.65,Monday: 16:30-23:00; Tuesday: 16:30-23:00; Wednesday: 16:30-23:00; Thursday: 16:30-23:00; Friday: 16:30-23:00,ok,
Share_CFDs,151,Stock US,ENPH,Enphase Energy Inc,2,0.01,1.0,Share,USD,0.01,0.1,0.1,37.0,0.37,none,,,percent,-6.88,-3.5,FRI,42.63,Monday: 16:30-23:00; Tuesday: 16:30-23:00; Wednesday: 16:30-23:00; Thursday: 16:30-23:00; Friday: 16:30-23:00,ok,
Share_CFDs,152,Stock US,EOG,EOG Resources Inc,2,0.01,1.0,Share,USD,0.01,0.1,0.1,20.0,0.2,none,,,percent,-6.88,-3.5,FRI,121.77,Monday: 16:30-23:00; Tuesday: 16:30-23:00; Wednesday: 16:30-23:00; Thursday: 16:30-23:00; Friday: 16:30-23:00,ok,
Share_CFDs,153,Stock US,EPD,Enterprise Products Partners LP,2,0.01,1.0,Share,USD,0.01,0.1,0.1,7.0,0.07,none,,,percent,-6.88,-3.5,FRI,31.85,Monday: 16:30-23:00; Tuesday: 16:30-23:00; Wednesday: 16:30-23:00; Thursday: 16:30-23:00; Friday: 16:30-23:00,ok,
Share_CFDs,154,Stock US,EQIX,Equinix Inc,2,0.01,1.0,Share,USD,0.01,0.1,0.1,201.0,2.0100000000000002,none,,,percent,-6.88,-3.5,FRI,764.52,Monday: 16:30-23:00; Tuesday: 16:30-23:00; Wednesday: 16:30-23:00; Thursday: 16:30-23:00; Friday: 16:30-23:00,ok,
Share_CFDs,155,Stock US,EQR,Equity Residential,2,0.01,1.0,Share,USD,0.01,0.1,0.1,12.0,0.12,none,,,percent,-6.88,-3.5,FRI,66.47,Monday: 16:30-23:00; Tuesday: 16:30-23:00; Wednesday: 16:30-23:00; Thursday: 16:30-23:00; Friday: 16:30-23:00,ok,
Share_CFDs,156,Stock US,ESL,Est??e Lauder Companies - Class A,2,0.01,1.0,Share,USD,0.01,0.1,0.1,27.0,0.27,none,,,percent,-6.88,-3.5,FRI,86.48,Monday: 16:30-23:00; Tuesday: 16:30-23:00; Wednesday: 16:30-23:00; Thursday: 16:30-23:00; Friday: 16:30-23:00,ok,
Share_CFDs,157,Stock US,ESS,Essex Property Trust Inc,2,0.01,1.0,Share,USD,0.01,0.1,0.1,52.0,0.52,none,,,percent,-6.88,-3.5,FRI,284.65,Monday: 16:30-23:00; Tuesday: 16:30-23:00; Wednesday: 16:30-23:00; Thursday: 16:30-23:00; Friday: 16:30-23:00,ok,
Share_CFDs,158,Stock US,ETD,Ethan Allen Interiors Inc,2,0.01,1.0,Share,USD,0.01,0.1,0.1,16.0,0.16,none,,,percent,-6.88,-3.5,FRI,30.0,Monday: 16:30-23:00; Tuesday: 16:30-23:00; Wednesday: 16:30-23:00; Thursday: 16:30-23:00; Friday: 16:30-23:00,ok,
Share_CFDs,159,Stock US,ETN,Eaton Corp PLC,2,0.01,1.0,Share,USD,0.01,0.1,0.1,60.0,0.6,none,,,percent,-6.88,-3.5,FRI,359.3,Monday: 16:30-23:00; Tuesday: 16:30-23:00; Wednesday: 16:30-23:00; Thursday: 16:30-23:00; Friday: 16:30-23:00,ok,
Share_CFDs,160,Stock US,ETSY,Etsy Inc,2,0.01,1.0,Share,USD,0.01,0.1,0.1,15.0,0.15,none,,,percent,-6.88,-3.5,FRI,54.04,Monday: 16:30-23:00; Tuesday: 16:30-23:00; Wednesday: 16:30-23:00; Thursday: 16:30-23:00; Friday: 16:30-23:00,ok,
Share_CFDs,161,Stock US,EW,Edwards Lifesciences Corp,2,0.01,1.0,Share,USD,0.01,0.1,0.1,18.0,0.18,none,,,percent,-6.88,-3.5,FRI,77.09,Monday: 16:30-23:00; Tuesday: 16:30-23:00; Wednesday: 16:30-23:00; Thursday: 16:30-23:00; Friday: 16:30-23:00,ok,
Share_CFDs,162,Stock US,EXC,Exelon Corp,2,0.01,1.0,Share,USD,0.01,0.1,0.1,11.0,0.11,none,,,percent,-6.88,-3.5,FRI,43.07,Monday: 16:30-23:00; Tuesday: 16:30-23:00; Wednesday: 16:30-23:00; Thursday: 16:30-23:00; Friday: 16:30-23:00,ok,
Share_CFDs,163,Stock US,EXPE,Expedia Group Inc,2,0.01,1.0,Share,USD,0.01,0.1,0.1,36.0,0.36,none,,,percent,-6.88,-3.5,FRI,175.85,Monday: 16:30-23:00; Tuesday: 16:30-23:00; Wednesday: 16:30-23:00; Thursday: 16:30-23:00; Friday: 16:30-23:00,ok,
Share_CFDs,164,Stock US,EXXON,EXXON MOBIL CORP,2,0.01,1.0,Share,USD,0.01,0.1,0.1,6.56,0.06559999999999999,none,,,percent,-6.88,-3.5,FRI,113.69,Monday: 14:05-23:00; Tuesday: 14:05-23:00; Wednesday: 14:05-23:00; Thursday: 14:05-23:00; Friday: 14:05-23:00,ok,
Share_CFDs,165,Stock US,F,Ford Motor Co,2,0.01,1.0,Share,USD,0.01,0.1,0.1,7.0,0.07,none,,,percent,-6.88,-3.5,FRI,11.79,Monday: 16:30-23:00; Tuesday: 16:30-23:00; Wednesday: 16:30-23:00; Thursday: 16:30-23:00; Friday: 16:30-23:00,ok,
Share_CFDs,166,Stock US,FANG,Diamondback Energy Inc,2,0.01,1.0,Share,USD,0.01,0.1,0.1,44.0,0.44,none,,,percent,-6.88,-3.5,FRI,141.74,Monday: 16:30-23:00; Tuesday: 16:30-23:00; Wednesday: 16:30-23:00; Thursday: 16:30-23:00; Friday: 16:30-23:00,ok,
Share_CFDs,167,Stock US,FAST,Fastenal Co,2,0.01,1.0,Share,USD,0.01,0.1,0.1,10.0,0.1,none,,,percent,-6.88,-3.5,FRI,43.34,Monday: 16:30-23:00; Tuesday: 16:30-23:00; Wednesday: 16:30-23:00; Thursday: 16:30-23:00; Friday: 16:30-23:00,ok,
Share_CFDs,168,Stock US,FCEL,FuelCell Energy Inc,2,0.01,1.0,Share,USD,0.01,0.1,0.1,8.0,0.08,none,,,percent,-6.88,-3.5,FRI,5.55,Monday: 16:30-23:00; Tuesday: 16:30-23:00; Wednesday: 16:30-23:00; Thursday: 16:30-23:00; Friday: 16:30-23:00,ok,
Share_CFDs,169,Stock US,FCX,Freeport-McMoRan Inc / FCX,2,0.01,1.0,Share,USD,0.01,0.1,0.1,8.0,0.08,none,,,percent,-6.88,-3.5,FRI,45.52,Monday: 16:30-23:00; Tuesday: 16:30-23:00; Wednesday: 16:30-23:00; Thursday: 16:30-23:00; Friday: 16:30-23:00,ok,
Share_CFDs,170,Stock US,FDX,FedEx Corp,2,0.01,1.0,Share,USD,0.01,0.1,0.1,47.0,0.47000000000000003,none,,,percent,-6.88,-3.5,FRI,236.19,Monday: 16:30-23:00; Tuesday: 16:30-23:00; Wednesday: 16:30-23:00; Thursday: 16:30-23:00; Friday: 16:30-23:00,ok,
Share_CFDs,171,Stock US,FI,Fiserv Inc,2,0.01,1.0,Share,USD,0.01,0.1,0.1,64.0,0.64,none,,,percent,-6.88,-3.5,FRI,170.78,Monday: 16:30-23:00; Tuesday: 16:30-23:00; Wednesday: 16:30-23:00; Thursday: 16:30-23:00; Friday: 16:30-23:00,ok,
Share_CFDs,172,Stock US,FIS,Fidelity National Info Services Inc / FIS,2,0.01,1.0,Share,USD,0.01,0.1,0.1,14.0,0.14,none,,,percent,-6.88,-3.5,FRI,79.91,Monday: 16:30-23:00; Tuesday: 16:30-23:00; Wednesday: 16:30-23:00; Thursday: 16:30-23:00; Friday: 16:30-23:00,ok,
Share_CFDs,173,Stock US,FITB,Fifth Third Bancorp,2,0.01,1.0,Share,USD,0.01,0.1,0.1,8.0,0.08,none,,,percent,-6.88,-3.5,FRI,43.4,Monday: 16:30-23:00; Tuesday: 16:30-23:00; Wednesday: 16:30-23:00; Thursday: 16:30-23:00; Friday: 16:30-23:00,ok,
Share_CFDs,174,Stock US,FL,Foot Locker Inc,2,0.01,1.0,Share,USD,0.01,0.1,0.1,9.0,0.09,none,,,percent,-6.88,-3.5,FRI,24.88,Monday: 16:30-23:00; Tuesday: 16:30-23:00; Wednesday: 16:30-23:00; Thursday: 16:30-23:00; Friday: 16:30-23:00,ok,
Share_CFDs,175,Stock US,FOSL,Fossil Group Inc,2,0.01,1.0,Share,USD,0.01,0.1,0.1,6.0,0.06,none,,,percent,-6.88,-3.5,FRI,1.68,Monday: 16:30-23:00; Tuesday: 16:30-23:00; Wednesday: 16:30-23:00; Thursday: 16:30-23:00; Friday: 16:30-23:00,ok,
Share_CFDs,176,Stock US,FOX,Fox Corp - Class B,2,0.01,1.0,Share,USD,0.01,0.1,0.1,9.0,0.09,none,,,percent,-6.88,-3.5,FRI,50.57,Monday: 16:30-23:00; Tuesday: 16:30-23:00; Wednesday: 16:30-23:00; Thursday: 16:30-23:00; Friday: 16:30-23:00,ok,
Share_CFDs,177,Stock US,FOXA,Fox Corp - Class A,2,0.01,1.0,Share,USD,0.01,0.1,0.1,8.0,0.08,none,,,percent,-6.88,-3.5,FRI,55.15,Monday: 16:30-23:00; Tuesday: 16:30-23:00; Wednesday: 16:30-23:00; Thursday: 16:30-23:00; Friday: 16:30-23:00,ok,
Share_CFDs,178,Stock US,FSLR,First Solar Inc,2,0.01,1.0,Share,USD,0.01,0.1,0.1,52.0,0.52,none,,,percent,-6.88,-3.5,FRI,165.69,Monday: 16:30-23:00; Tuesday: 16:30-23:00; Wednesday: 16:30-23:00; Thursday: 16:30-23:00; Friday: 16:30-23:00,ok,
Share_CFDs,179,Stock US,FTI,TechnipFMC PLC [NYSE],2,0.01,1.0,Share,USD,0.01,0.1,0.1,9.0,0.09,none,,,percent,-6.88,-3.5,FRI,35.13,Monday: 16:30-23:00; Tuesday: 16:30-23:00; Wednesday: 16:30-23:00; Thursday: 16:30-23:00; Friday: 16:30-23:00,ok,
Share_CFDs,180,Stock US,FTNT,Fortinet Inc,2,0.01,1.0,Share,USD,0.01,0.1,0.1,15.0,0.15,none,,,percent,-6.88,-3.5,FRI,107.6,Monday: 16:30-23:00; Tuesday: 16:30-23:00; Wednesday: 16:30-23:00; Thursday: 16:30-23:00; Friday: 16:30-23:00,ok,
Share_CFDs,181,Stock US,FTV,Fortive Corp,2,0.01,1.0,Share,USD,0.01,0.1,0.1,15.0,0.15,none,,,percent,-6.88,-3.5,FRI,52.88,Monday: 16:30-23:00; Tuesday: 16:30-23:00; Wednesday: 16:30-23:00; Thursday: 16:30-23:00; Friday: 16:30-23:00,ok,
Share_CFDs,182,Stock US,GD,General Dynamics Corp,2,0.01,1.0,Share,USD,0.01,0.1,0.1,46.0,0.46,none,,,percent,-6.88,-3.5,FRI,299.64,Monday: 16:30-23:00; Tuesday: 16:30-23:00; Wednesday: 16:30-23:00; Thursday: 16:30-23:00; Friday: 16:30-23:00,ok,
Share_CFDs,183,Stock US,GE,General Electric Co,2,0.01,1.0,Share,USD,0.01,0.1,0.1,37.0,0.37,none,,,percent,-6.88,-3.5,FRI,249.98,Monday: 16:30-23:00; Tuesday: 16:30-23:00; Wednesday: 16:30-23:00; Thursday: 16:30-23:00; Friday: 16:30-23:00,ok,
Share_CFDs,184,Stock US,GEVO,Gevo Inc,2,0.01,1.0,Share,USD,0.01,0.1,0.1,6.0,0.06,none,,,percent,-6.88,-3.5,FRI,1.56,Monday: 16:30-23:00; Tuesday: 16:30-23:00; Wednesday: 16:30-23:00; Thursday: 16:30-23:00; Friday: 16:30-23:00,ok,
Share_CFDs,185,Stock US,GFI,Gold Fields Ltd,2,0.01,1.0,Share,USD,0.01,0.1,0.1,7.0,0.07,none,,,percent,-6.88,-3.5,FRI,23.97,Monday: 16:30-23:00; Tuesday: 16:30-23:00; Wednesday: 16:30-23:00; Thursday: 16:30-23:00; Friday: 16:30-23:00,ok,
Share_CFDs,186,Stock US,GFS,GlobalFoundries Inc,2,0.01,1.0,Share,USD,0.01,0.1,0.1,14.0,0.14,none,,,percent,-6.88,-3.5,FRI,40.91,Monday: 16:30-23:00; Tuesday: 16:30-23:00; Wednesday: 16:30-23:00; Thursday: 16:30-23:00; Friday: 16:30-23:00,ok,
Share_CFDs,187,Stock US,GILD,Gilead Sciences Inc,2,0.01,1.0,Share,USD,0.01,0.1,0.1,14.0,0.14,none,,,percent,-6.88,-3.5,FRI,113.16,Monday: 16:30-23:00; Tuesday: 16:30-23:00; Wednesday: 16:30-23:00; Thursday: 16:30-23:00; Friday: 16:30-23:00,ok,
Share_CFDs,188,Stock US,GIS,General Mills Inc,2,0.01,1.0,Share,USD,0.01,0.1,0.1,12.0,0.12,none,,,percent,-6.88,-3.5,FRI,51.13,Monday: 16:30-23:00; Tuesday: 16:30-23:00; Wednesday: 16:30-23:00; Thursday: 16:30-23:00; Friday: 16:30-23:00,ok,
Share_CFDs,189,Stock US,GLW,Corning Inc,2,0.01,1.0,Share,USD,0.01,0.1,0.1,9.0,0.09,none,,,percent,-6.88,-3.5,FRI,52.54,Monday: 16:30-23:00; Tuesday: 16:30-23:00; Wednesday: 16:30-23:00; Thursday: 16:30-23:00; Friday: 16:30-23:00,ok,
Share_CFDs,190,Stock US,GM,General Motors Co,2,0.01,1.0,Share,USD,0.01,0.1,0.1,11.0,0.11,none,,,percent,-6.88,-3.5,FRI,52.5,Monday: 16:30-23:00; Tuesday: 16:30-23:00; Wednesday: 16:30-23:00; Thursday: 16:30-23:00; Friday: 16:30-23:00,ok,
Share_CFDs,191,Stock US,GNRC,Generac Holdings Inc,2,0.01,1.0,Share,USD,0.01,0.1,0.1,31.0,0.31,none,,,percent,-6.88,-3.5,FRI,150.76,Monday: 16:30-23:00; Tuesday: 16:30-23:00; Wednesday: 16:30-23:00; Thursday: 16:30-23:00; Friday: 16:30-23:00,ok,
Share_CFDs,192,Stock US,GOOG,ALPHABET INC-CL C,2,0.01,1.0,Share,USD,0.01,0.1,0.1,8.99,0.08990000000000001,none,,,percent,-6.88,-3.5,FRI,177.41,Monday: 14:05-23:00; Tuesday: 14:05-23:00; Wednesday: 14:05-23:00; Thursday: 14:05-23:00; Friday: 14:05-23:00,ok,
Share_CFDs,193,Stock US,GPN,Global Payments Inc,2,0.01,1.0,Share,USD,0.01,0.1,0.1,13.0,0.13,none,,,percent,-6.88,-3.5,FRI,80.59,Monday: 16:30-23:00; Tuesday: 16:30-23:00; Wednesday: 16:30-23:00; Thursday: 16:30-23:00; Friday: 16:30-23:00,ok,
Share_CFDs,194,Stock US,GPRO,GoPro Inc,2,0.01,1.0,Share,USD,0.01,0.1,0.1,7.0,0.07,none,,,percent,-6.88,-3.5,FRI,0.75,Monday: 16:30-23:00; Tuesday: 16:30-23:00; Wednesday: 16:30-23:00; Thursday: 16:30-23:00; Friday: 16:30-23:00,ok,
Share_CFDs,195,Stock US,GPS,Gap Inc,2,0.01,1.0,Share,USD,0.01,0.1,0.1,7.0,0.07,none,,,percent,-6.88,-3.5,FRI,24.52,Monday: 16:30-23:00; Tuesday: 16:30-23:00; Wednesday: 16:30-23:00; Thursday: 16:30-23:00; Friday: 16:30-23:00,ok,
Share_CFDs,196,Stock US,GRAB,Grab Holdings Ltd (ADRs),2,0.01,1.0,share,USD,0.01,0.1,0.1,2.0,0.02,none,,,percent,-6.88,-3.5,FRI,4.97,Monday: 16:30-23:00; Tuesday: 16:30-23:00; Wednesday: 16:30-23:00; Thursday: 16:30-23:00; Friday: 16:30-23:00,ok,
Share_CFDs,197,Stock US,GRPN,Groupon Inc,2,0.01,1.0,Share,USD,0.01,0.1,0.1,8.0,0.08,none,,,percent,-6.88,-3.5,FRI,36.49,Monday: 16:30-23:00; Tuesday: 16:30-23:00; Wednesday: 16:30-23:00; Thursday: 16:30-23:00; Friday: 16:30-23:00,ok,
Share_CFDs,198,Stock US,GRVY,Gravity Co Ltd (ADRs),2,0.01,1.0,share,USD,0.01,0.1,0.1,132.0,1.32,none,,,percent,-6.88,-3.5,FRI,62.69,Monday: 16:30-23:00; Tuesday: 16:30-23:00; Wednesday: 16:30-23:00; Thursday: 16:30-23:00; Friday: 16:30-23:00,ok,
Share_CFDs,199,Stock US,GS,Goldman Sachs Group Inc,2,0.01,1.0,Share,USD,0.01,0.1,0.1,110.24,1.1024,none,,,percent,-6.88,-3.5,FRI,695.75,Monday: 16:30-23:00; Tuesday: 16:30-23:00; Wednesday: 16:30-23:00; Thursday: 16:30-23:00; Friday: 16:30-23:00,ok,
Share_CFDs,200,Stock US,GT,Goodyear Tire & Rubber Co,2,0.01,1.0,Share,USD,0.01,0.1,0.1,8.0,0.08,none,,,percent,-6.88,-3.5,FRI,11.25,Monday: 16:30-23:00; Tuesday: 16:30-23:00; Wednesday: 16:30-23:00; Thursday: 16:30-23:00; Friday: 16:30-23:00,ok,
Share_CFDs,201,Stock US,GWW,WW Grainger Inc,2,0.01,1.0,Share,USD,0.01,0.1,0.1,157.0,1.57,none,,,percent,-6.88,-3.5,FRI,1043.52,Monday: 16:30-23:00; Tuesday: 16:30-23:00; Wednesday: 16:30-23:00; Thursday: 16:30-23:00; Friday: 16:30-23:00,ok,
Share_CFDs,202,Stock US,HAL,Halliburton Co,2,0.01,1.0,Share,USD,0.01,0.1,0.1,9.0,0.09,none,,,percent,-6.88,-3.5,FRI,21.99,Monday: 16:30-23:00; Tuesday: 16:30-23:00; Wednesday: 16:30-23:00; Thursday: 16:30-23:00; Friday: 16:30-23:00,ok,
Share_CFDs,203,Stock US,HBAN,Huntington Bancshares Inc,2,0.01,1.0,Share,USD,0.01,0.1,0.1,7.0,0.07,none,,,percent,-6.88,-3.5,FRI,17.38,Monday: 16:30-23:00; Tuesday: 16:30-23:00; Wednesday: 16:30-23:00; Thursday: 16:30-23:00; Friday: 16:30-23:00,ok,
Share_CFDs,204,Stock US,HCA,HCA Healthcare Inc,2,0.01,1.0,Share,USD,0.01,0.1,0.1,56.0,0.56,none,,,percent,-6.88,-3.5,FRI,377.97,Monday: 16:30-23:00; Tuesday: 16:30-23:00; Wednesday: 16:30-23:00; Thursday: 16:30-23:00; Friday: 16:30-23:00,ok,
Share_CFDs,205,Stock US,HD,HOME DEPOT INC,2,0.01,1.0,Share,USD,0.01,0.1,0.1,68.63,0.6863,none,,,percent,-6.88,-3.5,FRI,370.23,Monday: 16:30-23:00; Tuesday: 16:30-23:00; Wednesday: 16:30-23:00; Thursday: 16:30-23:00; Friday: 16:30-23:00,ok,
Share_CFDs,206,Stock US,HDB,HDFC Bank Ltd (ADRs),2,0.01,1.0,share,USD,0.01,0.1,0.1,13.0,0.13,none,,,percent,-6.88,-3.5,FRI,76.76,Monday: 16:30-23:00; Tuesday: 16:30-23:00; Wednesday: 16:30-23:00; Thursday: 16:30-23:00; Friday: 16:30-23:00,ok,
Share_CFDs,207,Stock US,HES,Hess Corp,2,0.01,1.0,Share,USD,0.01,0.1,0.1,29.0,0.29,none,,,percent,-6.88,-3.5,FRI,150.67,Monday: 16:30-23:00; Tuesday: 16:30-23:00; Wednesday: 16:30-23:00; Thursday: 16:30-23:00; Friday: 16:30-23:00,ok,
Share_CFDs,208,Stock US,HLF,Herbalife Nutrition Ltd,2,0.01,1.0,Share,USD,0.01,0.1,0.1,8.0,0.08,none,,,percent,-6.88,-3.5,FRI,9.96,Monday: 16:30-23:00; Tuesday: 16:30-23:00; Wednesday: 16:30-23:00; Thursday: 16:30-23:00; Friday: 16:30-23:00,ok,
Share_CFDs,209,Stock US,HLT,Hilton Worldwide Holdings Inc,2,0.01,1.0,Share,USD,0.01,0.1,0.1,49.0,0.49,none,,,percent,-6.88,-3.5,FRI,272.16,Monday: 16:30-23:00; Tuesday: 16:30-23:00; Wednesday: 16:30-23:00; Thursday: 16:30-23:00; Friday: 16:30-23:00,ok,
Share_CFDs,210,Stock US,HOG,Harley-Davidson Inc,2,0.01,1.0,Share,USD,0.01,0.1,0.1,16.0,0.16,none,,,percent,-6.88,-3.5,FRI,24.63,Monday: 16:30-23:00; Tuesday: 16:30-23:00; Wednesday: 16:30-23:00; Thursday: 16:30-23:00; Friday: 16:30-23:00,ok,
Share_CFDs,211,Stock US,HON,HONEYWELL INTERNATIONAL INC,2,0.01,1.0,Share,USD,0.01,0.1,0.1,32.02,0.32020000000000004,none,,,percent,-6.88,-3.5,FRI,238.58,Monday: 16:30-23:00; Tuesday: 16:30-23:00; Wednesday: 16:30-23:00; Thursday: 16:30-23:00; Friday: 16:30-23:00,ok,
Share_CFDs,212,Stock US,HOOD,ROBINHOOD MARKETS INC - A,2,0.01,1.0,Share,USD,0.01,0.1,0.1,12.59,0.1259,none,,,percent,-6.88,-3.5,FRI,94.49,Monday: 16:30-23:00; Tuesday: 16:30-23:00; Wednesday: 16:30-23:00; Thursday: 16:30-23:00; Friday: 16:30-23:00,ok,
Share_CFDs,213,Stock US,HPE,Hewlett Packard Enterprise Co / HPE,2,0.01,1.0,Share,USD,0.01,0.1,0.1,7.0,0.07,none,,,percent,-6.88,-3.5,FRI,20.78,Monday: 16:30-23:00; Tuesday: 16:30-23:00; Wednesday: 16:30-23:00; Thursday: 16:30-23:00; Friday: 16:30-23:00,ok,
Share_CFDs,214,Stock US,HPQ,HP Inc,2,0.01,1.0,Share,USD,0.01,0.1,0.1,8.0,0.08,none,,,percent,-6.88,-3.5,FRI,25.58,Monday: 16:30-23:00; Tuesday: 16:30-23:00; Wednesday: 16:30-23:00; Thursday: 16:30-23:00; Friday: 16:30-23:00,ok,
Share_CFDs,215,Stock US,HRB,H&R Block Inc,2,0.01,1.0,Share,USD,0.01,0.1,0.1,19.0,0.19,none,,,percent,-6.88,-3.5,FRI,55.47,Monday: 16:30-23:00; Tuesday: 16:30-23:00; Wednesday: 16:30-23:00; Thursday: 16:30-23:00; Friday: 16:30-23:00,ok,
Share_CFDs,216,Stock US,HSBCn,HSBC HOLDINGS PLC-SPONS ADR,2,0.01,1.0,Share,USD,0.01,0.1,0.1,8.73,0.0873,none,,,percent,-6.88,-3.5,FRI,62.02,Monday: 16:30-23:00; Tuesday: 16:30-23:00; Wednesday: 16:30-23:00; Thursday: 16:30-23:00; Friday: 16:30-23:00,ok,
Share_CFDs,217,Stock US,HSY,Hershey Co,2,0.01,1.0,Share,USD,0.01,0.1,0.1,24.0,0.24,none,,,percent,-6.88,-3.5,FRI,161.85,Monday: 16:30-23:00; Tuesday: 16:30-23:00; Wednesday: 16:30-23:00; Thursday: 16:30-23:00; Friday: 16:30-23:00,ok,
Share_CFDs,218,Stock US,HTHT,Huazhu Group Ltd,2,0.01,1.0,Share,USD,0.01,0.1,0.1,11.0,0.11,none,,,percent,-6.88,-3.5,FRI,33.5,Monday: 16:30-23:00; Tuesday: 16:30-23:00; Wednesday: 16:30-23:00; Thursday: 16:30-23:00; Friday: 16:30-23:00,ok,
Share_CFDs,219,Stock US,HUBS,HubSpot Inc,2,0.01,1.0,Share,USD,0.01,0.1,0.1,248.0,2.48,none,,,percent,-6.88,-3.5,FRI,559.76,Monday: 16:30-23:00; Tuesday: 16:30-23:00; Wednesday: 16:30-23:00; Thursday: 16:30-23:00; Friday: 16:30-23:00,ok,
Share_CFDs,220,Stock US,HUM,Humana Inc,2,0.01,1.0,Share,USD,0.01,0.1,0.1,46.0,0.46,none,,,percent,-6.88,-3.5,FRI,236.41,Monday: 16:30-23:00; Tuesday: 16:30-23:00; Wednesday: 16:30-23:00; Thursday: 16:30-23:00; Friday: 16:30-23:00,ok,
Share_CFDs,221,Stock US,HUT,Hut 8 Corp,2,0.01,1.0,Share,USD,0.01,0.1,0.1,6.0,0.06,none,,,percent,-6.88,-3.5,FRI,21.23,Monday: 16:30-23:00; Tuesday: 16:30-23:00; Wednesday: 16:30-23:00; Thursday: 16:30-23:00; Friday: 16:30-23:00,ok,
Share_CFDs,222,Stock US,HYLN,Hyliion Holdings Corp,2,0.01,1.0,Share,USD,0.01,0.1,0.1,6.0,0.06,none,,,percent,-6.88,-3.5,FRI,1.46,Monday: 16:30-23:00; Tuesday: 16:30-23:00; Wednesday: 16:30-23:00; Thursday: 16:30-23:00; Friday: 16:30-23:00,ok,
Share_CFDs,223,Stock US,IAC,IAC / InterActive Corp,2,0.01,1.0,Share,USD,0.01,0.1,0.1,19.0,0.19,none,,,percent,-6.88,-3.5,FRI,39.84,Monday: 16:30-23:00; Tuesday: 16:30-23:00; Wednesday: 16:30-23:00; Thursday: 16:30-23:00; Friday: 16:30-23:00,ok,
Share_CFDs,224,Stock US,IBM,INTL BUSINESS MACHINES CORP,2,0.01,1.0,Share,USD,0.01,0.1,0.1,33.24,0.33240000000000003,none,,,percent,-6.88,-3.5,FRI,289.57,Monday: 14:05-23:00; Tuesday: 14:05-23:00; Wednesday: 14:05-23:00; Thursday: 14:05-23:00; Friday: 14:05-23:00,ok,
Share_CFDs,225,Stock US,IBN,ICICI Bank Ltd (ADRs),2,0.01,1.0,share,USD,0.01,0.1,0.1,2.0,0.02,none,,,percent,-6.88,-3.5,FRI,33.72,Monday: 16:30-23:00; Tuesday: 16:30-23:00; Wednesday: 16:30-23:00; Thursday: 16:30-23:00; Friday: 16:30-23:00,ok,
Share_CFDs,226,Stock US,ICE,Intercontinental Exchange Inc / ICE,2,0.01,1.0,Share,USD,0.01,0.1,0.1,30.0,0.3,none,,,percent,-6.88,-3.5,FRI,181.96,Monday: 16:30-23:00; Tuesday: 16:30-23:00; Wednesday: 16:30-23:00; Thursday: 16:30-23:00; Friday: 16:30-23:00,ok,
Share_CFDs,227,Stock US,ICL,ICL Group Ltd (ADRs),2,0.01,1.0,share,USD,0.01,0.1,0.1,5.0,0.05,none,,,percent,-6.88,-3.5,FRI,7.18,Monday: 16:30-23:00; Tuesday: 16:30-23:00; Wednesday: 16:30-23:00; Thursday: 16:30-23:00; Friday: 16:30-23:00,ok,
Share_CFDs,228,Stock US,IDXX,Idexx Laboratories Inc,2,0.01,1.0,Share,USD,0.01,0.1,0.1,166.0,1.6600000000000001,none,,,percent,-6.88,-3.5,FRI,539.18,Monday: 16:30-23:00; Tuesday: 16:30-23:00; Wednesday: 16:30-23:00; Thursday: 16:30-23:00; Friday: 16:30-23:00,ok,
Share_CFDs,229,Stock US,ILMN,Illumina Inc,2,0.01,1.0,Share,USD,0.01,0.1,0.1,39.0,0.39,none,,,percent,-6.88,-3.5,FRI,97.36,Monday: 16:30-23:00; Tuesday: 16:30-23:00; Wednesday: 16:30-23:00; Thursday: 16:30-23:00; Friday: 16:30-23:00,ok,
Share_CFDs,230,Stock US,INCY,Incyte Corp,2,0.01,1.0,Share,USD,0.01,0.1,0.1,14.0,0.14,none,,,percent,-6.88,-3.5,FRI,68.61,Monday: 16:30-23:00; Tuesday: 16:30-23:00; Wednesday: 16:30-23:00; Thursday: 16:30-23:00; Friday: 16:30-23:00,ok,
Share_CFDs,231,Stock US,INFY,Infosys Ltd (ADRs),2,0.01,1.0,share,USD,0.01,0.1,0.1,6.0,0.06,none,,,percent,-6.88,-3.5,FRI,18.81,Monday: 16:30-23:00; Tuesday: 16:30-23:00; Wednesday: 16:30-23:00; Thursday: 16:30-23:00; Friday: 16:30-23:00,ok,
Share_CFDs,232,Stock US,INO,Inovio Pharmaceuticals Inc,2,0.01,1.0,Share,USD,0.01,0.1,0.1,6.0,0.06,none,,,percent,-6.88,-3.5,FRI,1.41,Monday: 16:30-23:00; Tuesday: 16:30-23:00; Wednesday: 16:30-23:00; Thursday: 16:30-23:00; Friday: 16:30-23:00,ok,
Share_CFDs,233,Stock US,INSG,Inseego Corp,2,0.01,1.0,Share,USD,0.01,0.1,0.1,9.0,0.09,none,,,percent,-6.88,-3.5,FRI,8.16,Monday: 16:30-23:00; Tuesday: 16:30-23:00; Wednesday: 16:30-23:00; Thursday: 16:30-23:00; Friday: 16:30-23:00,ok,
Share_CFDs,234,Stock US,INTEL,INTEL CORP,2,0.01,1.0,Share,USD,0.01,0.1,0.1,5.26,0.0526,none,,,percent,-6.88,-3.5,FRI,23.42,Monday: 14:05-23:00; Tuesday: 14:05-23:00; Wednesday: 14:05-23:00; Thursday: 14:05-23:00; Friday: 14:05-23:00,ok,
Share_CFDs,235,Stock US,INTU,Intuit Inc,2,0.01,1.0,Share,USD,0.01,0.1,0.1,136.0,1.36,none,,,percent,-6.88,-3.5,FRI,768.58,Monday: 16:30-23:00; Tuesday: 16:30-23:00; Wednesday: 16:30-23:00; Thursday: 16:30-23:00; Friday: 16:30-23:00,ok,
Share_CFDs,236,Stock US,IOVA,Iovance Biotherapeutics Inc,2,0.01,1.0,Share,USD,0.01,0.1,0.1,7.0,0.07,none,,,percent,-6.88,-3.5,FRI,1.95,Monday: 16:30-23:00; Tuesday: 16:30-23:00; Wednesday: 16:30-23:00; Thursday: 16:30-23:00; Friday: 16:30-23:00,ok,
Share_CFDs,237,Stock US,IP,International Paper Co,2,0.01,1.0,Share,USD,0.01,0.1,0.1,9.0,0.09,none,,,percent,-6.88,-3.5,FRI,51.29,Monday: 16:30-23:00; Tuesday: 16:30-23:00; Wednesday: 16:30-23:00; Thursday: 16:30-23:00; Friday: 16:30-23:00,ok,
Share_CFDs,238,Stock US,IQV,IQVIA Holdings Inc,2,0.01,1.0,Share,USD,0.01,0.1,0.1,27.0,0.27,none,,,percent,-6.88,-3.5,FRI,161.84,Monday: 16:30-23:00; Tuesday: 16:30-23:00; Wednesday: 16:30-23:00; Thursday: 16:30-23:00; Friday: 16:30-23:00,ok,
Share_CFDs,239,Stock US,IR,Ingersoll Rand Inc,2,0.01,1.0,Share,USD,0.01,0.1,0.1,15.0,0.15,none,,,percent,-6.88,-3.5,FRI,87.65,Monday: 16:30-23:00; Tuesday: 16:30-23:00; Wednesday: 16:30-23:00; Thursday: 16:30-23:00; Friday: 16:30-23:00,ok,
Share_CFDs,240,Stock US,ISRG,Intuitive Surgical Inc,2,0.01,1.0,Share,USD,0.01,0.1,0.1,103.0,1.03,none,,,percent,-6.88,-3.5,FRI,527.18,Monday: 16:30-23:00; Tuesday: 16:30-23:00; Wednesday: 16:30-23:00; Thursday: 16:30-23:00; Friday: 16:30-23:00,ok,
Share_CFDs,241,Stock US,ITW,Illinois Tool Works / ITW,2,0.01,1.0,Share,USD,0.01,0.1,0.1,35.0,0.35000000000000003,none,,,percent,-6.88,-3.5,FRI,259.55,Monday: 16:30-23:00; Tuesday: 16:30-23:00; Wednesday: 16:30-23:00; Thursday: 16:30-23:00; Friday: 16:30-23:00,ok,
Share_CFDs,242,Stock US,IVZ,Invesco Ltd,2,0.01,1.0,Share,USD,0.01,0.1,0.1,7.0,0.07,none,,,percent,-6.88,-3.5,FRI,16.92,Monday: 16:30-23:00; Tuesday: 16:30-23:00; Wednesday: 16:30-23:00; Thursday: 16:30-23:00; Friday: 16:30-23:00,ok,
Share_CFDs,243,Stock US,JBL,Jabil Inc,2,0.01,1.0,Share,USD,0.01,0.1,0.1,14.0,0.14,none,,,percent,-6.88,-3.5,FRI,221.16,Monday: 16:30-23:00; Tuesday: 16:30-23:00; Wednesday: 16:30-23:00; Thursday: 16:30-23:00; Friday: 16:30-23:00,ok,
Share_CFDs,244,Stock US,JCI,Johnson Controls International PLC,2,0.01,1.0,Share,USD,0.01,0.1,0.1,9.0,0.09,none,,,percent,-6.88,-3.5,FRI,106.45,Monday: 16:30-23:00; Tuesday: 16:30-23:00; Wednesday: 16:30-23:00; Thursday: 16:30-23:00; Friday: 16:30-23:00,ok,
Share_CFDs,245,Stock US,JD,JD.COM INC-ADR,2,0.01,1.0,Share,USD,0.01,0.1,0.1,9.97,0.09970000000000001,none,,,percent,-6.88,-3.5,FRI,31.54,Monday: 16:30-23:00; Tuesday: 16:30-23:00; Wednesday: 16:30-23:00; Thursday: 16:30-23:00; Friday: 16:30-23:00,ok,
Share_CFDs,246,Stock US,JNJ,JOHNSON & JOHNSON,2,0.01,1.0,Share,USD,0.01,0.1,0.1,22.04,0.22039999999999998,none,,,percent,-6.88,-3.5,FRI,155.98,Monday: 16:30-23:00; Tuesday: 16:30-23:00; Wednesday: 16:30-23:00; Thursday: 16:30-23:00; Friday: 16:30-23:00,ok,
Share_CFDs,247,Stock US,JPM,JPMORGAN CHASE & CO,2,0.01,1.0,Share,USD,0.01,0.1,0.1,17.46,0.1746,none,,,percent,-6.88,-3.5,FRI,282.77,Monday: 14:05-23:00; Tuesday: 14:05-23:00; Wednesday: 14:05-23:00; Thursday: 14:05-23:00; Friday: 14:05-23:00,ok,
Share_CFDs,248,Stock US,K,Kellanova Co,2,0.01,1.0,Share,USD,0.01,0.1,0.1,10.0,0.1,none,,,percent,-6.88,-3.5,FRI,79.14,Monday: 16:30-23:00; Tuesday: 16:30-23:00; Wednesday: 16:30-23:00; Thursday: 16:30-23:00; Friday: 16:30-23:00,ok,
Share_CFDs,249,Stock US,KDP,Keurig Dr pepper Inc.,2,0.01,1.0,Share,USD,0.01,0.1,0.1,8.0,0.08,none,,,percent,-6.88,-3.5,FRI,33.6,Monday: 16:30-23:00; Tuesday: 16:30-23:00; Wednesday: 16:30-23:00; Thursday: 16:30-23:00; Friday: 16:30-23:00,ok,
Share_CFDs,250,Stock US,KEY,KeyCorp,2,0.01,1.0,Share,USD,0.01,0.1,0.1,7.0,0.07,none,,,percent,-6.88,-3.5,FRI,18.43,Monday: 16:30-23:00; Tuesday: 16:30-23:00; Wednesday: 16:30-23:00; Thursday: 16:30-23:00; Friday: 16:30-23:00,ok,
Share_CFDs,251,Stock US,KGC,Kinross Gold Corp,2,0.01,1.0,Share,USD,0.01,0.1,0.1,6.0,0.06,none,,,percent,-6.88,-3.5,FRI,15.29,Monday: 16:30-23:00; Tuesday: 16:30-23:00; Wednesday: 16:30-23:00; Thursday: 16:30-23:00; Friday: 16:30-23:00,ok,
Share_CFDs,252,Stock US,KHC,Kraft Heinz Co,2,0.01,1.0,Share,USD,0.01,0.1,0.1,8.0,0.08,none,,,percent,-6.88,-3.5,FRI,26.39,Monday: 16:30-23:00; Tuesday: 16:30-23:00; Wednesday: 16:30-23:00; Thursday: 16:30-23:00; Friday: 16:30-23:00,ok,
Share_CFDs,253,Stock US,KKR,KKR & Co Inc,2,0.01,1.0,Share,USD,0.01,0.1,0.1,23.0,0.23,none,,,percent,-6.88,-3.5,FRI,139.1,Monday: 16:30-23:00; Tuesday: 16:30-23:00; Wednesday: 16:30-23:00; Thursday: 16:30-23:00; Friday: 16:30-23:00,ok,
Share_CFDs,254,Stock US,KLAC,KLA Corp,2,0.01,1.0,Share,USD,0.01,0.1,0.1,187.0,1.87,none,,,percent,-6.88,-3.5,FRI,922.94,Monday: 16:30-23:00; Tuesday: 16:30-23:00; Wednesday: 16:30-23:00; Thursday: 16:30-23:00; Friday: 16:30-23:00,ok,
Share_CFDs,255,Stock US,KMI,Kinder Morgan Inc,2,0.01,1.0,Share,USD,0.01,0.1,0.1,7.0,0.07,none,,,percent,-6.88,-3.5,FRI,27.76,Monday: 16:30-23:00; Tuesday: 16:30-23:00; Wednesday: 16:30-23:00; Thursday: 16:30-23:00; Friday: 16:30-23:00,ok,
Share_CFDs,256,Stock US,KO,COCA-COLA CO/THE,2,0.01,1.0,Share,USD,0.01,0.1,0.1,11.18,0.1118,none,,,percent,-6.88,-3.5,FRI,69.43,Monday: 16:30-23:00; Tuesday: 16:30-23:00; Wednesday: 16:30-23:00; Thursday: 16:30-23:00; Friday: 16:30-23:00,ok,
Share_CFDs,257,Stock US,KODK,Eastman Kodak Co,2,0.01,1.0,Share,USD,0.01,0.1,0.1,6.0,0.06,none,,,percent,-6.88,-3.5,FRI,6.36,Monday: 16:30-23:00; Tuesday: 16:30-23:00; Wednesday: 16:30-23:00; Thursday: 16:30-23:00; Friday: 16:30-23:00,ok,
Share_CFDs,258,Stock US,KR,Kroger Co,2,0.01,1.0,Share,USD,0.01,0.1,0.1,12.0,0.12,none,,,percent,-6.88,-3.5,FRI,70.19,Monday: 16:30-23:00; Tuesday: 16:30-23:00; Wednesday: 16:30-23:00; Thursday: 16:30-23:00; Friday: 16:30-23:00,ok,
Share_CFDs,259,Stock US,KSS,Kohl's Corp,2,0.01,1.0,Share,USD,0.01,0.1,0.1,9.0,0.09,none,,,percent,-6.88,-3.5,FRI,9.32,Monday: 16:30-23:00; Tuesday: 16:30-23:00; Wednesday: 16:30-23:00; Thursday: 16:30-23:00; Friday: 16:30-23:00,ok,
Share_CFDs,260,Stock US,LAC,Lithium Americas Corp,2,0.01,1.0,Share,USD,0.01,0.1,0.1,8.0,0.08,none,,,percent,-6.88,-3.5,FRI,2.61,Monday: 16:30-23:00; Tuesday: 16:30-23:00; Wednesday: 16:30-23:00; Thursday: 16:30-23:00; Friday: 16:30-23:00,ok,
Share_CFDs,261,Stock US,LAUR,Laureate Education Inc,2,0.01,1.0,Share,USD,0.01,0.1,0.1,13.0,0.13,none,,,percent,-6.88,-3.5,FRI,24.17,Monday: 16:30-23:00; Tuesday: 16:30-23:00; Wednesday: 16:30-23:00; Thursday: 16:30-23:00; Friday: 16:30-23:00,ok,
Share_CFDs,262,Stock US,LAZR,Luminar Technologies Inc,2,0.01,1.0,Share,USD,0.01,0.1,0.1,6.0,0.06,none,,,percent,-6.88,-3.5,FRI,2.91,Monday: 16:30-23:00; Tuesday: 16:30-23:00; Wednesday: 16:30-23:00; Thursday: 16:30-23:00; Friday: 16:30-23:00,ok,
Share_CFDs,263,Stock US,LBTYK,Liberty Global Ltd. Class C,2,0.01,1.0,Share,USD,0.01,0.1,0.1,8.0,0.08,none,,,percent,-6.88,-3.5,FRI,10.32,Monday: 16:30-23:00; Tuesday: 16:30-23:00; Wednesday: 16:30-23:00; Thursday: 16:30-23:00; Friday: 16:30-23:00,ok,
Share_CFDs,264,Stock US,LC,LendingClub Corp,2,0.01,1.0,Share,USD,0.01,0.1,0.1,7.0,0.07,none,,,percent,-6.88,-3.5,FRI,12.47,Monday: 16:30-23:00; Tuesday: 16:30-23:00; Wednesday: 16:30-23:00; Thursday: 16:30-23:00; Friday: 16:30-23:00,ok,
Share_CFDs,265,Stock US,LCID,Lucid Group Inc,2,0.01,1.0,Share,USD,0.01,0.1,0.1,7.0,0.07,none,,,percent,-6.88,-3.5,FRI,2.25,Monday: 16:30-23:00; Tuesday: 16:30-23:00; Wednesday: 16:30-23:00; Thursday: 16:30-23:00; Friday: 16:30-23:00,ok,
Share_CFDs,266,Stock US,LEN,Lennar Corp - Class A,2,0.01,1.0,Share,USD,0.01,0.1,0.1,12.0,0.12,none,,,percent,-6.88,-3.5,FRI,115.34,Monday: 16:30-23:00; Tuesday: 16:30-23:00; Wednesday: 16:30-23:00; Thursday: 16:30-23:00; Friday: 16:30-23:00,ok,
Share_CFDs,267,Stock US,LEVI,Levi Strauss & Co,2,0.01,1.0,Share,USD,0.01,0.1,0.1,19.0,0.19,none,,,percent,-6.88,-3.5,FRI,19.26,Monday: 16:30-23:00; Tuesday: 16:30-23:00; Wednesday: 16:30-23:00; Thursday: 16:30-23:00; Friday: 16:30-23:00,ok,
Share_CFDs,268,Stock US,LHX,L3Harris Technologies Inc,2,0.01,1.0,Share,USD,0.01,0.1,0.1,45.0,0.45,none,,,percent,-6.88,-3.5,FRI,258.75,Monday: 16:30-23:00; Tuesday: 16:30-23:00; Wednesday: 16:30-23:00; Thursday: 16:30-23:00; Friday: 16:30-23:00,ok,
Share_CFDs,269,Stock US,LI,LI AUTO INC - ADR,2,0.01,1.0,Share,USD,0.01,0.1,0.1,8.71,0.08710000000000001,none,,,percent,-6.88,-3.5,FRI,27.15,Monday: 16:30-23:00; Tuesday: 16:30-23:00; Wednesday: 16:30-23:00; Thursday: 16:30-23:00; Friday: 16:30-23:00,ok,
Share_CFDs,270,Stock US,LLY,Eli Lilly & Co,2,0.01,1.0,Share,USD,0.01,0.1,0.1,142.0,1.42,none,,,percent,-6.88,-3.5,FRI,786.38,Monday: 16:30-23:00; Tuesday: 16:30-23:00; Wednesday: 16:30-23:00; Thursday: 16:30-23:00; Friday: 16:30-23:00,ok,
Share_CFDs,271,Stock US,LMT,Lockheed Martin Corp,2,0.01,1.0,Share,USD,0.01,0.1,0.1,65.83,0.6583,none,,,percent,-6.88,-3.5,FRI,462.74,Monday: 16:30-23:00; Tuesday: 16:30-23:00; Wednesday: 16:30-23:00; Thursday: 16:30-23:00; Friday: 16:30-23:00,ok,
Share_CFDs,272,Stock US,LOGC,ContextLogic Inc,2,0.01,1.0,share,USD,0.01,0.1,0.1,10.0,0.1,none,,,percent,-6.88,-3.5,FRI,6.99,Monday: 16:30-23:00; Tuesday: 16:30-23:00; Wednesday: 16:30-23:00; Thursday: 16:30-23:00; Friday: 16:30-23:00,ok,
Share_CFDs,273,Stock US,LOW,Lowe's Cos Inc,2,0.01,1.0,Share,USD,0.01,0.1,0.1,33.0,0.33,none,,,percent,-6.88,-3.5,FRI,225.44,Monday: 16:30-23:00; Tuesday: 16:30-23:00; Wednesday: 16:30-23:00; Thursday: 16:30-23:00; Friday: 16:30-23:00,ok,
Share_CFDs,274,Stock US,LPL,LG Display Co Ltd (ADRs),2,0.01,1.0,share,USD,0.01,0.1,0.1,2.0,0.02,none,,,percent,-6.88,-3.5,FRI,3.42,Monday: 16:30-23:00; Tuesday: 16:30-23:00; Wednesday: 16:30-23:00; Thursday: 16:30-23:00; Friday: 16:30-23:00,ok,
Share_CFDs,275,Stock US,LRCX,Lam Research Corp,2,0.01,1.0,Share,USD,0.01,0.1,0.1,31.0,0.31,none,,,percent,-6.88,-3.5,FRI,99.68,Monday: 16:30-23:00; Tuesday: 16:30-23:00; Wednesday: 16:30-23:00; Thursday: 16:30-23:00; Friday: 16:30-23:00,ok,
Share_CFDs,276,Stock US,LULU,LULULEMON ATHLETICA INC,2,0.01,1.0,Share,USD,0.01,0.1,0.1,63.87,0.6386999999999999,none,,,percent,-6.88,-3.5,FRI,235.26,Monday: 16:30-23:00; Tuesday: 16:30-23:00; Wednesday: 16:30-23:00; Thursday: 16:30-23:00; Friday: 16:30-23:00,ok,
Share_CFDs,277,Stock US,LUMN,Lumen Technologies Inc,2,0.01,1.0,Share,USD,0.01,0.1,0.1,6.0,0.06,none,,,percent,-6.88,-3.5,FRI,4.49,Monday: 16:30-23:00; Tuesday: 16:30-23:00; Wednesday: 16:30-23:00; Thursday: 16:30-23:00; Friday: 16:30-23:00,ok,
Share_CFDs,278,Stock US,LUV,Southwest Airlines Co,2,0.01,1.0,Share,USD,0.01,0.1,0.1,9.0,0.09,none,,,percent,-6.88,-3.5,FRI,34.48,Monday: 16:30-23:00; Tuesday: 16:30-23:00; Wednesday: 16:30-23:00; Thursday: 16:30-23:00; Friday: 16:30-23:00,ok,
Share_CFDs,279,Stock US,LVS,Las Vegas Sands Corp,2,0.01,1.0,Share,USD,0.01,0.1,0.1,9.0,0.09,none,,,percent,-6.88,-3.5,FRI,49.55,Monday: 16:30-23:00; Tuesday: 16:30-23:00; Wednesday: 16:30-23:00; Thursday: 16:30-23:00; Friday: 16:30-23:00,ok,
Share_CFDs,280,Stock US,LYB,LyondellBasell Industries - Class A,2,0.01,1.0,Share,USD,0.01,0.1,0.1,14.0,0.14,none,,,percent,-6.88,-3.5,FRI,64.79,Monday: 16:30-23:00; Tuesday: 16:30-23:00; Wednesday: 16:30-23:00; Thursday: 16:30-23:00; Friday: 16:30-23:00,ok,
Share_CFDs,281,Stock US,LYFT,Lyft Inc,2,0.01,1.0,Share,USD,0.01,0.1,0.1,7.0,0.07,none,,,percent,-6.88,-3.5,FRI,15.63,Monday: 16:30-23:00; Tuesday: 16:30-23:00; Wednesday: 16:30-23:00; Thursday: 16:30-23:00; Friday: 16:30-23:00,ok,
Share_CFDs,282,Stock US,M,Macy's Inc,2,0.01,1.0,Share,USD,0.01,0.1,0.1,7.0,0.07,none,,,percent,-6.88,-3.5,FRI,12.47,Monday: 16:30-23:00; Tuesday: 16:30-23:00; Wednesday: 16:30-23:00; Thursday: 16:30-23:00; Friday: 16:30-23:00,ok,
Share_CFDs,283,Stock US,MA,MASTERCARD INC - A,2,0.01,1.0,Share,USD,0.01,0.1,0.1,106.21,1.0621,none,,,percent,-6.88,-3.5,FRI,563.86,Monday: 16:30-23:00; Tuesday: 16:30-23:00; Wednesday: 16:30-23:00; Thursday: 16:30-23:00; Friday: 16:30-23:00,ok,
Share_CFDs,284,Stock US,MANU,Manchester United PLC,2,0.01,1.0,Share,USD,0.01,0.1,0.1,7.0,0.07,none,,,percent,-6.88,-3.5,FRI,17.63,Monday: 16:30-23:00; Tuesday: 16:30-23:00; Wednesday: 16:30-23:00; Thursday: 16:30-23:00; Friday: 16:30-23:00,ok,
Share_CFDs,285,Stock US,MAR,Marriott International - Class A,2,0.01,1.0,Share,USD,0.01,0.1,0.1,30.0,0.3,none,,,percent,-6.88,-3.5,FRI,278.96,Monday: 16:30-23:00; Tuesday: 16:30-23:00; Wednesday: 16:30-23:00; Thursday: 16:30-23:00; Friday: 16:30-23:00,ok,
Share_CFDs,286,Stock US,MARA,"MARA Holdings, Inc",2,0.01,1.0,Share,USD,0.01,0.1,0.1,10.0,0.1,none,,,percent,-6.88,-3.5,FRI,18.42,Monday: 16:30-23:00; Tuesday: 16:30-23:00; Wednesday: 16:30-23:00; Thursday: 16:30-23:00; Friday: 16:30-23:00,ok,
Share_CFDs,287,Stock US,MAT,Mattel Inc,2,0.01,1.0,Share,USD,0.01,0.1,0.1,7.0,0.07,none,,,percent,-6.88,-3.5,FRI,20.1,Monday: 16:30-23:00; Tuesday: 16:30-23:00; Wednesday: 16:30-23:00; Thursday: 16:30-23:00; Friday: 16:30-23:00,ok,
Share_CFDs,288,Stock US,MBLY,Mobileye Global Inc - Class A (ADRs),2,0.01,1.0,share,USD,0.01,0.1,0.1,244.0,2.44,none,,,percent,-6.88,-3.5,FRI,16.05,Monday: 16:30-23:00; Tuesday: 16:30-23:00; Wednesday: 16:30-23:00; Thursday: 16:30-23:00; Friday: 16:30-23:00,ok,
Share_CFDs,289,Stock US,MCD,MCDONALD'S CORP,2,0.01,1.0,Share,USD,0.01,0.1,0.1,35.25,0.3525,none,,,percent,-6.88,-3.5,FRI,292.62,Monday: 14:05-23:00; Tuesday: 14:05-23:00; Wednesday: 14:05-23:00; Thursday: 14:05-23:00; Friday: 14:05-23:00,ok,
Share_CFDs,290,Stock US,MCHP,Microchip Technology Inc,2,0.01,1.0,Share,USD,0.01,0.1,0.1,12.0,0.12,none,,,percent,-6.88,-3.5,FRI,74.62,Monday: 16:30-23:00; Tuesday: 16:30-23:00; Wednesday: 16:30-23:00; Thursday: 16:30-23:00; Friday: 16:30-23:00,ok,
Share_CFDs,291,Stock US,MCK,Mckesson Corp,2,0.01,1.0,Share,USD,0.01,0.1,0.1,224.0,2.24,none,,,percent,-6.88,-3.5,FRI,726.02,Monday: 16:30-23:00; Tuesday: 16:30-23:00; Wednesday: 16:30-23:00; Thursday: 16:30-23:00; Friday: 16:30-23:00,ok,
Share_CFDs,292,Stock US,MCO,Moody's Corp,2,0.01,1.0,Share,USD,0.01,0.1,0.1,111.0,1.11,none,,,percent,-6.88,-3.5,FRI,501.98,Monday: 16:30-23:00; Tuesday: 16:30-23:00; Wednesday: 16:30-23:00; Thursday: 16:30-23:00; Friday: 16:30-23:00,ok,
Share_CFDs,293,Stock US,MDLZ,Mondelez International Inc,2,0.01,1.0,Share,USD,0.01,0.1,0.1,13.0,0.13,none,,,percent,-6.88,-3.5,FRI,66.78,Monday: 16:30-23:00; Tuesday: 16:30-23:00; Wednesday: 16:30-23:00; Thursday: 16:30-23:00; Friday: 16:30-23:00,ok,
Share_CFDs,294,Stock US,MDT,Medtronic PLC,2,0.01,1.0,Share,USD,0.01,0.1,0.1,13.0,0.13,none,,,percent,-6.88,-3.5,FRI,88.95,Monday: 16:30-23:00; Tuesday: 16:30-23:00; Wednesday: 16:30-23:00; Thursday: 16:30-23:00; Friday: 16:30-23:00,ok,
Share_CFDs,295,Stock US,MELI,Mercado Libre,2,0.01,1.0,Share,USD,0.01,0.1,0.1,485.0,4.8500000000000005,none,,,percent,-6.88,-3.5,FRI,2476.19,Monday: 16:30-23:00; Tuesday: 16:30-23:00; Wednesday: 16:30-23:00; Thursday: 16:30-23:00; Friday: 16:30-23:00,ok,
Share_CFDs,296,Stock US,MET,Metlife Inc,2,0.01,1.0,Share,USD,0.01,0.1,0.1,17.63,0.17629999999999998,none,,,percent,-6.88,-3.5,FRI,78.09,Monday: 16:30-23:00; Tuesday: 16:30-23:00; Wednesday: 16:30-23:00; Thursday: 16:30-23:00; Friday: 16:30-23:00,ok,
Share_CFDs,297,Stock US,META,Meta Platforms Inc,2,0.01,1.0,Share,USD,0.01,0.1,0.1,39.94,0.3994,none,,,percent,-6.88,-3.5,FRI,732.41,Monday: 14:05-23:00; Tuesday: 14:05-23:00; Wednesday: 14:05-23:00; Thursday: 14:05-23:00; Friday: 14:05-23:00,ok,
Share_CFDs,298,Stock US,MFA,MFA Financial Inc,2,0.01,1.0,Share,USD,0.01,0.1,0.1,6.0,0.06,none,,,percent,-6.88,-3.5,FRI,9.64,Monday: 16:30-23:00; Tuesday: 16:30-23:00; Wednesday: 16:30-23:00; Thursday: 16:30-23:00; Friday: 16:30-23:00,ok,
Share_CFDs,299,Stock US,MFC,Manulife Financial Corp,2,0.01,1.0,Share,USD,0.01,0.1,0.1,8.0,0.08,none,,,percent,-6.88,-3.5,FRI,30.44,Monday: 16:30-23:00; Tuesday: 16:30-23:00; Wednesday: 16:30-23:00; Thursday: 16:30-23:00; Friday: 16:30-23:00,ok,
Share_CFDs,300,Stock US,MGM,MGM Resorts International,2,0.01,1.0,Share,USD,0.01,0.1,0.1,12.0,0.12,none,,,percent,-6.88,-3.5,FRI,37.62,Monday: 16:30-23:00; Tuesday: 16:30-23:00; Wednesday: 16:30-23:00; Thursday: 16:30-23:00; Friday: 16:30-23:00,ok,
Share_CFDs,301,Stock US,MLM,Martin Marietta Materials Inc,2,0.01,1.0,Share,USD,0.01,0.1,0.1,121.0,1.21,none,,,percent,-6.88,-3.5,FRI,566.28,Monday: 16:30-23:00; Tuesday: 16:30-23:00; Wednesday: 16:30-23:00; Thursday: 16:30-23:00; Friday: 16:30-23:00,ok,
Share_CFDs,302,Stock US,MMC,Marsh & McLennan Cos,2,0.01,1.0,Share,USD,0.01,0.1,0.1,38.0,0.38,none,,,percent,-6.88,-3.5,FRI,213.92,Monday: 16:30-23:00; Tuesday: 16:30-23:00; Wednesday: 16:30-23:00; Thursday: 16:30-23:00; Friday: 16:30-23:00,ok,
Share_CFDs,303,Stock US,MMM,3M CO,2,0.01,1.0,Share,USD,0.01,0.1,0.1,42.48,0.42479999999999996,none,,,percent,-6.88,-3.5,FRI,155.71,Monday: 16:30-23:00; Tuesday: 16:30-23:00; Wednesday: 16:30-23:00; Thursday: 16:30-23:00; Friday: 16:30-23:00,ok,
Share_CFDs,304,Stock US,MNST,Monster Beverage Corp,2,0.01,1.0,Share,USD,0.01,0.1,0.1,13.0,0.13,none,,,percent,-6.88,-3.5,FRI,59.48,Monday: 16:30-23:00; Tuesday: 16:30-23:00; Wednesday: 16:30-23:00; Thursday: 16:30-23:00; Friday: 16:30-23:00,ok,
Share_CFDs,305,Stock US,MO,Altria Group Inc,2,0.01,1.0,Share,USD,0.01,0.1,0.1,10.0,0.1,none,,,percent,-6.88,-3.5,FRI,57.69,Monday: 16:30-23:00; Tuesday: 16:30-23:00; Wednesday: 16:30-23:00; Thursday: 16:30-23:00; Friday: 16:30-23:00,ok,
Share_CFDs,306,Stock US,MOH,Molina Healthcare Inc,2,0.01,1.0,Share,USD,0.01,0.1,0.1,41.0,0.41000000000000003,none,,,percent,-6.88,-3.5,FRI,236.88,Monday: 16:30-23:00; Tuesday: 16:30-23:00; Wednesday: 16:30-23:00; Thursday: 16:30-23:00; Friday: 16:30-23:00,ok,
Share_CFDs,307,Stock US,MOMO,Momo Inc,2,0.01,1.0,Share,USD,0.01,0.1,0.1,6.0,0.06,none,,,percent,-6.88,-3.5,FRI,8.49,Monday: 16:30-23:00; Tuesday: 16:30-23:00; Wednesday: 16:30-23:00; Thursday: 16:30-23:00; Friday: 16:30-23:00,ok,
Share_CFDs,308,Stock US,MPC,Marathon Petroleum Corp,2,0.01,1.0,Share,USD,0.01,0.1,0.1,26.0,0.26,none,,,percent,-6.88,-3.5,FRI,179.09,Monday: 16:30-23:00; Tuesday: 16:30-23:00; Wednesday: 16:30-23:00; Thursday: 16:30-23:00; Friday: 16:30-23:00,ok,
Share_CFDs,309,Stock US,MPLX,MPLX LP,2,0.01,1.0,Share,USD,0.01,0.1,0.1,14.0,0.14,none,,,percent,-6.88,-3.5,FRI,50.69,Monday: 16:30-23:00; Tuesday: 16:30-23:00; Wednesday: 16:30-23:00; Thursday: 16:30-23:00; Friday: 16:30-23:00,ok,
Share_CFDs,310,Stock US,MPWR,Monolithic Power Systems Inc,2,0.01,1.0,Share,USD,0.01,0.1,0.1,312.0,3.12,none,,,percent,-6.88,-3.5,FRI,748.39,Monday: 16:30-23:00; Tuesday: 16:30-23:00; Wednesday: 16:30-23:00; Thursday: 16:30-23:00; Friday: 16:30-23:00,ok,
Share_CFDs,311,Stock US,MRK,Merck & Co Inc,2,0.01,1.0,Share,USD,0.01,0.1,0.1,13.0,0.13,none,,,percent,-6.88,-3.5,FRI,83.64,Monday: 16:30-23:00; Tuesday: 16:30-23:00; Wednesday: 16:30-23:00; Thursday: 16:30-23:00; Friday: 16:30-23:00,ok,
Share_CFDs,312,Stock US,MRNA,MODERNA INC,2,0.01,1.0,Share,USD,0.01,0.1,0.1,17.36,0.1736,none,,,percent,-6.88,-3.5,FRI,32.72,Monday: 16:30-23:00; Tuesday: 16:30-23:00; Wednesday: 16:30-23:00; Thursday: 16:30-23:00; Friday: 16:30-23:00,ok,
Share_CFDs,313,Stock US,MRVL,Marvell Technology Group Ltd,2,0.01,1.0,Share,USD,0.01,0.1,0.1,9.0,0.09,none,,,percent,-6.88,-3.5,FRI,72.24,Monday: 16:30-23:00; Tuesday: 16:30-23:00; Wednesday: 16:30-23:00; Thursday: 16:30-23:00; Friday: 16:30-23:00,ok,
Share_CFDs,314,Stock US,MS,Morgan Stanley,2,0.01,1.0,Share,USD,0.01,0.1,0.1,17.0,0.17,none,,,percent,-6.88,-3.5,FRI,141.49,Monday: 16:30-23:00; Tuesday: 16:30-23:00; Wednesday: 16:30-23:00; Thursday: 16:30-23:00; Friday: 16:30-23:00,ok,
Share_CFDs,315,Stock US,MSFT,MICROSOFT CORP,2,0.01,1.0,Share,USD,0.01,0.1,0.1,27.57,0.2757,none,,,percent,-6.88,-3.5,FRI,502.66,Monday: 14:05-23:00; Tuesday: 14:05-23:00; Wednesday: 14:05-23:00; Thursday: 14:05-23:00; Friday: 14:05-23:00,ok,
Share_CFDs,316,Stock US,MTB,M & T Bank Corp,2,0.01,1.0,Share,USD,0.01,0.1,0.1,38.0,0.38,none,,,percent,-6.88,-3.5,FRI,200.19,Monday: 16:30-23:00; Tuesday: 16:30-23:00; Wednesday: 16:30-23:00; Thursday: 16:30-23:00; Friday: 16:30-23:00,ok,
Share_CFDs,317,Stock US,MTCH,Match Group Inc,2,0.01,1.0,Share,USD,0.01,0.1,0.1,10.0,0.1,none,,,percent,-6.88,-3.5,FRI,32.81,Monday: 16:30-23:00; Tuesday: 16:30-23:00; Wednesday: 16:30-23:00; Thursday: 16:30-23:00; Friday: 16:30-23:00,ok,
Share_CFDs,318,Stock US,MU,Micron,2,0.01,1.0,Share,USD,0.01,0.1,0.1,12.0,0.12,none,,,percent,-6.88,-3.5,FRI,122.14,Monday: 16:30-23:00; Tuesday: 16:30-23:00; Wednesday: 16:30-23:00; Thursday: 16:30-23:00; Friday: 16:30-23:00,ok,
Share_CFDs,319,Stock US,NBIX,Neurocrine Biosciences Inc,2,0.01,1.0,Share,USD,0.01,0.1,0.1,45.0,0.45,none,,,percent,-6.88,-3.5,FRI,133.19,Monday: 16:30-23:00; Tuesday: 16:30-23:00; Wednesday: 16:30-23:00; Thursday: 16:30-23:00; Friday: 16:30-23:00,ok,
Share_CFDs,320,Stock US,NBR,Nabors Industries Ltd,2,0.01,1.0,Share,USD,0.01,0.1,0.1,51.0,0.51,none,,,percent,-6.88,-3.5,FRI,34.06,Monday: 16:30-23:00; Tuesday: 16:30-23:00; Wednesday: 16:30-23:00; Thursday: 16:30-23:00; Friday: 16:30-23:00,ok,
Share_CFDs,321,Stock US,NCLH,Norwegian Cruise Line Holdings Ltd,2,0.01,1.0,Share,USD,0.01,0.1,0.1,7.0,0.07,none,,,percent,-6.88,-3.5,FRI,21.92,Monday: 16:30-23:00; Tuesday: 16:30-23:00; Wednesday: 16:30-23:00; Thursday: 16:30-23:00; Friday: 16:30-23:00,ok,
Share_CFDs,322,Stock US,NEE,Nextera Energy Inc,2,0.01,1.0,Share,USD,0.01,0.1,0.1,12.0,0.12,none,,,percent,-6.88,-3.5,FRI,73.58,Monday: 16:30-23:00; Tuesday: 16:30-23:00; Wednesday: 16:30-23:00; Thursday: 16:30-23:00; Friday: 16:30-23:00,ok,
Share_CFDs,323,Stock US,NEM,Newmont Mining,2,0.01,1.0,Share,USD,0.01,0.1,0.1,9.0,0.09,none,,,percent,-6.88,-3.5,FRI,58.73,Monday: 16:30-23:00; Tuesday: 16:30-23:00; Wednesday: 16:30-23:00; Thursday: 16:30-23:00; Friday: 16:30-23:00,ok,
Share_CFDs,324,Stock US,NET,Cloudflare Inc - Class A,2,0.01,1.0,Share,USD,0.01,0.1,0.1,24.0,0.24,none,,,percent,-6.88,-3.5,FRI,193.49,Monday: 16:30-23:00; Tuesday: 16:30-23:00; Wednesday: 16:30-23:00; Thursday: 16:30-23:00; Friday: 16:30-23:00,ok,
Share_CFDs,325,Stock US,NFLX,NETFLIX INC,2,0.01,1.0,Share,USD,0.01,0.1,0.1,166.33,1.6633000000000002,none,,,percent,-6.88,-3.5,FRI,1285.0,Monday: 14:05-23:00; Tuesday: 14:05-23:00; Wednesday: 14:05-23:00; Thursday: 14:05-23:00; Friday: 14:05-23:00,ok,
Share_CFDs,326,Stock US,NIO,NIO INC - ADR,2,0.01,1.0,Share,USD,0.01,0.1,0.1,7.01,0.0701,none,,,percent,-6.88,-3.5,FRI,3.46,Monday: 16:30-23:00; Tuesday: 16:30-23:00; Wednesday: 16:30-23:00; Thursday: 16:30-23:00; Friday: 16:30-23:00,ok,
Share_CFDs,327,Stock US,NKE,Nike Inc,2,0.01,1.0,Share,USD,0.01,0.1,0.1,14.4,0.14400000000000002,none,,,percent,-6.88,-3.5,FRI,73.47,Monday: 16:30-23:00; Tuesday: 16:30-23:00; Wednesday: 16:30-23:00; Thursday: 16:30-23:00; Friday: 16:30-23:00,ok,
Share_CFDs,328,Stock US,NOC,Northrop Grumman Corp,2,0.01,1.0,Share,USD,0.01,0.1,0.1,116.0,1.16,none,,,percent,-6.88,-3.5,FRI,507.15,Monday: 16:30-23:00; Tuesday: 16:30-23:00; Wednesday: 16:30-23:00; Thursday: 16:30-23:00; Friday: 16:30-23:00,ok,
Share_CFDs,329,Stock US,NOW,ServiceNow Inc,2,0.01,1.0,Share,USD,0.01,0.1,0.1,129.0,1.29,none,,,percent,-6.88,-3.5,FRI,1013.3,Monday: 16:30-23:00; Tuesday: 16:30-23:00; Wednesday: 16:30-23:00; Thursday: 16:30-23:00; Friday: 16:30-23:00,ok,
Share_CFDs,330,Stock US,NSC,Norfolk Southern Corp,2,0.01,1.0,Share,USD,0.01,0.1,0.1,33.0,0.33,none,,,percent,-6.88,-3.5,FRI,259.91,Monday: 16:30-23:00; Tuesday: 16:30-23:00; Wednesday: 16:30-23:00; Thursday: 16:30-23:00; Friday: 16:30-23:00,ok,
Share_CFDs,331,Stock US,NTAP,Netapp Inc,2,0.01,1.0,Share,USD,0.01,0.1,0.1,13.0,0.13,none,,,percent,-6.88,-3.5,FRI,106.62,Monday: 16:30-23:00; Tuesday: 16:30-23:00; Wednesday: 16:30-23:00; Thursday: 16:30-23:00; Friday: 16:30-23:00,ok,
Share_CFDs,332,Stock US,NTES,NETEASE INC-ADR,2,0.01,1.0,Share,USD,0.01,0.1,0.1,31.2,0.312,none,,,percent,-6.88,-3.5,FRI,129.97,Monday: 16:30-23:00; Tuesday: 16:30-23:00; Wednesday: 16:30-23:00; Thursday: 16:30-23:00; Friday: 16:30-23:00,ok,
Share_CFDs,333,Stock US,NTRS,Northern Trust Corp,2,0.01,1.0,Share,USD,0.01,0.1,0.1,22.0,0.22,none,,,percent,-6.88,-3.5,FRI,126.83,Monday: 16:30-23:00; Tuesday: 16:30-23:00; Wednesday: 16:30-23:00; Thursday: 16:30-23:00; Friday: 16:30-23:00,ok,
Share_CFDs,334,Stock US,NUE,Nucor Corp,2,0.01,1.0,Share,USD,0.01,0.1,0.1,27.0,0.27,none,,,percent,-6.88,-3.5,FRI,139.56,Monday: 16:30-23:00; Tuesday: 16:30-23:00; Wednesday: 16:30-23:00; Thursday: 16:30-23:00; Friday: 16:30-23:00,ok,
Share_CFDs,335,Stock US,NVAX,Novavax,2,0.01,1.0,Share,USD,0.01,0.1,0.1,8.0,0.08,none,,,percent,-6.88,-3.5,FRI,6.99,Monday: 16:30-23:00; Tuesday: 16:30-23:00; Wednesday: 16:30-23:00; Thursday: 16:30-23:00; Friday: 16:30-23:00,ok,
Share_CFDs,336,Stock US,NVIDIA,NVIDIA CORP,2,0.01,1.0,Share,USD,0.01,0.1,0.1,9.94,0.0994,none,,,percent,-6.88,-3.5,FRI,162.78,Monday: 14:05-23:00; Tuesday: 14:05-23:00; Wednesday: 14:05-23:00; Thursday: 14:05-23:00; Friday: 14:05-23:00,ok,
Share_CFDs,337,Stock US,NVS,NOVARTIS AG-SPONSORED ADR,2,0.01,1.0,Share,USD,0.01,0.1,0.1,15.63,0.15630000000000002,none,,,percent,-6.88,-3.5,FRI,122.84,Monday: 16:30-23:00; Tuesday: 16:30-23:00; Wednesday: 16:30-23:00; Thursday: 16:30-23:00; Friday: 16:30-23:00,ok,
Share_CFDs,338,Stock US,NWS,News Corp - Class B,2,0.01,1.0,Share,USD,0.01,0.1,0.1,8.0,0.08,none,,,percent,-6.88,-3.5,FRI,34.02,Monday: 16:30-23:00; Tuesday: 16:30-23:00; Wednesday: 16:30-23:00; Thursday: 16:30-23:00; Friday: 16:30-23:00,ok,
Share_CFDs,339,Stock US,NXPI,NXP Semiconductors NV,2,0.01,1.0,Share,USD,0.01,0.1,0.1,43.0,0.43,none,,,percent,-6.88,-3.5,FRI,230.21,Monday: 16:30-23:00; Tuesday: 16:30-23:00; Wednesday: 16:30-23:00; Thursday: 16:30-23:00; Friday: 16:30-23:00,ok,
Share_CFDs,340,Stock US,OIS,Oil States International Inc,2,0.01,1.0,Share,USD,0.01,0.1,0.1,6.0,0.06,none,,,percent,-6.88,-3.5,FRI,5.62,Monday: 16:30-23:00; Tuesday: 16:30-23:00; Wednesday: 16:30-23:00; Thursday: 16:30-23:00; Friday: 16:30-23:00,ok,
Share_CFDs,341,Stock US,OKE,Oneok Inc,2,0.01,1.0,Share,USD,0.01,0.1,0.1,11.0,0.11,none,,,percent,-6.88,-3.5,FRI,81.11,Monday: 16:30-23:00; Tuesday: 16:30-23:00; Wednesday: 16:30-23:00; Thursday: 16:30-23:00; Friday: 16:30-23:00,ok,
Share_CFDs,342,Stock US,OKTA,Okta Inc,2,0.01,1.0,Share,USD,0.01,0.1,0.1,39.0,0.39,none,,,percent,-6.88,-3.5,FRI,99.06,Monday: 16:30-23:00; Tuesday: 16:30-23:00; Wednesday: 16:30-23:00; Thursday: 16:30-23:00; Friday: 16:30-23:00,ok,
Share_CFDs,343,Stock US,OMC,Omnicom Group,2,0.01,1.0,Share,USD,0.01,0.1,0.1,16.0,0.16,none,,,percent,-6.88,-3.5,FRI,72.41,Monday: 16:30-23:00; Tuesday: 16:30-23:00; Wednesday: 16:30-23:00; Thursday: 16:30-23:00; Friday: 16:30-23:00,ok,
Share_CFDs,344,Stock US,OPFI,OppFi Inc,2,0.01,1.0,Share,USD,0.01,0.1,0.1,14.0,0.14,none,,,percent,-6.88,-3.5,FRI,13.62,Monday: 16:30-23:00; Tuesday: 16:30-23:00; Wednesday: 16:30-23:00; Thursday: 16:30-23:00; Friday: 16:30-23:00,ok,
Share_CFDs,345,Stock US,ORCL,ORACLE CORP,2,0.01,1.0,Share,USD,0.01,0.1,0.1,28.29,0.2829,none,,,percent,-6.88,-3.5,FRI,235.57,Monday: 14:05-23:00; Tuesday: 14:05-23:00; Wednesday: 14:05-23:00; Thursday: 14:05-23:00; Friday: 14:05-23:00,ok,
Share_CFDs,346,Stock US,ORLY,O'Reilly Automotive Inc,2,0.01,1.0,Share,USD,0.01,0.1,0.1,58.0,0.58,none,,,percent,-6.88,-3.5,FRI,92.28,Monday: 16:30-23:00; Tuesday: 16:30-23:00; Wednesday: 16:30-23:00; Thursday: 16:30-23:00; Friday: 16:30-23:00,ok,
Share_CFDs,347,Stock US,OXY,Occidental Petroleum Corp,2,0.01,1.0,Share,USD,0.01,0.1,0.1,10.0,0.1,none,,,percent,-6.88,-3.5,FRI,45.49,Monday: 16:30-23:00; Tuesday: 16:30-23:00; Wednesday: 16:30-23:00; Thursday: 16:30-23:00; Friday: 16:30-23:00,ok,
Share_CFDs,348,Stock US,PANW,Palo Alto Networks Inc Prov,2,0.01,1.0,Share,USD,0.01,0.1,0.1,42.0,0.42,none,,,percent,-6.88,-3.5,FRI,205.85,Monday: 16:30-23:00; Tuesday: 16:30-23:00; Wednesday: 16:30-23:00; Thursday: 16:30-23:00; Friday: 16:30-23:00,ok,
Share_CFDs,349,Stock US,PAYX,Paychex Inc,2,0.01,1.0,Share,USD,0.01,0.1,0.1,25.0,0.25,none,,,percent,-6.88,-3.5,FRI,145.83,Monday: 16:30-23:00; Tuesday: 16:30-23:00; Wednesday: 16:30-23:00; Thursday: 16:30-23:00; Friday: 16:30-23:00,ok,
Share_CFDs,350,Stock US,PCAR,PACCAR Inc,2,0.01,1.0,Share,USD,0.01,0.1,0.1,15.0,0.15,none,,,percent,-6.88,-3.5,FRI,98.6,Monday: 16:30-23:00; Tuesday: 16:30-23:00; Wednesday: 16:30-23:00; Thursday: 16:30-23:00; Friday: 16:30-23:00,ok,
Share_CFDs,351,Stock US,PCG,PG&E Corp,2,0.01,1.0,Share,USD,0.01,0.1,0.1,7.0,0.07,none,,,percent,-6.88,-3.5,FRI,13.45,Monday: 16:30-23:00; Tuesday: 16:30-23:00; Wednesday: 16:30-23:00; Thursday: 16:30-23:00; Friday: 16:30-23:00,ok,
Share_CFDs,352,Stock US,PDD,Pinduoduo Inc (ADRs),2,0.01,1.0,share,USD,0.01,0.1,0.1,5.0,0.05,none,,,percent,-6.88,-3.5,FRI,105.0,Monday: 16:30-23:00; Tuesday: 16:30-23:00; Wednesday: 16:30-23:00; Thursday: 16:30-23:00; Friday: 16:30-23:00,ok,
Share_CFDs,353,Stock US,PEG,Public Service Enterprise Group / PSEG,2,0.01,1.0,Share,USD,0.01,0.1,0.1,11.0,0.11,none,,,percent,-6.88,-3.5,FRI,81.5,Monday: 16:30-23:00; Tuesday: 16:30-23:00; Wednesday: 16:30-23:00; Thursday: 16:30-23:00; Friday: 16:30-23:00,ok,
Share_CFDs,354,Stock US,PENN,Penn National Gaming Inc,2,0.01,1.0,Share,USD,0.01,0.1,0.1,8.0,0.08,none,,,percent,-6.88,-3.5,FRI,18.42,Monday: 16:30-23:00; Tuesday: 16:30-23:00; Wednesday: 16:30-23:00; Thursday: 16:30-23:00; Friday: 16:30-23:00,ok,
Share_CFDs,355,Stock US,PEP,PEPSICO INC,2,0.01,1.0,Share,USD,0.01,0.1,0.1,18.69,0.1869,none,,,percent,-6.88,-3.5,FRI,134.36,Monday: 16:30-23:00; Tuesday: 16:30-23:00; Wednesday: 16:30-23:00; Thursday: 16:30-23:00; Friday: 16:30-23:00,ok,
Share_CFDs,356,Stock US,PFIZER,PFIZER INC,2,0.01,1.0,Share,USD,0.01,0.1,0.1,9.21,0.09210000000000002,none,,,percent,-6.88,-3.5,FRI,25.51,Monday: 16:30-23:00; Tuesday: 16:30-23:00; Wednesday: 16:30-23:00; Thursday: 16:30-23:00; Friday: 16:30-23:00,ok,
Share_CFDs,357,Stock US,PG,PROCTER & GAMBLE CO/THE,2,0.01,1.0,Share,USD,0.01,0.1,0.1,16.06,0.1606,none,,,percent,-6.88,-3.5,FRI,157.32,Monday: 16:30-23:00; Tuesday: 16:30-23:00; Wednesday: 16:30-23:00; Thursday: 16:30-23:00; Friday: 16:30-23:00,ok,
Share_CFDs,358,Stock US,PGR,Progressive Corp,2,0.01,1.0,Share,USD,0.01,0.1,0.1,43.0,0.43,none,,,percent,-6.88,-3.5,FRI,250.17,Monday: 16:30-23:00; Tuesday: 16:30-23:00; Wednesday: 16:30-23:00; Thursday: 16:30-23:00; Friday: 16:30-23:00,ok,
Share_CFDs,359,Stock US,PH,Parker Hannifin Corp,2,0.01,1.0,Share,USD,0.01,0.1,0.1,190.0,1.9000000000000001,none,,,percent,-6.88,-3.5,FRI,706.86,Monday: 16:30-23:00; Tuesday: 16:30-23:00; Wednesday: 16:30-23:00; Thursday: 16:30-23:00; Friday: 16:30-23:00,ok,
Share_CFDs,360,Stock US,PINS,Pinterest Inc - Class A,2,0.01,1.0,Share,USD,0.01,0.1,0.1,10.0,0.1,none,,,percent,-6.88,-3.5,FRI,35.84,Monday: 16:30-23:00; Tuesday: 16:30-23:00; Wednesday: 16:30-23:00; Thursday: 16:30-23:00; Friday: 16:30-23:00,ok,
Share_CFDs,361,Stock US,PLAY,Dave & Buster's Entertainmen,2,0.01,1.0,Share,USD,0.01,0.1,0.1,24.0,0.24,none,,,percent,-6.88,-3.5,FRI,31.82,Monday: 16:30-23:00; Tuesday: 16:30-23:00; Wednesday: 16:30-23:00; Thursday: 16:30-23:00; Friday: 16:30-23:00,ok,
Share_CFDs,362,Stock US,PLD,Prologis Inc,2,0.01,1.0,Share,USD,0.01,0.1,0.1,22.0,0.22,none,,,percent,-6.88,-3.5,FRI,106.29,Monday: 16:30-23:00; Tuesday: 16:30-23:00; Wednesday: 16:30-23:00; Thursday: 16:30-23:00; Friday: 16:30-23:00,ok,
Share_CFDs,363,Stock US,PLTR,Palantir Technologies Inc,2,0.01,1.0,Share,USD,0.01,0.1,0.1,15.0,0.15,none,,,percent,-6.88,-3.5,FRI,142.94,Monday: 16:30-23:00; Tuesday: 16:30-23:00; Wednesday: 16:30-23:00; Thursday: 16:30-23:00; Friday: 16:30-23:00,ok,
Share_CFDs,364,Stock US,PLUG,Plug Power Inc,2,0.01,1.0,Share,USD,0.01,0.1,0.1,7.0,0.07,none,,,percent,-6.88,-3.5,FRI,1.75,Monday: 16:30-23:00; Tuesday: 16:30-23:00; Wednesday: 16:30-23:00; Thursday: 16:30-23:00; Friday: 16:30-23:00,ok,
Share_CFDs,365,Stock US,PM,PHILIP MORRIS INTERNATIONAL,2,0.01,1.0,Share,USD,0.01,0.1,0.1,30.45,0.3045,none,,,percent,-6.88,-3.5,FRI,177.6,Monday: 16:30-23:00; Tuesday: 16:30-23:00; Wednesday: 16:30-23:00; Thursday: 16:30-23:00; Friday: 16:30-23:00,ok,
Share_CFDs,366,Stock US,PNC,PNC Financial Services Group,2,0.01,1.0,Share,USD,0.01,0.1,0.1,25.0,0.25,none,,,percent,-6.88,-3.5,FRI,196.05,Monday: 16:30-23:00; Tuesday: 16:30-23:00; Wednesday: 16:30-23:00; Thursday: 16:30-23:00; Friday: 16:30-23:00,ok,
Share_CFDs,367,Stock US,POOL,Pool Corp,2,0.01,1.0,Share,USD,0.01,0.1,0.1,46.0,0.46,none,,,percent,-6.88,-3.5,FRI,308.27,Monday: 16:30-23:00; Tuesday: 16:30-23:00; Wednesday: 16:30-23:00; Thursday: 16:30-23:00; Friday: 16:30-23:00,ok,
Share_CFDs,368,Stock US,PPG,PPG Industries Inc,2,0.01,1.0,Share,USD,0.01,0.1,0.1,24.0,0.24,none,,,percent,-6.88,-3.5,FRI,118.04,Monday: 16:30-23:00; Tuesday: 16:30-23:00; Wednesday: 16:30-23:00; Thursday: 16:30-23:00; Friday: 16:30-23:00,ok,
Share_CFDs,369,Stock US,PPL,PPL Corp,2,0.01,1.0,Share,USD,0.01,0.1,0.1,8.0,0.08,none,,,percent,-6.88,-3.5,FRI,33.72,Monday: 16:30-23:00; Tuesday: 16:30-23:00; Wednesday: 16:30-23:00; Thursday: 16:30-23:00; Friday: 16:30-23:00,ok,
Share_CFDs,370,Stock US,PSA,Public Storage,2,0.01,1.0,Share,USD,0.01,0.1,0.1,35.0,0.35000000000000003,none,,,percent,-6.88,-3.5,FRI,288.78,Monday: 16:30-23:00; Tuesday: 16:30-23:00; Wednesday: 16:30-23:00; Thursday: 16:30-23:00; Friday: 16:30-23:00,ok,
Share_CFDs,371,Stock US,PSX,Phillips 66,2,0.01,1.0,Share,USD,0.01,0.1,0.1,16.0,0.16,none,,,percent,-6.88,-3.5,FRI,130.4,Monday: 16:30-23:00; Tuesday: 16:30-23:00; Wednesday: 16:30-23:00; Thursday: 16:30-23:00; Friday: 16:30-23:00,ok,
Share_CFDs,372,Stock US,PTON,Peloton Interactive Inc - Class A,2,0.01,1.0,Share,USD,0.01,0.1,0.1,6.0,0.06,none,,,percent,-6.88,-3.5,FRI,6.47,Monday: 16:30-23:00; Tuesday: 16:30-23:00; Wednesday: 16:30-23:00; Thursday: 16:30-23:00; Friday: 16:30-23:00,ok,
Share_CFDs,373,Stock US,PVH,PVH Corp,2,0.01,1.0,Share,USD,0.01,0.1,0.1,26.0,0.26,none,,,percent,-6.88,-3.5,FRI,72.38,Monday: 16:30-23:00; Tuesday: 16:30-23:00; Wednesday: 16:30-23:00; Thursday: 16:30-23:00; Friday: 16:30-23:00,ok,
Share_CFDs,374,Stock US,PYPL,PayPal Holdings Inc,2,0.01,1.0,Share,USD,0.01,0.1,0.1,13.2,0.132,none,,,percent,-6.88,-3.5,FRI,74.76,Monday: 16:30-23:00; Tuesday: 16:30-23:00; Wednesday: 16:30-23:00; Thursday: 16:30-23:00; Friday: 16:30-23:00,ok,
Share_CFDs,375,Stock US,QCOM,QUALCOMM Inc,2,0.01,1.0,Share,USD,0.01,0.1,0.1,29.0,0.29,none,,,percent,-6.88,-3.5,FRI,159.29,Monday: 16:30-23:00; Tuesday: 16:30-23:00; Wednesday: 16:30-23:00; Thursday: 16:30-23:00; Friday: 16:30-23:00,ok,
Share_CFDs,376,Stock US,QS,Quantumscape Corp,2,0.01,1.0,Share,USD,0.01,0.1,0.1,6.0,0.06,none,,,percent,-6.88,-3.5,FRI,8.31,Monday: 16:30-23:00; Tuesday: 16:30-23:00; Wednesday: 16:30-23:00; Thursday: 16:30-23:00; Friday: 16:30-23:00,ok,
Share_CFDs,377,Stock US,RACE,Ferrari NV,2,0.01,1.0,Share,USD,0.01,0.1,0.1,100.0,1.0,none,,,percent,-6.88,-3.5,FRI,490.22,Monday: 16:30-23:00; Tuesday: 16:30-23:00; Wednesday: 16:30-23:00; Thursday: 16:30-23:00; Friday: 16:30-23:00,ok,
Share_CFDs,378,Stock US,RBLX,Roblox Corp - Class A,2,0.01,1.0,Share,USD,0.01,0.1,0.1,23.0,0.23,none,,,percent,-6.88,-3.5,FRI,106.51,Monday: 16:30-23:00; Tuesday: 16:30-23:00; Wednesday: 16:30-23:00; Thursday: 16:30-23:00; Friday: 16:30-23:00,ok,
Share_CFDs,379,Stock US,RCL,Royal Caribbean Cruises Ltd,2,0.01,1.0,Share,USD,0.01,0.1,0.1,34.0,0.34,none,,,percent,-6.88,-3.5,FRI,333.17,Monday: 16:30-23:00; Tuesday: 16:30-23:00; Wednesday: 16:30-23:00; Thursday: 16:30-23:00; Friday: 16:30-23:00,ok,
Share_CFDs,380,Stock US,REGN,Regeneron Pharmaceuticals,2,0.01,1.0,Share,USD,0.01,0.1,0.1,139.0,1.3900000000000001,none,,,percent,-6.88,-3.5,FRI,551.43,Monday: 16:30-23:00; Tuesday: 16:30-23:00; Wednesday: 16:30-23:00; Thursday: 16:30-23:00; Friday: 16:30-23:00,ok,
Share_CFDs,381,Stock US,RF,Regions Financial Corp,2,0.01,1.0,Share,USD,0.01,0.1,0.1,7.0,0.07,none,,,percent,-6.88,-3.5,FRI,24.62,Monday: 16:30-23:00; Tuesday: 16:30-23:00; Wednesday: 16:30-23:00; Thursday: 16:30-23:00; Friday: 16:30-23:00,ok,
Share_CFDs,382,Stock US,RGLD,Royal Gold Inc,2,0.01,1.0,Share,USD,0.01,0.1,0.1,72.0,0.72,none,,,percent,-6.88,-3.5,FRI,160.15,Monday: 16:30-23:00; Tuesday: 16:30-23:00; Wednesday: 16:30-23:00; Thursday: 16:30-23:00; Friday: 16:30-23:00,ok,
Share_CFDs,383,Stock US,RIG,Transocean LTD,2,0.01,1.0,Share,USD,0.01,0.1,0.1,6.0,0.06,none,,,percent,-6.88,-3.5,FRI,2.82,Monday: 16:30-23:00; Tuesday: 16:30-23:00; Wednesday: 16:30-23:00; Thursday: 16:30-23:00; Friday: 16:30-23:00,ok,
Share_CFDs,384,Stock US,RIOT,riot blockchain,2,0.01,1.0,Share,USD,0.01,0.1,0.1,6.0,0.06,none,,,percent,-6.88,-3.5,FRI,12.22,Monday: 16:30-23:00; Tuesday: 16:30-23:00; Wednesday: 16:30-23:00; Thursday: 16:30-23:00; Friday: 16:30-23:00,ok,
Share_CFDs,385,Stock US,RIVN,Rivian Automotive Inc,2,0.01,1.0,Share,USD,0.01,0.1,0.1,8.0,0.08,none,,,percent,-6.88,-3.5,FRI,13.15,Monday: 16:30-23:00; Tuesday: 16:30-23:00; Wednesday: 16:30-23:00; Thursday: 16:30-23:00; Friday: 16:30-23:00,ok,
Share_CFDs,386,Stock US,RL,Ralph Lauren Corp,2,0.01,1.0,Share,USD,0.01,0.1,0.1,62.0,0.62,none,,,percent,-6.88,-3.5,FRI,289.97,Monday: 16:30-23:00; Tuesday: 16:30-23:00; Wednesday: 16:30-23:00; Thursday: 16:30-23:00; Friday: 16:30-23:00,ok,
Share_CFDs,387,Stock US,RNG,RingCentral Inc,2,0.01,1.0,Share,USD,0.01,0.1,0.1,18.0,0.18,none,,,percent,-6.88,-3.5,FRI,29.0,Monday: 16:30-23:00; Tuesday: 16:30-23:00; Wednesday: 16:30-23:00; Thursday: 16:30-23:00; Friday: 16:30-23:00,ok,
Share_CFDs,388,Stock US,ROK,Rockwell Automation Inc,2,0.01,1.0,Share,USD,0.01,0.1,0.1,36.0,0.36,none,,,percent,-6.88,-3.5,FRI,339.99,Monday: 16:30-23:00; Tuesday: 16:30-23:00; Wednesday: 16:30-23:00; Thursday: 16:30-23:00; Friday: 16:30-23:00,ok,
Share_CFDs,389,Stock US,ROKU,Roku Inc,2,0.01,1.0,Share,USD,0.01,0.1,0.1,38.0,0.38,none,,,percent,-6.88,-3.5,FRI,88.44,Monday: 16:30-23:00; Tuesday: 16:30-23:00; Wednesday: 16:30-23:00; Thursday: 16:30-23:00; Friday: 16:30-23:00,ok,
Share_CFDs,390,Stock US,ROP,Roper Technologies Inc,2,0.01,1.0,Share,USD,0.01,0.1,0.1,133.0,1.33,none,,,percent,-6.88,-3.5,FRI,557.71,Monday: 16:30-23:00; Tuesday: 16:30-23:00; Wednesday: 16:30-23:00; Thursday: 16:30-23:00; Friday: 16:30-23:00,ok,
Share_CFDs,391,Stock US,ROST,Ross Stores Inc,2,0.01,1.0,Share,USD,0.01,0.1,0.1,29.0,0.29,none,,,percent,-6.88,-3.5,FRI,131.09,Monday: 16:30-23:00; Tuesday: 16:30-23:00; Wednesday: 16:30-23:00; Thursday: 16:30-23:00; Friday: 16:30-23:00,ok,
Share_CFDs,392,Stock US,RSG,Republic Services Inc,2,0.01,1.0,Share,USD,0.01,0.1,0.1,42.0,0.42,none,,,percent,-6.88,-3.5,FRI,240.25,Monday: 16:30-23:00; Tuesday: 16:30-23:00; Wednesday: 16:30-23:00; Thursday: 16:30-23:00; Friday: 16:30-23:00,ok,
Share_CFDs,393,Stock US,RTX,RTX Corp,2,0.01,1.0,Share,USD,0.01,0.1,0.1,21.0,0.21,none,,,percent,-6.88,-3.5,FRI,146.11,Monday: 16:30-23:00; Tuesday: 16:30-23:00; Wednesday: 16:30-23:00; Thursday: 16:30-23:00; Friday: 16:30-23:00,ok,
Share_CFDs,394,Stock US,SBUX,STARBUCKS CORP,2,0.01,1.0,Share,USD,0.01,0.1,0.1,19.6,0.196,none,,,percent,-6.88,-3.5,FRI,95.17,Monday: 16:30-23:00; Tuesday: 16:30-23:00; Wednesday: 16:30-23:00; Thursday: 16:30-23:00; Friday: 16:30-23:00,ok,
Share_CFDs,395,Stock US,SCHW,Schwab (Charles) Corp,2,0.01,1.0,Share,USD,0.01,0.1,0.1,12.0,0.12,none,,,percent,-6.88,-3.5,FRI,92.24,Monday: 16:30-23:00; Tuesday: 16:30-23:00; Wednesday: 16:30-23:00; Thursday: 16:30-23:00; Friday: 16:30-23:00,ok,
Share_CFDs,396,Stock US,SE,SEA LTD-ADR,2,0.01,1.0,Share,USD,0.01,0.1,0.1,57.7,0.5770000000000001,none,,,percent,-6.88,-3.5,FRI,152.24,Monday: 16:30-23:00; Tuesday: 16:30-23:00; Wednesday: 16:30-23:00; Thursday: 16:30-23:00; Friday: 16:30-23:00,ok,
Share_CFDs,397,Stock US,SENS,Senseonich Holdings Inc,2,0.01,1.0,Share,USD,0.01,0.1,0.1,6.0,0.06,none,,,percent,-6.88,-3.5,FRI,0.47,Monday: 16:30-23:00; Tuesday: 16:30-23:00; Wednesday: 16:30-23:00; Thursday: 16:30-23:00; Friday: 16:30-23:00,ok,
Share_CFDs,398,Stock US,SHOP,SHOPIFY INC - CLASS A,2,0.01,1.0,Share,USD,0.01,0.1,0.1,18.84,0.1884,none,,,percent,-6.88,-3.5,FRI,114.16,Monday: 14:05-23:00; Tuesday: 14:05-23:00; Wednesday: 14:05-23:00; Thursday: 14:05-23:00; Friday: 14:05-23:00,ok,
Share_CFDs,399,Stock US,SHW,Sherwin-Williams Co,2,0.01,1.0,Share,USD,0.01,0.1,0.1,57.0,0.5700000000000001,none,,,percent,-6.88,-3.5,FRI,351.22,Monday: 16:30-23:00; Tuesday: 16:30-23:00; Wednesday: 16:30-23:00; Thursday: 16:30-23:00; Friday: 16:30-23:00,ok,
Share_CFDs,400,Stock US,SIG,Signet Jewelers Ltd,2,0.01,1.0,Share,USD,0.01,0.1,0.1,66.0,0.66,none,,,percent,-6.88,-3.5,FRI,80.47,Monday: 16:30-23:00; Tuesday: 16:30-23:00; Wednesday: 16:30-23:00; Thursday: 16:30-23:00; Friday: 16:30-23:00,ok,
Share_CFDs,401,Stock US,SIRI,Sirius XM Holdings Inc,2,0.01,1.0,Share,USD,0.01,0.1,0.1,7.0,0.07,none,,,percent,-6.88,-3.5,FRI,24.23,Monday: 16:30-23:00; Tuesday: 16:30-23:00; Wednesday: 16:30-23:00; Thursday: 16:30-23:00; Friday: 16:30-23:00,ok,
Share_CFDs,402,Stock US,SLB,Schlumberger Ltd,2,0.01,1.0,Share,USD,0.01,0.1,0.1,9.0,0.09,none,,,percent,-6.88,-3.5,FRI,36.19,Monday: 16:30-23:00; Tuesday: 16:30-23:00; Wednesday: 16:30-23:00; Thursday: 16:30-23:00; Friday: 16:30-23:00,ok,
Share_CFDs,403,Stock US,SMG,ScottsMiracle-Gro Co,2,0.01,1.0,Share,USD,0.01,0.1,0.1,30.0,0.3,none,,,percent,-6.88,-3.5,FRI,68.83,Monday: 16:30-23:00; Tuesday: 16:30-23:00; Wednesday: 16:30-23:00; Thursday: 16:30-23:00; Friday: 16:30-23:00,ok,
Share_CFDs,404,Stock US,SNAP,Snap Inc,2,0.01,1.0,Share,USD,0.01,0.1,0.1,7.0,0.07,none,,,percent,-6.88,-3.5,FRI,9.09,Monday: 16:30-23:00; Tuesday: 16:30-23:00; Wednesday: 16:30-23:00; Thursday: 16:30-23:00; Friday: 16:30-23:00,ok,
Share_CFDs,405,Stock US,SNOW,SNOWFLAKE INC-CLASS A,2,0.01,1.0,Share,USD,0.01,0.1,0.1,33.5,0.335,none,,,percent,-6.88,-3.5,FRI,221.67,Monday: 16:30-23:00; Tuesday: 16:30-23:00; Wednesday: 16:30-23:00; Thursday: 16:30-23:00; Friday: 16:30-23:00,ok,
Share_CFDs,406,Stock US,SNPS,Synopsys Inc,2,0.01,1.0,Share,USD,0.01,0.1,0.1,47.0,0.47000000000000003,none,,,percent,-6.88,-3.5,FRI,550.8,Monday: 16:30-23:00; Tuesday: 16:30-23:00; Wednesday: 16:30-23:00; Thursday: 16:30-23:00; Friday: 16:30-23:00,ok,
Share_CFDs,407,Stock US,SO,Southern Co,2,0.01,1.0,Share,USD,0.01,0.1,0.1,10.0,0.1,none,,,percent,-6.88,-3.5,FRI,91.73,Monday: 16:30-23:00; Tuesday: 16:30-23:00; Wednesday: 16:30-23:00; Thursday: 16:30-23:00; Friday: 16:30-23:00,ok,
Share_CFDs,408,Stock US,SOFI,SoFi Technologies Inc,2,0.01,1.0,Share,USD,0.01,0.1,0.1,6.0,0.06,none,,,percent,-6.88,-3.5,FRI,20.19,Monday: 16:30-23:00; Tuesday: 16:30-23:00; Wednesday: 16:30-23:00; Thursday: 16:30-23:00; Friday: 16:30-23:00,ok,
Share_CFDs,409,Stock US,SPCE,VIRGIN GALACTIC HOLDINGS INC,2,0.01,1.0,Share,USD,0.01,0.1,0.1,6.16,0.0616,none,,,percent,-6.88,-3.5,FRI,2.88,Monday: 16:30-23:00; Tuesday: 16:30-23:00; Wednesday: 16:30-23:00; Thursday: 16:30-23:00; Friday: 16:30-23:00,ok,
Share_CFDs,410,Stock US,SPG,Simon Property Group Inc,2,0.01,1.0,Share,USD,0.01,0.1,0.1,31.0,0.31,none,,,percent,-6.88,-3.5,FRI,162.83,Monday: 16:30-23:00; Tuesday: 16:30-23:00; Wednesday: 16:30-23:00; Thursday: 16:30-23:00; Friday: 16:30-23:00,ok,
Share_CFDs,411,Stock US,SPGI,S&P Global Inc,2,0.01,1.0,Share,USD,0.01,0.1,0.1,134.0,1.34,none,,,percent,-6.88,-3.5,FRI,528.19,Monday: 16:30-23:00; Tuesday: 16:30-23:00; Wednesday: 16:30-23:00; Thursday: 16:30-23:00; Friday: 16:30-23:00,ok,
Share_CFDs,412,Stock US,SPOT,Spotify Technology SA,2,0.01,1.0,Share,USD,0.01,0.1,0.1,95.32,0.9531999999999999,none,,,percent,-6.88,-3.5,FRI,721.0,Monday: 16:30-23:00; Tuesday: 16:30-23:00; Wednesday: 16:30-23:00; Thursday: 16:30-23:00; Friday: 16:30-23:00,ok,
Share_CFDs,413,Stock US,SRE,Sempra Energy,2,0.01,1.0,Share,USD,0.01,0.1,0.1,19.0,0.19,none,,,percent,-6.88,-3.5,FRI,74.38,Monday: 16:30-23:00; Tuesday: 16:30-23:00; Wednesday: 16:30-23:00; Thursday: 16:30-23:00; Friday: 16:30-23:00,ok,
Share_CFDs,414,Stock US,STT,State Street Corp,2,0.01,1.0,Share,USD,0.01,0.1,0.1,14.0,0.14,none,,,percent,-6.88,-3.5,FRI,109.34,Monday: 16:30-23:00; Tuesday: 16:30-23:00; Wednesday: 16:30-23:00; Thursday: 16:30-23:00; Friday: 16:30-23:00,ok,
Share_CFDs,415,Stock US,STX,Seagate,2,0.01,1.0,Share,USD,0.01,0.1,0.1,25.0,0.25,none,,,percent,-6.88,-3.5,FRI,141.9,Monday: 16:30-23:00; Tuesday: 16:30-23:00; Wednesday: 16:30-23:00; Thursday: 16:30-23:00; Friday: 16:30-23:00,ok,
Share_CFDs,416,Stock US,STZ,Constellation Brands Inc - Class A,2,0.01,1.0,Share,USD,0.01,0.1,0.1,47.0,0.47000000000000003,none,,,percent,-6.88,-3.5,FRI,168.77,Monday: 16:30-23:00; Tuesday: 16:30-23:00; Wednesday: 16:30-23:00; Thursday: 16:30-23:00; Friday: 16:30-23:00,ok,
Share_CFDs,417,Stock US,SWK,Stanley Black & Decker Inc,2,0.01,1.0,Share,USD,0.01,0.1,0.1,12.0,0.12,none,,,percent,-6.88,-3.5,FRI,72.84,Monday: 16:30-23:00; Tuesday: 16:30-23:00; Wednesday: 16:30-23:00; Thursday: 16:30-23:00; Friday: 16:30-23:00,ok,
Share_CFDs,418,Stock US,SWKS,Skyworks Solutions Inc,2,0.01,1.0,Share,USD,0.01,0.1,0.1,11.0,0.11,none,,,percent,-6.88,-3.5,FRI,77.55,Monday: 16:30-23:00; Tuesday: 16:30-23:00; Wednesday: 16:30-23:00; Thursday: 16:30-23:00; Friday: 16:30-23:00,ok,
Share_CFDs,419,Stock US,SYF,Synchrony Financial,2,0.01,1.0,Share,USD,0.01,0.1,0.1,11.0,0.11,none,,,percent,-6.88,-3.5,FRI,70.11,Monday: 16:30-23:00; Tuesday: 16:30-23:00; Wednesday: 16:30-23:00; Thursday: 16:30-23:00; Friday: 16:30-23:00,ok,
Share_CFDs,420,Stock US,SYK,Stryker Corp,2,0.01,1.0,Share,USD,0.01,0.1,0.1,43.0,0.43,none,,,percent,-6.88,-3.5,FRI,391.7,Monday: 16:30-23:00; Tuesday: 16:30-23:00; Wednesday: 16:30-23:00; Thursday: 16:30-23:00; Friday: 16:30-23:00,ok,
Share_CFDs,421,Stock US,SYY,Sysco Corp,2,0.01,1.0,Share,USD,0.01,0.1,0.1,16.0,0.16,none,,,percent,-6.88,-3.5,FRI,76.24,Monday: 16:30-23:00; Tuesday: 16:30-23:00; Wednesday: 16:30-23:00; Thursday: 16:30-23:00; Friday: 16:30-23:00,ok,
Share_CFDs,422,Stock US,TCOM,Trip.com Group Ltd,2,0.01,1.0,Share,USD,0.01,0.1,0.1,13.05,0.1305,none,,,percent,-6.88,-3.5,FRI,61.23,Monday: 16:30-23:00; Tuesday: 16:30-23:00; Wednesday: 16:30-23:00; Thursday: 16:30-23:00; Friday: 16:30-23:00,ok,
Share_CFDs,423,Stock US,TDOC,Teladoc Health Inc,2,0.01,1.0,Share,USD,0.01,0.1,0.1,8.0,0.08,none,,,percent,-6.88,-3.5,FRI,8.8,Monday: 16:30-23:00; Tuesday: 16:30-23:00; Wednesday: 16:30-23:00; Thursday: 16:30-23:00; Friday: 16:30-23:00,ok,
Share_CFDs,424,Stock US,TEAM,Atlassian Corp PLC - Class A,2,0.01,1.0,Share,USD,0.01,0.1,0.1,64.0,0.64,none,,,percent,-6.88,-3.5,FRI,220.79,Monday: 16:30-23:00; Tuesday: 16:30-23:00; Wednesday: 16:30-23:00; Thursday: 16:30-23:00; Friday: 16:30-23:00,ok,
Share_CFDs,425,Stock US,TEL,TE Connectivity Ltd,2,0.01,1.0,Share,USD,0.01,0.1,0.1,33.0,0.33,none,,,percent,-6.88,-3.5,FRI,172.44,Monday: 16:30-23:00; Tuesday: 16:30-23:00; Wednesday: 16:30-23:00; Thursday: 16:30-23:00; Friday: 16:30-23:00,ok,
Share_CFDs,426,Stock US,TEVA,Teva Pharmaceutical-Sp (ADRs),2,0.01,1.0,share,USD,0.01,0.1,0.1,2.0,0.02,none,,,percent,-6.88,-3.5,FRI,16.71,Monday: 16:30-23:00; Tuesday: 16:30-23:00; Wednesday: 16:30-23:00; Thursday: 16:30-23:00; Friday: 16:30-23:00,ok,
Share_CFDs,427,Stock US,TFC,Truist Financial Corp,2,0.01,1.0,Share,USD,0.01,0.1,0.1,9.0,0.09,none,,,percent,-6.88,-3.5,FRI,45.1,Monday: 16:30-23:00; Tuesday: 16:30-23:00; Wednesday: 16:30-23:00; Thursday: 16:30-23:00; Friday: 16:30-23:00,ok,
Share_CFDs,428,Stock US,TGT,Target Corp,2,0.01,1.0,Share,USD,0.01,0.1,0.1,48.0,0.48,none,,,percent,-6.88,-3.5,FRI,102.28,Monday: 16:30-23:00; Tuesday: 16:30-23:00; Wednesday: 16:30-23:00; Thursday: 16:30-23:00; Friday: 16:30-23:00,ok,
Share_CFDs,429,Stock US,TJX,TJX Companies Inc,2,0.01,1.0,Share,USD,0.01,0.1,0.1,15.0,0.15,none,,,percent,-6.88,-3.5,FRI,125.43,Monday: 16:30-23:00; Tuesday: 16:30-23:00; Wednesday: 16:30-23:00; Thursday: 16:30-23:00; Friday: 16:30-23:00,ok,
Share_CFDs,430,Stock US,TMO,Thermo Fisher Scientific Inc,2,0.01,1.0,Share,USD,0.01,0.1,0.1,55.0,0.55,none,,,percent,-6.88,-3.5,FRI,419.58,Monday: 16:30-23:00; Tuesday: 16:30-23:00; Wednesday: 16:30-23:00; Thursday: 16:30-23:00; Friday: 16:30-23:00,ok,
Share_CFDs,431,Stock US,TMUS,T-Mobile US Inc,2,0.01,1.0,Share,USD,0.01,0.1,0.1,35.0,0.35000000000000003,none,,,percent,-6.88,-3.5,FRI,232.09,Monday: 16:30-23:00; Tuesday: 16:30-23:00; Wednesday: 16:30-23:00; Thursday: 16:30-23:00; Friday: 16:30-23:00,ok,
Share_CFDs,432,Stock US,TOYOTA,TOYOTA MOTOR CORP -SPON ADR,2,0.01,1.0,Share,USD,0.01,0.1,0.1,29.64,0.2964,none,,,percent,-6.88,-3.5,FRI,170.28,Monday: 16:30-23:00; Tuesday: 16:30-23:00; Wednesday: 16:30-23:00; Thursday: 16:30-23:00; Friday: 16:30-23:00,ok,
Share_CFDs,433,Stock US,TRIP,TripAdvisor Inc,2,0.01,1.0,Share,USD,0.01,0.1,0.1,8.0,0.08,none,,,percent,-6.88,-3.5,FRI,17.29,Monday: 16:30-23:00; Tuesday: 16:30-23:00; Wednesday: 16:30-23:00; Thursday: 16:30-23:00; Friday: 16:30-23:00,ok,
Share_CFDs,434,Stock US,TRMB,TRIMBLE INC,2,0.01,1.0,Share,USD,0.01,0.1,0.1,14.97,0.1497,none,,,percent,-6.88,-3.5,FRI,79.52,Monday: 16:30-23:00; Tuesday: 16:30-23:00; Wednesday: 16:30-23:00; Thursday: 16:30-23:00; Friday: 16:30-23:00,ok,
Share_CFDs,435,Stock US,TROW,T. Rowe Price Group Inc,2,0.01,1.0,Share,USD,0.01,0.1,0.1,19.0,0.19,none,,,percent,-6.88,-3.5,FRI,101.36,Monday: 16:30-23:00; Tuesday: 16:30-23:00; Wednesday: 16:30-23:00; Thursday: 16:30-23:00; Friday: 16:30-23:00,ok,
Share_CFDs,436,Stock US,TRV,The Travelers Companies Inc,2,0.01,1.0,Share,USD,0.01,0.1,0.1,42.0,0.42,none,,,percent,-6.88,-3.5,FRI,255.06,Monday: 16:30-23:00; Tuesday: 16:30-23:00; Wednesday: 16:30-23:00; Thursday: 16:30-23:00; Friday: 16:30-23:00,ok,
Share_CFDs,437,Stock US,TSLA,Tesla,2,0.01,1.0,Share,USD,0.01,0.1,0.1,19.07,0.1907,none,,,percent,-6.88,-3.5,FRI,295.9,Monday: 14:05-23:00; Tuesday: 14:05-23:00; Wednesday: 14:05-23:00; Thursday: 14:05-23:00; Friday: 14:05-23:00,ok,
Share_CFDs,438,Stock US,TSM,TAIWAN SEMICONDUCTOR-SP ADR,2,0.01,1.0,Share,USD,0.01,0.1,0.1,15.11,0.15109999999999998,none,,,percent,-6.88,-3.5,FRI,231.85,Monday: 14:05-23:00; Tuesday: 14:05-23:00; Wednesday: 14:05-23:00; Thursday: 14:05-23:00; Friday: 14:05-23:00,ok,
Share_CFDs,439,Stock US,TSN,Tyson Foods Inc-Class A,2,0.01,1.0,Share,USD,0.01,0.1,0.1,13.0,0.13,none,,,percent,-6.88,-3.5,FRI,54.99,Monday: 16:30-23:00; Tuesday: 16:30-23:00; Wednesday: 16:30-23:00; Thursday: 16:30-23:00; Friday: 16:30-23:00,ok,
Share_CFDs,440,Stock US,TTD,The Trade Desk Inc - Class A,2,0.01,1.0,Share,USD,0.01,0.1,0.1,15.0,0.15,none,,,percent,-6.88,-3.5,FRI,75.54,Monday: 16:30-23:00; Tuesday: 16:30-23:00; Wednesday: 16:30-23:00; Thursday: 16:30-23:00; Friday: 16:30-23:00,ok,
Share_CFDs,441,Stock US,TTWO,Take-Two Interactive SoftwareInc,2,0.01,1.0,Share,USD,0.01,0.1,0.1,40.0,0.4,none,,,percent,-6.88,-3.5,FRI,242.03,Monday: 16:30-23:00; Tuesday: 16:30-23:00; Wednesday: 16:30-23:00; Thursday: 16:30-23:00; Friday: 16:30-23:00,ok,
Share_CFDs,442,Stock US,TWLO,Twilio Inc - Class A,2,0.01,1.0,Share,USD,0.01,0.1,0.1,29.0,0.29,none,,,percent,-6.88,-3.5,FRI,121.42,Monday: 16:30-23:00; Tuesday: 16:30-23:00; Wednesday: 16:30-23:00; Thursday: 16:30-23:00; Friday: 16:30-23:00,ok,
Share_CFDs,443,Stock US,TXN,Texas Instruments Inc,2,0.01,1.0,Share,USD,0.01,0.1,0.1,36.0,0.36,none,,,percent,-6.88,-3.5,FRI,216.25,Monday: 16:30-23:00; Tuesday: 16:30-23:00; Wednesday: 16:30-23:00; Thursday: 16:30-23:00; Friday: 16:30-23:00,ok,
Share_CFDs,444,Stock US,U,UNITY SOFTWARE INC,2,0.01,1.0,Share,USD,0.01,0.1,0.1,10.16,0.10160000000000001,none,,,percent,-6.88,-3.5,FRI,29.3,Monday: 16:30-23:00; Tuesday: 16:30-23:00; Wednesday: 16:30-23:00; Thursday: 16:30-23:00; Friday: 16:30-23:00,ok,
Share_CFDs,445,Stock US,UA,Under Armour Inc - Class C,2,0.01,1.0,Share,USD,0.01,0.1,0.1,6.0,0.06,none,,,percent,-6.88,-3.5,FRI,6.56,Monday: 16:30-23:00; Tuesday: 16:30-23:00; Wednesday: 16:30-23:00; Thursday: 16:30-23:00; Friday: 16:30-23:00,ok,
Share_CFDs,446,Stock US,UAL,United Airlines Holdings Inc,2,0.01,1.0,Share,USD,0.01,0.1,0.1,11.0,0.11,none,,,percent,-6.88,-3.5,FRI,80.12,Monday: 16:30-23:00; Tuesday: 16:30-23:00; Wednesday: 16:30-23:00; Thursday: 16:30-23:00; Friday: 16:30-23:00,ok,
Share_CFDs,447,Stock US,UBER,Uber Technologies Inc,2,0.01,1.0,Share,USD,0.01,0.1,0.1,11.6,0.11599999999999999,none,,,percent,-6.88,-3.5,FRI,96.52,Monday: 16:30-23:00; Tuesday: 16:30-23:00; Wednesday: 16:30-23:00; Thursday: 16:30-23:00; Friday: 16:30-23:00,ok,
Share_CFDs,448,Stock US,UL,Unilever Plc,2,0.01,1.0,Share,USD,0.01,0.1,0.1,10.75,0.1075,none,,,percent,-6.88,-3.5,FRI,60.73,Monday: 16:30-23:00; Tuesday: 16:30-23:00; Wednesday: 16:30-23:00; Thursday: 16:30-23:00; Friday: 16:30-23:00,ok,
Share_CFDs,449,Stock US,ULTA,Ulta Beauty Inc,2,0.01,1.0,Share,USD,0.01,0.1,0.1,112.0,1.12,none,,,percent,-6.88,-3.5,FRI,474.86,Monday: 16:30-23:00; Tuesday: 16:30-23:00; Wednesday: 16:30-23:00; Thursday: 16:30-23:00; Friday: 16:30-23:00,ok,
Share_CFDs,450,Stock US,UMC,United Microelectronics Corp (ADRs),2,0.01,1.0,share,USD,0.01,0.1,0.1,1.0,0.01,none,,,percent,-6.88,-3.5,FRI,7.69,Monday: 16:30-23:00; Tuesday: 16:30-23:00; Wednesday: 16:30-23:00; Thursday: 16:30-23:00; Friday: 16:30-23:00,ok,
Share_CFDs,451,Stock US,UNH,UNITEDHEALTH GROUP INC,2,0.01,1.0,Share,USD,0.01,0.1,0.1,69.62,0.6962,none,,,percent,-6.88,-3.5,FRI,302.15,Monday: 16:30-23:00; Tuesday: 16:30-23:00; Wednesday: 16:30-23:00; Thursday: 16:30-23:00; Friday: 16:30-23:00,ok,
Share_CFDs,452,Stock US,UNP,Union Pacific Corp,2,0.01,1.0,Share,USD,0.01,0.1,0.1,32.0,0.32,none,,,percent,-6.88,-3.5,FRI,236.32,Monday: 16:30-23:00; Tuesday: 16:30-23:00; Wednesday: 16:30-23:00; Thursday: 16:30-23:00; Friday: 16:30-23:00,ok,
Share_CFDs,453,Stock US,UPS,United Parcel Service Inc,2,0.01,1.0,Share,USD,0.01,0.1,0.1,20.48,0.2048,none,,,percent,-6.88,-3.5,FRI,101.96,Monday: 16:30-23:00; Tuesday: 16:30-23:00; Wednesday: 16:30-23:00; Thursday: 16:30-23:00; Friday: 16:30-23:00,ok,
Share_CFDs,454,Stock US,UPST,Upstart Holdings Inc,2,0.01,1.0,Share,USD,0.01,0.1,0.1,19.0,0.19,none,,,percent,-6.88,-3.5,FRI,78.36,Monday: 16:30-23:00; Tuesday: 16:30-23:00; Wednesday: 16:30-23:00; Thursday: 16:30-23:00; Friday: 16:30-23:00,ok,
Share_CFDs,455,Stock US,USB,U.S. Bancorp,2,0.01,1.0,Share,USD,0.01,0.1,0.1,9.0,0.09,none,,,percent,-6.88,-3.5,FRI,47.24,Monday: 16:30-23:00; Tuesday: 16:30-23:00; Wednesday: 16:30-23:00; Thursday: 16:30-23:00; Friday: 16:30-23:00,ok,
Share_CFDs,456,Stock US,VALE,Vale do Rio Doce,2,0.01,1.0,Share,USD,0.01,0.1,0.1,7.0,0.07,none,,,percent,-6.88,-3.5,FRI,9.82,Monday: 16:30-23:00; Tuesday: 16:30-23:00; Wednesday: 16:30-23:00; Thursday: 16:30-23:00; Friday: 16:30-23:00,ok,
Share_CFDs,457,Stock US,VFC,VF Corp,2,0.01,1.0,Share,USD,0.01,0.1,0.1,8.0,0.08,none,,,percent,-6.88,-3.5,FRI,12.42,Monday: 16:30-23:00; Tuesday: 16:30-23:00; Wednesday: 16:30-23:00; Thursday: 16:30-23:00; Friday: 16:30-23:00,ok,
Share_CFDs,458,Stock US,VFS,VinFast Auto (ADRs),2,0.01,1.0,share,USD,0.01,0.1,0.1,53.0,0.53,none,,,percent,-6.88,-3.5,FRI,3.22,Monday: 16:30-23:00; Tuesday: 16:30-23:00; Wednesday: 16:30-23:00; Thursday: 16:30-23:00; Friday: 16:30-23:00,ok,
Share_CFDs,459,Stock US,VIRT,Virtu Financial Inc,2,0.01,1.0,Share,USD,0.01,0.1,0.1,10.0,0.1,none,,,percent,-6.88,-3.5,FRI,42.97,Monday: 16:30-23:00; Tuesday: 16:30-23:00; Wednesday: 16:30-23:00; Thursday: 16:30-23:00; Friday: 16:30-23:00,ok,
Share_CFDs,460,Stock US,VISA,VISA INC-CLASS A SHARES,2,0.01,1.0,Share,USD,0.01,0.1,0.1,60.5,0.605,none,,,percent,-6.88,-3.5,FRI,356.88,Monday: 16:30-23:00; Tuesday: 16:30-23:00; Wednesday: 16:30-23:00; Thursday: 16:30-23:00; Friday: 16:30-23:00,ok,
Share_CFDs,461,Stock US,VLO,Valero Energy Corp,2,0.01,1.0,Share,USD,0.01,0.1,0.1,21.0,0.21,none,,,percent,-6.88,-3.5,FRI,148.95,Monday: 16:30-23:00; Tuesday: 16:30-23:00; Wednesday: 16:30-23:00; Thursday: 16:30-23:00; Friday: 16:30-23:00,ok,
Share_CFDs,462,Stock US,VMC,Vulcan Materials Co,2,0.01,1.0,Share,USD,0.01,0.1,0.1,33.0,0.33,none,,,percent,-6.88,-3.5,FRI,269.74,Monday: 16:30-23:00; Tuesday: 16:30-23:00; Wednesday: 16:30-23:00; Thursday: 16:30-23:00; Friday: 16:30-23:00,ok,
Share_CFDs,463,Stock US,VRTX,Vertex Pharmaceuticals Inc,2,0.01,1.0,Share,USD,0.01,0.1,0.1,92.0,0.92,none,,,percent,-6.88,-3.5,FRI,478.34,Monday: 16:30-23:00; Tuesday: 16:30-23:00; Wednesday: 16:30-23:00; Thursday: 16:30-23:00; Friday: 16:30-23:00,ok,
Share_CFDs,464,Stock US,VTRS,Viatris Inc,2,0.01,1.0,Share,USD,0.01,0.1,0.1,7.0,0.07,none,,,percent,-6.88,-3.5,FRI,9.2,Monday: 16:30-23:00; Tuesday: 16:30-23:00; Wednesday: 16:30-23:00; Thursday: 16:30-23:00; Friday: 16:30-23:00,ok,
Share_CFDs,465,Stock US,VZ,VERIZON COMMUNICATIONS INC,2,0.01,1.0,Share,USD,0.01,0.1,0.1,8.51,0.0851,none,,,percent,-6.88,-3.5,FRI,42.56,Monday: 16:30-23:00; Tuesday: 16:30-23:00; Wednesday: 16:30-23:00; Thursday: 16:30-23:00; Friday: 16:30-23:00,ok,
Share_CFDs,466,Stock US,W,Wayfair Inc- Class A,2,0.01,1.0,Share,USD,0.01,0.1,0.1,13.0,0.13,none,,,percent,-6.88,-3.5,FRI,56.49,Monday: 16:30-23:00; Tuesday: 16:30-23:00; Wednesday: 16:30-23:00; Thursday: 16:30-23:00; Friday: 16:30-23:00,ok,
Share_CFDs,467,Stock US,WBA,Walgreens Boots Alliance Inc,2,0.01,1.0,Share,USD,0.01,0.1,0.1,8.0,0.08,none,,,percent,-6.88,-3.5,FRI,11.52,Monday: 16:30-23:00; Tuesday: 16:30-23:00; Wednesday: 16:30-23:00; Thursday: 16:30-23:00; Friday: 16:30-23:00,ok,
Share_CFDs,468,Stock US,WDAY,Workday Inc - Class A,2,0.01,1.0,Share,USD,0.01,0.1,0.1,22.0,0.22,none,,,percent,-6.88,-3.5,FRI,240.04,Monday: 16:30-23:00; Tuesday: 16:30-23:00; Wednesday: 16:30-23:00; Thursday: 16:30-23:00; Friday: 16:30-23:00,ok,
Share_CFDs,469,Stock US,WDC,Western Digital Corp,2,0.01,1.0,Share,USD,0.01,0.1,0.1,10.0,0.1,none,,,percent,-6.88,-3.5,FRI,64.6,Monday: 16:30-23:00; Tuesday: 16:30-23:00; Wednesday: 16:30-23:00; Thursday: 16:30-23:00; Friday: 16:30-23:00,ok,
Share_CFDs,470,Stock US,WEN,Wendy's Co,2,0.01,1.0,Share,USD,0.01,0.1,0.1,7.0,0.07,none,,,percent,-6.88,-3.5,FRI,11.19,Monday: 16:30-23:00; Tuesday: 16:30-23:00; Wednesday: 16:30-23:00; Thursday: 16:30-23:00; Friday: 16:30-23:00,ok,
Share_CFDs,471,Stock US,WFC,WELLS FARGO & CO,2,0.01,1.0,Share,USD,0.01,0.1,0.1,9.22,0.0922,none,,,percent,-6.88,-3.5,FRI,81.7,Monday: 16:30-23:00; Tuesday: 16:30-23:00; Wednesday: 16:30-23:00; Thursday: 16:30-23:00; Friday: 16:30-23:00,ok,
Share_CFDs,472,Stock US,WKHS,Workhorse Group Inc,2,0.01,1.0,Share,USD,0.01,0.1,0.1,11.0,0.11,none,,,percent,-6.88,-3.5,FRI,2.81,Monday: 16:30-23:00; Tuesday: 16:30-23:00; Wednesday: 16:30-23:00; Thursday: 16:30-23:00; Friday: 16:30-23:00,ok,
Share_CFDs,473,Stock US,WM,Waste Management Inc,2,0.01,1.0,Share,USD,0.01,0.1,0.1,34.0,0.34,none,,,percent,-6.88,-3.5,FRI,225.62,Monday: 16:30-23:00; Tuesday: 16:30-23:00; Wednesday: 16:30-23:00; Thursday: 16:30-23:00; Friday: 16:30-23:00,ok,
Share_CFDs,474,Stock US,WMB,Williams Cos Inc,2,0.01,1.0,Share,USD,0.01,0.1,0.1,13.0,0.13,none,,,percent,-6.88,-3.5,FRI,57.76,Monday: 16:30-23:00; Tuesday: 16:30-23:00; Wednesday: 16:30-23:00; Thursday: 16:30-23:00; Friday: 16:30-23:00,ok,
Share_CFDs,475,Stock US,WMT,WALMART INC,2,0.01,1.0,Share,USD,0.01,0.1,0.1,15.32,0.1532,none,,,percent,-6.88,-3.5,FRI,96.73,Monday: 16:30-23:00; Tuesday: 16:30-23:00; Wednesday: 16:30-23:00; Thursday: 16:30-23:00; Friday: 16:30-23:00,ok,
Share_CFDs,476,Stock US,WPM,Wheaton Precious Metals Corp,2,0.01,1.0,Share,USD,0.01,0.1,0.1,16.0,0.16,none,,,percent,-6.88,-3.5,FRI,88.75,Monday: 16:30-23:00; Tuesday: 16:30-23:00; Wednesday: 16:30-23:00; Thursday: 16:30-23:00; Friday: 16:30-23:00,ok,
Share_CFDs,477,Stock US,WU,Western Union Co,2,0.01,1.0,Share,USD,0.01,0.1,0.1,7.0,0.07,none,,,percent,-6.88,-3.5,FRI,8.61,Monday: 16:30-23:00; Tuesday: 16:30-23:00; Wednesday: 16:30-23:00; Thursday: 16:30-23:00; Friday: 16:30-23:00,ok,
Share_CFDs,478,Stock US,WY,Weyerhaeuser Co,2,0.01,1.0,Share,USD,0.01,0.1,0.1,8.0,0.08,none,,,percent,-6.88,-3.5,FRI,26.09,Monday: 16:30-23:00; Tuesday: 16:30-23:00; Wednesday: 16:30-23:00; Thursday: 16:30-23:00; Friday: 16:30-23:00,ok,
Share_CFDs,479,Stock US,WYNN,Wynn Resorts Ltd,2,0.01,1.0,Share,USD,0.01,0.1,0.1,51.0,0.51,none,,,percent,-6.88,-3.5,FRI,109.82,Monday: 16:30-23:00; Tuesday: 16:30-23:00; Wednesday: 16:30-23:00; Thursday: 16:30-23:00; Friday: 16:30-23:00,ok,
Share_CFDs,480,Stock US,XEL,Xcel Energy Inc,2,0.01,1.0,Share,USD,0.01,0.1,0.1,11.0,0.11,none,,,percent,-6.88,-3.5,FRI,67.77,Monday: 16:30-23:00; Tuesday: 16:30-23:00; Wednesday: 16:30-23:00; Thursday: 16:30-23:00; Friday: 16:30-23:00,ok,
Share_CFDs,481,Stock US,XPEV,XPENG INC - ADR,2,0.01,1.0,Share,USD,0.01,0.1,0.1,7.92,0.0792,none,,,percent,-6.88,-3.5,FRI,17.6,Monday: 16:30-23:00; Tuesday: 16:30-23:00; Wednesday: 16:30-23:00; Thursday: 16:30-23:00; Friday: 16:30-23:00,ok,
Share_CFDs,482,Stock US,XRX,Xerox Holdings Corp (Nasdaq),2,0.01,1.0,Share,USD,0.01,0.1,0.1,7.0,0.07,none,,,percent,-6.88,-3.5,FRI,5.26,Monday: 16:30-23:00; Tuesday: 16:30-23:00; Wednesday: 16:30-23:00; Thursday: 16:30-23:00; Friday: 16:30-23:00,ok,
Share_CFDs,483,Stock US,YALA,Yalla Group Ltd (ADRs),2,0.01,1.0,share,USD,0.01,0.1,0.1,420.0,4.2,none,,,percent,-6.88,-3.5,FRI,5.19,Monday: 16:30-23:00; Tuesday: 16:30-23:00; Wednesday: 16:30-23:00; Thursday: 16:30-23:00; Friday: 16:30-23:00,ok,
Share_CFDs,484,Stock US,YUM,Yum! Brands Inc,2,0.01,1.0,Share,USD,0.01,0.1,0.1,22.0,0.22,none,,,percent,-6.88,-3.5,FRI,150.66,Monday: 16:30-23:00; Tuesday: 16:30-23:00; Wednesday: 16:30-23:00; Thursday: 16:30-23:00; Friday: 16:30-23:00,ok,
Share_CFDs,485,Stock US,YUMC,Yum China Holdings Inc,2,0.01,1.0,Share,USD,0.01,0.1,0.1,10.0,0.1,none,,,percent,-6.88,-3.5,FRI,47.12,Monday: 16:30-23:00; Tuesday: 16:30-23:00; Wednesday: 16:30-23:00; Thursday: 16:30-23:00; Friday: 16:30-23:00,ok,
Share_CFDs,486,Stock US,Z,Zillow Group Inc - Class C,2,0.01,1.0,Share,USD,0.01,0.1,0.1,13.0,0.13,none,,,percent,-6.88,-3.5,FRI,75.44,Monday: 16:30-23:00; Tuesday: 16:30-23:00; Wednesday: 16:30-23:00; Thursday: 16:30-23:00; Friday: 16:30-23:00,ok,
Share_CFDs,487,Stock US,ZBH,Zimmer Biomet Holdings Inc,2,0.01,1.0,Share,USD,0.01,0.1,0.1,23.0,0.23,none,,,percent,-6.88,-3.5,FRI,95.08,Monday: 16:30-23:00; Tuesday: 16:30-23:00; Wednesday: 16:30-23:00; Thursday: 16:30-23:00; Friday: 16:30-23:00,ok,
Share_CFDs,488,Stock US,ZBRA,Zebra Technologies Corp - Class A,2,0.01,1.0,Share,USD,0.01,0.1,0.1,51.0,0.51,none,,,percent,-6.88,-3.5,FRI,321.62,Monday: 16:30-23:00; Tuesday: 16:30-23:00; Wednesday: 16:30-23:00; Thursday: 16:30-23:00; Friday: 16:30-23:00,ok,
Share_CFDs,489,Stock US,ZIM,Zim Integrated Shipping Services Ltd (ADRs),2,0.01,1.0,share,USD,0.01,0.1,0.1,5.0,0.05,none,,,percent,-6.88,-3.5,FRI,15.82,Monday: 16:30-23:00; Tuesday: 16:30-23:00; Wednesday: 16:30-23:00; Thursday: 16:30-23:00; Friday: 16:30-23:00,ok,
Share_CFDs,490,Stock US,ZM,ZOOM VIDEO COMMUNICATIONS-A,2,0.01,1.0,Share,USD,0.01,0.1,0.1,27.48,0.2748,none,,,percent,-6.88,-3.5,FRI,77.23,Monday: 16:30-23:00; Tuesday: 16:30-23:00; Wednesday: 16:30-23:00; Thursday: 16:30-23:00; Friday: 16:30-23:00,ok,
Share_CFDs,491,Stock US,ZOM,Zomedica Corp,2,0.01,1.0,Share,USD,0.01,0.1,0.1,5.0,0.05,none,,,percent,-6.88,-3.5,FRI,0.07,Monday: 16:30-23:00; Tuesday: 16:30-23:00; Wednesday: 16:30-23:00; Thursday: 16:30-23:00; Friday: 16:30-23:00,ok,
Share_CFDs,492,Stock US,ZTS,Zoetis Inc,2,0.01,1.0,Share,USD,0.01,0.1,0.1,26.0,0.26,none,,,percent,-6.88,-3.5,FRI,158.07,Monday: 16:30-23:00; Tuesday: 16:30-23:00; Wednesday: 16:30-23:00; Thursday: 16:30-23:00; Friday: 16:30-23:00,ok,
Share_CFDs,493,Stock UK,AAL,ANGLO AMERICAN PLC,2,0.01,10.0,Share,GBX,0.1,1.0,1.0,200.0,2.0,percent_per_lot,0.2,GBX,percent,-4.5,-2.79,FRI,2160.0,Monday: 10:05-18:30; Tuesday: 10:05-18:30; Wednesday: 10:05-18:30; Thursday: 10:05-18:30; Friday: 10:05-18:30,ok,
Share_CFDs,494,Stock UK,ABDN,ABERDEEN GROUP PLC,2,0.01,100.0,Share,GBX,1.0,1.0,1.0,20.0,0.2,percent_per_lot,0.2,GBX,percent,-4.5,-2.79,FRI,188.4,Monday: 10:05-18:30; Tuesday: 10:05-18:30; Wednesday: 10:05-18:30; Thursday: 10:05-18:30; Friday: 10:05-18:30,ok,
Share_CFDs,495,Stock UK,ABF,ASSOCIATED BRITISH FOODS PLC,2,0.01,10.0,Share,GBX,0.1,1.0,1.0,200.0,2.0,percent_per_lot,0.2,GBX,percent,-4.5,-2.79,FRI,2055.0,Monday: 10:05-18:30; Tuesday: 10:05-18:30; Wednesday: 10:05-18:30; Thursday: 10:05-18:30; Friday: 10:05-18:30,ok,
Share_CFDs,496,Stock UK,AHT,Ashtead Group PLC,2,0.01,10.0,Share,GBX,0.1,1.0,1.0,200.0,2.0,percent_per_lot,0.2,GBX,percent,-4.5,-2.79,FRI,4743.0,Monday: 10:05-18:30; Tuesday: 10:05-18:30; Wednesday: 10:05-18:30; Thursday: 10:05-18:30; Friday: 10:05-18:30,ok,
Share_CFDs,497,Stock UK,ANTO,Antofagasta PLC,2,0.01,10.0,Share,GBX,0.1,1.0,1.0,350.0,3.5,percent_per_lot,0.2,GBX,percent,-4.5,-2.79,FRI,1857.5,Monday: 10:05-18:30; Tuesday: 10:05-18:30; Wednesday: 10:05-18:30; Thursday: 10:05-18:30; Friday: 10:05-18:30,ok,
Share_CFDs,498,Stock UK,AUTO,Auto Trader Group PLC,2,0.01,100.0,Share,GBX,1.0,1.0,1.0,60.0,0.6,percent_per_lot,0.2,GBX,percent,-4.5,-2.79,FRI,812.8,Monday: 10:05-18:30; Tuesday: 10:05-18:30; Wednesday: 10:05-18:30; Thursday: 10:05-18:30; Friday: 10:05-18:30,ok,
Share_CFDs,499,Stock UK,AVIVA,AVIVA PLC,2,0.01,100.0,Share,GBX,1.0,1.0,1.0,20.0,0.2,percent_per_lot,0.2,GBX,percent,-4.5,-2.79,FRI,614.2,Monday: 10:05-18:30; Tuesday: 10:05-18:30; Wednesday: 10:05-18:30; Thursday: 10:05-18:30; Friday: 10:05-18:30,ok,
Share_CFDs,500,Stock UK,AZN,ASTRAZENECA PLC,2,0.01,10.0,Share,GBX,0.1,1.0,1.0,400.0,4.0,percent_per_lot,0.2,GBX,percent,-4.5,-2.79,FRI,10358.0,Monday: 10:05-18:30; Tuesday: 10:05-18:30; Wednesday: 10:05-18:30; Thursday: 10:05-18:30; Friday: 10:05-18:30,ok,
Share_CFDs,501,Stock UK,BAE,BAE SYSTEMS PLC,2,0.01,100.0,Share,GBX,1.0,1.0,1.0,100.0,1.0,percent_per_lot,0.2,GBX,percent,-4.5,-2.79,FRI,1873.0,Monday: 10:05-18:30; Tuesday: 10:05-18:30; Wednesday: 10:05-18:30; Thursday: 10:05-18:30; Friday: 10:05-18:30,ok,
Share_CFDs,502,Stock UK,BARC,BARCLAYS PLC,2,0.01,100.0,Share,GBX,1.0,1.0,1.0,10.0,0.1,percent_per_lot,0.2,GBX,percent,-4.5,-2.79,FRI,339.25,Monday: 10:05-18:30; Tuesday: 10:05-18:30; Wednesday: 10:05-18:30; Thursday: 10:05-18:30; Friday: 10:05-18:30,ok,
Share_CFDs,503,Stock UK,BATS,BRITISH AMERICAN TOBACCO PLC,2,0.01,10.0,Share,GBX,0.1,1.0,1.0,200.0,2.0,percent_per_lot,0.2,GBX,percent,-4.5,-2.79,FRI,3606.0,Monday: 10:05-18:30; Tuesday: 10:05-18:30; Wednesday: 10:05-18:30; Thursday: 10:05-18:30; Friday: 10:05-18:30,ok,
Share_CFDs,504,Stock UK,BDEV,Barratt Developments PLC,2,0.01,100.0,Share,GBX,1.0,1.0,1.0,110.0,1.1,percent_per_lot,0.2,GBX,percent,-4.5,-2.79,FRI,466.3,Monday: 10:05-18:30; Tuesday: 10:05-18:30; Wednesday: 10:05-18:30; Thursday: 10:05-18:30; Friday: 10:05-18:30,ok,
Share_CFDs,505,Stock UK,BKG,Berkeley Group Holdings,2,0.01,10.0,Share,GBX,0.1,1.0,1.0,200.0,2.0,percent_per_lot,0.2,GBX,percent,-4.5,-2.79,FRI,3654.0,Monday: 10:05-18:30; Tuesday: 10:05-18:30; Wednesday: 10:05-18:30; Thursday: 10:05-18:30; Friday: 10:05-18:30,ok,
Share_CFDs,506,Stock UK,BLND,British Land Co PLC,2,0.01,100.0,Share,GBX,1.0,1.0,1.0,20.0,0.2,percent_per_lot,0.2,GBX,percent,-4.5,-2.79,FRI,359.8,Monday: 10:05-18:30; Tuesday: 10:05-18:30; Wednesday: 10:05-18:30; Thursday: 10:05-18:30; Friday: 10:05-18:30,ok,
Share_CFDs,507,Stock UK,BNZL,Bunzl PLC,2,0.01,10.0,Share,GBX,0.1,1.0,1.0,200.0,2.0,percent_per_lot,0.2,GBX,percent,-4.5,-2.79,FRI,2306.0,Monday: 10:05-18:30; Tuesday: 10:05-18:30; Wednesday: 10:05-18:30; Thursday: 10:05-18:30; Friday: 10:05-18:30,ok,
Share_CFDs,508,Stock UK,BP,BP PLC,2,0.01,100.0,Share,GBX,1.0,1.0,1.0,10.0,0.1,percent_per_lot,0.2,GBX,percent,-4.5,-2.79,FRI,385.2,Monday: 10:05-18:30; Tuesday: 10:05-18:30; Wednesday: 10:05-18:30; Thursday: 10:05-18:30; Friday: 10:05-18:30,ok,
Share_CFDs,509,Stock UK,BRBY,Burberry Group PLC,2,0.01,10.0,Share,GBX,0.1,1.0,1.0,250.0,2.5,percent_per_lot,0.2,GBX,percent,-4.5,-2.79,FRI,1200.5,Monday: 10:05-18:30; Tuesday: 10:05-18:30; Wednesday: 10:05-18:30; Thursday: 10:05-18:30; Friday: 10:05-18:30,ok,
Share_CFDs,510,Stock UK,BT.A,BT GROUP PLC,2,0.01,100.0,Share,GBX,1.0,1.0,1.0,5.0,0.05,percent_per_lot,0.2,GBX,percent,-4.5,-2.79,FRI,197.2,Monday: 10:05-18:30; Tuesday: 10:05-18:30; Wednesday: 10:05-18:30; Thursday: 10:05-18:30; Friday: 10:05-18:30,ok,
Share_CFDs,511,Stock UK,CCH,Coca-Cola HBC AG,2,0.01,10.0,Share,GBX,0.1,1.0,1.0,400.0,4.0,percent_per_lot,0.2,GBX,percent,-4.5,-2.79,FRI,3912.0,Monday: 10:05-18:30; Tuesday: 10:05-18:30; Wednesday: 10:05-18:30; Thursday: 10:05-18:30; Friday: 10:05-18:30,ok,
Share_CFDs,512,Stock UK,CCL,CARNIVAL PLC,2,0.01,10.0,Share,GBX,0.1,1.0,1.0,950.0,9.5,percent_per_lot,0.2,GBX,percent,-4.5,-2.79,FRI,1942.5,Monday: 10:05-18:30; Tuesday: 10:05-18:30; Wednesday: 10:05-18:30; Thursday: 10:05-18:30; Friday: 10:05-18:30,ok,
Share_CFDs,513,Stock UK,CNA,Centrica PLC,2,0.01,100.0,Share,GBX,1.0,1.0,1.0,10.0,0.1,percent_per_lot,0.2,GBX,percent,-4.5,-2.79,FRI,157.55,Monday: 10:05-18:30; Tuesday: 10:05-18:30; Wednesday: 10:05-18:30; Thursday: 10:05-18:30; Friday: 10:05-18:30,ok,
Share_CFDs,514,Stock UK,CPG,COMPASS GROUP PLC,2,0.01,10.0,Share,GBX,0.1,1.0,1.0,200.0,2.0,percent_per_lot,0.2,GBX,percent,-4.5,-2.79,FRI,2504.0,Monday: 10:05-18:30; Tuesday: 10:05-18:30; Wednesday: 10:05-18:30; Thursday: 10:05-18:30; Friday: 10:05-18:30,ok,
Share_CFDs,515,Stock UK,CRDA,Croda International PLC,2,0.01,10.0,Share,GBX,0.1,1.0,1.0,200.0,2.0,percent_per_lot,0.2,GBX,percent,-4.5,-2.79,FRI,3011.0,Monday: 10:05-18:30; Tuesday: 10:05-18:30; Wednesday: 10:05-18:30; Thursday: 10:05-18:30; Friday: 10:05-18:30,ok,
Share_CFDs,516,Stock UK,CRH,CRH PLC (LSE),2,0.01,10.0,Share,GBX,0.1,1.0,1.0,600.0,6.0,percent_per_lot,0.2,GBX,percent,-4.5,-2.79,FRI,6996.0,Monday: 10:05-18:30; Tuesday: 10:05-18:30; Wednesday: 10:05-18:30; Thursday: 10:05-18:30; Friday: 10:05-18:30,ok,
Share_CFDs,517,Stock UK,DCC,DCC PLC,2,0.01,10.0,Share,GBX,0.1,1.0,1.0,400.0,4.0,percent_per_lot,0.2,GBX,percent,-4.5,-2.79,FRI,4768.0,Monday: 10:05-18:30; Tuesday: 10:05-18:30; Wednesday: 10:05-18:30; Thursday: 10:05-18:30; Friday: 10:05-18:30,ok,
Share_CFDs,518,Stock UK,DIAGEO,DIAGEO PLC,2,0.01,10.0,Share,GBX,0.1,1.0,1.0,150.0,1.5,percent_per_lot,0.2,GBX,percent,-4.5,-2.79,FRI,1915.5,Monday: 10:05-18:30; Tuesday: 10:05-18:30; Wednesday: 10:05-18:30; Thursday: 10:05-18:30; Friday: 10:05-18:30,ok,
Share_CFDs,519,Stock UK,ENT,Entain PLC,2,0.01,10.0,Share,GBX,0.1,1.0,1.0,100.0,1.0,percent_per_lot,0.2,GBX,percent,-4.5,-2.79,FRI,936.6,Monday: 10:05-18:30; Tuesday: 10:05-18:30; Wednesday: 10:05-18:30; Thursday: 10:05-18:30; Friday: 10:05-18:30,ok,
Share_CFDs,520,Stock UK,EXPN,Experian PLC,2,0.01,10.0,Share,GBX,0.1,1.0,1.0,200.0,2.0,percent_per_lot,0.2,GBX,percent,-4.5,-2.79,FRI,3877.0,Monday: 10:05-18:30; Tuesday: 10:05-18:30; Wednesday: 10:05-18:30; Thursday: 10:05-18:30; Friday: 10:05-18:30,ok,
Share_CFDs,521,Stock UK,EZJ,Easyjet PLC,2,0.01,100.0,Share,GBX,1.0,1.0,1.0,60.0,0.6,percent_per_lot,0.2,GBX,percent,-4.5,-2.79,FRI,525.0,Monday: 10:05-18:30; Tuesday: 10:05-18:30; Wednesday: 10:05-18:30; Thursday: 10:05-18:30; Friday: 10:05-18:30,ok,
Share_CFDs,522,Stock UK,FLTR,Flutter Entertainment PLC,2,0.01,10.0,Share,GBX,0.1,1.0,1.0,2000.0,20.0,percent_per_lot,0.2,GBX,percent,-4.5,-2.79,FRI,20940.0,Monday: 10:05-18:30; Tuesday: 10:05-18:30; Wednesday: 10:05-18:30; Thursday: 10:05-18:30; Friday: 10:05-18:30,ok,
Share_CFDs,523,Stock UK,FRAS,Frasers Group PLC,2,0.01,100.0,Share,GBX,1.0,1.0,1.0,100.0,1.0,percent_per_lot,0.2,GBX,percent,-4.5,-2.79,FRI,659.0,Monday: 10:05-18:30; Tuesday: 10:05-18:30; Wednesday: 10:05-18:30; Thursday: 10:05-18:30; Friday: 10:05-18:30,ok,
Share_CFDs,524,Stock UK,FRES,Fresnillo PLC,2,0.01,100.0,Share,GBX,1.0,1.0,1.0,200.0,2.0,percent_per_lot,0.2,GBX,percent,-4.5,-2.79,FRI,1450.0,Monday: 10:05-18:30; Tuesday: 10:05-18:30; Wednesday: 10:05-18:30; Thursday: 10:05-18:30; Friday: 10:05-18:30,ok,
Share_CFDs,525,Stock UK,GLEN,GLENCORE PLC,2,0.01,100.0,Share,GBX,1.0,1.0,1.0,25.0,0.25,percent_per_lot,0.2,GBX,percent,-4.5,-2.79,FRI,297.55,Monday: 10:05-18:30; Tuesday: 10:05-18:30; Wednesday: 10:05-18:30; Thursday: 10:05-18:30; Friday: 10:05-18:30,ok,
Share_CFDs,526,Stock UK,GSK,GLAXOSMITHKLINE PLC,2,0.01,10.0,Share,GBX,0.1,1.0,1.0,50.0,0.5,percent_per_lot,0.2,GBX,percent,-4.5,-2.79,FRI,1429.0,Monday: 10:05-18:30; Tuesday: 10:05-18:30; Wednesday: 10:05-18:30; Thursday: 10:05-18:30; Friday: 10:05-18:30,ok,
Share_CFDs,527,Stock UK,HIK,Hikma Pharmaceuticals PLC,2,0.01,10.0,Share,GBX,0.1,1.0,1.0,200.0,2.0,percent_per_lot,0.2,GBX,percent,-4.5,-2.79,FRI,1968.0,Monday: 10:05-18:30; Tuesday: 10:05-18:30; Wednesday: 10:05-18:30; Thursday: 10:05-18:30; Friday: 10:05-18:30,ok,
Share_CFDs,528,Stock UK,HLMA,Halma PLC,2,0.01,10.0,Share,GBX,0.1,1.0,1.0,200.0,2.0,percent_per_lot,0.2,GBX,percent,-4.5,-2.79,FRI,3208.0,Monday: 10:05-18:30; Tuesday: 10:05-18:30; Wednesday: 10:05-18:30; Thursday: 10:05-18:30; Friday: 10:05-18:30,ok,
Share_CFDs,529,Stock UK,HSBA,HSBC HOLDINGS PLC,2,0.01,10.0,Share,GBX,0.1,1.0,1.0,20.0,0.2,percent_per_lot,0.2,GBX,percent,-4.5,-2.79,FRI,906.7,Monday: 10:05-18:30; Tuesday: 10:05-18:30; Wednesday: 10:05-18:30; Thursday: 10:05-18:30; Friday: 10:05-18:30,ok,
Share_CFDs,530,Stock UK,HSX,Hiscox Ltd,2,0.01,100.0,Share,GBX,1.0,1.0,1.0,200.0,2.0,percent_per_lot,0.2,GBX,percent,-4.5,-2.79,FRI,1244.0,Monday: 10:05-18:30; Tuesday: 10:05-18:30; Wednesday: 10:05-18:30; Thursday: 10:05-18:30; Friday: 10:05-18:30,ok,
Share_CFDs,531,Stock UK,IHG,InterContinental Hotels Group PLC / IHG,2,0.01,10.0,Share,GBX,0.1,1.0,1.0,600.0,6.0,percent_per_lot,0.2,GBX,percent,-4.5,-2.79,FRI,8772.0,Monday: 10:05-18:30; Tuesday: 10:05-18:30; Wednesday: 10:05-18:30; Thursday: 10:05-18:30; Friday: 10:05-18:30,ok,
Share_CFDs,532,Stock UK,III,3i Group PLC,2,0.01,10.0,Share,GBX,0.1,1.0,1.0,200.0,2.0,percent_per_lot,0.2,GBX,percent,-4.5,-2.79,FRI,4174.0,Monday: 10:05-18:30; Tuesday: 10:05-18:30; Wednesday: 10:05-18:30; Thursday: 10:05-18:30; Friday: 10:05-18:30,ok,
Share_CFDs,533,Stock UK,IMB,IMPERIAL BRANDS PLC,2,0.01,10.0,Share,GBX,0.1,1.0,1.0,200.0,2.0,percent_per_lot,0.2,GBX,percent,-4.5,-2.79,FRI,2870.0,Monday: 10:05-18:30; Tuesday: 10:05-18:30; Wednesday: 10:05-18:30; Thursday: 10:05-18:30; Friday: 10:05-18:30,ok,
Share_CFDs,534,Stock UK,INF,Informa PLC,2,0.01,100.0,Share,GBX,1.0,1.0,1.0,40.0,0.4,percent_per_lot,0.2,GBX,percent,-4.5,-2.79,FRI,821.6,Monday: 10:05-18:30; Tuesday: 10:05-18:30; Wednesday: 10:05-18:30; Thursday: 10:05-18:30; Friday: 10:05-18:30,ok,
Share_CFDs,535,Stock UK,ITRK,Intertek Group PLC,2,0.01,10.0,Share,GBX,0.1,1.0,1.0,400.0,4.0,percent_per_lot,0.2,GBX,percent,-4.5,-2.79,FRI,4836.0,Monday: 10:05-18:30; Tuesday: 10:05-18:30; Wednesday: 10:05-18:30; Thursday: 10:05-18:30; Friday: 10:05-18:30,ok,
Share_CFDs,536,Stock UK,ITV,ITV PLC,2,0.01,100.0,Share,GBX,1.0,1.0,1.0,15.0,0.15,percent_per_lot,0.2,GBX,percent,-4.5,-2.79,FRI,79.5,Monday: 10:05-18:30; Tuesday: 10:05-18:30; Wednesday: 10:05-18:30; Thursday: 10:05-18:30; Friday: 10:05-18:30,ok,
Share_CFDs,537,Stock UK,JDI,JD Sports Fashion PLC,2,0.01,100.0,Share,GBX,1.0,1.0,1.0,12.0,0.12,percent_per_lot,0.2,GBX,percent,-4.5,-2.79,FRI,88.56,Monday: 10:05-18:30; Tuesday: 10:05-18:30; Wednesday: 10:05-18:30; Thursday: 10:05-18:30; Friday: 10:05-18:30,ok,
Share_CFDs,538,Stock UK,JMAT,Johnson Matthey PLC,2,0.01,10.0,Share,GBX,0.1,1.0,1.0,200.0,2.0,percent_per_lot,0.2,GBX,percent,-4.5,-2.79,FRI,1851.0,Monday: 10:05-18:30; Tuesday: 10:05-18:30; Wednesday: 10:05-18:30; Thursday: 10:05-18:30; Friday: 10:05-18:30,ok,
Share_CFDs,539,Stock UK,KGF,Kingfisher PLC,2,0.01,100.0,Share,GBX,1.0,1.0,1.0,20.0,0.2,percent_per_lot,0.2,GBX,percent,-4.5,-2.79,FRI,283.6,Monday: 10:05-18:30; Tuesday: 10:05-18:30; Wednesday: 10:05-18:30; Thursday: 10:05-18:30; Friday: 10:05-18:30,ok,
Share_CFDs,540,Stock UK,LAND,Land Securities Group PLC,2,0.01,100.0,Share,GBX,1.0,1.0,1.0,50.0,0.5,percent_per_lot,0.2,GBX,percent,-4.5,-2.79,FRI,594.5,Monday: 10:05-18:30; Tuesday: 10:05-18:30; Wednesday: 10:05-18:30; Thursday: 10:05-18:30; Friday: 10:05-18:30,ok,
Share_CFDs,541,Stock UK,LGEN,Legal & General Group PLC,2,0.01,100.0,Share,GBX,1.0,1.0,1.0,10.0,0.1,percent_per_lot,0.2,GBX,percent,-4.5,-2.79,FRI,251.1,Monday: 10:05-18:30; Tuesday: 10:05-18:30; Wednesday: 10:05-18:30; Thursday: 10:05-18:30; Friday: 10:05-18:30,ok,
Share_CFDs,542,Stock UK,LLOY,LLOYDS BANKING GROUP PLC,2,0.01,100.0,Share,GBX,1.0,1.0,1.0,4.0,0.04,percent_per_lot,0.2,GBX,percent,-4.5,-2.79,FRI,75.7,Monday: 10:05-18:30; Tuesday: 10:05-18:30; Wednesday: 10:05-18:30; Thursday: 10:05-18:30; Friday: 10:05-18:30,ok,
Share_CFDs,543,Stock UK,LSEG,London Stock Exchange Group / LSE Prov,2,0.01,10.0,Share,GBX,0.1,1.0,1.0,500.0,5.0,percent_per_lot,0.2,GBX,percent,-4.5,-2.79,FRI,10820.0,Monday: 10:05-18:30; Tuesday: 10:05-18:30; Wednesday: 10:05-18:30; Thursday: 10:05-18:30; Friday: 10:05-18:30,ok,
Share_CFDs,544,Stock UK,MNDI,Mondi PLC,2,0.01,10.0,Share,GBX,0.1,1.0,1.0,100.0,1.0,percent_per_lot,0.2,GBX,percent,-4.5,-2.79,FRI,1183.0,Monday: 10:05-18:30; Tuesday: 10:05-18:30; Wednesday: 10:05-18:30; Thursday: 10:05-18:30; Friday: 10:05-18:30,ok,
Share_CFDs,545,Stock UK,MNG,M&G PLC,2,0.01,100.0,Share,GBX,1.0,1.0,1.0,20.0,0.2,percent_per_lot,0.2,GBX,percent,-4.5,-2.79,FRI,256.8,Monday: 10:05-18:30; Tuesday: 10:05-18:30; Wednesday: 10:05-18:30; Thursday: 10:05-18:30; Friday: 10:05-18:30,ok,
Share_CFDs,546,Stock UK,NGRID,National Grid PLC,2,0.01,10.0,Share,GBX,0.1,1.0,1.0,50.0,0.5,percent_per_lot,0.2,GBX,percent,-4.5,-2.79,FRI,1031.5,Monday: 10:05-18:30; Tuesday: 10:05-18:30; Wednesday: 10:05-18:30; Thursday: 10:05-18:30; Friday: 10:05-18:30,ok,
Share_CFDs,547,Stock UK,NWG,NatWest Group plc,2,0.01,100.0,Share,GBX,1.0,1.0,1.0,30.0,0.3,percent_per_lot,0.2,GBX,percent,-4.5,-2.79,FRI,497.1,Monday: 10:05-18:30; Tuesday: 10:05-18:30; Wednesday: 10:05-18:30; Thursday: 10:05-18:30; Friday: 10:05-18:30,ok,
Share_CFDs,548,Stock UK,NXT,Next PLC,2,0.01,10.0,Share,GBX,0.1,1.0,1.0,1000.0,10.0,percent_per_lot,0.2,GBX,percent,-4.5,-2.79,FRI,12165.0,Monday: 10:05-18:30; Tuesday: 10:05-18:30; Wednesday: 10:05-18:30; Thursday: 10:05-18:30; Friday: 10:05-18:30,ok,
Share_CFDs,549,Stock UK,OCDO,Ocado Group PLC,2,0.01,10.0,Share,GBX,0.1,1.0,1.0,10.0,0.1,percent_per_lot,0.2,GBX,percent,-4.5,-2.79,FRI,235.5,Monday: 10:05-18:30; Tuesday: 10:05-18:30; Wednesday: 10:05-18:30; Thursday: 10:05-18:30; Friday: 10:05-18:30,ok,
Share_CFDs,550,Stock UK,PFC,Petrofac Limited,2,0.01,100.0,Share,GBX,1.0,1.0,1.0,5000.0,50.0,percent_per_lot,0.2,GBX,percent,-4.5,-2.79,FRI,950.0,Monday: 10:05-18:30; Tuesday: 10:05-18:30; Wednesday: 10:05-18:30; Thursday: 10:05-18:30; Friday: 10:05-18:30,ok,
Share_CFDs,551,Stock UK,PHNX,Phoenix Group Holdings PLC,2,0.01,100.0,Share,GBX,1.0,1.0,1.0,50.0,0.5,percent_per_lot,0.2,GBX,percent,-4.5,-2.79,FRI,635.5,Monday: 10:05-18:30; Tuesday: 10:05-18:30; Wednesday: 10:05-18:30; Thursday: 10:05-18:30; Friday: 10:05-18:30,ok,
Share_CFDs,552,Stock UK,PRU,PRUDENTIAL PLC,2,0.01,10.0,Share,GBX,0.1,1.0,1.0,40.0,0.4,percent_per_lot,0.2,GBX,percent,-4.5,-2.79,FRI,911.8,Monday: 10:05-18:30; Tuesday: 10:05-18:30; Wednesday: 10:05-18:30; Thursday: 10:05-18:30; Friday: 10:05-18:30,ok,
Share_CFDs,553,Stock UK,PSH,Pershing Square Holdings Ltd,2,0.01,10.0,Share,GBX,0.1,1.0,1.0,400.0,4.0,percent_per_lot,0.2,GBX,percent,-4.5,-2.79,FRI,4118.0,Monday: 10:05-18:30; Tuesday: 10:05-18:30; Wednesday: 10:05-18:30; Thursday: 10:05-18:30; Friday: 10:05-18:30,ok,
Share_CFDs,554,Stock UK,PSN,Persimmon PLC,2,0.01,10.0,Share,GBX,0.1,1.0,1.0,100.0,1.0,percent_per_lot,0.2,GBX,percent,-4.5,-2.79,FRI,1222.5,Monday: 10:05-18:30; Tuesday: 10:05-18:30; Wednesday: 10:05-18:30; Thursday: 10:05-18:30; Friday: 10:05-18:30,ok,
Share_CFDs,555,Stock UK,PSON,Pearson Plc,2,0.01,100.0,Share,GBX,1.0,1.0,1.0,100.0,1.0,percent_per_lot,0.2,GBX,percent,-4.5,-2.79,FRI,1049.5,Monday: 10:05-18:30; Tuesday: 10:05-18:30; Wednesday: 10:05-18:30; Thursday: 10:05-18:30; Friday: 10:05-18:30,ok,
Share_CFDs,556,Stock UK,RB,RECKITT BENCKISER GROUP PLC,2,0.01,10.0,Share,GBX,0.1,1.0,1.0,200.0,2.0,percent_per_lot,0.2,GBX,percent,-4.5,-2.79,FRI,5026.0,Monday: 10:05-18:30; Tuesday: 10:05-18:30; Wednesday: 10:05-18:30; Thursday: 10:05-18:30; Friday: 10:05-18:30,ok,
Share_CFDs,557,Stock UK,RELX,RELX PLC,2,0.01,10.0,Share,GBX,0.1,1.0,1.0,200.0,2.0,percent_per_lot,0.2,GBX,percent,-4.5,-2.79,FRI,3940.0,Monday: 10:05-18:30; Tuesday: 10:05-18:30; Wednesday: 10:05-18:30; Thursday: 10:05-18:30; Friday: 10:05-18:30,ok,
Share_CFDs,558,Stock UK,RIO,RIO TINTO PLC,2,0.01,10.0,Share,GBX,0.1,1.0,1.0,150.0,1.5,percent_per_lot,0.2,GBX,percent,-4.5,-2.79,FRI,4284.0,Monday: 10:05-18:30; Tuesday: 10:05-18:30; Wednesday: 10:05-18:30; Thursday: 10:05-18:30; Friday: 10:05-18:30,ok,
Share_CFDs,559,Stock UK,RMV,Rightmove PLC,2,0.01,100.0,Share,GBX,1.0,1.0,1.0,40.0,0.4,percent_per_lot,0.2,GBX,percent,-4.5,-2.79,FRI,782.0,Monday: 10:05-18:30; Tuesday: 10:05-18:30; Wednesday: 10:05-18:30; Thursday: 10:05-18:30; Friday: 10:05-18:30,ok,
Share_CFDs,560,Stock UK,ROO,Deliveroo Holdings PLC,2,0.01,100.0,Share,GBX,1.0,1.0,1.0,10.0,0.1,percent_per_lot,0.2,GBX,percent,-4.5,-2.79,FRI,176.7,Monday: 10:05-18:30; Tuesday: 10:05-18:30; Wednesday: 10:05-18:30; Thursday: 10:05-18:30; Friday: 10:05-18:30,ok,
Share_CFDs,561,Stock UK,RR,Rolls-Royce Holdings PLC,2,0.01,100.0,Share,GBX,1.0,1.0,1.0,120.0,1.2,percent_per_lot,0.2,GBX,percent,-4.5,-2.79,FRI,983.4,Monday: 10:05-18:30; Tuesday: 10:05-18:30; Wednesday: 10:05-18:30; Thursday: 10:05-18:30; Friday: 10:05-18:30,ok,
Share_CFDs,562,Stock UK,RTO,Rentokil Initial PLC,2,0.01,100.0,Share,GBX,1.0,1.0,1.0,30.0,0.3,percent_per_lot,0.2,GBX,percent,-4.5,-2.79,FRI,335.2,Monday: 10:05-18:30; Tuesday: 10:05-18:30; Wednesday: 10:05-18:30; Thursday: 10:05-18:30; Friday: 10:05-18:30,ok,
Share_CFDs,563,Stock UK,SBRY,Sainsbury (J) PLC,2,0.01,100.0,Share,GBX,1.0,1.0,1.0,40.0,0.4,percent_per_lot,0.2,GBX,percent,-4.5,-2.79,FRI,282.8,Monday: 10:05-18:30; Tuesday: 10:05-18:30; Wednesday: 10:05-18:30; Thursday: 10:05-18:30; Friday: 10:05-18:30,ok,
Share_CFDs,564,Stock UK,SDR,Schroders PLC,2,0.01,10.0,Share,GBX,0.1,1.0,1.0,20.0,0.2,percent_per_lot,0.2,GBX,percent,-4.5,-2.79,FRI,378.4,Monday: 10:05-18:30; Tuesday: 10:05-18:30; Wednesday: 10:05-18:30; Thursday: 10:05-18:30; Friday: 10:05-18:30,ok,
Share_CFDs,565,Stock UK,SGE,Sage Group PLC,2,0.01,100.0,Share,GBX,1.0,1.0,1.0,50.0,0.5,percent_per_lot,0.2,GBX,percent,-4.5,-2.79,FRI,1239.0,Monday: 10:05-18:30; Tuesday: 10:05-18:30; Wednesday: 10:05-18:30; Thursday: 10:05-18:30; Friday: 10:05-18:30,ok,
Share_CFDs,566,Stock UK,SGRO,SEGRO PLC,2,0.01,10.0,Share,GBX,0.1,1.0,1.0,60.0,0.6,percent_per_lot,0.2,GBX,percent,-4.5,-2.79,FRI,667.2,Monday: 10:05-18:30; Tuesday: 10:05-18:30; Wednesday: 10:05-18:30; Thursday: 10:05-18:30; Friday: 10:05-18:30,ok,
Share_CFDs,567,Stock UK,SHELL,Shell PLC,2,0.01,10.0,Share,GBX,0.1,1.0,1.0,50.0,0.5,percent_per_lot,0.2,GBX,percent,-4.5,-2.79,FRI,2627.5,Monday: 10:05-18:30; Tuesday: 10:05-18:30; Wednesday: 10:05-18:30; Thursday: 10:05-18:30; Friday: 10:05-18:30,ok,
Share_CFDs,568,Stock UK,SMIN,Smiths Group PLC,2,0.01,10.0,Share,GBX,0.1,1.0,1.0,200.0,2.0,percent_per_lot,0.2,GBX,percent,-4.5,-2.79,FRI,2262.0,Monday: 10:05-18:30; Tuesday: 10:05-18:30; Wednesday: 10:05-18:30; Thursday: 10:05-18:30; Friday: 10:05-18:30,ok,
Share_CFDs,569,Stock UK,SMT,Scottish Mortgage Inv Tr PLC,2,0.01,10.0,Share,GBX,0.1,1.0,1.0,100.0,1.0,percent_per_lot,0.2,GBX,percent,-4.5,-2.79,FRI,1045.0,Monday: 10:05-18:30; Tuesday: 10:05-18:30; Wednesday: 10:05-18:30; Thursday: 10:05-18:30; Friday: 10:05-18:30,ok,
Share_CFDs,570,Stock UK,SN,Smith & Nephew PLC,2,0.01,10.0,Share,GBX,0.1,1.0,1.0,100.0,1.0,percent_per_lot,0.2,GBX,percent,-4.5,-2.79,FRI,1114.5,Monday: 10:05-18:30; Tuesday: 10:05-18:30; Wednesday: 10:05-18:30; Thursday: 10:05-18:30; Friday: 10:05-18:30,ok,
Share_CFDs,571,Stock UK,SPX,Spirax Group Plc,2,0.01,10.0,Share,GBX,0.1,1.0,1.0,500.0,5.0,percent_per_lot,0.2,GBX,percent,-4.5,-2.79,FRI,6190.0,Monday: 10:05-18:30; Tuesday: 10:05-18:30; Wednesday: 10:05-18:30; Thursday: 10:05-18:30; Friday: 10:05-18:30,ok,
Share_CFDs,572,Stock UK,SSE,SSE PLC,2,0.01,10.0,Share,GBX,0.1,1.0,1.0,100.0,1.0,percent_per_lot,0.2,GBX,percent,-4.5,-2.79,FRI,1890.5,Monday: 10:05-18:30; Tuesday: 10:05-18:30; Wednesday: 10:05-18:30; Thursday: 10:05-18:30; Friday: 10:05-18:30,ok,
Share_CFDs,573,Stock UK,STAN,STANDARD CHARTERED PLC,2,0.01,100.0,Share,GBX,1.0,1.0,1.0,100.0,1.0,percent_per_lot,0.2,GBX,percent,-4.5,-2.79,FRI,1254.0,Monday: 10:05-18:30; Tuesday: 10:05-18:30; Wednesday: 10:05-18:30; Thursday: 10:05-18:30; Friday: 10:05-18:30,ok,
Share_CFDs,574,Stock UK,STJ,St James's Place PLC,2,0.01,10.0,Share,GBX,0.1,1.0,1.0,150.0,1.5,percent_per_lot,0.2,GBX,percent,-4.5,-2.79,FRI,1196.0,Monday: 10:05-18:30; Tuesday: 10:05-18:30; Wednesday: 10:05-18:30; Thursday: 10:05-18:30; Friday: 10:05-18:30,ok,
Share_CFDs,575,Stock UK,SVT,Severn Trent PLC,2,0.01,10.0,Share,GBX,0.1,1.0,1.0,200.0,2.0,percent_per_lot,0.2,GBX,percent,-4.5,-2.79,FRI,2656.0,Monday: 10:05-18:30; Tuesday: 10:05-18:30; Wednesday: 10:05-18:30; Thursday: 10:05-18:30; Friday: 10:05-18:30,ok,
Share_CFDs,576,Stock UK,SWR,Smurfit Westrock PLC,2,0.01,10.0,share,GBX,0.1,1.0,1.0,300.0,3.0,percent_per_lot,0.2,GBX,percent,-4.5,-2.79,FRI,3463.0,Monday: 10:05-18:30; Tuesday: 10:05-18:30; Wednesday: 10:05-18:30; Thursday: 10:05-18:30; Friday: 10:05-18:30,ok,
Share_CFDs,577,Stock UK,TESCO,TESCO PLC,2,0.01,100.0,Share,GBX,1.0,1.0,1.0,20.0,0.2,percent_per_lot,0.2,GBX,percent,-4.5,-2.79,FRI,401.7,Monday: 10:05-18:30; Tuesday: 10:05-18:30; Wednesday: 10:05-18:30; Thursday: 10:05-18:30; Friday: 10:05-18:30,ok,
Share_CFDs,578,Stock UK,TRST,Trustpilot Group PLC,2,0.01,100.0,Share,GBX,1.0,1.0,1.0,120.0,1.2,percent_per_lot,0.2,GBX,percent,-4.5,-2.79,FRI,248.2,Monday: 10:05-18:30; Tuesday: 10:05-18:30; Wednesday: 10:05-18:30; Thursday: 10:05-18:30; Friday: 10:05-18:30,ok,
Share_CFDs,579,Stock UK,TW,Taylor Wimpey PLC,2,0.01,100.0,Share,GBX,1.0,1.0,1.0,10.0,0.1,percent_per_lot,0.2,GBX,percent,-4.5,-2.79,FRI,112.25,Monday: 10:05-18:30; Tuesday: 10:05-18:30; Wednesday: 10:05-18:30; Thursday: 10:05-18:30; Friday: 10:05-18:30,ok,
Share_CFDs,580,Stock UK,ULVR,UNILEVER PLC,2,0.01,10.0,Share,GBX,0.1,1.0,1.0,200.0,2.0,percent_per_lot,0.2,GBX,percent,-4.5,-2.79,FRI,4447.0,Monday: 10:05-18:30; Tuesday: 10:05-18:30; Wednesday: 10:05-18:30; Thursday: 10:05-18:30; Friday: 10:05-18:30,ok,
Share_CFDs,581,Stock UK,UU,United Utilities Group PLC,2,0.01,10.0,Share,GBX,0.1,1.0,1.0,100.0,1.0,percent_per_lot,0.2,GBX,percent,-4.5,-2.79,FRI,1097.0,Monday: 10:05-18:30; Tuesday: 10:05-18:30; Wednesday: 10:05-18:30; Thursday: 10:05-18:30; Friday: 10:05-18:30,ok,
Share_CFDs,582,Stock UK,VOD,VODAFONE GROUP PLC,2,0.01,100.0,Share,GBX,1.0,1.0,1.0,2.0,0.02,percent_per_lot,0.2,GBX,percent,-4.5,-2.79,FRI,80.68,Monday: 10:05-18:30; Tuesday: 10:05-18:30; Wednesday: 10:05-18:30; Thursday: 10:05-18:30; Friday: 10:05-18:30,ok,
Share_CFDs,583,Stock UK,WISE,Wise PLC,2,0.01,10.0,Share,GBX,0.1,1.0,1.0,200.0,2.0,percent_per_lot,0.2,GBX,percent,-4.5,-2.79,FRI,1093.0,Monday: 10:05-18:30; Tuesday: 10:05-18:30; Wednesday: 10:05-18:30; Thursday: 10:05-18:30; Friday: 10:05-18:30,ok,
Share_CFDs,584,Stock UK,WPP,WPP PLC,2,0.01,10.0,Share,GBX,0.1,1.0,1.0,60.0,0.6,percent_per_lot,0.2,GBX,percent,-4.5,-2.79,FRI,430.5,Monday: 10:05-18:30; Tuesday: 10:05-18:30; Wednesday: 10:05-18:30; Thursday: 10:05-18:30; Friday: 10:05-18:30,ok,
Share_CFDs,585,Stock UK,WTB,Whitbread PLC,2,0.01,10.0,Share,GBX,0.1,1.0,1.0,300.0,3.0,percent_per_lot,0.2,GBX,percent,-4.5,-2.79,FRI,2995.0,Monday: 10:05-18:30; Tuesday: 10:05-18:30; Wednesday: 10:05-18:30; Thursday: 10:05-18:30; Friday: 10:05-18:30,ok,
Share_CFDs,586,Stock JP,1605.JP,Inpex Corp,1,0.1,1.0,share,JPY,0.1,1.0,1.0,,,none,,,percent,-3.0,-3.0,FRI,,"Monday: 03:00-05:30,06:30-09:00; Tuesday: 03:00-05:30,06:30-09:00; Wednesday: 03:00-05:30,06:30-09:00; Thursday: 03:00-05:30,06:30-09:00; Friday: 03:00-05:30,06:30-09:00",incomplete,"missing spread, quote sample"
Share_CFDs,587,Stock JP,1925.JP,Daiwa House Industry Co Ltd,0,1.0,1.0,share,JPY,1.0,1.0,1.0,,,none,,,percent,-3.0,-3.0,FRI,,"Monday: 03:00-05:30,06:30-09:00; Tuesday: 03:00-05:30,06:30-09:00; Wednesday: 03:00-05:30,06:30-09:00; Thursday: 03:00-05:30,06:30-09:00; Friday: 03:00-05:30,06:30-09:00",incomplete,"missing spread, quote sample"
Share_CFDs,588,Stock JP,2502.JP,Asahi Group Holdings Ltd,0,1.0,1.0,share,JPY,1.0,1.0,1.0,,,none,,,percent,-3.0,-3.0,FRI,,"Monday: 03:00-05:30,06:30-09:00; Tuesday: 03:00-05:30,06:30-09:00; Wednesday: 03:00-05:30,06:30-09:00; Thursday: 03:00-05:30,06:30-09:00; Friday: 03:00-05:30,06:30-09:00",incomplete,"missing spread, quote sample"
Share_CFDs,589,Stock JP,2802.JP,Ajinomoto Co Inc,0,1.0,1.0,share,JPY,1.0,1.0,1.0,,,none,,,percent,-3.0,-3.0,FRI,,"Monday: 03:00-05:30,06:30-09:00; Tuesday: 03:00-05:30,06:30-09:00; Wednesday: 03:00-05:30,06:30-09:00; Thursday: 03:00-05:30,06:30-09:00; Friday: 03:00-05:30,06:30-09:00",incomplete,"missing spread, quote sample"
Share_CFDs,590,Stock JP,2914.JP,Japan Tobacco Inc,0,1.0,1.0,share,JPY,1.0,1.0,1.0,,,none,,,percent,-3.0,-3.0,FRI,,"Monday: 03:00-05:30,06:30-09:00; Tuesday: 03:00-05:30,06:30-09:00; Wednesday: 03:00-05:30,06:30-09:00; Thursday: 03:00-05:30,06:30-09:00; Friday: 03:00-05:30,06:30-09:00",incomplete,"missing spread, quote sample"
Share_CFDs,591,Stock JP,3382.JP,Seven & i Holdings Co Ltd,0,1.0,1.0,share,JPY,1.0,1.0,1.0,,,none,,,percent,-3.0,-3.0,FRI,,"Monday: 03:00-05:30,06:30-09:00; Tuesday: 03:00-05:30,06:30-09:00; Wednesday: 03:00-05:30,06:30-09:00; Thursday: 03:00-05:30,06:30-09:00; Friday: 03:00-05:30,06:30-09:00",incomplete,"missing spread, quote sample"
Share_CFDs,592,Stock JP,4063.JP,Shin-Etsu Chemical Co Ltd,0,1.0,1.0,share,JPY,1.0,1.0,1.0,,,none,,,percent,-3.0,-3.0,FRI,,"Monday: 03:00-05:30,06:30-09:00; Tuesday: 03:00-05:30,06:30-09:00; Wednesday: 03:00-05:30,06:30-09:00; Thursday: 03:00-05:30,06:30-09:00; Friday: 03:00-05:30,06:30-09:00",incomplete,"missing spread, quote sample"
Share_CFDs,593,Stock JP,4452.JP,Kao Corp,0,1.0,1.0,share,JPY,1.0,1.0,1.0,,,none,,,percent,-3.0,-3.0,FRI,,"Monday: 03:00-05:30,06:30-09:00; Tuesday: 03:00-05:30,06:30-09:00; Wednesday: 03:00-05:30,06:30-09:00; Thursday: 03:00-05:30,06:30-09:00; Friday: 03:00-05:30,06:30-09:00",incomplete,"missing spread, quote sample"
Share_CFDs,594,Stock JP,4502.JP,Takeda Pharmaceutical Co Ltd,0,1.0,1.0,share,JPY,1.0,1.0,1.0,,,none,,,percent,-3.0,-3.0,FRI,,"Monday: 03:00-05:30,06:30-09:00; Tuesday: 03:00-05:30,06:30-09:00; Wednesday: 03:00-05:30,06:30-09:00; Thursday: 03:00-05:30,06:30-09:00; Friday: 03:00-05:30,06:30-09:00",incomplete,"missing spread, quote sample"
Share_CFDs,595,Stock JP,4503.JP,Astellas Pharma Inc,1,0.1,1.0,share,JPY,0.1,1.0,1.0,,,none,,,percent,-3.0,-3.0,FRI,,"Monday: 03:00-05:30,06:30-09:00; Tuesday: 03:00-05:30,06:30-09:00; Wednesday: 03:00-05:30,06:30-09:00; Thursday: 03:00-05:30,06:30-09:00; Friday: 03:00-05:30,06:30-09:00",incomplete,"missing spread, quote sample"
Share_CFDs,596,Stock JP,4519.JP,Chugai Pharmaceutical Co Ltd,0,1.0,1.0,share,JPY,1.0,1.0,1.0,,,none,,,percent,-3.0,-3.0,FRI,,"Monday: 03:00-05:30,06:30-09:00; Tuesday: 03:00-05:30,06:30-09:00; Wednesday: 03:00-05:30,06:30-09:00; Thursday: 03:00-05:30,06:30-09:00; Friday: 03:00-05:30,06:30-09:00",incomplete,"missing spread, quote sample"
Share_CFDs,597,Stock JP,4543.JP,Terumo Corp,0,1.0,1.0,share,JPY,1.0,1.0,1.0,,,none,,,percent,-3.0,-3.0,FRI,,"Monday: 03:00-05:30,06:30-09:00; Tuesday: 03:00-05:30,06:30-09:00; Wednesday: 03:00-05:30,06:30-09:00; Thursday: 03:00-05:30,06:30-09:00; Friday: 03:00-05:30,06:30-09:00",incomplete,"missing spread, quote sample"
Share_CFDs,598,Stock JP,4568.JP,Daiichi Sankyo Co Ltd,0,1.0,1.0,share,JPY,1.0,1.0,1.0,,,none,,,percent,-3.0,-3.0,FRI,,"Monday: 03:00-05:30,06:30-09:00; Tuesday: 03:00-05:30,06:30-09:00; Wednesday: 03:00-05:30,06:30-09:00; Thursday: 03:00-05:30,06:30-09:00; Friday: 03:00-05:30,06:30-09:00",incomplete,"missing spread, quote sample"
Share_CFDs,599,Stock JP,4578.JP,Otsuka Holdings Co Ltd,0,1.0,1.0,share,JPY,1.0,1.0,1.0,,,none,,,percent,-3.0,-3.0,FRI,,"Monday: 03:00-05:30,06:30-09:00; Tuesday: 03:00-05:30,06:30-09:00; Wednesday: 03:00-05:30,06:30-09:00; Thursday: 03:00-05:30,06:30-09:00; Friday: 03:00-05:30,06:30-09:00",incomplete,"missing spread, quote sample"
Share_CFDs,600,Stock JP,4661.JP,Oriental Land Co Ltd/Japan,0,1.0,1.0,share,JPY,1.0,1.0,1.0,,,none,,,percent,-3.0,-3.0,FRI,,"Monday: 03:00-05:30,06:30-09:00; Tuesday: 03:00-05:30,06:30-09:00; Wednesday: 03:00-05:30,06:30-09:00; Thursday: 03:00-05:30,06:30-09:00; Friday: 03:00-05:30,06:30-09:00",incomplete,"missing spread, quote sample"
Share_CFDs,601,Stock JP,4689.JP,LY Corp,1,0.1,1.0,share,JPY,0.1,1.0,1.0,,,none,,,percent,-3.0,-3.0,FRI,,"Monday: 03:00-05:30,06:30-09:00; Tuesday: 03:00-05:30,06:30-09:00; Wednesday: 03:00-05:30,06:30-09:00; Thursday: 03:00-05:30,06:30-09:00; Friday: 03:00-05:30,06:30-09:00",incomplete,"missing spread, quote sample"
Share_CFDs,602,Stock JP,4901.JP,FUJIFILM Holdings Corp,0,1.0,1.0,share,JPY,1.0,1.0,1.0,,,none,,,percent,-3.0,-3.0,FRI,,"Monday: 03:00-05:30,06:30-09:00; Tuesday: 03:00-05:30,06:30-09:00; Wednesday: 03:00-05:30,06:30-09:00; Thursday: 03:00-05:30,06:30-09:00; Friday: 03:00-05:30,06:30-09:00",incomplete,"missing spread, quote sample"
Share_CFDs,603,Stock JP,5108.JP,Bridgestone Corp,0,1.0,1.0,share,JPY,1.0,1.0,1.0,,,none,,,percent,-3.0,-3.0,FRI,,"Monday: 03:00-05:30,06:30-09:00; Tuesday: 03:00-05:30,06:30-09:00; Wednesday: 03:00-05:30,06:30-09:00; Thursday: 03:00-05:30,06:30-09:00; Friday: 03:00-05:30,06:30-09:00",incomplete,"missing spread, quote sample"
Share_CFDs,604,Stock JP,5401.JP,Nippon Steel Corp,0,1.0,1.0,share,JPY,1.0,1.0,1.0,,,none,,,percent,-3.0,-3.0,FRI,,"Monday: 03:00-05:30,06:30-09:00; Tuesday: 03:00-05:30,06:30-09:00; Wednesday: 03:00-05:30,06:30-09:00; Thursday: 03:00-05:30,06:30-09:00; Friday: 03:00-05:30,06:30-09:00",incomplete,"missing spread, quote sample"
Share_CFDs,605,Stock JP,6098.JP,Recruit Holdings Co Ltd,0,1.0,1.0,share,JPY,1.0,1.0,1.0,,,none,,,percent,-3.0,-3.0,FRI,,"Monday: 03:00-05:30,06:30-09:00; Tuesday: 03:00-05:30,06:30-09:00; Wednesday: 03:00-05:30,06:30-09:00; Thursday: 03:00-05:30,06:30-09:00; Friday: 03:00-05:30,06:30-09:00",incomplete,"missing spread, quote sample"
Share_CFDs,606,Stock JP,6178.JP,Japan Post Holdings Co Ltd,1,0.1,1.0,share,JPY,0.1,1.0,1.0,,,none,,,percent,-3.0,-3.0,FRI,,"Monday: 03:00-05:30,06:30-09:00; Tuesday: 03:00-05:30,06:30-09:00; Wednesday: 03:00-05:30,06:30-09:00; Thursday: 03:00-05:30,06:30-09:00; Friday: 03:00-05:30,06:30-09:00",incomplete,"missing spread, quote sample"
Share_CFDs,607,Stock JP,6273.JP,SMC Corp,0,1.0,1.0,share,JPY,1.0,1.0,1.0,,,none,,,percent,-3.0,-3.0,FRI,,"Monday: 03:00-05:30,06:30-09:00; Tuesday: 03:00-05:30,06:30-09:00; Wednesday: 03:00-05:30,06:30-09:00; Thursday: 03:00-05:30,06:30-09:00; Friday: 03:00-05:30,06:30-09:00",incomplete,"missing spread, quote sample"
Share_CFDs,608,Stock JP,6301.JP,Komatsu Ltd,0,1.0,1.0,share,JPY,1.0,1.0,1.0,,,none,,,percent,-3.0,-3.0,FRI,,"Monday: 03:00-05:30,06:30-09:00; Tuesday: 03:00-05:30,06:30-09:00; Wednesday: 03:00-05:30,06:30-09:00; Thursday: 03:00-05:30,06:30-09:00; Friday: 03:00-05:30,06:30-09:00",incomplete,"missing spread, quote sample"
Share_CFDs,609,Stock JP,6326.JP,Kubota Corp,1,0.1,1.0,share,JPY,0.1,1.0,1.0,,,none,,,percent,-3.0,-3.0,FRI,,"Monday: 03:00-05:30,06:30-09:00; Tuesday: 03:00-05:30,06:30-09:00; Wednesday: 03:00-05:30,06:30-09:00; Thursday: 03:00-05:30,06:30-09:00; Friday: 03:00-05:30,06:30-09:00",incomplete,"missing spread, quote sample"
Share_CFDs,610,Stock JP,6367.JP,Daikin Industries Ltd,0,1.0,1.0,share,JPY,1.0,1.0,1.0,,,none,,,percent,-3.0,-3.0,FRI,,"Monday: 03:00-05:30,06:30-09:00; Tuesday: 03:00-05:30,06:30-09:00; Wednesday: 03:00-05:30,06:30-09:00; Thursday: 03:00-05:30,06:30-09:00; Friday: 03:00-05:30,06:30-09:00",incomplete,"missing spread, quote sample"
Share_CFDs,611,Stock JP,6501.JP,Hitachi Ltd,0,1.0,1.0,share,JPY,1.0,1.0,1.0,,,none,,,percent,-3.0,-3.0,FRI,,"Monday: 03:00-05:30,06:30-09:00; Tuesday: 03:00-05:30,06:30-09:00; Wednesday: 03:00-05:30,06:30-09:00; Thursday: 03:00-05:30,06:30-09:00; Friday: 03:00-05:30,06:30-09:00",incomplete,"missing spread, quote sample"
Share_CFDs,612,Stock JP,6503.JP,Mitsubishi Electric Corp,1,0.1,1.0,share,JPY,0.1,1.0,1.0,,,none,,,percent,-3.0,-3.0,FRI,,"Monday: 03:00-05:30,06:30-09:00; Tuesday: 03:00-05:30,06:30-09:00; Wednesday: 03:00-05:30,06:30-09:00; Thursday: 03:00-05:30,06:30-09:00; Friday: 03:00-05:30,06:30-09:00",incomplete,"missing spread, quote sample"
Share_CFDs,613,Stock JP,6594.JP,NIDEC CORP,0,1.0,1.0,share,JPY,1.0,1.0,1.0,,,none,,,percent,-3.0,-3.0,FRI,,"Monday: 03:00-05:30,06:30-09:00; Tuesday: 03:00-05:30,06:30-09:00; Wednesday: 03:00-05:30,06:30-09:00; Thursday: 03:00-05:30,06:30-09:00; Friday: 03:00-05:30,06:30-09:00",incomplete,"missing spread, quote sample"
Share_CFDs,614,Stock JP,6701.JP,NEC Corp,0,1.0,1.0,share,JPY,1.0,1.0,1.0,,,none,,,percent,-3.0,-3.0,FRI,,"Monday: 03:00-05:30,06:30-09:00; Tuesday: 03:00-05:30,06:30-09:00; Wednesday: 03:00-05:30,06:30-09:00; Thursday: 03:00-05:30,06:30-09:00; Friday: 03:00-05:30,06:30-09:00",incomplete,"missing spread, quote sample"
Share_CFDs,615,Stock JP,6702.JP,Fujitsu Ltd,0,1.0,1.0,share,JPY,1.0,1.0,1.0,,,none,,,percent,-3.0,-3.0,FRI,,"Monday: 03:00-05:30,06:30-09:00; Tuesday: 03:00-05:30,06:30-09:00; Wednesday: 03:00-05:30,06:30-09:00; Thursday: 03:00-05:30,06:30-09:00; Friday: 03:00-05:30,06:30-09:00",incomplete,"missing spread, quote sample"
Share_CFDs,616,Stock JP,6723.JP,Renesas Electronics Corp,1,0.1,1.0,share,JPY,0.1,1.0,1.0,,,none,,,percent,-3.0,-3.0,FRI,,"Monday: 03:00-05:30,06:30-09:00; Tuesday: 03:00-05:30,06:30-09:00; Wednesday: 03:00-05:30,06:30-09:00; Thursday: 03:00-05:30,06:30-09:00; Friday: 03:00-05:30,06:30-09:00",incomplete,"missing spread, quote sample"
Share_CFDs,617,Stock JP,6752.JP,Panasonic Holdings Corp,1,0.1,1.0,share,JPY,0.1,1.0,1.0,,,none,,,percent,-3.0,-3.0,FRI,,"Monday: 03:00-05:30,06:30-09:00; Tuesday: 03:00-05:30,06:30-09:00; Wednesday: 03:00-05:30,06:30-09:00; Thursday: 03:00-05:30,06:30-09:00; Friday: 03:00-05:30,06:30-09:00",incomplete,"missing spread, quote sample"
Share_CFDs,618,Stock JP,6758.JP,Sony Group Corporation,0,1.0,1.0,share,JPY,1.0,1.0,1.0,,,none,,,percent,-3.0,-3.0,FRI,,"Monday: 03:00-05:30,06:30-09:00; Tuesday: 03:00-05:30,06:30-09:00; Wednesday: 03:00-05:30,06:30-09:00; Thursday: 03:00-05:30,06:30-09:00; Friday: 03:00-05:30,06:30-09:00",incomplete,"missing spread, quote sample"
Share_CFDs,619,Stock JP,6762.JP,TDK Corp,0,1.0,1.0,share,JPY,1.0,1.0,1.0,,,none,,,percent,-3.0,-3.0,FRI,,"Monday: 03:00-05:30,06:30-09:00; Tuesday: 03:00-05:30,06:30-09:00; Wednesday: 03:00-05:30,06:30-09:00; Thursday: 03:00-05:30,06:30-09:00; Friday: 03:00-05:30,06:30-09:00",incomplete,"missing spread, quote sample"
Share_CFDs,620,Stock JP,6857.JP,Advantest Corp,0,1.0,1.0,share,JPY,1.0,1.0,1.0,,,none,,,percent,-3.0,-3.0,FRI,,"Monday: 03:00-05:30,06:30-09:00; Tuesday: 03:00-05:30,06:30-09:00; Wednesday: 03:00-05:30,06:30-09:00; Thursday: 03:00-05:30,06:30-09:00; Friday: 03:00-05:30,06:30-09:00",incomplete,"missing spread, quote sample"
Share_CFDs,621,Stock JP,6861.JP,Keyence Corporation,0,1.0,1.0,share,JPY,1.0,1.0,1.0,,,none,,,percent,-3.0,-3.0,FRI,,"Monday: 03:00-05:30,06:30-09:00; Tuesday: 03:00-05:30,06:30-09:00; Wednesday: 03:00-05:30,06:30-09:00; Thursday: 03:00-05:30,06:30-09:00; Friday: 03:00-05:30,06:30-09:00",incomplete,"missing spread, quote sample"
Share_CFDs,622,Stock JP,6902.JP,Denso Corp,1,0.1,1.0,share,JPY,0.1,1.0,1.0,,,none,,,percent,-3.0,-3.0,FRI,,"Monday: 03:00-05:30,06:30-09:00; Tuesday: 03:00-05:30,06:30-09:00; Wednesday: 03:00-05:30,06:30-09:00; Thursday: 03:00-05:30,06:30-09:00; Friday: 03:00-05:30,06:30-09:00",incomplete,"missing spread, quote sample"
Share_CFDs,623,Stock JP,6920.JP,Lasertec Corp,0,1.0,1.0,share,JPY,1.0,1.0,1.0,,,none,,,percent,-3.0,-3.0,FRI,,"Monday: 03:00-05:30,06:30-09:00; Tuesday: 03:00-05:30,06:30-09:00; Wednesday: 03:00-05:30,06:30-09:00; Thursday: 03:00-05:30,06:30-09:00; Friday: 03:00-05:30,06:30-09:00",incomplete,"missing spread, quote sample"
Share_CFDs,624,Stock JP,6954.JP,FANUC Corp,0,1.0,1.0,share,JPY,1.0,1.0,1.0,,,none,,,percent,-3.0,-3.0,FRI,,"Monday: 03:00-05:30,06:30-09:00; Tuesday: 03:00-05:30,06:30-09:00; Wednesday: 03:00-05:30,06:30-09:00; Thursday: 03:00-05:30,06:30-09:00; Friday: 03:00-05:30,06:30-09:00",incomplete,"missing spread, quote sample"
Share_CFDs,625,Stock JP,6971.JP,Kyocera Corp,1,0.1,1.0,share,JPY,0.1,1.0,1.0,,,none,,,percent,-3.0,-3.0,FRI,,"Monday: 03:00-05:30,06:30-09:00; Tuesday: 03:00-05:30,06:30-09:00; Wednesday: 03:00-05:30,06:30-09:00; Thursday: 03:00-05:30,06:30-09:00; Friday: 03:00-05:30,06:30-09:00",incomplete,"missing spread, quote sample"
Share_CFDs,626,Stock JP,6981.JP,Murata Manufacturing Co Ltd,1,0.1,1.0,share,JPY,0.1,1.0,1.0,,,none,,,percent,-3.0,-3.0,FRI,,"Monday: 03:00-05:30,06:30-09:00; Tuesday: 03:00-05:30,06:30-09:00; Wednesday: 03:00-05:30,06:30-09:00; Thursday: 03:00-05:30,06:30-09:00; Friday: 03:00-05:30,06:30-09:00",incomplete,"missing spread, quote sample"
Share_CFDs,627,Stock JP,7011.JP,Mitsubishi Heavy Industries Ltd,0,1.0,1.0,share,JPY,1.0,1.0,1.0,,,none,,,percent,-3.0,-3.0,FRI,,"Monday: 03:00-05:30,06:30-09:00; Tuesday: 03:00-05:30,06:30-09:00; Wednesday: 03:00-05:30,06:30-09:00; Thursday: 03:00-05:30,06:30-09:00; Friday: 03:00-05:30,06:30-09:00",incomplete,"missing spread, quote sample"
Share_CFDs,628,Stock JP,7201.JP,Nissan Motor Co Ltd,1,0.1,1.0,share,JPY,0.1,1.0,1.0,,,none,,,percent,-3.0,-3.0,FRI,,"Monday: 03:00-05:30,06:30-09:00; Tuesday: 03:00-05:30,06:30-09:00; Wednesday: 03:00-05:30,06:30-09:00; Thursday: 03:00-05:30,06:30-09:00; Friday: 03:00-05:30,06:30-09:00",incomplete,"missing spread, quote sample"
Share_CFDs,629,Stock JP,7203.JP,Toyota Motor Corporation,1,0.1,1.0,share,JPY,0.1,1.0,1.0,,,none,,,percent,-3.0,-3.0,FRI,,"Monday: 03:00-05:30,06:30-09:00; Tuesday: 03:00-05:30,06:30-09:00; Wednesday: 03:00-05:30,06:30-09:00; Thursday: 03:00-05:30,06:30-09:00; Friday: 03:00-05:30,06:30-09:00",incomplete,"missing spread, quote sample"
Share_CFDs,630,Stock JP,7267.JP,Honda Motor Co Ltd,1,0.1,1.0,share,JPY,0.1,1.0,1.0,,,none,,,percent,-3.0,-3.0,FRI,,"Monday: 03:00-05:30,06:30-09:00; Tuesday: 03:00-05:30,06:30-09:00; Wednesday: 03:00-05:30,06:30-09:00; Thursday: 03:00-05:30,06:30-09:00; Friday: 03:00-05:30,06:30-09:00",incomplete,"missing spread, quote sample"
Share_CFDs,631,Stock JP,7269.JP,Suzuki Motor Corp,0,1.0,1.0,share,JPY,1.0,1.0,1.0,,,none,,,percent,-3.0,-3.0,FRI,,"Monday: 03:00-05:30,06:30-09:00; Tuesday: 03:00-05:30,06:30-09:00; Wednesday: 03:00-05:30,06:30-09:00; Thursday: 03:00-05:30,06:30-09:00; Friday: 03:00-05:30,06:30-09:00",incomplete,"missing spread, quote sample"
Share_CFDs,632,Stock JP,7270.JP,Subaru Corp,1,0.1,1.0,share,JPY,0.1,1.0,1.0,,,none,,,percent,-3.0,-3.0,FRI,,"Monday: 03:00-05:30,06:30-09:00; Tuesday: 03:00-05:30,06:30-09:00; Wednesday: 03:00-05:30,06:30-09:00; Thursday: 03:00-05:30,06:30-09:00; Friday: 03:00-05:30,06:30-09:00",incomplete,"missing spread, quote sample"
Share_CFDs,633,Stock JP,7733.JP,Olympus Corp,1,0.1,1.0,share,JPY,0.1,1.0,1.0,,,none,,,percent,-3.0,-3.0,FRI,,"Monday: 03:00-05:30,06:30-09:00; Tuesday: 03:00-05:30,06:30-09:00; Wednesday: 03:00-05:30,06:30-09:00; Thursday: 03:00-05:30,06:30-09:00; Friday: 03:00-05:30,06:30-09:00",incomplete,"missing spread, quote sample"
Share_CFDs,634,Stock JP,7741.JP,Hoya Corp,0,1.0,1.0,share,JPY,1.0,1.0,1.0,,,none,,,percent,-3.0,-3.0,FRI,,"Monday: 03:00-05:30,06:30-09:00; Tuesday: 03:00-05:30,06:30-09:00; Wednesday: 03:00-05:30,06:30-09:00; Thursday: 03:00-05:30,06:30-09:00; Friday: 03:00-05:30,06:30-09:00",incomplete,"missing spread, quote sample"
Share_CFDs,635,Stock JP,7751.JP,Canon Inc,0,1.0,1.0,share,JPY,1.0,1.0,1.0,,,none,,,percent,-3.0,-3.0,FRI,,"Monday: 03:00-05:30,06:30-09:00; Tuesday: 03:00-05:30,06:30-09:00; Wednesday: 03:00-05:30,06:30-09:00; Thursday: 03:00-05:30,06:30-09:00; Friday: 03:00-05:30,06:30-09:00",incomplete,"missing spread, quote sample"
Share_CFDs,636,Stock JP,7974.JP,Nintendo Co Ltd,0,1.0,1.0,share,JPY,1.0,1.0,1.0,,,none,,,percent,-3.0,-3.0,FRI,,"Monday: 03:00-05:30,06:30-09:00; Tuesday: 03:00-05:30,06:30-09:00; Wednesday: 03:00-05:30,06:30-09:00; Thursday: 03:00-05:30,06:30-09:00; Friday: 03:00-05:30,06:30-09:00",incomplete,"missing spread, quote sample"
Share_CFDs,637,Stock JP,8001.JP,ITOCHU Corp,0,1.0,1.0,share,JPY,1.0,1.0,1.0,,,none,,,percent,-3.0,-3.0,FRI,,"Monday: 03:00-05:30,06:30-09:00; Tuesday: 03:00-05:30,06:30-09:00; Wednesday: 03:00-05:30,06:30-09:00; Thursday: 03:00-05:30,06:30-09:00; Friday: 03:00-05:30,06:30-09:00",incomplete,"missing spread, quote sample"
Share_CFDs,638,Stock JP,8002.JP,Marubeni Corp,1,0.1,1.0,share,JPY,0.1,1.0,1.0,,,none,,,percent,-3.0,-3.0,FRI,,"Monday: 03:00-05:30,06:30-09:00; Tuesday: 03:00-05:30,06:30-09:00; Wednesday: 03:00-05:30,06:30-09:00; Thursday: 03:00-05:30,06:30-09:00; Friday: 03:00-05:30,06:30-09:00",incomplete,"missing spread, quote sample"
Share_CFDs,639,Stock JP,8015.JP,Toyota Tsusho Corp,0,1.0,1.0,share,JPY,1.0,1.0,1.0,,,none,,,percent,-3.0,-3.0,FRI,,"Monday: 03:00-05:30,06:30-09:00; Tuesday: 03:00-05:30,06:30-09:00; Wednesday: 03:00-05:30,06:30-09:00; Thursday: 03:00-05:30,06:30-09:00; Friday: 03:00-05:30,06:30-09:00",incomplete,"missing spread, quote sample"
Share_CFDs,640,Stock JP,8031.JP,Mitsui & Co Ltd,0,1.0,1.0,share,JPY,1.0,1.0,1.0,,,none,,,percent,-3.0,-3.0,FRI,,"Monday: 03:00-05:30,06:30-09:00; Tuesday: 03:00-05:30,06:30-09:00; Wednesday: 03:00-05:30,06:30-09:00; Thursday: 03:00-05:30,06:30-09:00; Friday: 03:00-05:30,06:30-09:00",incomplete,"missing spread, quote sample"
Share_CFDs,641,Stock JP,8035.JP,Tokyo Electron Ltd,0,1.0,1.0,share,JPY,1.0,1.0,1.0,,,none,,,percent,-3.0,-3.0,FRI,,"Monday: 03:00-05:30,06:30-09:00; Tuesday: 03:00-05:30,06:30-09:00; Wednesday: 03:00-05:30,06:30-09:00; Thursday: 03:00-05:30,06:30-09:00; Friday: 03:00-05:30,06:30-09:00",incomplete,"missing spread, quote sample"
Share_CFDs,642,Stock JP,8053.JP,Sumitomo Corp,0,1.0,1.0,share,JPY,1.0,1.0,1.0,,,none,,,percent,-3.0,-3.0,FRI,,"Monday: 03:00-05:30,06:30-09:00; Tuesday: 03:00-05:30,06:30-09:00; Wednesday: 03:00-05:30,06:30-09:00; Thursday: 03:00-05:30,06:30-09:00; Friday: 03:00-05:30,06:30-09:00",incomplete,"missing spread, quote sample"
Share_CFDs,643,Stock JP,8058.JP,Mitsubishi Corp,1,0.1,1.0,share,JPY,0.1,1.0,1.0,,,none,,,percent,-3.0,-3.0,FRI,,"Monday: 03:00-05:30,06:30-09:00; Tuesday: 03:00-05:30,06:30-09:00; Wednesday: 03:00-05:30,06:30-09:00; Thursday: 03:00-05:30,06:30-09:00; Friday: 03:00-05:30,06:30-09:00",incomplete,"missing spread, quote sample"
Share_CFDs,644,Stock JP,8267.JP,Aeon Co Ltd,0,1.0,1.0,share,JPY,1.0,1.0,1.0,,,none,,,percent,-3.0,-3.0,FRI,,"Monday: 03:00-05:30,06:30-09:00; Tuesday: 03:00-05:30,06:30-09:00; Wednesday: 03:00-05:30,06:30-09:00; Thursday: 03:00-05:30,06:30-09:00; Friday: 03:00-05:30,06:30-09:00",incomplete,"missing spread, quote sample"
Share_CFDs,645,Stock JP,8306.JP,"Mitsubishi UFJ Financial Group, Inc.",1,0.1,1.0,share,JPY,0.1,1.0,1.0,,,none,,,percent,-3.0,-3.0,FRI,,"Monday: 03:00-05:30,06:30-09:00; Tuesday: 03:00-05:30,06:30-09:00; Wednesday: 03:00-05:30,06:30-09:00; Thursday: 03:00-05:30,06:30-09:00; Friday: 03:00-05:30,06:30-09:00",incomplete,"missing spread, quote sample"
Share_CFDs,646,Stock JP,8316.JP,Sumitomo Mitsui Financial Group Inc,0,1.0,1.0,share,JPY,1.0,1.0,1.0,,,none,,,percent,-3.0,-3.0,FRI,,"Monday: 03:00-05:30,06:30-09:00; Tuesday: 03:00-05:30,06:30-09:00; Wednesday: 03:00-05:30,06:30-09:00; Thursday: 03:00-05:30,06:30-09:00; Friday: 03:00-05:30,06:30-09:00",incomplete,"missing spread, quote sample"
Share_CFDs,647,Stock JP,8411.JP,Mizuho Financial Group Inc,1,0.1,1.0,share,JPY,0.1,1.0,1.0,,,none,,,percent,-3.0,-3.0,FRI,,"Monday: 03:00-05:30,06:30-09:00; Tuesday: 03:00-05:30,06:30-09:00; Wednesday: 03:00-05:30,06:30-09:00; Thursday: 03:00-05:30,06:30-09:00; Friday: 03:00-05:30,06:30-09:00",incomplete,"missing spread, quote sample"
Share_CFDs,648,Stock JP,8591.JP,ORIX Corp,1,0.1,1.0,share,JPY,0.1,1.0,1.0,,,none,,,percent,-3.0,-3.0,FRI,,"Monday: 03:00-05:30,06:30-09:00; Tuesday: 03:00-05:30,06:30-09:00; Wednesday: 03:00-05:30,06:30-09:00; Thursday: 03:00-05:30,06:30-09:00; Friday: 03:00-05:30,06:30-09:00",incomplete,"missing spread, quote sample"
Share_CFDs,649,Stock JP,8604.JP,Nomura Holdings Inc,1,0.1,1.0,share,JPY,0.1,1.0,1.0,,,none,,,percent,-3.0,-3.0,FRI,,"Monday: 03:00-05:30,06:30-09:00; Tuesday: 03:00-05:30,06:30-09:00; Wednesday: 03:00-05:30,06:30-09:00; Thursday: 03:00-05:30,06:30-09:00; Friday: 03:00-05:30,06:30-09:00",incomplete,"missing spread, quote sample"
Share_CFDs,650,Stock JP,8630.JP,Sompo Holdings Inc,0,1.0,1.0,share,JPY,1.0,1.0,1.0,,,none,,,percent,-3.0,-3.0,FRI,,"Monday: 03:00-05:30,06:30-09:00; Tuesday: 03:00-05:30,06:30-09:00; Wednesday: 03:00-05:30,06:30-09:00; Thursday: 03:00-05:30,06:30-09:00; Friday: 03:00-05:30,06:30-09:00",incomplete,"missing spread, quote sample"
Share_CFDs,651,Stock JP,8725.JP,MS&AD Insurance Group Holdings Inc,0,1.0,1.0,share,JPY,1.0,1.0,1.0,,,none,,,percent,-3.0,-3.0,FRI,,"Monday: 03:00-05:30,06:30-09:00; Tuesday: 03:00-05:30,06:30-09:00; Wednesday: 03:00-05:30,06:30-09:00; Thursday: 03:00-05:30,06:30-09:00; Friday: 03:00-05:30,06:30-09:00",incomplete,"missing spread, quote sample"
Share_CFDs,652,Stock JP,8750.JP,Dai-ichi Life Holdings Inc,0,1.0,1.0,share,JPY,1.0,1.0,1.0,,,none,,,percent,-3.0,-3.0,FRI,,"Monday: 03:00-05:30,06:30-09:00; Tuesday: 03:00-05:30,06:30-09:00; Wednesday: 03:00-05:30,06:30-09:00; Thursday: 03:00-05:30,06:30-09:00; Friday: 03:00-05:30,06:30-09:00",incomplete,"missing spread, quote sample"
Share_CFDs,653,Stock JP,8766.JP,Tokio Marine Holdings Inc,0,1.0,1.0,share,JPY,1.0,1.0,1.0,,,none,,,percent,-3.0,-3.0,FRI,,"Monday: 03:00-05:30,06:30-09:00; Tuesday: 03:00-05:30,06:30-09:00; Wednesday: 03:00-05:30,06:30-09:00; Thursday: 03:00-05:30,06:30-09:00; Friday: 03:00-05:30,06:30-09:00",incomplete,"missing spread, quote sample"
Share_CFDs,654,Stock JP,8801.JP,Mitsui Fudosan Co Ltd,0,1.0,1.0,share,JPY,1.0,1.0,1.0,,,none,,,percent,-3.0,-3.0,FRI,,"Monday: 03:00-05:30,06:30-09:00; Tuesday: 03:00-05:30,06:30-09:00; Wednesday: 03:00-05:30,06:30-09:00; Thursday: 03:00-05:30,06:30-09:00; Friday: 03:00-05:30,06:30-09:00",incomplete,"missing spread, quote sample"
Share_CFDs,655,Stock JP,8802.JP,Mitsubishi Estate Co Ltd,1,0.1,1.0,share,JPY,0.1,1.0,1.0,,,none,,,percent,-3.0,-3.0,FRI,,"Monday: 03:00-05:30,06:30-09:00; Tuesday: 03:00-05:30,06:30-09:00; Wednesday: 03:00-05:30,06:30-09:00; Thursday: 03:00-05:30,06:30-09:00; Friday: 03:00-05:30,06:30-09:00",incomplete,"missing spread, quote sample"
Share_CFDs,656,Stock JP,9020.JP,East Japan Railway Co,0,1.0,1.0,share,JPY,1.0,1.0,1.0,,,none,,,percent,-3.0,-3.0,FRI,,"Monday: 03:00-05:30,06:30-09:00; Tuesday: 03:00-05:30,06:30-09:00; Wednesday: 03:00-05:30,06:30-09:00; Thursday: 03:00-05:30,06:30-09:00; Friday: 03:00-05:30,06:30-09:00",incomplete,"missing spread, quote sample"
Share_CFDs,657,Stock JP,9022.JP,Central Japan Railway Co,0,1.0,1.0,share,JPY,1.0,1.0,1.0,,,none,,,percent,-3.0,-3.0,FRI,,"Monday: 03:00-05:30,06:30-09:00; Tuesday: 03:00-05:30,06:30-09:00; Wednesday: 03:00-05:30,06:30-09:00; Thursday: 03:00-05:30,06:30-09:00; Friday: 03:00-05:30,06:30-09:00",incomplete,"missing spread, quote sample"
Share_CFDs,658,Stock JP,9101.JP,Nippon Yusen KK,0,1.0,1.0,share,JPY,1.0,1.0,1.0,,,none,,,percent,-3.0,-3.0,FRI,,"Monday: 03:00-05:30,06:30-09:00; Tuesday: 03:00-05:30,06:30-09:00; Wednesday: 03:00-05:30,06:30-09:00; Thursday: 03:00-05:30,06:30-09:00; Friday: 03:00-05:30,06:30-09:00",incomplete,"missing spread, quote sample"
Share_CFDs,659,Stock JP,9432.JP,NTT Inc.,1,0.1,1.0,share,JPY,0.1,1.0,1.0,,,none,,,percent,-3.0,-3.0,FRI,,"Monday: 03:00-05:30,06:30-09:00; Tuesday: 03:00-05:30,06:30-09:00; Wednesday: 03:00-05:30,06:30-09:00; Thursday: 03:00-05:30,06:30-09:00; Friday: 03:00-05:30,06:30-09:00",incomplete,"missing spread, quote sample"
Share_CFDs,660,Stock JP,9433.JP,KDDI Corp,0,1.0,1.0,share,JPY,1.0,1.0,1.0,,,none,,,percent,-3.0,-3.0,FRI,,"Monday: 03:00-05:30,06:30-09:00; Tuesday: 03:00-05:30,06:30-09:00; Wednesday: 03:00-05:30,06:30-09:00; Thursday: 03:00-05:30,06:30-09:00; Friday: 03:00-05:30,06:30-09:00",incomplete,"missing spread, quote sample"
Share_CFDs,661,Stock JP,9434.JP,SoftBank Corp,1,0.1,1.0,share,JPY,0.1,1.0,1.0,,,none,,,percent,-3.0,-3.0,FRI,,"Monday: 03:00-05:30,06:30-09:00; Tuesday: 03:00-05:30,06:30-09:00; Wednesday: 03:00-05:30,06:30-09:00; Thursday: 03:00-05:30,06:30-09:00; Friday: 03:00-05:30,06:30-09:00",incomplete,"missing spread, quote sample"
Share_CFDs,662,Stock JP,9613.JP,NTT Data Group Corp,1,0.1,1.0,share,JPY,0.1,1.0,1.0,,,none,,,percent,-3.0,-3.0,FRI,,"Monday: 03:00-05:30,06:30-09:00; Tuesday: 03:00-05:30,06:30-09:00; Wednesday: 03:00-05:30,06:30-09:00; Thursday: 03:00-05:30,06:30-09:00; Friday: 03:00-05:30,06:30-09:00",incomplete,"missing spread, quote sample"
Share_CFDs,663,Stock JP,9735.JP,Secom Co Ltd,0,1.0,1.0,share,JPY,1.0,1.0,1.0,,,none,,,percent,-3.0,-3.0,FRI,,"Monday: 03:00-05:30,06:30-09:00; Tuesday: 03:00-05:30,06:30-09:00; Wednesday: 03:00-05:30,06:30-09:00; Thursday: 03:00-05:30,06:30-09:00; Friday: 03:00-05:30,06:30-09:00",incomplete,"missing spread, quote sample"
Share_CFDs,664,Stock JP,9983.JP,Fast Retailing Co Ltd,0,1.0,1.0,share,JPY,1.0,1.0,1.0,,,none,,,percent,-3.0,-3.0,FRI,,"Monday: 03:00-05:30,06:30-09:00; Tuesday: 03:00-05:30,06:30-09:00; Wednesday: 03:00-05:30,06:30-09:00; Thursday: 03:00-05:30,06:30-09:00; Friday: 03:00-05:30,06:30-09:00",incomplete,"missing spread, quote sample"
Share_CFDs,665,Stock JP,9984.JP,SoftBank Group Corp,0,1.0,1.0,share,JPY,1.0,1.0,1.0,,,none,,,percent,-3.0,-3.0,FRI,,"Monday: 03:00-05:30,06:30-09:00; Tuesday: 03:00-05:30,06:30-09:00; Wednesday: 03:00-05:30,06:30-09:00; Thursday: 03:00-05:30,06:30-09:00; Friday: 03:00-05:30,06:30-09:00",incomplete,"missing spread, quote sample"
Share_CFDs,666,Stock EU,1COV,Covestro AG,4,0.0001,10.0,Share,EUR,0.001,1.0,1.0,11600.0,1.1600000000000001,percent_per_lot,0.2,EUR,percent,-6.0,-4.0,FRI,59.44,Monday: 10:05-18:30; Tuesday: 10:05-18:30; Wednesday: 10:05-18:30; Thursday: 10:05-18:30; Friday: 10:05-18:30,ok,
Share_CFDs,667,Stock EU,AALB,Aalberts NV,4,0.0001,10.0,Share,EUR,0.001,1.0,1.0,600.0,0.060000000000000005,percent_per_lot,0.2,EUR,percent,-6.0,-4.0,FRI,31.16,Monday: 10:05-18:30; Tuesday: 10:05-18:30; Wednesday: 10:05-18:30; Thursday: 10:05-18:30; Friday: 10:05-18:30,ok,
Share_CFDs,668,Stock EU,ABN,ABN AMRO Group N.V.,3,0.001,10.0,Share,EUR,0.01,1.0,1.0,10.0,0.01,percent_per_lot,0.2,EUR,percent,-6.0,-4.0,FRI,24.7,Monday: 10:05-18:30; Tuesday: 10:05-18:30; Wednesday: 10:05-18:30; Thursday: 10:05-18:30; Friday: 10:05-18:30,ok,
Share_CFDs,669,Stock EU,AC,Accor SA,4,0.0001,10.0,Share,EUR,0.001,1.0,1.0,100.0,0.01,percent_per_lot,0.2,EUR,percent,-6.0,-4.0,FRI,47.6,Monday: 10:05-18:30; Tuesday: 10:05-18:30; Wednesday: 10:05-18:30; Thursday: 10:05-18:30; Friday: 10:05-18:30,ok,
Share_CFDs,670,Stock EU,ACA,Credit Agricole,3,0.001,10.0,Share,EUR,0.01,1.0,1.0,10.0,0.01,percent_per_lot,0.2,EUR,percent,-6.0,-4.0,FRI,16.38,Monday: 10:05-18:30; Tuesday: 10:05-18:30; Wednesday: 10:05-18:30; Thursday: 10:05-18:30; Friday: 10:05-18:30,ok,
Share_CFDs,671,Stock EU,ADPR,Groupe ADP (Aeroports de Paris),4,0.0001,10.0,Share,EUR,0.001,1.0,1.0,2000.0,0.2,percent_per_lot,0.2,EUR,percent,-6.0,-4.0,FRI,105.6,Monday: 10:05-18:30; Tuesday: 10:05-18:30; Wednesday: 10:05-18:30; Thursday: 10:05-18:30; Friday: 10:05-18:30,ok,
Share_CFDs,672,Stock EU,ADS,adidas AG,4,0.0001,10.0,Share,EUR,0.001,1.0,1.0,2000.0,0.2,percent_per_lot,0.2,EUR,percent,-6.0,-4.0,FRI,212.3,Monday: 10:05-18:30; Tuesday: 10:05-18:30; Wednesday: 10:05-18:30; Thursday: 10:05-18:30; Friday: 10:05-18:30,ok,
Share_CFDs,673,Stock EU,ADYEN,Adyen NV,4,0.0001,1.0,Share,EUR,0.0001,1.0,1.0,4000.0,0.4,percent_per_lot,0.2,EUR,percent,-6.0,-4.0,FRI,1577.6,Monday: 10:05-18:30; Tuesday: 10:05-18:30; Wednesday: 10:05-18:30; Thursday: 10:05-18:30; Friday: 10:05-18:30,ok,
Share_CFDs,674,Stock EU,AENA,Aena SME SA,4,0.0001,10.0,Share,EUR,0.001,1.0,1.0,200.0,0.02,percent_per_lot,0.2,EUR,percent,-6.0,-4.0,FRI,23.445,Monday: 10:05-18:30; Tuesday: 10:05-18:30; Wednesday: 10:05-18:30; Thursday: 10:05-18:30; Friday: 10:05-18:30,ok,
Share_CFDs,675,Stock EU,AFX,Carl Zeiss Meditec AG,4,0.0001,10.0,Share,EUR,0.001,1.0,1.0,1000.0,0.1,percent_per_lot,0.2,EUR,percent,-6.0,-4.0,FRI,52.55,Monday: 10:05-18:30; Tuesday: 10:05-18:30; Wednesday: 10:05-18:30; Thursday: 10:05-18:30; Friday: 10:05-18:30,ok,
Share_CFDs,676,Stock EU,AGN,Aegon Ltd.,3,0.001,100.0,Share,EUR,0.1,1.0,1.0,4.0,0.004,percent_per_lot,0.2,EUR,percent,-6.0,-4.0,FRI,6.07,Monday: 10:05-18:30; Tuesday: 10:05-18:30; Wednesday: 10:05-18:30; Thursday: 10:05-18:30; Friday: 10:05-18:30,ok,
Share_CFDs,677,Stock EU,AI,Air Liquide,2,0.01,1.0,Share,EUR,0.01,1.0,1.0,4.0,0.04,percent_per_lot,0.2,EUR,percent,-6.0,-4.0,FRI,176.88,Monday: 10:05-18:30; Tuesday: 10:05-18:30; Wednesday: 10:05-18:30; Thursday: 10:05-18:30; Friday: 10:05-18:30,ok,
Share_CFDs,678,Stock EU,AIR,Airbus Group,2,0.01,1.0,Share,EUR,0.01,1.0,1.0,4.0,0.04,percent_per_lot,0.2,EUR,percent,-6.0,-4.0,FRI,182.34,Monday: 10:05-18:30; Tuesday: 10:05-18:30; Wednesday: 10:05-18:30; Thursday: 10:05-18:30; Friday: 10:05-18:30,ok,
Share_CFDs,679,Stock EU,AKZA,Akzo Nobel NV,4,0.0001,10.0,Share,EUR,0.001,1.0,1.0,400.0,0.04,percent_per_lot,0.2,EUR,percent,-6.0,-4.0,FRI,60.52,Monday: 10:05-18:30; Tuesday: 10:05-18:30; Wednesday: 10:05-18:30; Thursday: 10:05-18:30; Friday: 10:05-18:30,ok,
Share_CFDs,680,Stock EU,ALV,Allianz,2,0.01,1.0,Share,EUR,0.01,1.0,1.0,10.0,0.1,percent_per_lot,0.2,EUR,percent,-6.0,-4.0,FRI,355.5,Monday: 10:05-18:30; Tuesday: 10:05-18:30; Wednesday: 10:05-18:30; Thursday: 10:05-18:30; Friday: 10:05-18:30,ok,
Share_CFDs,681,Stock EU,AMS,Amadeus IT Group SA,4,0.0001,10.0,Share,EUR,0.001,1.0,1.0,200.0,0.02,percent_per_lot,0.2,EUR,percent,-6.0,-4.0,FRI,71.36,Monday: 10:05-18:30; Tuesday: 10:05-18:30; Wednesday: 10:05-18:30; Thursday: 10:05-18:30; Friday: 10:05-18:30,ok,
Share_CFDs,682,Stock EU,AMUN,Amundi SA,4,0.0001,10.0,Share,EUR,0.001,1.0,1.0,1000.0,0.1,percent_per_lot,0.2,EUR,percent,-6.0,-4.0,FRI,70.0,Monday: 10:05-18:30; Tuesday: 10:05-18:30; Wednesday: 10:05-18:30; Thursday: 10:05-18:30; Friday: 10:05-18:30,ok,
Share_CFDs,683,Stock EU,ANA,Acciona SA,4,0.0001,10.0,Share,EUR,0.001,1.0,1.0,1000.0,0.1,percent_per_lot,0.2,EUR,percent,-6.0,-4.0,FRI,154.4,Monday: 10:05-18:30; Tuesday: 10:05-18:30; Wednesday: 10:05-18:30; Thursday: 10:05-18:30; Friday: 10:05-18:30,ok,
Share_CFDs,684,Stock EU,ASM,ASM International NV,4,0.0001,10.0,Share,EUR,0.001,1.0,1.0,4000.0,0.4,percent_per_lot,0.2,EUR,percent,-6.0,-4.0,FRI,514.0,Monday: 10:05-18:30; Tuesday: 10:05-18:30; Wednesday: 10:05-18:30; Thursday: 10:05-18:30; Friday: 10:05-18:30,ok,
Share_CFDs,685,Stock EU,ASML,ASML N.V.,2,0.01,1.0,Share,EUR,0.01,1.0,1.0,10.0,0.1,percent_per_lot,0.2,EUR,percent,-6.0,-4.0,FRI,679.6,Monday: 10:05-18:30; Tuesday: 10:05-18:30; Wednesday: 10:05-18:30; Thursday: 10:05-18:30; Friday: 10:05-18:30,ok,
Share_CFDs,686,Stock EU,ASRNL,ASR Nederland NV,4,0.0001,10.0,Share,EUR,0.001,1.0,1.0,400.0,0.04,percent_per_lot,0.2,EUR,percent,-6.0,-4.0,FRI,56.68,Monday: 10:05-18:30; Tuesday: 10:05-18:30; Wednesday: 10:05-18:30; Thursday: 10:05-18:30; Friday: 10:05-18:30,ok,
Share_CFDs,687,Stock EU,ATOS,ATOS SE,4,0.0001,1.0,Share,EUR,0.0001,1.0,1.0,800.0,0.08,percent_per_lot,0.2,EUR,percent,-6.0,-4.0,FRI,28.71,Monday: 10:05-18:30; Tuesday: 10:05-18:30; Wednesday: 10:05-18:30; Thursday: 10:05-18:30; Friday: 10:05-18:30,ok,
Share_CFDs,688,Stock EU,BAS,Basf SE,2,0.01,1.0,Share,EUR,0.01,1.0,1.0,2.0,0.02,percent_per_lot,0.2,EUR,percent,-6.0,-4.0,FRI,43.58,Monday: 10:05-18:30; Tuesday: 10:05-18:30; Wednesday: 10:05-18:30; Thursday: 10:05-18:30; Friday: 10:05-18:30,ok,
Share_CFDs,689,Stock EU,BAYN,Bayer AG,2,0.01,1.0,Share,EUR,0.01,1.0,1.0,1.0,0.01,percent_per_lot,0.2,EUR,percent,-6.0,-4.0,FRI,27.33,Monday: 10:05-18:30; Tuesday: 10:05-18:30; Wednesday: 10:05-18:30; Thursday: 10:05-18:30; Friday: 10:05-18:30,ok,
Share_CFDs,690,Stock EU,BBVA,Banco Bilbao Vizcaya Argentaria S.A.,4,0.0001,100.0,Share,EUR,0.01,1.0,1.0,50.0,0.005,percent_per_lot,0.2,EUR,percent,-6.0,-4.0,FRI,13.61,Monday: 10:05-18:30; Tuesday: 10:05-18:30; Wednesday: 10:05-18:30; Thursday: 10:05-18:30; Friday: 10:05-18:30,ok,
Share_CFDs,691,Stock EU,BCP,Banco Comercial,4,0.0001,1000.0,Share,EUR,0.1,1.0,1.0,14.0,0.0014,percent_per_lot,0.2,EUR,percent,-6.0,-4.0,FRI,0.6768,Monday: 10:05-18:30; Tuesday: 10:05-18:30; Wednesday: 10:05-18:30; Thursday: 10:05-18:30; Friday: 10:05-18:30,ok,
Share_CFDs,692,Stock EU,BEI,Beiersdorf AG,4,0.0001,10.0,Share,EUR,0.001,1.0,1.0,1000.0,0.1,percent_per_lot,0.2,EUR,percent,-6.0,-4.0,FRI,109.4,Monday: 10:05-18:30; Tuesday: 10:05-18:30; Wednesday: 10:05-18:30; Thursday: 10:05-18:30; Friday: 10:05-18:30,ok,
Share_CFDs,693,Stock EU,BMW,Bayerische Motoren Werke AG,4,0.0001,10.0,Share,EUR,0.001,1.0,1.0,400.0,0.04,percent_per_lot,0.2,EUR,percent,-6.0,-4.0,FRI,81.98,Monday: 10:05-18:30; Tuesday: 10:05-18:30; Wednesday: 10:05-18:30; Thursday: 10:05-18:30; Friday: 10:05-18:30,ok,
Share_CFDs,694,Stock EU,BN,DANONE,4,0.0001,1.0,Share,EUR,0.0001,1.0,1.0,200.0,0.02,percent_per_lot,0.2,EUR,percent,-6.0,-4.0,FRI,68.0,Monday: 10:05-18:30; Tuesday: 10:05-18:30; Wednesday: 10:05-18:30; Thursday: 10:05-18:30; Friday: 10:05-18:30,ok,
Share_CFDs,695,Stock EU,BNP,BNP Paribas,2,0.01,10.0,Share,EUR,0.1,1.0,1.0,1.0,0.01,percent_per_lot,0.2,EUR,percent,-6.0,-4.0,FRI,78.61,Monday: 10:05-18:30; Tuesday: 10:05-18:30; Wednesday: 10:05-18:30; Thursday: 10:05-18:30; Friday: 10:05-18:30,ok,
Share_CFDs,696,Stock EU,BNR,Brenntag AG,4,0.0001,10.0,Share,EUR,0.001,1.0,1.0,400.0,0.04,percent_per_lot,0.2,EUR,percent,-6.0,-4.0,FRI,57.04,Monday: 10:05-18:30; Tuesday: 10:05-18:30; Wednesday: 10:05-18:30; Thursday: 10:05-18:30; Friday: 10:05-18:30,ok,
Share_CFDs,697,Stock EU,CA,CARREFOUR,4,0.0001,10.0,Share,EUR,0.001,1.0,1.0,50.0,0.005,percent_per_lot,0.2,EUR,percent,-6.0,-4.0,FRI,12.46,Monday: 10:05-18:30; Tuesday: 10:05-18:30; Wednesday: 10:05-18:30; Thursday: 10:05-18:30; Friday: 10:05-18:30,ok,
Share_CFDs,698,Stock EU,CABK,Caixabank,3,0.001,100.0,Share,EUR,0.1,1.0,1.0,4.0,0.004,percent_per_lot,0.2,EUR,percent,-6.0,-4.0,FRI,7.746,Monday: 10:05-18:30; Tuesday: 10:05-18:30; Wednesday: 10:05-18:30; Thursday: 10:05-18:30; Friday: 10:05-18:30,ok,
Share_CFDs,699,Stock EU,CAP,CAPGEMINI,4,0.0001,1.0,Share,EUR,0.0001,1.0,1.0,500.0,0.05,percent_per_lot,0.2,EUR,percent,-6.0,-4.0,FRI,145.55,Monday: 10:05-18:30; Tuesday: 10:05-18:30; Wednesday: 10:05-18:30; Thursday: 10:05-18:30; Friday: 10:05-18:30,ok,
Share_CFDs,700,Stock EU,CBK,Commerzbank AG,3,0.001,100.0,Share,EUR,0.1,1.0,1.0,20.0,0.02,percent_per_lot,0.2,EUR,percent,-6.0,-4.0,FRI,29.9,Monday: 10:05-18:30; Tuesday: 10:05-18:30; Wednesday: 10:05-18:30; Thursday: 10:05-18:30; Friday: 10:05-18:30,ok,
Share_CFDs,701,Stock EU,CDI,Christian Dior SE,4,0.0001,10.0,Share,EUR,0.001,1.0,1.0,22000.0,2.2,percent_per_lot,0.2,EUR,percent,-6.0,-4.0,FRI,457.8,Monday: 10:05-18:30; Tuesday: 10:05-18:30; Wednesday: 10:05-18:30; Thursday: 10:05-18:30; Friday: 10:05-18:30,ok,
Share_CFDs,702,Stock EU,CLNX,Cellnex Telecom SA,4,0.0001,10.0,Share,EUR,0.001,1.0,1.0,300.0,0.030000000000000002,percent_per_lot,0.2,EUR,percent,-6.0,-4.0,FRI,32.35,Monday: 10:05-18:30; Tuesday: 10:05-18:30; Wednesday: 10:05-18:30; Thursday: 10:05-18:30; Friday: 10:05-18:30,ok,
Share_CFDs,703,Stock EU,CON,Continental AG,2,0.01,1.0,Share,EUR,0.01,1.0,1.0,6.0,0.06,percent_per_lot,0.2,EUR,percent,-6.0,-4.0,FRI,77.62,Monday: 10:05-18:30; Tuesday: 10:05-18:30; Wednesday: 10:05-18:30; Thursday: 10:05-18:30; Friday: 10:05-18:30,ok,
Share_CFDs,704,Stock EU,CS,AXA,3,0.001,10.0,Share,EUR,0.01,1.0,1.0,10.0,0.01,percent_per_lot,0.2,EUR,percent,-6.0,-4.0,FRI,42.07,Monday: 10:05-18:30; Tuesday: 10:05-18:30; Wednesday: 10:05-18:30; Thursday: 10:05-18:30; Friday: 10:05-18:30,ok,
Share_CFDs,705,Stock EU,DAST,DASSAULT SYSTEMES,4,0.0001,1.0,Share,EUR,0.0001,1.0,1.0,200.0,0.02,percent_per_lot,0.2,EUR,percent,-6.0,-4.0,FRI,31.75,Monday: 10:05-18:30; Tuesday: 10:05-18:30; Wednesday: 10:05-18:30; Thursday: 10:05-18:30; Friday: 10:05-18:30,ok,
Share_CFDs,706,Stock EU,DB1,Deutsche Boerse AG,4,0.0001,10.0,Share,EUR,0.001,1.0,1.0,1000.0,0.1,percent_per_lot,0.2,EUR,percent,-6.0,-4.0,FRI,270.6,Monday: 10:05-18:30; Tuesday: 10:05-18:30; Wednesday: 10:05-18:30; Thursday: 10:05-18:30; Friday: 10:05-18:30,ok,
Share_CFDs,707,Stock EU,DBK,Deutsche bank AG,3,0.001,10.0,Share,EUR,0.01,1.0,1.0,10.0,0.01,percent_per_lot,0.2,EUR,percent,-6.0,-4.0,FRI,25.765,Monday: 10:05-18:30; Tuesday: 10:05-18:30; Wednesday: 10:05-18:30; Thursday: 10:05-18:30; Friday: 10:05-18:30,ok,
Share_CFDs,708,Stock EU,DG,VINCI,4,0.0001,1.0,Share,EUR,0.0001,1.0,1.0,500.0,0.05,percent_per_lot,0.2,EUR,percent,-6.0,-4.0,FRI,126.85,Monday: 10:05-18:30; Tuesday: 10:05-18:30; Wednesday: 10:05-18:30; Thursday: 10:05-18:30; Friday: 10:05-18:30,ok,
Share_CFDs,709,Stock EU,DHER,Delivery Hero SE,4,0.0001,10.0,Share,EUR,0.001,1.0,1.0,300.0,0.030000000000000002,percent_per_lot,0.2,EUR,percent,-6.0,-4.0,FRI,25.0,Monday: 10:05-18:30; Tuesday: 10:05-18:30; Wednesday: 10:05-18:30; Thursday: 10:05-18:30; Friday: 10:05-18:30,ok,
Share_CFDs,710,Stock EU,DHL,DHL Group,2,0.01,10.0,share,EUR,0.1,1.0,1.0,2.0,0.02,percent_per_lot,0.2,EUR,percent,-6.0,-4.0,FRI,39.87,Monday: 10:05-18:30; Tuesday: 10:05-18:30; Wednesday: 10:05-18:30; Thursday: 10:05-18:30; Friday: 10:05-18:30,ok,
Share_CFDs,711,Stock EU,DIM,Sartorius Stedim Biotech SA,4,0.0001,10.0,Share,EUR,0.001,1.0,1.0,8000.0,0.8,percent_per_lot,0.2,EUR,percent,-6.0,-4.0,FRI,200.6,Monday: 10:05-18:30; Tuesday: 10:05-18:30; Wednesday: 10:05-18:30; Thursday: 10:05-18:30; Friday: 10:05-18:30,ok,
Share_CFDs,712,Stock EU,DWNI,Deutsche Wohnen SE,4,0.0001,10.0,Share,EUR,0.001,1.0,1.0,500.0,0.05,percent_per_lot,0.2,EUR,percent,-6.0,-4.0,FRI,23.45,Monday: 10:05-18:30; Tuesday: 10:05-18:30; Wednesday: 10:05-18:30; Thursday: 10:05-18:30; Friday: 10:05-18:30,ok,
Share_CFDs,713,Stock EU,DWS,DWS Group GmbH & Co KGaA,4,0.0001,10.0,Share,EUR,0.001,1.0,1.0,1400.0,0.14,percent_per_lot,0.2,EUR,percent,-6.0,-4.0,FRI,49.38,Monday: 10:05-18:30; Tuesday: 10:05-18:30; Wednesday: 10:05-18:30; Thursday: 10:05-18:30; Friday: 10:05-18:30,ok,
Share_CFDs,714,Stock EU,EDP,EDP-Energias De Portugal S.A.,3,0.001,100.0,Share,EUR,0.1,1.0,1.0,47.0,0.047,percent_per_lot,0.2,EUR,percent,-6.0,-4.0,FRI,3.781,Monday: 10:05-18:30; Tuesday: 10:05-18:30; Wednesday: 10:05-18:30; Thursday: 10:05-18:30; Friday: 10:05-18:30,ok,
Share_CFDs,715,Stock EU,EL,EssilorLuxottica,4,0.0001,1.0,Share,EUR,0.0001,1.0,1.0,1000.0,0.1,percent_per_lot,0.2,EUR,percent,-6.0,-4.0,FRI,253.2,Monday: 10:05-18:30; Tuesday: 10:05-18:30; Wednesday: 10:05-18:30; Thursday: 10:05-18:30; Friday: 10:05-18:30,ok,
Share_CFDs,716,Stock EU,ELE,Endesa,3,0.001,10.0,Share,EUR,0.01,1.0,1.0,20.0,0.02,percent_per_lot,0.2,EUR,percent,-6.0,-4.0,FRI,26.54,Monday: 10:05-18:30; Tuesday: 10:05-18:30; Wednesday: 10:05-18:30; Thursday: 10:05-18:30; Friday: 10:05-18:30,ok,
Share_CFDs,717,Stock EU,EN,Bouygues,4,0.0001,10.0,Share,EUR,0.001,1.0,1.0,200.0,0.02,percent_per_lot,0.2,EUR,percent,-6.0,-4.0,FRI,39.32,Monday: 10:05-18:30; Tuesday: 10:05-18:30; Wednesday: 10:05-18:30; Thursday: 10:05-18:30; Friday: 10:05-18:30,ok,
Share_CFDs,718,Stock EU,ENGI,ENGIE,4,0.0001,10.0,Share,EUR,0.001,1.0,1.0,50.0,0.005,percent_per_lot,0.2,EUR,percent,-6.0,-4.0,FRI,19.79,Monday: 10:05-18:30; Tuesday: 10:05-18:30; Wednesday: 10:05-18:30; Thursday: 10:05-18:30; Friday: 10:05-18:30,ok,
Share_CFDs,719,Stock EU,EOAN,E.ON,3,0.001,10.0,Share,EUR,0.01,1.0,1.0,10.0,0.01,percent_per_lot,0.2,EUR,percent,-6.0,-4.0,FRI,16.025,Monday: 10:05-18:30; Tuesday: 10:05-18:30; Wednesday: 10:05-18:30; Thursday: 10:05-18:30; Friday: 10:05-18:30,ok,
Share_CFDs,720,Stock EU,FIE,Fielmann Group AG,4,0.0001,10.0,Share,EUR,0.001,1.0,1.0,2000.0,0.2,percent_per_lot,0.2,EUR,percent,-6.0,-4.0,FRI,57.3,Monday: 10:05-18:30; Tuesday: 10:05-18:30; Wednesday: 10:05-18:30; Thursday: 10:05-18:30; Friday: 10:05-18:30,ok,
Share_CFDs,721,Stock EU,FME,Fresenius Medical Care AG,4,0.0001,10.0,Share,EUR,0.001,1.0,1.0,300.0,0.030000000000000002,percent_per_lot,0.2,EUR,percent,-6.0,-4.0,FRI,46.81,Monday: 10:05-18:30; Tuesday: 10:05-18:30; Wednesday: 10:05-18:30; Thursday: 10:05-18:30; Friday: 10:05-18:30,ok,
Share_CFDs,722,Stock EU,FP,Total,3,0.001,10.0,Share,EUR,0.01,1.0,1.0,20.0,0.02,percent_per_lot,0.2,EUR,percent,-6.0,-4.0,FRI,53.33,Monday: 10:05-18:30; Tuesday: 10:05-18:30; Wednesday: 10:05-18:30; Thursday: 10:05-18:30; Friday: 10:05-18:30,ok,
Share_CFDs,723,Stock EU,FRA,Fraport AG Frankfurt Airport,4,0.0001,10.0,Share,EUR,0.001,1.0,1.0,2000.0,0.2,percent_per_lot,0.2,EUR,percent,-6.0,-4.0,FRI,64.55,Monday: 10:05-18:30; Tuesday: 10:05-18:30; Wednesday: 10:05-18:30; Thursday: 10:05-18:30; Friday: 10:05-18:30,ok,
Share_CFDs,724,Stock EU,FRE,Fresenius SE & Co KGaA,4,0.0001,10.0,Share,EUR,0.001,1.0,1.0,200.0,0.02,percent_per_lot,0.2,EUR,percent,-6.0,-4.0,FRI,42.31,Monday: 10:05-18:30; Tuesday: 10:05-18:30; Wednesday: 10:05-18:30; Thursday: 10:05-18:30; Friday: 10:05-18:30,ok,
Share_CFDs,725,Stock EU,G24,Scout24 AG,4,0.0001,10.0,Share,EUR,0.001,1.0,1.0,4000.0,0.4,percent_per_lot,0.2,EUR,percent,-6.0,-4.0,FRI,119.1,Monday: 10:05-18:30; Tuesday: 10:05-18:30; Wednesday: 10:05-18:30; Thursday: 10:05-18:30; Friday: 10:05-18:30,ok,
Share_CFDs,726,Stock EU,GALP,Galp Energia,3,0.001,10.0,Share,EUR,0.01,1.0,1.0,50.0,0.05,percent_per_lot,0.2,EUR,percent,-6.0,-4.0,FRI,16.515,Monday: 10:05-18:30; Tuesday: 10:05-18:30; Wednesday: 10:05-18:30; Thursday: 10:05-18:30; Friday: 10:05-18:30,ok,
Share_CFDs,727,Stock EU,GLE,Societe Generale,3,0.001,10.0,Share,EUR,0.01,1.0,1.0,40.0,0.04,percent_per_lot,0.2,EUR,percent,-6.0,-4.0,FRI,51.88,Monday: 10:05-18:30; Tuesday: 10:05-18:30; Wednesday: 10:05-18:30; Thursday: 10:05-18:30; Friday: 10:05-18:30,ok,
Share_CFDs,728,Stock EU,GLPG,Galapagos NV,4,0.0001,10.0,Share,EUR,0.001,1.0,1.0,400.0,0.04,percent_per_lot,0.2,EUR,percent,-6.0,-4.0,FRI,25.32,Monday: 10:05-18:30; Tuesday: 10:05-18:30; Wednesday: 10:05-18:30; Thursday: 10:05-18:30; Friday: 10:05-18:30,ok,
Share_CFDs,729,Stock EU,HEI,HeidelbergCement AG,4,0.0001,10.0,Share,EUR,0.001,1.0,1.0,2000.0,0.2,percent_per_lot,0.2,EUR,percent,-6.0,-4.0,FRI,205.0,Monday: 10:05-18:30; Tuesday: 10:05-18:30; Wednesday: 10:05-18:30; Thursday: 10:05-18:30; Friday: 10:05-18:30,ok,
Share_CFDs,730,Stock EU,HEIA,Heineken N.V.,2,0.01,10.0,Share,EUR,0.1,1.0,1.0,4.0,0.04,percent_per_lot,0.2,EUR,percent,-6.0,-4.0,FRI,74.88,Monday: 10:05-18:30; Tuesday: 10:05-18:30; Wednesday: 10:05-18:30; Thursday: 10:05-18:30; Friday: 10:05-18:30,ok,
Share_CFDs,731,Stock EU,HEN3,Henkel AG & Co KgaA,4,0.0001,10.0,Share,EUR,0.001,1.0,1.0,400.0,0.04,percent_per_lot,0.2,EUR,percent,-6.0,-4.0,FRI,67.94,Monday: 10:05-18:30; Tuesday: 10:05-18:30; Wednesday: 10:05-18:30; Thursday: 10:05-18:30; Friday: 10:05-18:30,ok,
Share_CFDs,732,Stock EU,HLAG,Hapag-Lloyd AG,4,0.0001,10.0,Share,EUR,0.001,1.0,1.0,5000.0,0.5,percent_per_lot,0.2,EUR,percent,-6.0,-4.0,FRI,128.6,Monday: 10:05-18:30; Tuesday: 10:05-18:30; Wednesday: 10:05-18:30; Thursday: 10:05-18:30; Friday: 10:05-18:30,ok,
Share_CFDs,733,Stock EU,HNR1,Hannover Rueck SE,4,0.0001,10.0,Share,EUR,0.001,1.0,1.0,2000.0,0.2,percent_per_lot,0.2,EUR,percent,-6.0,-4.0,FRI,268.2,Monday: 10:05-18:30; Tuesday: 10:05-18:30; Wednesday: 10:05-18:30; Thursday: 10:05-18:30; Friday: 10:05-18:30,ok,
Share_CFDs,734,Stock EU,HOT,Hochtief AG,4,0.0001,10.0,Share,EUR,0.001,1.0,1.0,6000.0,0.6,percent_per_lot,0.2,EUR,percent,-6.0,-4.0,FRI,173.6,Monday: 10:05-18:30; Tuesday: 10:05-18:30; Wednesday: 10:05-18:30; Thursday: 10:05-18:30; Friday: 10:05-18:30,ok,
Share_CFDs,735,Stock EU,HRMS,HERMES INTL,4,0.0001,1.0,Share,EUR,0.0001,1.0,1.0,10000.0,1.0,percent_per_lot,0.2,EUR,percent,-6.0,-4.0,FRI,2433.0,Monday: 10:05-18:30; Tuesday: 10:05-18:30; Wednesday: 10:05-18:30; Thursday: 10:05-18:30; Friday: 10:05-18:30,ok,
Share_CFDs,736,Stock EU,IBE,Iberdrola,3,0.001,100.0,Share,EUR,0.1,1.0,1.0,10.0,0.01,percent_per_lot,0.2,EUR,percent,-6.0,-4.0,FRI,15.61,Monday: 10:05-18:30; Tuesday: 10:05-18:30; Wednesday: 10:05-18:30; Thursday: 10:05-18:30; Friday: 10:05-18:30,ok,
Share_CFDs,737,Stock EU,IFX,Infineon Tech AG,3,0.001,10.0,Share,EUR,0.01,1.0,1.0,15.0,0.015,percent_per_lot,0.2,EUR,percent,-6.0,-4.0,FRI,37.895,Monday: 10:05-18:30; Tuesday: 10:05-18:30; Wednesday: 10:05-18:30; Thursday: 10:05-18:30; Friday: 10:05-18:30,ok,
Share_CFDs,738,Stock EU,IMCD,IMCD NV,4,0.0001,10.0,Share,EUR,0.001,1.0,1.0,500.0,0.05,percent_per_lot,0.2,EUR,percent,-6.0,-4.0,FRI,113.1,Monday: 10:05-18:30; Tuesday: 10:05-18:30; Wednesday: 10:05-18:30; Thursday: 10:05-18:30; Friday: 10:05-18:30,ok,
Share_CFDs,739,Stock EU,INGA,ING Groep N.V.,3,0.001,100.0,Share,EUR,0.1,1.0,1.0,4.0,0.004,percent_per_lot,0.2,EUR,percent,-6.0,-4.0,FRI,19.798,Monday: 10:05-18:30; Tuesday: 10:05-18:30; Wednesday: 10:05-18:30; Thursday: 10:05-18:30; Friday: 10:05-18:30,ok,
Share_CFDs,740,Stock EU,ITX,Ind. de diseno textil (Inditex),2,0.01,10.0,Share,EUR,0.1,1.0,1.0,2.0,0.02,percent_per_lot,0.2,EUR,percent,-6.0,-4.0,FRI,43.51,Monday: 10:05-18:30; Tuesday: 10:05-18:30; Wednesday: 10:05-18:30; Thursday: 10:05-18:30; Friday: 10:05-18:30,ok,
Share_CFDs,741,Stock EU,KBX,Knorr-Bremse AG,4,0.0001,10.0,Share,EUR,0.001,1.0,1.0,500.0,0.05,percent_per_lot,0.2,EUR,percent,-6.0,-4.0,FRI,84.75,Monday: 10:05-18:30; Tuesday: 10:05-18:30; Wednesday: 10:05-18:30; Thursday: 10:05-18:30; Friday: 10:05-18:30,ok,
Share_CFDs,742,Stock EU,KER,KERING,4,0.0001,1.0,Share,EUR,0.0001,1.0,1.0,500.0,0.05,percent_per_lot,0.2,EUR,percent,-6.0,-4.0,FRI,200.0,Monday: 10:05-18:30; Tuesday: 10:05-18:30; Wednesday: 10:05-18:30; Thursday: 10:05-18:30; Friday: 10:05-18:30,ok,
Share_CFDs,743,Stock EU,KGX,KION Group AG,4,0.0001,10.0,Share,EUR,0.001,1.0,1.0,1000.0,0.1,percent_per_lot,0.2,EUR,percent,-6.0,-4.0,FRI,53.05,Monday: 10:05-18:30; Tuesday: 10:05-18:30; Wednesday: 10:05-18:30; Thursday: 10:05-18:30; Friday: 10:05-18:30,ok,
Share_CFDs,744,Stock EU,KRN,Krones AG,4,0.0001,10.0,Share,EUR,0.001,1.0,1.0,2000.0,0.2,percent_per_lot,0.2,EUR,percent,-6.0,-4.0,FRI,141.8,Monday: 10:05-18:30; Tuesday: 10:05-18:30; Wednesday: 10:05-18:30; Thursday: 10:05-18:30; Friday: 10:05-18:30,ok,
Share_CFDs,745,Stock EU,LEG,LEG Immobilien AG,4,0.0001,10.0,Share,EUR,0.001,1.0,1.0,500.0,0.05,percent_per_lot,0.2,EUR,percent,-6.0,-4.0,FRI,72.25,Monday: 10:05-18:30; Tuesday: 10:05-18:30; Wednesday: 10:05-18:30; Thursday: 10:05-18:30; Friday: 10:05-18:30,ok,
Share_CFDs,746,Stock EU,LR,LEGRAND,4,0.0001,1.0,Share,EUR,0.0001,1.0,1.0,500.0,0.05,percent_per_lot,0.2,EUR,percent,-6.0,-4.0,FRI,113.75,Monday: 10:05-18:30; Tuesday: 10:05-18:30; Wednesday: 10:05-18:30; Thursday: 10:05-18:30; Friday: 10:05-18:30,ok,
Share_CFDs,747,Stock EU,LVMH,LVMH,2,0.01,1.0,Share,EUR,0.01,1.0,1.0,10.0,0.1,percent_per_lot,0.2,EUR,percent,-6.0,-4.0,FRI,488.25,Monday: 10:05-18:30; Tuesday: 10:05-18:30; Wednesday: 10:05-18:30; Thursday: 10:05-18:30; Friday: 10:05-18:30,ok,
Share_CFDs,748,Stock EU,MAP,Mapfre,3,0.001,100.0,Share,EUR,0.1,1.0,1.0,2.0,0.002,percent_per_lot,0.2,EUR,percent,-6.0,-4.0,FRI,3.616,Monday: 10:05-18:30; Tuesday: 10:05-18:30; Wednesday: 10:05-18:30; Thursday: 10:05-18:30; Friday: 10:05-18:30,ok,
Share_CFDs,749,Stock EU,MBG,Daimler AG,4,0.0001,10.0,Share,EUR,0.001,1.0,1.0,200.0,0.02,percent_per_lot,0.2,EUR,percent,-6.0,-4.0,FRI,52.28,Monday: 10:05-18:30; Tuesday: 10:05-18:30; Wednesday: 10:05-18:30; Thursday: 10:05-18:30; Friday: 10:05-18:30,ok,
Share_CFDs,750,Stock EU,ML,MICHELIN,4,0.0001,1.0,Share,EUR,0.0001,1.0,1.0,100.0,0.01,percent_per_lot,0.2,EUR,percent,-6.0,-4.0,FRI,32.2,Monday: 10:05-18:30; Tuesday: 10:05-18:30; Wednesday: 10:05-18:30; Thursday: 10:05-18:30; Friday: 10:05-18:30,ok,
Share_CFDs,751,Stock EU,MRCK,Merck KGaA,4,0.0001,10.0,Share,EUR,0.001,1.0,1.0,1000.0,0.1,percent_per_lot,0.2,EUR,percent,-6.0,-4.0,FRI,111.15,Monday: 10:05-18:30; Tuesday: 10:05-18:30; Wednesday: 10:05-18:30; Thursday: 10:05-18:30; Friday: 10:05-18:30,ok,
Share_CFDs,752,Stock EU,MT,ArceloMittal SA,3,0.001,10.0,Share,EUR,0.01,1.0,1.0,10.0,0.01,percent_per_lot,0.2,EUR,percent,-6.0,-4.0,FRI,28.54,Monday: 10:05-18:30; Tuesday: 10:05-18:30; Wednesday: 10:05-18:30; Thursday: 10:05-18:30; Friday: 10:05-18:30,ok,
Share_CFDs,753,Stock EU,MTX,MTU Aero Engines AG,4,0.0001,10.0,Share,EUR,0.001,1.0,1.0,2000.0,0.2,percent_per_lot,0.2,EUR,percent,-6.0,-4.0,FRI,384.2,Monday: 10:05-18:30; Tuesday: 10:05-18:30; Wednesday: 10:05-18:30; Thursday: 10:05-18:30; Friday: 10:05-18:30,ok,
Share_CFDs,754,Stock EU,MUV2,Muenchener Rueckversicherungs-Gesellschaft AG,4,0.0001,10.0,Share,EUR,0.001,1.0,1.0,2000.0,0.2,percent_per_lot,0.2,EUR,percent,-6.0,-4.0,FRI,576.6,Monday: 10:05-18:30; Tuesday: 10:05-18:30; Wednesday: 10:05-18:30; Thursday: 10:05-18:30; Friday: 10:05-18:30,ok,
Share_CFDs,755,Stock EU,NEMD,Nemetschek SE,4,0.0001,10.0,Share,EUR,0.001,1.0,1.0,1000.0,0.1,percent_per_lot,0.2,EUR,percent,-6.0,-4.0,FRI,129.2,Monday: 10:05-18:30; Tuesday: 10:05-18:30; Wednesday: 10:05-18:30; Thursday: 10:05-18:30; Friday: 10:05-18:30,ok,
Share_CFDs,756,Stock EU,NN,NN Group NV,4,0.0001,10.0,Share,EUR,0.001,1.0,1.0,200.0,0.02,percent_per_lot,0.2,EUR,percent,-6.0,-4.0,FRI,56.34,Monday: 10:05-18:30; Tuesday: 10:05-18:30; Wednesday: 10:05-18:30; Thursday: 10:05-18:30; Friday: 10:05-18:30,ok,
Share_CFDs,757,Stock EU,OR,L'oreal,2,0.01,1.0,Share,EUR,0.01,1.0,1.0,10.0,0.1,percent_per_lot,0.2,EUR,percent,-6.0,-4.0,FRI,374.8,Monday: 10:05-18:30; Tuesday: 10:05-18:30; Wednesday: 10:05-18:30; Thursday: 10:05-18:30; Friday: 10:05-18:30,ok,
Share_CFDs,758,Stock EU,PHIA,Koninklijke Philips N.V.,3,0.001,10.0,Share,EUR,0.01,1.0,1.0,10.0,0.01,percent_per_lot,0.2,EUR,percent,-6.0,-4.0,FRI,20.47,Monday: 10:05-18:30; Tuesday: 10:05-18:30; Wednesday: 10:05-18:30; Thursday: 10:05-18:30; Friday: 10:05-18:30,ok,
Share_CFDs,759,Stock EU,PRX,Prosus NV,4,0.0001,10.0,Share,EUR,0.001,1.0,1.0,200.0,0.02,percent_per_lot,0.2,EUR,percent,-6.0,-4.0,FRI,47.5,Monday: 10:05-18:30; Tuesday: 10:05-18:30; Wednesday: 10:05-18:30; Thursday: 10:05-18:30; Friday: 10:05-18:30,ok,
Share_CFDs,760,Stock EU,PUBP,PUBLICIS GROUPE SA,4,0.0001,1.0,Share,EUR,0.0001,1.0,1.0,600.0,0.060000000000000005,percent_per_lot,0.2,EUR,percent,-6.0,-4.0,FRI,89.06,Monday: 10:05-18:30; Tuesday: 10:05-18:30; Wednesday: 10:05-18:30; Thursday: 10:05-18:30; Friday: 10:05-18:30,ok,
Share_CFDs,761,Stock EU,PUM,Puma SE,4,0.0001,10.0,Share,EUR,0.001,1.0,1.0,200.0,0.02,percent_per_lot,0.2,EUR,percent,-6.0,-4.0,FRI,23.19,Monday: 10:05-18:30; Tuesday: 10:05-18:30; Wednesday: 10:05-18:30; Thursday: 10:05-18:30; Friday: 10:05-18:30,ok,
Share_CFDs,762,Stock EU,RAA,Rational AG,4,0.0001,10.0,Share,EUR,0.001,1.0,1.0,10000.0,1.0,percent_per_lot,0.2,EUR,percent,-6.0,-4.0,FRI,727.0,Monday: 10:05-18:30; Tuesday: 10:05-18:30; Wednesday: 10:05-18:30; Thursday: 10:05-18:30; Friday: 10:05-18:30,ok,
Share_CFDs,763,Stock EU,RAND,Randstad NV,4,0.0001,10.0,Share,EUR,0.001,1.0,1.0,300.0,0.030000000000000002,percent_per_lot,0.2,EUR,percent,-6.0,-4.0,FRI,41.48,Monday: 10:05-18:30; Tuesday: 10:05-18:30; Wednesday: 10:05-18:30; Thursday: 10:05-18:30; Friday: 10:05-18:30,ok,
Share_CFDs,764,Stock EU,REP,Repsol,3,0.001,10.0,Share,EUR,0.01,1.0,1.0,5.0,0.005,percent_per_lot,0.2,EUR,percent,-6.0,-4.0,FRI,12.795,Monday: 10:05-18:30; Tuesday: 10:05-18:30; Wednesday: 10:05-18:30; Thursday: 10:05-18:30; Friday: 10:05-18:30,ok,
Share_CFDs,765,Stock EU,RI,PERNOD RICARD,4,0.0001,1.0,Share,EUR,0.0001,1.0,1.0,600.0,0.060000000000000005,percent_per_lot,0.2,EUR,percent,-6.0,-4.0,FRI,92.5,Monday: 10:05-18:30; Tuesday: 10:05-18:30; Wednesday: 10:05-18:30; Thursday: 10:05-18:30; Friday: 10:05-18:30,ok,
Share_CFDs,766,Stock EU,RNO,Renault,3,0.001,10.0,Share,EUR,0.01,1.0,1.0,20.0,0.02,percent_per_lot,0.2,EUR,percent,-6.0,-4.0,FRI,41.18,Monday: 10:05-18:30; Tuesday: 10:05-18:30; Wednesday: 10:05-18:30; Thursday: 10:05-18:30; Friday: 10:05-18:30,ok,
Share_CFDs,767,Stock EU,RRTL,RTL Group,4,0.0001,10.0,Share,EUR,0.001,1.0,1.0,1000.0,0.1,percent_per_lot,0.2,EUR,percent,-6.0,-4.0,FRI,36.85,Monday: 10:05-18:30; Tuesday: 10:05-18:30; Wednesday: 10:05-18:30; Thursday: 10:05-18:30; Friday: 10:05-18:30,ok,
Share_CFDs,768,Stock EU,RWE,RWE AG,4,0.0001,10.0,Share,EUR,0.001,1.0,1.0,100.0,0.01,percent_per_lot,0.2,EUR,percent,-6.0,-4.0,FRI,36.1,Monday: 10:05-18:30; Tuesday: 10:05-18:30; Wednesday: 10:05-18:30; Thursday: 10:05-18:30; Friday: 10:05-18:30,ok,
Share_CFDs,769,Stock EU,SAB,Banco de Sabadell,4,0.0001,1000.0,Share,EUR,0.1,1.0,1.0,20.0,0.002,percent_per_lot,0.2,EUR,percent,-6.0,-4.0,FRI,3.037,Monday: 10:05-18:30; Tuesday: 10:05-18:30; Wednesday: 10:05-18:30; Thursday: 10:05-18:30; Friday: 10:05-18:30,ok,
Share_CFDs,770,Stock EU,SAF,SAFRAN,4,0.0001,1.0,Share,EUR,0.0001,1.0,1.0,1000.0,0.1,percent_per_lot,0.2,EUR,percent,-6.0,-4.0,FRI,279.3,Monday: 10:05-18:30; Tuesday: 10:05-18:30; Wednesday: 10:05-18:30; Thursday: 10:05-18:30; Friday: 10:05-18:30,ok,
Share_CFDs,771,Stock EU,SANOFI,Sanofi,2,0.01,1.0,Share,EUR,0.01,1.0,1.0,2.0,0.02,percent_per_lot,0.2,EUR,percent,-6.0,-4.0,FRI,83.34,Monday: 10:05-18:30; Tuesday: 10:05-18:30; Wednesday: 10:05-18:30; Thursday: 10:05-18:30; Friday: 10:05-18:30,ok,
Share_CFDs,772,Stock EU,SANTANDER,Banco Santander,4,0.0001,100.0,Share,EUR,0.01,1.0,1.0,30.0,0.003,percent_per_lot,0.2,EUR,percent,-6.0,-4.0,FRI,7.532,Monday: 10:05-18:30; Tuesday: 10:05-18:30; Wednesday: 10:05-18:30; Thursday: 10:05-18:30; Friday: 10:05-18:30,ok,
Share_CFDs,773,Stock EU,SAP,SAP,2,0.01,1.0,Share,EUR,0.01,1.0,1.0,10.0,0.1,percent_per_lot,0.2,EUR,percent,-6.0,-4.0,FRI,265.4,Monday: 10:05-18:30; Tuesday: 10:05-18:30; Wednesday: 10:05-18:30; Thursday: 10:05-18:30; Friday: 10:05-18:30,ok,
Share_CFDs,774,Stock EU,SGO,SAINT GOBAIN,4,0.0001,1.0,Share,EUR,0.0001,1.0,1.0,500.0,0.05,percent_per_lot,0.2,EUR,percent,-6.0,-4.0,FRI,101.35,Monday: 10:05-18:30; Tuesday: 10:05-18:30; Wednesday: 10:05-18:30; Thursday: 10:05-18:30; Friday: 10:05-18:30,ok,
Share_CFDs,775,Stock EU,SHL,Siemens Healthineers AG,4,0.0001,10.0,Share,EUR,0.001,1.0,1.0,300.0,0.030000000000000002,percent_per_lot,0.2,EUR,percent,-6.0,-4.0,FRI,47.39,Monday: 10:05-18:30; Tuesday: 10:05-18:30; Wednesday: 10:05-18:30; Thursday: 10:05-18:30; Friday: 10:05-18:30,ok,
Share_CFDs,776,Stock EU,SIE,Siemens AG,2,0.01,1.0,Share,EUR,0.01,1.0,1.0,10.0,0.1,percent_per_lot,0.2,EUR,percent,-6.0,-4.0,FRI,224.6,Monday: 10:05-18:30; Tuesday: 10:05-18:30; Wednesday: 10:05-18:30; Thursday: 10:05-18:30; Friday: 10:05-18:30,ok,
Share_CFDs,777,Stock EU,SON,Sonae,4,0.0001,1000.0,Share,EUR,0.1,1.0,1.0,20.0,0.002,percent_per_lot,0.2,EUR,percent,-6.0,-4.0,FRI,1.26,Monday: 10:05-18:30; Tuesday: 10:05-18:30; Wednesday: 10:05-18:30; Thursday: 10:05-18:30; Friday: 10:05-18:30,ok,
Share_CFDs,778,Stock EU,SRT3,Sartorius AG,4,0.0001,10.0,Share,EUR,0.001,1.0,1.0,2000.0,0.2,percent_per_lot,0.2,EUR,percent,-6.0,-4.0,FRI,218.3,Monday: 10:05-18:30; Tuesday: 10:05-18:30; Wednesday: 10:05-18:30; Thursday: 10:05-18:30; Friday: 10:05-18:30,ok,
Share_CFDs,779,Stock EU,STM,STMICROELECTRONICS,4,0.0001,10.0,Share,EUR,0.001,1.0,1.0,100.0,0.01,percent_per_lot,0.2,EUR,percent,-6.0,-4.0,FRI,27.1,Monday: 10:05-18:30; Tuesday: 10:05-18:30; Wednesday: 10:05-18:30; Thursday: 10:05-18:30; Friday: 10:05-18:30,ok,
Share_CFDs,780,Stock EU,SU,SCHNEIDER ELECTRIC,4,0.0001,1.0,Share,EUR,0.0001,1.0,1.0,1000.0,0.1,percent_per_lot,0.2,EUR,percent,-6.0,-4.0,FRI,228.05,Monday: 10:05-18:30; Tuesday: 10:05-18:30; Wednesday: 10:05-18:30; Thursday: 10:05-18:30; Friday: 10:05-18:30,ok,
Share_CFDs,781,Stock EU,SW,Sodexo SA,4,0.0001,10.0,Share,EUR,0.001,1.0,1.0,500.0,0.05,percent_per_lot,0.2,EUR,percent,-6.0,-4.0,FRI,52.0,Monday: 10:05-18:30; Tuesday: 10:05-18:30; Wednesday: 10:05-18:30; Thursday: 10:05-18:30; Friday: 10:05-18:30,ok,
Share_CFDs,782,Stock EU,SY1,Symrise AG,4,0.0001,10.0,Share,EUR,0.001,1.0,1.0,400.0,0.04,percent_per_lot,0.2,EUR,percent,-6.0,-4.0,FRI,90.74,Monday: 10:05-18:30; Tuesday: 10:05-18:30; Wednesday: 10:05-18:30; Thursday: 10:05-18:30; Friday: 10:05-18:30,ok,
Share_CFDs,783,Stock EU,TCFP,THALES,4,0.0001,1.0,Share,EUR,0.0001,1.0,1.0,2000.0,0.2,percent_per_lot,0.2,EUR,percent,-6.0,-4.0,FRI,247.1,Monday: 10:05-18:30; Tuesday: 10:05-18:30; Wednesday: 10:05-18:30; Thursday: 10:05-18:30; Friday: 10:05-18:30,ok,
Share_CFDs,784,Stock EU,TEF,Telefonica,3,0.001,100.0,Share,EUR,0.1,1.0,1.0,2.0,0.002,percent_per_lot,0.2,EUR,percent,-6.0,-4.0,FRI,4.513,Monday: 10:05-18:30; Tuesday: 10:05-18:30; Wednesday: 10:05-18:30; Thursday: 10:05-18:30; Friday: 10:05-18:30,ok,
Share_CFDs,785,Stock EU,TKWY,Takeaway.com NV,4,0.0001,10.0,Share,EUR,0.001,1.0,1.0,550.0,0.055,percent_per_lot,0.2,EUR,percent,-6.0,-4.0,FRI,19.4,Monday: 10:05-18:30; Tuesday: 10:05-18:30; Wednesday: 10:05-18:30; Thursday: 10:05-18:30; Friday: 10:05-18:30,ok,
Share_CFDs,786,Stock EU,TLX,Talanx AG,4,0.0001,10.0,Share,EUR,0.001,1.0,1.0,1000.0,0.1,percent_per_lot,0.2,EUR,percent,-6.0,-4.0,FRI,112.5,Monday: 10:05-18:30; Tuesday: 10:05-18:30; Wednesday: 10:05-18:30; Thursday: 10:05-18:30; Friday: 10:05-18:30,ok,
Share_CFDs,787,Stock EU,UNA,Unilever N.V.,3,0.001,10.0,Share,EUR,0.01,1.0,1.0,20.0,0.02,percent_per_lot,0.2,EUR,percent,-6.0,-4.0,FRI,51.72,Monday: 10:05-18:30; Tuesday: 10:05-18:30; Wednesday: 10:05-18:30; Thursday: 10:05-18:30; Friday: 10:05-18:30,ok,
Share_CFDs,788,Stock EU,URW,UNIBAIL-RODAMCO-WE,4,0.0001,1.0,Share,EUR,0.0001,1.0,1.0,600.0,0.060000000000000005,percent_per_lot,0.2,EUR,percent,-6.0,-4.0,FRI,80.58,Monday: 10:05-18:30; Tuesday: 10:05-18:30; Wednesday: 10:05-18:30; Thursday: 10:05-18:30; Friday: 10:05-18:30,ok,
Share_CFDs,789,Stock EU,UTDI,United Internet AG,4,0.0001,10.0,Share,EUR,0.001,1.0,1.0,400.0,0.04,percent_per_lot,0.2,EUR,percent,-6.0,-4.0,FRI,24.94,Monday: 10:05-18:30; Tuesday: 10:05-18:30; Wednesday: 10:05-18:30; Thursday: 10:05-18:30; Friday: 10:05-18:30,ok,
Share_CFDs,790,Stock EU,VIE,Veolia Environ,2,0.01,10.0,Share,EUR,0.1,1.0,1.0,1.0,0.01,percent_per_lot,0.2,EUR,percent,-6.0,-4.0,FRI,30.63,Monday: 10:05-18:30; Tuesday: 10:05-18:30; Wednesday: 10:05-18:30; Thursday: 10:05-18:30; Friday: 10:05-18:30,ok,
Share_CFDs,791,Stock EU,VIS,Viscofan SA,4,0.0001,10.0,Share,EUR,0.001,1.0,1.0,1000.0,0.1,percent_per_lot,0.2,EUR,percent,-6.0,-4.0,FRI,59.9,Monday: 10:05-18:30; Tuesday: 10:05-18:30; Wednesday: 10:05-18:30; Thursday: 10:05-18:30; Friday: 10:05-18:30,ok,
Share_CFDs,792,Stock EU,VIV,VIVENDI,4,0.0001,10.0,Share,EUR,0.001,1.0,1.0,30.0,0.003,percent_per_lot,0.2,EUR,percent,-6.0,-4.0,FRI,2.842,Monday: 10:05-18:30; Tuesday: 10:05-18:30; Wednesday: 10:05-18:30; Thursday: 10:05-18:30; Friday: 10:05-18:30,ok,
Share_CFDs,793,Stock EU,VNA,Vonovia SE,4,0.0001,10.0,Share,EUR,0.001,1.0,1.0,200.0,0.02,percent_per_lot,0.2,EUR,percent,-6.0,-4.0,FRI,28.6,Monday: 10:05-18:30; Tuesday: 10:05-18:30; Wednesday: 10:05-18:30; Thursday: 10:05-18:30; Friday: 10:05-18:30,ok,
Share_CFDs,794,Stock EU,VOW,Volkswagen AG,4,0.0001,10.0,Share,EUR,0.001,1.0,1.0,1500.0,0.15,percent_per_lot,0.2,EUR,percent,-6.0,-4.0,FRI,95.2,Monday: 10:05-18:30; Tuesday: 10:05-18:30; Wednesday: 10:05-18:30; Thursday: 10:05-18:30; Friday: 10:05-18:30,ok,
Share_CFDs,795,Stock EU,VPK,Koninklijke Vopak NV,4,0.0001,10.0,Share,EUR,0.001,1.0,1.0,600.0,0.060000000000000005,percent_per_lot,0.2,EUR,percent,-6.0,-4.0,FRI,40.9,Monday: 10:05-18:30; Tuesday: 10:05-18:30; Wednesday: 10:05-18:30; Thursday: 10:05-18:30; Friday: 10:05-18:30,ok,
Share_CFDs,796,Stock EU,WKL,Wolters Kluwer NV,4,0.0001,10.0,Share,EUR,0.001,1.0,1.0,1000.0,0.1,percent_per_lot,0.2,EUR,percent,-6.0,-4.0,FRI,138.75,Monday: 10:05-18:30; Tuesday: 10:05-18:30; Wednesday: 10:05-18:30; Thursday: 10:05-18:30; Friday: 10:05-18:30,ok,
Share_CFDs,797,Stock EU,ZAL,Zalando SE,4,0.0001,10.0,Share,EUR,0.001,1.0,1.0,100.0,0.01,percent_per_lot,0.2,EUR,percent,-6.0,-4.0,FRI,28.84,Monday: 10:05-18:30; Tuesday: 10:05-18:30; Wednesday: 10:05-18:30; Thursday: 10:05-18:30; Friday: 10:05-18:30,ok,
Share_CFDs,798,Stock AE,ADCB,Abu Dhabi Commercial Bank PJSC,2,0.01,10.0,share,AED,0.1,1.0,1.0,3.0,0.03,percent_per_lot,0.3,AED,percent,-6.21,-3.5,FRI,14.0,Monday: 09:00-13:44; Tuesday: 09:00-13:44; Wednesday: 09:00-13:44; Thursday: 09:00-13:44; Friday: 09:00-13:44,ok,
Share_CFDs,799,Stock AE,ADIB,Abu Dhabi Islamic Bank PJSC,2,0.01,10.0,share,AED,0.1,1.0,1.0,4.09,0.0409,percent_per_lot,0.3,AED,percent,-6.21,-3.5,FRI,22.36,Monday: 09:00-13:44; Tuesday: 09:00-13:44; Wednesday: 09:00-13:44; Thursday: 09:00-13:44; Friday: 09:00-13:44,ok,
Share_CFDs,800,Stock AE,ADNH,Abu Dhabi National Hotels Co PJSC,3,0.001,10.0,share,AED,0.01,1.0,1.0,0.32,0.00032,percent_per_lot,0.3,AED,percent,-6.21,-3.5,FRI,0.49,Monday: 09:00-13:44; Tuesday: 09:00-13:44; Wednesday: 09:00-13:44; Thursday: 09:00-13:44; Friday: 09:00-13:44,ok,
Share_CFDs,801,Stock AE,ADNOCDIST,Abu Dhabi National Oil Company for Distribution PJSC,2,0.01,10.0,share,AED,0.1,1.0,1.0,1.36,0.013600000000000001,percent_per_lot,0.3,AED,percent,-6.21,-3.5,FRI,3.68,Monday: 09:00-13:44; Tuesday: 09:00-13:44; Wednesday: 09:00-13:44; Thursday: 09:00-13:44; Friday: 09:00-13:44,ok,
Share_CFDs,802,Stock AE,ADNOCDRILL,Adnoc Drilling Company PJSC,2,0.01,10.0,share,AED,0.1,1.0,1.0,1.31,0.0131,percent_per_lot,0.3,AED,percent,-6.21,-3.5,FRI,5.79,Monday: 09:00-13:44; Tuesday: 09:00-13:44; Wednesday: 09:00-13:44; Thursday: 09:00-13:44; Friday: 09:00-13:44,ok,
Share_CFDs,803,Stock AE,ADNOCGAS,ADNOC Gas PLC,2,0.01,10.0,share,AED,0.1,1.0,1.0,1.0,0.01,percent_per_lot,0.3,AED,percent,-6.21,-3.5,FRI,3.36,Monday: 09:00-13:44; Tuesday: 09:00-13:44; Wednesday: 09:00-13:44; Thursday: 09:00-13:44; Friday: 09:00-13:44,ok,
Share_CFDs,804,Stock AE,ADNOCLS,ADNOC Logistics & Services PLC,2,0.01,10.0,share,AED,0.1,1.0,1.0,1.28,0.0128,percent_per_lot,0.3,AED,percent,-6.21,-3.5,FRI,4.73,Monday: 09:00-13:44; Tuesday: 09:00-13:44; Wednesday: 09:00-13:44; Thursday: 09:00-13:44; Friday: 09:00-13:44,ok,
Share_CFDs,805,Stock AE,ADPORTS,Abu Dhabi Ports Company Pjsc,2,0.01,10.0,share,AED,0.1,1.0,1.0,1.36,0.013600000000000001,percent_per_lot,0.3,AED,percent,-6.21,-3.5,FRI,4.14,Monday: 09:00-13:44; Tuesday: 09:00-13:44; Wednesday: 09:00-13:44; Thursday: 09:00-13:44; Friday: 09:00-13:44,ok,
Share_CFDs,806,Stock AE,ALDAR,Aldar Properties Pjsc,2,0.01,10.0,share,AED,0.1,1.0,1.0,1.57,0.015700000000000002,percent_per_lot,0.3,AED,percent,-6.21,-3.5,FRI,9.22,Monday: 09:00-13:44; Tuesday: 09:00-13:44; Wednesday: 09:00-13:44; Thursday: 09:00-13:44; Friday: 09:00-13:44,ok,
Share_CFDs,807,Stock AE,ALPHADHABI,Alpha Dhabi Holding PJSC,2,0.01,10.0,share,AED,0.1,1.0,1.0,4.67,0.0467,percent_per_lot,0.3,AED,percent,-6.21,-3.5,FRI,12.08,Monday: 09:00-13:44; Tuesday: 09:00-13:44; Wednesday: 09:00-13:44; Thursday: 09:00-13:44; Friday: 09:00-13:44,ok,
Share_CFDs,808,Stock AE,AMR,Americana Restaurants International PLC,2,0.01,10.0,share,AED,0.1,1.0,1.0,1.32,0.013200000000000002,percent_per_lot,0.3,AED,percent,-6.21,-3.5,FRI,2.22,Monday: 09:00-13:44; Tuesday: 09:00-13:44; Wednesday: 09:00-13:44; Thursday: 09:00-13:44; Friday: 09:00-13:44,ok,
Share_CFDs,809,Stock AE,BOROUGE,Borouge Plc,2,0.01,10.0,share,AED,0.1,1.0,1.0,1.3,0.013000000000000001,percent_per_lot,0.3,AED,percent,-6.21,-3.5,FRI,2.58,Monday: 09:00-13:44; Tuesday: 09:00-13:44; Wednesday: 09:00-13:44; Thursday: 09:00-13:44; Friday: 09:00-13:44,ok,
Share_CFDs,810,Stock AE,BURJEEL,Burjeel Holdings PLC,2,0.01,10.0,share,AED,0.1,1.0,1.0,1.23,0.0123,percent_per_lot,0.3,AED,percent,-6.21,-3.5,FRI,1.49,Monday: 09:00-13:44; Tuesday: 09:00-13:44; Wednesday: 09:00-13:44; Thursday: 09:00-13:44; Friday: 09:00-13:44,ok,
Share_CFDs,811,Stock AE,DANA,Dana Gas PJSC,3,0.001,10.0,share,AED,0.01,1.0,1.0,0.19,0.00019,percent_per_lot,0.3,AED,percent,-6.21,-3.5,FRI,0.744,Monday: 09:00-13:44; Tuesday: 09:00-13:44; Wednesday: 09:00-13:44; Thursday: 09:00-13:44; Friday: 09:00-13:44,ok,
Share_CFDs,812,Stock AE,ESG,Emirates Stallions Group PJSC,2,0.01,10.0,share,AED,0.1,1.0,1.0,17.76,0.1776,percent_per_lot,0.3,AED,percent,-6.21,-3.5,FRI,14.74,Monday: 09:00-13:44; Tuesday: 09:00-13:44; Wednesday: 09:00-13:44; Thursday: 09:00-13:44; Friday: 09:00-13:44,ok,
Share_CFDs,813,Stock AE,ESHRAQ,Eshraq Investments PJSC,3,0.001,10.0,share,AED,0.01,1.0,1.0,0.19,0.00019,percent_per_lot,0.3,AED,percent,-6.21,-3.5,FRI,0.484,Monday: 09:00-13:44; Tuesday: 09:00-13:44; Wednesday: 09:00-13:44; Thursday: 09:00-13:44; Friday: 09:00-13:44,ok,
Share_CFDs,814,Stock AE,IHC,International Holding Company PJSC,1,0.1,10.0,share,AED,1.0,1.0,1.0,43.79,4.3790000000000004,percent_per_lot,0.3,AED,percent,-6.21,-3.5,FRI,400.1,Monday: 09:00-13:44; Tuesday: 09:00-13:44; Wednesday: 09:00-13:44; Thursday: 09:00-13:44; Friday: 09:00-13:44,ok,
Share_CFDs,815,Stock AE,MULTIPLY,Multiply Group PJSC,2,0.01,10.0,share,AED,0.1,1.0,1.0,1.28,0.0128,percent_per_lot,0.3,AED,percent,-6.21,-3.5,FRI,2.36,Monday: 09:00-13:44; Tuesday: 09:00-13:44; Wednesday: 09:00-13:44; Thursday: 09:00-13:44; Friday: 09:00-13:44,ok,
Share_CFDs,816,Stock AE,NMDC,National Marine Dredging Company PJSC,2,0.01,10.0,share,AED,0.1,1.0,1.0,9.24,0.09240000000000001,percent_per_lot,0.3,AED,percent,-6.21,-3.5,FRI,24.7,Monday: 09:00-13:44; Tuesday: 09:00-13:44; Wednesday: 09:00-13:44; Thursday: 09:00-13:44; Friday: 09:00-13:44,ok,
Share_CFDs,817,Stock AE,PALMS,Palms Sports PJSC,2,0.01,10.0,share,AED,0.1,1.0,1.0,8.93,0.0893,percent_per_lot,0.3,AED,percent,-6.21,-3.5,FRI,7.72,Monday: 09:00-13:44; Tuesday: 09:00-13:44; Wednesday: 09:00-13:44; Thursday: 09:00-13:44; Friday: 09:00-13:44,ok,
Share_CFDs,818,ETF,AGG,iShares Core U.S. Aggregate Bond ETF,2,0.01,1.0,Share,USD,0.01,1.0,1.0,1.15,0.0115,per_trade,12.0,USD,percent,-6.88,-3.5,FRI,98.46,Monday: 16:30-23:00; Tuesday: 16:30-23:00; Wednesday: 16:30-23:00; Thursday: 16:30-23:00; Friday: 16:30-23:00,ok,
Share_CFDs,819,ETF,ARKB,ARK 21Shares Bitcoin ETF,2,0.01,1.0,share,USD,0.01,1.0,1.0,4.59,0.045899999999999996,none,,,none,,,,37.17,Monday: 16:30-23:00; Tuesday: 16:30-23:00; Wednesday: 16:30-23:00; Thursday: 16:30-23:00; Friday: 16:30-23:00,ok,
Share_CFDs,820,ETF,ARKG,ARK Genomic Revolution,2,0.01,1.0,Share,USD,0.01,1.0,1.0,1.65,0.0165,per_trade,12.0,USD,percent,-6.88,-3.5,FRI,26.07,Monday: 16:30-23:00; Tuesday: 16:30-23:00; Wednesday: 16:30-23:00; Thursday: 16:30-23:00; Friday: 16:30-23:00,ok,
Share_CFDs,821,ETF,ARKK,ARK Innovation,2,0.01,1.0,Share,USD,0.01,1.0,1.0,1.56,0.015600000000000001,per_trade,12.0,USD,percent,-6.88,-3.5,FRI,72.35,Monday: 16:30-23:00; Tuesday: 16:30-23:00; Wednesday: 16:30-23:00; Thursday: 16:30-23:00; Friday: 16:30-23:00,ok,
Share_CFDs,822,ETF,ARKQ,ARK Autonomous Tch & Rob,2,0.01,1.0,Share,USD,0.01,1.0,1.0,5.78,0.057800000000000004,per_trade,12.0,USD,percent,-6.88,-3.5,FRI,89.18,Monday: 16:30-23:00; Tuesday: 16:30-23:00; Wednesday: 16:30-23:00; Thursday: 16:30-23:00; Friday: 16:30-23:00,ok,
Share_CFDs,823,ETF,ARKW,ARK Next Gen Int ETF,2,0.01,1.0,Share,USD,0.01,1.0,1.0,16.25,0.1625,per_trade,12.0,USD,percent,-6.88,-3.5,FRI,149.99,Monday: 16:30-23:00; Tuesday: 16:30-23:00; Wednesday: 16:30-23:00; Thursday: 16:30-23:00; Friday: 16:30-23:00,ok,
Share_CFDs,824,ETF,BITB,Bitwise Bitcoin ETP Trust,2,0.01,1.0,share,USD,0.01,1.0,1.0,2.66,0.026600000000000002,none,,,none,,,,60.85,Monday: 16:30-23:00; Tuesday: 16:30-23:00; Wednesday: 16:30-23:00; Thursday: 16:30-23:00; Friday: 16:30-23:00,ok,
Share_CFDs,825,ETF,BITO,ProShares Bitcoin Strategy ETF,2,0.01,1.0,share,USD,0.01,1.0,1.0,2.17,0.0217,none,,,none,,,,21.51,Monday: 16:30-23:00; Tuesday: 16:30-23:00; Wednesday: 16:30-23:00; Thursday: 16:30-23:00; Friday: 16:30-23:00,ok,
Share_CFDs,826,ETF,BITQ,Bitwise Crypto Industry Innovators ETF,2,0.01,1.0,Share,USD,0.01,1.0,1.0,9.89,0.0989,per_trade,12.0,USD,none,,,,20.57,Monday: 16:30-23:00; Tuesday: 16:30-23:00; Wednesday: 16:30-23:00; Thursday: 16:30-23:00; Friday: 16:30-23:00,ok,
Share_CFDs,827,ETF,BKCH,Global X Blockchain ETF,2,0.01,1.0,Share,USD,0.01,1.0,1.0,34.43,0.3443,per_trade,12.0,USD,none,,,,57.78,Monday: 16:30-23:00; Tuesday: 16:30-23:00; Wednesday: 16:30-23:00; Thursday: 16:30-23:00; Friday: 16:30-23:00,ok,
Share_CFDs,828,ETF,BLCN,Siren ETF Trust Siren Nasdaq NexGen Economy ETF,2,0.01,1.0,Share,USD,0.01,1.0,1.0,105.8,1.058,per_trade,12.0,USD,none,,,,23.6,Monday: 16:30-23:00; Tuesday: 16:30-23:00; Wednesday: 16:30-23:00; Thursday: 16:30-23:00; Friday: 16:30-23:00,ok,
Share_CFDs,829,ETF,BLOK,Amplify Transformational Data Sharing ETF,2,0.01,1.0,Share,USD,0.01,1.0,1.0,9.19,0.0919,per_trade,12.0,USD,none,,,,58.5,Monday: 16:30-23:00; Tuesday: 16:30-23:00; Wednesday: 16:30-23:00; Thursday: 16:30-23:00; Friday: 16:30-23:00,ok,
Share_CFDs,830,ETF,BND,Vanguard Total Bond Market ETF,2,0.01,1.0,Share,USD,0.01,1.0,1.0,1.05,0.0105,per_trade,12.0,USD,percent,-6.88,-3.5,FRI,73.08,Monday: 16:30-23:00; Tuesday: 16:30-23:00; Wednesday: 16:30-23:00; Thursday: 16:30-23:00; Friday: 16:30-23:00,ok,
Share_CFDs,831,ETF,BNDX,Vanguard Total International Bond ETF,2,0.01,1.0,Share,USD,0.01,1.0,1.0,1.02,0.0102,per_trade,12.0,USD,percent,-6.88,-3.5,FRI,49.28,Monday: 16:30-23:00; Tuesday: 16:30-23:00; Wednesday: 16:30-23:00; Thursday: 16:30-23:00; Friday: 16:30-23:00,ok,
Share_CFDs,832,ETF,BNO,United States Brent Oil Fund LP,2,0.01,1.0,Share,USD,0.01,1.0,1.0,1.16,0.0116,per_trade,12.0,USD,percent,-6.88,-3.5,FRI,30.73,Monday: 16:30-23:00; Tuesday: 16:30-23:00; Wednesday: 16:30-23:00; Thursday: 16:30-23:00; Friday: 16:30-23:00,ok,
Share_CFDs,833,ETF,BTCO,Invesco Galaxy Bitcoin ETF,2,0.01,1.0,share,USD,0.01,1.0,1.0,12.56,0.12560000000000002,none,,,none,,,,111.51,Monday: 16:30-23:00; Tuesday: 16:30-23:00; Wednesday: 16:30-23:00; Thursday: 16:30-23:00; Friday: 16:30-23:00,ok,
Share_CFDs,834,ETF,DBA,Invesco DB Agriculture Fund,2,0.01,1.0,Share,USD,0.01,1.0,1.0,1.2,0.012,per_trade,12.0,USD,percent,-6.88,-3.5,FRI,25.9,Monday: 16:30-23:00; Tuesday: 16:30-23:00; Wednesday: 16:30-23:00; Thursday: 16:30-23:00; Friday: 16:30-23:00,ok,
Share_CFDs,835,ETF,DBC,Invesco DB Commodity Index Tracking Fund,2,0.01,1.0,Share,USD,0.01,1.0,1.0,1.09,0.010900000000000002,per_trade,12.0,USD,percent,-6.88,-3.5,FRI,22.29,Monday: 16:30-23:00; Tuesday: 16:30-23:00; Wednesday: 16:30-23:00; Thursday: 16:30-23:00; Friday: 16:30-23:00,ok,
Share_CFDs,836,ETF,EEM,iShares MSCI Emerging Markets Index Fund,2,0.01,1.0,Share,USD,0.01,1.0,1.0,1.03,0.0103,per_trade,12.0,USD,percent,-6.88,-3.5,FRI,48.27,Monday: 16:30-23:00; Tuesday: 16:30-23:00; Wednesday: 16:30-23:00; Thursday: 16:30-23:00; Friday: 16:30-23:00,ok,
Share_CFDs,837,ETF,EFA,iShares MSCI EAFE Index Fund,2,0.01,1.0,Share,USD,0.01,1.0,1.0,1.12,0.011200000000000002,per_trade,12.0,USD,percent,-6.88,-3.5,FRI,89.88,Monday: 16:30-23:00; Tuesday: 16:30-23:00; Wednesday: 16:30-23:00; Thursday: 16:30-23:00; Friday: 16:30-23:00,ok,
Share_CFDs,838,ETF,ESGV,Vanguard ESG US Stock (BATS:ESGV),2,0.01,1.0,Share,USD,0.01,1.0,1.0,2.64,0.026400000000000003,per_trade,12.0,USD,percent,-6.88,-3.5,FRI,110.7,Monday: 16:30-23:00; Tuesday: 16:30-23:00; Wednesday: 16:30-23:00; Thursday: 16:30-23:00; Friday: 16:30-23:00,ok,
Share_CFDs,839,ETF,FAS,Direxoin Daily Financial Bull 3x Shares,2,0.01,1.0,Share,USD,0.01,1.0,1.0,19.23,0.1923,per_trade,12.0,USD,percent,-6.88,-3.5,FRI,168.17,Monday: 16:30-23:00; Tuesday: 16:30-23:00; Wednesday: 16:30-23:00; Thursday: 16:30-23:00; Friday: 16:30-23:00,ok,
Share_CFDs,840,ETF,FAZ,Direxoin Daily Financial Bear 3x Shares,2,0.01,1.0,Share,USD,0.01,1.0,1.0,1.02,0.0102,per_trade,12.0,USD,percent,-6.88,-3.5,FRI,4.4,Monday: 16:30-23:00; Tuesday: 16:30-23:00; Wednesday: 16:30-23:00; Thursday: 16:30-23:00; Friday: 16:30-23:00,ok,
Share_CFDs,841,ETF,FDN,First Trust Dow Jones Internet Index Fund,2,0.01,1.0,Share,USD,0.01,1.0,1.0,11.12,0.1112,per_trade,12.0,USD,percent,-6.88,-3.5,FRI,269.4,Monday: 16:30-23:00; Tuesday: 16:30-23:00; Wednesday: 16:30-23:00; Thursday: 16:30-23:00; Friday: 16:30-23:00,ok,
Share_CFDs,842,ETF,FXI,iShares China Large-Cap ETF,2,0.01,1.0,Share,USD,0.01,1.0,1.0,1.03,0.0103,per_trade,12.0,USD,percent,-6.88,-3.5,FRI,36.17,Monday: 16:30-23:00; Tuesday: 16:30-23:00; Wednesday: 16:30-23:00; Thursday: 16:30-23:00; Friday: 16:30-23:00,ok,
Share_CFDs,843,ETF,GBTC,Grayscale Bitcoin Trust,2,0.01,1.0,share,USD,0.01,1.0,1.0,3.43,0.034300000000000004,none,,,none,,,,88.02,Monday: 16:30-23:00; Tuesday: 16:30-23:00; Wednesday: 16:30-23:00; Thursday: 16:30-23:00; Friday: 16:30-23:00,ok,
Share_CFDs,844,ETF,GDX,VanEck:Gold Miners (ARCX:GDX),2,0.01,1.0,Share,USD,0.01,1.0,1.0,1.21,0.0121,per_trade,12.0,USD,percent,-6.88,-3.5,FRI,51.48,Monday: 16:30-23:00; Tuesday: 16:30-23:00; Wednesday: 16:30-23:00; Thursday: 16:30-23:00; Friday: 16:30-23:00,ok,
Share_CFDs,845,ETF,GDXJ,VanEck:Jr Gold Miners (ARCX:GDXJ),2,0.01,1.0,Share,USD,0.01,1.0,1.0,2.26,0.0226,per_trade,12.0,USD,percent,-6.88,-3.5,FRI,67.2,Monday: 16:30-23:00; Tuesday: 16:30-23:00; Wednesday: 16:30-23:00; Thursday: 16:30-23:00; Friday: 16:30-23:00,ok,
Share_CFDs,846,ETF,GLD,SPDR Gold (ARCX:GLD),2,0.01,1.0,Share,USD,0.01,1.0,1.0,3.2,0.032,per_trade,12.0,USD,percent,-6.88,-3.5,FRI,305.43,Monday: 16:30-23:00; Tuesday: 16:30-23:00; Wednesday: 16:30-23:00; Thursday: 16:30-23:00; Friday: 16:30-23:00,ok,
Share_CFDs,847,ETF,GOAU,US Global GG&P Mtl Mine (ARCX:GOAU),2,0.01,1.0,Share,USD,0.01,1.0,1.0,42.07,0.4207,per_trade,12.0,USD,none,,,,29.05,Monday: 16:30-23:00; Tuesday: 16:30-23:00; Wednesday: 16:30-23:00; Thursday: 16:30-23:00; Friday: 16:30-23:00,ok,
Share_CFDs,848,ETF,GOEX,Glbl X Gold Explrs ETF (ARCX:GOEX),2,0.01,1.0,Share,USD,0.01,1.0,1.0,87.76,0.8776,per_trade,12.0,USD,percent,-6.88,-3.5,FRI,44.22,Monday: 16:30-23:00; Tuesday: 16:30-23:00; Wednesday: 16:30-23:00; Thursday: 16:30-23:00; Friday: 16:30-23:00,ok,
Share_CFDs,849,ETF,GRID,First Trust Nasdaq Clean Edge Smart GRID Infrastructure Index,2,0.01,1.0,Share,USD,0.01,1.0,1.0,32.7,0.327,per_trade,12.0,USD,percent,-6.88,-3.5,FRI,139.18,Monday: 16:30-23:00; Tuesday: 16:30-23:00; Wednesday: 16:30-23:00; Thursday: 16:30-23:00; Friday: 16:30-23:00,ok,
Share_CFDs,850,ETF,GSG,iShares S&P GSCI Commodity-Indexed Trust,2,0.01,1.0,Share,USD,0.01,1.0,1.0,1.12,0.011200000000000002,per_trade,12.0,USD,percent,-6.88,-3.5,FRI,22.54,Monday: 16:30-23:00; Tuesday: 16:30-23:00; Wednesday: 16:30-23:00; Thursday: 16:30-23:00; Friday: 16:30-23:00,ok,
Share_CFDs,851,ETF,IBIT,iShares Bitcoin Trust,2,0.01,1.0,share,USD,0.01,1.0,1.0,2.25,0.0225,none,,,none,,,,63.58,Monday: 16:30-23:00; Tuesday: 16:30-23:00; Wednesday: 16:30-23:00; Thursday: 16:30-23:00; Friday: 16:30-23:00,ok,
Share_CFDs,852,ETF,ICLN,iShares Global Clean Energy ETF,2,0.01,1.0,Share,USD,0.01,1.0,1.0,1.09,0.010900000000000002,per_trade,12.0,USD,percent,-6.88,-3.5,FRI,13.61,Monday: 16:30-23:00; Tuesday: 16:30-23:00; Wednesday: 16:30-23:00; Thursday: 16:30-23:00; Friday: 16:30-23:00,ok,
Share_CFDs,853,ETF,IWM,iShares Russell 2000 Index Fund,2,0.01,1.0,Share,USD,0.01,1.0,1.0,1.45,0.014499999999999999,per_trade,12.0,USD,percent,-6.88,-3.5,FRI,223.64,Monday: 16:30-23:00; Tuesday: 16:30-23:00; Wednesday: 16:30-23:00; Thursday: 16:30-23:00; Friday: 16:30-23:00,ok,
Share_CFDs,854,ETF,IYW,iShares U.S. Technology ETF,2,0.01,1.0,Share,USD,0.01,1.0,1.0,3.9,0.039,per_trade,12.0,USD,percent,-6.88,-3.5,FRI,176.34,Monday: 16:30-23:00; Tuesday: 16:30-23:00; Wednesday: 16:30-23:00; Thursday: 16:30-23:00; Friday: 16:30-23:00,ok,
Share_CFDs,855,ETF,JNUG,Direxion:Jr Mnr Bull 2X (ARCX:JNUG),2,0.01,1.0,Share,USD,0.01,1.0,1.0,9.37,0.09369999999999999,per_trade,12.0,USD,none,,,,78.04,Monday: 16:30-23:00; Tuesday: 16:30-23:00; Wednesday: 16:30-23:00; Thursday: 16:30-23:00; Friday: 16:30-23:00,ok,
Share_CFDs,856,ETF,NUGT,Direxion:Gold M Id Bl 2X (ARCX:NUGT),2,0.01,1.0,Share,USD,0.01,1.0,1.0,6.13,0.0613,per_trade,12.0,USD,percent,-6.88,-3.5,FRI,72.48,Monday: 16:30-23:00; Tuesday: 16:30-23:00; Wednesday: 16:30-23:00; Thursday: 16:30-23:00; Friday: 16:30-23:00,ok,
Share_CFDs,857,ETF,OIH,VanEck Oil Services ETF,2,0.01,1.0,Share,USD,0.01,1.0,1.0,25.31,0.2531,per_trade,12.0,USD,percent,-6.88,-3.5,FRI,247.59,Monday: 16:30-23:00; Tuesday: 16:30-23:00; Wednesday: 16:30-23:00; Thursday: 16:30-23:00; Friday: 16:30-23:00,ok,
Share_CFDs,858,ETF,QCLN,First Trust NASDAQ Clean Edge Green Energy Index Fund,2,0.01,1.0,Share,USD,0.01,1.0,1.0,5.23,0.052300000000000006,per_trade,12.0,USD,percent,-6.88,-3.5,FRI,34.52,Monday: 16:30-23:00; Tuesday: 16:30-23:00; Wednesday: 16:30-23:00; Thursday: 16:30-23:00; Friday: 16:30-23:00,ok,
Share_CFDs,859,ETF,QQQ,Invesco QQQ Trust,2,0.01,1.0,Share,USD,0.01,1.0,1.0,2.13,0.0213,per_trade,12.0,USD,percent,-6.88,-3.5,FRI,556.25,Monday: 16:30-23:00; Tuesday: 16:30-23:00; Wednesday: 16:30-23:00; Thursday: 16:30-23:00; Friday: 16:30-23:00,ok,
Share_CFDs,860,ETF,RING,iShares:MSCI Gl GMiners (XNAS:RING),2,0.01,1.0,Share,USD,0.01,1.0,1.0,9.71,0.0971,per_trade,12.0,USD,none,,,,43.52,Monday: 16:30-23:00; Tuesday: 16:30-23:00; Wednesday: 16:30-23:00; Thursday: 16:30-23:00; Friday: 16:30-23:00,ok,
Share_CFDs,861,ETF,SDS,ProShares UltraShort S&P 500 ETF,2,0.01,1.0,Share,USD,0.01,1.0,1.0,1.07,0.010700000000000001,per_trade,12.0,USD,percent,-6.88,-3.5,FRI,16.37,Monday: 16:30-23:00; Tuesday: 16:30-23:00; Wednesday: 16:30-23:00; Thursday: 16:30-23:00; Friday: 16:30-23:00,ok,
Share_CFDs,862,ETF,SGDJ,Sprott Junior Gold Mnrs (ARCX:SGDJ),2,0.01,1.0,Share,USD,0.01,1.0,1.0,49.03,0.4903,per_trade,12.0,USD,none,,,,49.5,Monday: 16:30-23:00; Tuesday: 16:30-23:00; Wednesday: 16:30-23:00; Thursday: 16:30-23:00; Friday: 16:30-23:00,ok,
Share_CFDs,863,ETF,SGDM,Sprott Gold Miners (ARCX:SGDM),2,0.01,1.0,Share,USD,0.01,1.0,1.0,52.1,0.521,per_trade,12.0,USD,none,,,,44.69,Monday: 16:30-23:00; Tuesday: 16:30-23:00; Wednesday: 16:30-23:00; Thursday: 16:30-23:00; Friday: 16:30-23:00,ok,
Share_CFDs,864,ETF,SLVP,iShares:MSCI Gl SMetal (BATS:SLVP),2,0.01,1.0,Share,USD,0.01,1.0,1.0,5.74,0.05740000000000001,per_trade,12.0,USD,none,,,,17.67,Monday: 16:30-23:00; Tuesday: 16:30-23:00; Wednesday: 16:30-23:00; Thursday: 16:30-23:00; Friday: 16:30-23:00,ok,
Share_CFDs,865,ETF,SPY,SPDR S&P 500 ETF Trust,2,0.01,1.0,Share,USD,0.01,1.0,1.0,1.34,0.0134,per_trade,12.0,USD,percent,-6.88,-3.5,FRI,624.02,Monday: 16:30-23:00; Tuesday: 16:30-23:00; Wednesday: 16:30-23:00; Thursday: 16:30-23:00; Friday: 16:30-23:00,ok,
Share_CFDs,866,ETF,SPYX,SPDR S&P 500 Foss Fl Res (ARCX:SPYX),2,0.01,1.0,Share,USD,0.01,1.0,1.0,3.49,0.0349,per_trade,12.0,USD,percent,-6.88,-3.5,FRI,51.27,Monday: 16:30-23:00; Tuesday: 16:30-23:00; Wednesday: 16:30-23:00; Thursday: 16:30-23:00; Friday: 16:30-23:00,ok,
Share_CFDs,867,ETF,TAN,Invesco Solar ETF,2,0.01,1.0,Share,USD,0.01,1.0,1.0,7.87,0.0787,per_trade,12.0,USD,percent,-6.88,-3.5,FRI,38.56,Monday: 16:30-23:00; Tuesday: 16:30-23:00; Wednesday: 16:30-23:00; Thursday: 16:30-23:00; Friday: 16:30-23:00,ok,
Share_CFDs,868,ETF,USL,United States 12 Month Oil Fund LP,2,0.01,1.0,Share,USD,0.01,1.0,1.0,18.96,0.18960000000000002,per_trade,12.0,USD,percent,-6.88,-3.5,FRI,36.37,Monday: 16:30-23:00; Tuesday: 16:30-23:00; Wednesday: 16:30-23:00; Thursday: 16:30-23:00; Friday: 16:30-23:00,ok,
Share_CFDs,869,ETF,USO,United States Oil Fund LP,2,0.01,1.0,Share,USD,0.01,1.0,1.0,1.34,0.0134,per_trade,12.0,USD,percent,-6.88,-3.5,FRI,76.91,Monday: 16:30-23:00; Tuesday: 16:30-23:00; Wednesday: 16:30-23:00; Thursday: 16:30-23:00; Friday: 16:30-23:00,ok,
Share_CFDs,870,ETF,VGT,Vanguard Information Technology ETF,2,0.01,1.0,Share,USD,0.01,1.0,1.0,23.97,0.2397,per_trade,12.0,USD,percent,-6.88,-3.5,FRI,676.5,Monday: 16:30-23:00; Tuesday: 16:30-23:00; Wednesday: 16:30-23:00; Thursday: 16:30-23:00; Friday: 16:30-23:00,ok,
Share_CFDs,871,ETF,VSGX,Vanguard ESG Intl Stock (BATS:VSGX),2,0.01,1.0,Share,USD,0.01,1.0,1.0,7.71,0.0771,per_trade,12.0,USD,percent,-6.88,-3.5,FRI,65.62,Monday: 16:30-23:00; Tuesday: 16:30-23:00; Wednesday: 16:30-23:00; Thursday: 16:30-23:00; Friday: 16:30-23:00,ok,
Share_CFDs,872,ETF,XLF,The Financial Select Sector SPDR Fund,2,0.01,1.0,Share,USD,0.01,1.0,1.0,1.05,0.0105,per_trade,12.0,USD,percent,-6.88,-3.5,FRI,52.37,Monday: 16:30-23:00; Tuesday: 16:30-23:00; Wednesday: 16:30-23:00; Thursday: 16:30-23:00; Friday: 16:30-23:00,ok,
Share_CFDs,873,ETF,XLK,Technology Select Sector SPDR Fund,2,0.01,1.0,Share,USD,0.01,1.0,1.0,2.39,0.0239,per_trade,12.0,USD,percent,-6.88,-3.5,FRI,257.82,Monday: 16:30-23:00; Tuesday: 16:30-23:00; Wednesday: 16:30-23:00; Thursday: 16:30-23:00; Friday: 16:30-23:00,ok,
Share_CFDs,874,ETF,XOP,SPDR S&P Oil and Gas Exploration and Production,2,0.01,1.0,Share,USD,0.01,1.0,1.0,4.25,0.0425,per_trade,12.0,USD,percent,-6.88,-3.5,FRI,130.7,Monday: 16:30-23:00; Tuesday: 16:30-23:00; Wednesday: 16:30-23:00; Thursday: 16:30-23:00; Friday: 16:30-23:00,ok,
Crypto,2,,ADAJPY,Cardano vs Japanese Yen,3,0.001,10000.0,ADA,JPY,10.0,0.01,0.01,412.81,0.41281,none,,,points,-84.68,-84.68,FRI,90.832,Sunday: 00:00-24:00; Monday: 00:00-24:00; Tuesday: 00:00-24:00; Wednesday: 00:00-24:00; Thursday: 00:00-24:00; Friday: 00:00-24:00; Saturday: 00:00-24:00,ok,
Crypto,3,,ADAUSD,Cardano,4,0.0001,10000.0,ADA,USD,1.0,0.01,0.01,64.0,0.0064,none,,,percent,-37.0,12.0,FRI,0.6205,Sunday: 00:00-24:00; Monday: 00:00-24:00; Tuesday: 00:00-24:00; Wednesday: 00:00-24:00; Thursday: 00:00-24:00; Friday: 00:00-24:00; Saturday: 00:00-24:00,ok,
Crypto,4,,ALGUSD,Algorand,4,0.0001,10000.0,ALG,USD,1.0,0.01,0.01,29.4,0.00294,none,,,percent,-37.0,12.0,FRI,0.1914,Sunday: 00:00-24:00; Monday: 00:00-24:00; Tuesday: 00:00-24:00; Wednesday: 00:00-24:00; Thursday: 00:00-24:00; Friday: 00:00-24:00; Saturday: 00:00-24:00,ok,
Crypto,5,,ATMUSD,Cosmos,3,0.001,1000.0,ATM,USD,1.0,0.01,0.01,76.0,0.076,none,,,percent,-37.0,12.0,FRI,4.29,Sunday: 00:00-24:00; Monday: 00:00-24:00; Tuesday: 00:00-24:00; Wednesday: 00:00-24:00; Thursday: 00:00-24:00; Friday: 00:00-24:00; Saturday: 00:00-24:00,ok,
Crypto,6,,AVAUSD,Avalanche,2,0.01,100.0,AVA,USD,1.0,0.01,0.01,45.0,0.45,none,,,percent,-37.0,12.0,FRI,19.3,Sunday: 00:00-24:00; Monday: 00:00-24:00; Tuesday: 00:00-24:00; Wednesday: 00:00-24:00; Thursday: 00:00-24:00; Friday: 00:00-24:00; Saturday: 00:00-24:00,ok,
Crypto,7,,AXSUSD,Axie Infinity,2,0.01,100.0,AXS,USD,1.0,0.01,0.01,9.0,0.09,none,,,percent,-37.0,12.0,FRI,2.25,Sunday: 00:00-24:00; Monday: 00:00-24:00; Tuesday: 00:00-24:00; Wednesday: 00:00-24:00; Thursday: 00:00-24:00; Friday: 00:00-24:00; Saturday: 00:00-24:00,ok,
Crypto,8,,BATUSD,Basic Attention Token,4,0.0001,10000.0,BAT,USD,1.0,0.01,0.01,45.24,0.004524,none,,,percent,-37.0,12.0,FRI,0.1324,Sunday: 00:00-24:00; Monday: 00:00-24:00; Tuesday: 00:00-24:00; Wednesday: 00:00-24:00; Thursday: 00:00-24:00; Friday: 00:00-24:00; Saturday: 00:00-24:00,ok,
Crypto,9,,BCHJPY,Bitcoin Cash vs Japanese Yen,0,1.0,10.0,BCH,JPY,10.0,0.01,0.01,638.39,638.39,none,,,points,-72.54,-72.54,FRI,74535.0,Sunday: 00:00-24:00; Monday: 00:00-24:00; Tuesday: 00:00-24:00; Wednesday: 00:00-24:00; Thursday: 00:00-24:00; Friday: 00:00-24:00; Saturday: 00:00-24:00,ok,
Crypto,10,,BCHUSD,Bitcoin Cash,2,0.01,10.0,BCH,USD,0.1,0.01,0.01,342.01,3.4201,none,,,percent,-37.0,12.0,FRI,511.07,Sunday: 00:00-24:00; Monday: 00:00-24:00; Tuesday: 00:00-24:00; Wednesday: 00:00-24:00; Thursday: 00:00-24:00; Friday: 00:00-24:00; Saturday: 00:00-24:00,ok,
Crypto,11,,BERAUSD,Berachain,4,0.0001,100.0,BERA,USD,0.01,0.01,0.01,110.0,0.011000000000000001,none,,,percent,-37.0,12.0,FRI,1.779,Sunday: 00:00-24:00; Monday: 00:00-24:00; Tuesday: 00:00-24:00; Wednesday: 00:00-24:00; Thursday: 00:00-24:00; Friday: 00:00-24:00; Saturday: 00:00-24:00,ok,
Crypto,12,,BNBUSD,Binance Coin,2,0.01,10.0,BNB,USD,0.1,0.01,0.01,274.0,2.74,none,,,percent,-37.0,12.0,FRI,668.76,Sunday: 00:00-24:00; Monday: 00:00-24:00; Tuesday: 00:00-24:00; Wednesday: 00:00-24:00; Thursday: 00:00-24:00; Friday: 00:00-24:00; Saturday: 00:00-24:00,ok,
Crypto,13,,BTCBCH,Bitcoin vs Bitcoin Cash,3,0.001,1.0,BTC,BCH,0.001,0.01,0.01,279.21,0.27920999999999996,none,,,points,-226.64,-226.64,FRI,216.792,Sunday: 00:00-24:00; Monday: 00:00-24:00; Tuesday: 00:00-24:00; Wednesday: 00:00-24:00; Thursday: 00:00-24:00; Friday: 00:00-24:00; Saturday: 00:00-24:00,ok,
Crypto,14,,BTCETH,Bitcoin vs Ethereum,4,0.0001,1.0,BTC,ETH,0.0001,0.01,0.01,62.4,0.00624,none,,,points,-444.46,-444.46,FRI,40.0175,Sunday: 00:00-24:00; Monday: 00:00-24:00; Tuesday: 00:00-24:00; Wednesday: 00:00-24:00; Thursday: 00:00-24:00; Friday: 00:00-24:00; Saturday: 00:00-24:00,ok,
Crypto,15,,BTCEUR,BitCoin vs Euro,2,0.01,1.0,BTC,EUR,0.01,0.01,0.01,7276.51,72.7651,none,,,points,-6097.26,3048.63,FRI,94696.87,Sunday: 00:00-24:00; Monday: 00:00-24:00; Tuesday: 00:00-24:00; Wednesday: 00:00-24:00; Thursday: 00:00-24:00; Friday: 00:00-24:00; Saturday: 00:00-24:00,ok,
Crypto,16,,BTCJPY,BitCoin vs Japanese Yen,0,1.0,1.0,BTC,JPY,1.0,0.01,0.01,2373.42,2373.42,none,,,points,-10375.78,-10375.78,FRI,16238244.0,Sunday: 00:00-24:00; Monday: 00:00-24:00; Tuesday: 00:00-24:00; Wednesday: 00:00-24:00; Thursday: 00:00-24:00; Friday: 00:00-24:00; Saturday: 00:00-24:00,ok,
Crypto,17,,BTCLTC,Bitcoin vs Litecoin,3,0.001,1.0,BTC,LTC,0.001,0.01,0.01,1048.15,1.0481500000000001,none,,,points,-1278.88,-1278.88,FRI,1218.485,Sunday: 00:00-24:00; Monday: 00:00-24:00; Tuesday: 00:00-24:00; Wednesday: 00:00-24:00; Thursday: 00:00-24:00; Friday: 00:00-24:00; Saturday: 00:00-24:00,ok,
Crypto,18,,BTCUSD,Bitcoin,2,0.01,1.0,BTC,USD,0.01,0.01,0.01,1603.0,16.03,none,,,percent,-24.0,12.0,FRI,111235.83,Sunday: 00:00-24:00; Monday: 00:00-24:00; Tuesday: 00:00-24:00; Wednesday: 00:00-24:00; Thursday: 00:00-24:00; Friday: 00:00-24:00; Saturday: 00:00-24:00,ok,
Crypto,19,,BTCXAU,Bitcoin vs Gold,5,1e-05,1.0,BTC,XAU,1e-05,0.01,0.01,801.0,0.008010000000000001,none,,,points,-3316.89,-3316.89,FRI,33.47453,Sunday: 00:00-24:00; Monday: 01:00-24:00; Tuesday: 01:00-24:00; Wednesday: 01:00-24:00; Thursday: 01:00-24:00; Friday: 01:00-24:00; Saturday: 00:00-24:00,ok,
Crypto,20,,CRVUSD,Curve,3,0.001,1000.0,CRV,USD,1.0,0.01,0.01,15.0,0.015,none,,,percent,-37.0,12.0,FRI,0.556,Sunday: 00:00-24:00; Monday: 00:00-24:00; Tuesday: 00:00-24:00; Wednesday: 00:00-24:00; Thursday: 00:00-24:00; Friday: 00:00-24:00; Saturday: 00:00-24:00,ok,
Crypto,21,,DOGUSD,Dogecoin,4,0.0001,10000.0,DOG,USD,1.0,0.01,0.01,15.0,0.0015,none,,,percent,-37.0,12.0,FRI,0.18,Sunday: 00:00-24:00; Monday: 00:00-24:00; Tuesday: 00:00-24:00; Wednesday: 00:00-24:00; Thursday: 00:00-24:00; Friday: 00:00-24:00; Saturday: 00:00-24:00,ok,
Crypto,22,,DOTUSD,Polkadot,3,0.001,100.0,DOT,USD,0.1,0.01,0.01,86.0,0.08600000000000001,none,,,percent,-37.0,12.0,FRI,3.585,Sunday: 00:00-24:00; Monday: 00:00-24:00; Tuesday: 00:00-24:00; Wednesday: 00:00-24:00; Thursday: 00:00-24:00; Friday: 00:00-24:00; Saturday: 00:00-24:00,ok,
Crypto,23,,ETCUSD,Ethereum Classic,3,0.001,100.0,ETC,USD,0.1,0.01,0.01,214.35,0.21434999999999998,none,,,percent,-37.0,12.0,FRI,17.539,Sunday: 00:00-24:00; Monday: 00:00-24:00; Tuesday: 00:00-24:00; Wednesday: 00:00-24:00; Thursday: 00:00-24:00; Friday: 00:00-24:00; Saturday: 00:00-24:00,ok,
Crypto,24,,ETHBCH,Ethereum vs Bitcoin Cash,4,0.0001,10.0,ETH,BCH,0.001,0.01,0.01,141.99,0.014199000000000002,none,,,points,-52.41,-52.41,FRI,5.4135,Sunday: 00:00-24:00; Monday: 00:00-24:00; Tuesday: 00:00-24:00; Wednesday: 00:00-24:00; Thursday: 00:00-24:00; Friday: 00:00-24:00; Saturday: 00:00-24:00,ok,
Crypto,25,,ETHEUR,Ethereum vs Euro,2,0.01,1.0,ETH,EUR,0.01,0.01,0.01,869.24,8.692400000000001,none,,,points,-217.37,70.5,FRI,2362.78,Sunday: 00:00-24:00; Monday: 00:00-24:00; Tuesday: 00:00-24:00; Wednesday: 00:00-24:00; Thursday: 00:00-24:00; Friday: 00:00-24:00; Saturday: 00:00-24:00,ok,
Crypto,26,,ETHJPY,Ethereum vs Japanese Yen,0,1.0,1.0,ETH,JPY,1.0,0.01,0.01,464.2,464.2,none,,,points,-369.9,-369.9,FRI,405547.0,Sunday: 00:00-24:00; Monday: 00:00-24:00; Tuesday: 00:00-24:00; Wednesday: 00:00-24:00; Thursday: 00:00-24:00; Friday: 00:00-24:00; Saturday: 00:00-24:00,ok,
Crypto,27,,ETHLTC,Ethereum vs Litecoin,4,0.0001,10.0,ETH,LTC,0.001,0.01,0.01,514.75,0.051475,none,,,points,-295.73,-295.73,FRI,30.4339,Sunday: 00:00-24:00; Monday: 00:00-24:00; Tuesday: 00:00-24:00; Wednesday: 00:00-24:00; Thursday: 00:00-24:00; Friday: 00:00-24:00; Saturday: 00:00-24:00,ok,
Crypto,28,,ETHUSD,Ethereum,2,0.01,1.0,ETH,USD,0.01,0.01,0.01,299.99,2.9999000000000002,none,,,percent,-37.0,12.0,FRI,2778.16,Sunday: 00:00-24:00; Monday: 00:00-24:00; Tuesday: 00:00-24:00; Wednesday: 00:00-24:00; Thursday: 00:00-24:00; Friday: 00:00-24:00; Saturday: 00:00-24:00,ok,
Crypto,29,,ETHXAU,Ethereum vs Gold,5,1e-05,1.0,ETH,XAU,1e-05,0.01,0.01,33.0,0.00033000000000000005,none,,,points,-76.7,-76.7,FRI,0.83638,Sunday: 00:00-24:00; Monday: 01:00-24:00; Tuesday: 01:00-24:00; Wednesday: 01:00-24:00; Thursday: 01:00-24:00; Friday: 01:00-24:00; Saturday: 00:00-24:00,ok,
Crypto,30,,FILUSD,Filecoin,2,0.01,100.0,FIL,USD,1.0,0.01,0.01,13.0,0.13,none,,,percent,-37.0,12.0,FRI,2.38,Sunday: 00:00-24:00; Monday: 00:00-24:00; Tuesday: 00:00-24:00; Wednesday: 00:00-24:00; Thursday: 00:00-24:00; Friday: 00:00-24:00; Saturday: 00:00-24:00,ok,
Crypto,31,,GRTUSD,The Graph,4,0.0001,10000.0,GRT,USD,1.0,0.01,0.01,17.0,0.0017000000000000001,none,,,percent,-37.0,12.0,FRI,0.0895,Sunday: 00:00-24:00; Monday: 00:00-24:00; Tuesday: 00:00-24:00; Wednesday: 00:00-24:00; Thursday: 00:00-24:00; Friday: 00:00-24:00; Saturday: 00:00-24:00,ok,
Crypto,32,,HBARUSD,Hedera,5,1e-05,10000.0,HBAR,USD,0.1,0.01,0.01,51.0,0.00051,none,,,percent,-37.0,12.0,FRI,0.1738,Sunday: 00:00-24:00; Monday: 00:00-24:00; Tuesday: 00:00-24:00; Wednesday: 00:00-24:00; Thursday: 00:00-24:00; Friday: 00:00-24:00; Saturday: 00:00-24:00,ok,
Crypto,33,,INCUSD,1inch,4,0.0001,10000.0,INC,USD,1.0,0.01,0.01,40.44,0.004044,none,,,percent,-37.0,12.0,FRI,0.2122,Sunday: 00:00-24:00; Monday: 00:00-24:00; Tuesday: 00:00-24:00; Wednesday: 00:00-24:00; Thursday: 00:00-24:00; Friday: 00:00-24:00; Saturday: 00:00-24:00,ok,
Crypto,34,,IOTUSD,IOTA,4,0.0001,10000.0,IOT,USD,1.0,0.01,0.01,39.4,0.00394,none,,,percent,-37.0,12.0,FRI,0.1713,Sunday: 00:00-24:00; Monday: 00:00-24:00; Tuesday: 00:00-24:00; Wednesday: 00:00-24:00; Thursday: 00:00-24:00; Friday: 00:00-24:00; Saturday: 00:00-24:00,ok,
Crypto,35,,LNKUSD,Chainlink,3,0.001,100.0,LNK,USD,0.1,0.01,0.01,86.0,0.08600000000000001,none,,,percent,-37.0,12.0,FRI,14.284,Sunday: 00:00-24:00; Monday: 00:00-24:00; Tuesday: 00:00-24:00; Wednesday: 00:00-24:00; Thursday: 00:00-24:00; Friday: 00:00-24:00; Saturday: 00:00-24:00,ok,
Crypto,36,,LRCUSD,Loopring,4,0.0001,10000.0,LRC,USD,1.0,0.01,0.01,16.73,0.0016730000000000002,none,,,percent,-37.0,12.0,FRI,0.0746,Sunday: 00:00-24:00; Monday: 00:00-24:00; Tuesday: 00:00-24:00; Wednesday: 00:00-24:00; Thursday: 00:00-24:00; Friday: 00:00-24:00; Saturday: 00:00-24:00,ok,
Crypto,37,,LTCJPY,Litecoin vs Japanese Yen,0,1.0,100.0,LTC,JPY,100.0,0.01,0.01,51.05,51.05,none,,,points,-12.86,-12.86,FRI,13295.0,Sunday: 00:00-24:00; Monday: 00:00-24:00; Tuesday: 00:00-24:00; Wednesday: 00:00-24:00; Thursday: 00:00-24:00; Friday: 00:00-24:00; Saturday: 00:00-24:00,ok,
Crypto,38,,LTCUSD,Litecoin,2,0.01,100.0,LTC,USD,1.0,0.01,0.01,103.0,1.03,none,,,percent,-37.0,12.0,FRI,90.75,Sunday: 00:00-24:00; Monday: 00:00-24:00; Tuesday: 00:00-24:00; Wednesday: 00:00-24:00; Thursday: 00:00-24:00; Friday: 00:00-24:00; Saturday: 00:00-24:00,ok,
Crypto,39,,MKRUSD,Maker,2,0.01,1.0,MKR,USD,0.01,0.01,0.01,2099.0,20.990000000000002,none,,,percent,-37.0,12.0,FRI,1970.26,Sunday: 00:00-24:00; Monday: 00:00-24:00; Tuesday: 00:00-24:00; Wednesday: 00:00-24:00; Thursday: 00:00-24:00; Friday: 00:00-24:00; Saturday: 00:00-24:00,ok,
Crypto,40,,NEOUSD,Neo,2,0.01,100.0,NEO,USD,1.0,0.01,0.01,15.41,0.15410000000000001,none,,,percent,-37.0,12.0,FRI,5.82,Sunday: 00:00-24:00; Monday: 00:00-24:00; Tuesday: 00:00-24:00; Wednesday: 00:00-24:00; Thursday: 00:00-24:00; Friday: 00:00-24:00; Saturday: 00:00-24:00,ok,
Crypto,41,,NERUSD,NEAR protocol,3,0.001,1000.0,NER,USD,1.0,0.01,0.01,46.0,0.046,none,,,percent,-37.0,12.0,FRI,2.321,Sunday: 00:00-24:00; Monday: 00:00-24:00; Tuesday: 00:00-24:00; Wednesday: 00:00-24:00; Thursday: 00:00-24:00; Friday: 00:00-24:00; Saturday: 00:00-24:00,ok,
Crypto,42,,NXPCUSD,Nexpace,5,1e-05,10000.0,NXPC,USD,0.1,0.01,0.01,1220.0,0.0122,none,,,percent,-37.0,12.0,FRI,0.9067,Sunday: 00:00-24:00; Monday: 00:00-24:00; Tuesday: 00:00-24:00; Wednesday: 00:00-24:00; Thursday: 00:00-24:00; Friday: 00:00-24:00; Saturday: 00:00-24:00,ok,
Crypto,43,,ONDOUSD,Ondo,4,0.0001,1000.0,ONDO,USD,0.1,0.01,0.01,82.0,0.0082,none,,,percent,-37.0,12.0,FRI,0.8344,Sunday: 00:00-24:00; Monday: 00:00-24:00; Tuesday: 00:00-24:00; Wednesday: 00:00-24:00; Thursday: 00:00-24:00; Friday: 00:00-24:00; Saturday: 00:00-24:00,ok,
Crypto,44,,ONEUSD,Harmony,5,1e-05,100000.0,ONE,USD,1.0,0.01,0.01,38.0,0.00038,none,,,percent,-37.0,12.0,FRI,0.01028,Sunday: 00:00-24:00; Monday: 00:00-24:00; Tuesday: 00:00-24:00; Wednesday: 00:00-24:00; Thursday: 00:00-24:00; Friday: 00:00-24:00; Saturday: 00:00-24:00,ok,
Crypto,45,,SANUSD,The Sandbox,4,0.0001,1000.0,SAN,USD,0.1,0.01,0.01,111.0,0.0111,none,,,percent,-37.0,12.0,FRI,0.2636,Sunday: 00:00-24:00; Monday: 00:00-24:00; Tuesday: 00:00-24:00; Wednesday: 00:00-24:00; Thursday: 00:00-24:00; Friday: 00:00-24:00; Saturday: 00:00-24:00,ok,
Crypto,46,,SHBUSD,10000SHIBA,4,0.0001,10000.0,SHB,USD,1.0,0.01,0.01,53.0,0.0053,none,,,percent,-37.0,12.0,FRI,0.1213,Sunday: 00:00-24:00; Monday: 00:00-24:00; Tuesday: 00:00-24:00; Wednesday: 00:00-24:00; Thursday: 00:00-24:00; Friday: 00:00-24:00; Saturday: 00:00-24:00,ok,
Crypto,47,,SOLJPY,Solana vs Japanese Yen,1,0.1,10.0,SOL,JPY,1.0,0.01,0.01,1579.8,157.98000000000002,none,,,points,-218.12,-218.12,FRI,23033.4,Sunday: 00:00-24:00; Monday: 00:00-24:00; Tuesday: 00:00-24:00; Wednesday: 00:00-24:00; Thursday: 00:00-24:00; Friday: 00:00-24:00; Saturday: 00:00-24:00,ok,
Crypto,48,,SOLUSD,Solana,2,0.01,10.0,SOL,USD,0.1,0.01,0.01,54.0,0.54,none,,,percent,-37.0,12.0,FRI,158.06,Sunday: 00:00-24:00; Monday: 00:00-24:00; Tuesday: 00:00-24:00; Wednesday: 00:00-24:00; Thursday: 00:00-24:00; Friday: 00:00-24:00; Saturday: 00:00-24:00,ok,
Crypto,49,,SUSUSD,Sushi,3,0.001,1000.0,SUS,USD,1.0,0.01,0.01,8.44,0.00844,none,,,percent,-37.0,12.0,FRI,0.66,Sunday: 00:00-24:00; Monday: 00:00-24:00; Tuesday: 00:00-24:00; Wednesday: 00:00-24:00; Thursday: 00:00-24:00; Friday: 00:00-24:00; Saturday: 00:00-24:00,ok,
Crypto,50,,TRUMPUSD,TrumpCoin,3,0.001,100.0,TRUMP,USD,0.1,0.01,0.01,40.0,0.04,none,,,percent,-37.0,12.0,FRI,9.15,Sunday: 00:00-24:00; Monday: 00:00-24:00; Tuesday: 00:00-24:00; Wednesday: 00:00-24:00; Thursday: 00:00-24:00; Friday: 00:00-24:00; Saturday: 00:00-24:00,ok,
Crypto,51,,TRXUSD,TRON,5,1e-05,100000.0,TRX,USD,1.0,0.01,0.01,101.37,0.0010137000000000002,none,,,percent,-37.0,12.0,FRI,0.29035,Sunday: 00:00-24:00; Monday: 00:00-24:00; Tuesday: 00:00-24:00; Wednesday: 00:00-24:00; Thursday: 00:00-24:00; Friday: 00:00-24:00; Saturday: 00:00-24:00,ok,
Crypto,52,,UNIUSD,Uniswap,3,0.001,100.0,UNI,USD,0.1,0.01,0.01,77.0,0.077,none,,,percent,-37.0,12.0,FRI,8.184,Sunday: 00:00-24:00; Monday: 00:00-24:00; Tuesday: 00:00-24:00; Wednesday: 00:00-24:00; Thursday: 00:00-24:00; Friday: 00:00-24:00; Saturday: 00:00-24:00,ok,
Crypto,53,,USDTJPY,Tether vs Japanese Yen,3,0.001,100000.0,USDT,JPY,100.0,0.01,0.01,23.47,0.023469999999999998,none,,,points,-108.4,-108.4,WED,146.008,Monday: 00:00-24:00; Tuesday: 00:00-24:00; Wednesday: 00:00-24:00; Thursday: 00:00-24:00; Friday: 00:00-24:00,ok,
Crypto,54,,WIFUSD,Dogwifhat,3,0.001,1000.0,WIF,USD,1.0,0.01,0.01,4.0,0.004,none,,,percent,-37.0,12.0,FRI,0.95,Sunday: 00:00-24:00; Monday: 00:00-24:00; Tuesday: 00:00-24:00; Wednesday: 00:00-24:00; Thursday: 00:00-24:00; Friday: 00:00-24:00; Saturday: 00:00-24:00,ok,
Crypto,55,,XLMJPY,Stellar Lumens vs Japanese Yen,4,0.0001,10000.0,XLM,JPY,1.0,0.01,0.01,2073.34,0.20733400000000002,none,,,points,-354.02,-354.02,FRI,42.9536,Sunday: 00:00-24:00; Monday: 00:00-24:00; Tuesday: 00:00-24:00; Wednesday: 00:00-24:00; Thursday: 00:00-24:00; Friday: 00:00-24:00; Saturday: 00:00-24:00,ok,
Crypto,56,,XLMUSD,Stellar Lumens,4,0.0001,10000.0,XLM,USD,1.0,0.01,0.01,26.29,0.002629,none,,,percent,-37.0,12.0,FRI,0.2937,Sunday: 00:00-24:00; Monday: 00:00-24:00; Tuesday: 00:00-24:00; Wednesday: 00:00-24:00; Thursday: 00:00-24:00; Friday: 00:00-24:00; Saturday: 00:00-24:00,ok,
Crypto,57,,XRPJPY,Ripple vs Japanese Yen,3,0.001,10000.0,XRP,JPY,10.0,0.01,0.01,351.81,0.35181,none,,,points,-329.69,-329.69,FRI,354.412,Sunday: 00:00-24:00; Monday: 00:00-24:00; Tuesday: 00:00-24:00; Wednesday: 00:00-24:00; Thursday: 00:00-24:00; Friday: 00:00-24:00; Saturday: 00:00-24:00,ok,
Crypto,58,,XRPUSD,Ripple,4,0.0001,10000.0,XRP,USD,1.0,0.01,0.01,83.0,0.0083,none,,,percent,-37.0,12.0,FRI,2.425,Sunday: 00:00-24:00; Monday: 00:00-24:00; Tuesday: 00:00-24:00; Wednesday: 00:00-24:00; Thursday: 00:00-24:00; Friday: 00:00-24:00; Saturday: 00:00-24:00,ok,
Crypto,59,,XTZUSD,Tezos,4,0.0001,1000.0,XTZ,USD,0.1,0.01,0.01,101.0,0.010100000000000001,none,,,percent,-37.0,12.0,FRI,0.5564,Sunday: 00:00-24:00; Monday: 00:00-24:00; Tuesday: 00:00-24:00; Wednesday: 00:00-24:00; Thursday: 00:00-24:00; Friday: 00:00-24:00; Saturday: 00:00-24:00,ok,
Crypto,60,,ZECUSD,Zcash,2,0.01,100.0,ZEC,USD,1.0,0.01,0.01,61.5,0.615,none,,,percent,-37.0,12.0,FRI,41.18,Sunday: 00:00-24:00; Monday: 00:00-24:00; Tuesday: 00:00-24:00; Wednesday: 00:00-24:00; Thursday: 00:00-24:00; Friday: 00:00-24:00; Saturday: 00:00-24:00,ok,
Bond_CFDs,2,,EUB10Y,Euro - Bund Futures,2,0.01,1.0,Contract,EUR,0.01,1.0,1.0,3.12,0.031200000000000002,none,,,none,,,,129.96,Monday: 03:15-23:00; Tuesday: 03:15-23:00; Wednesday: 03:15-23:00; Thursday: 03:15-23:00; Friday: 03:15-23:00,ok,
Bond_CFDs,3,,EUB2Y,Euro - Schatz Futures,2,0.01,1.0,Contract,EUR,0.01,1.0,1.0,3.0,0.03,none,,,none,,,,107.24,Monday: 03:15-23:00; Tuesday: 03:15-23:00; Wednesday: 03:15-23:00; Thursday: 03:15-23:00; Friday: 03:15-23:00,ok,
Bond_CFDs,4,,EUB30Y,Euro - BUXL Futures,2,0.01,1.0,Contract,EUR,0.01,1.0,1.0,3.02,0.0302,none,,,none,,,,118.06,Monday: 03:15-23:00; Tuesday: 03:15-23:00; Wednesday: 03:15-23:00; Thursday: 03:15-23:00; Friday: 03:15-23:00,ok,
Bond_CFDs,5,,EUB5Y,Euro - BOBL Futures,2,0.01,1.0,Contract,EUR,0.01,1.0,1.0,3.0,0.03,none,,,none,,,,117.6,Monday: 03:15-23:00; Tuesday: 03:15-23:00; Wednesday: 03:15-23:00; Thursday: 03:15-23:00; Friday: 03:15-23:00,ok,
Bond_CFDs,6,,EURIBOR3M,EURIBOR Futures,3,0.001,1.0,Contract,EUR,0.001,1.0,1.0,39.67,0.039670000000000004,none,,,none,,,,98.084,Monday: 03:00-23:00; Tuesday: 03:00-23:00; Wednesday: 03:00-23:00; Thursday: 03:00-23:00; Friday: 03:00-23:00,ok,
Bond_CFDs,7,,LongGilt,UK Long Gilt Futures,2,0.01,1.0,Contract,GBP,0.01,1.0,1.0,2.0,0.02,none,,,none,,,,91.89,Monday: 10:00-20:00; Tuesday: 10:00-20:00; Wednesday: 10:00-20:00; Thursday: 10:00-20:00; Friday: 10:00-20:00,ok,
Bond_CFDs,8,,USNote10Y,US 10 YR T-Note Futures Decimalised,2,0.01,1.0,Contract,USD,0.01,1.0,1.0,3.5,0.035,none,,,none,,,,111.32,Monday: 01:00-24:00; Tuesday: 01:00-24:00; Wednesday: 01:00-24:00; Thursday: 01:00-24:00; Friday: 01:00-24:00,ok,
