symbol,status,report,missing_pct,skipped,failed
A,ok,true,0.0,dst,""
AA,ok,true,0.0,dst,""
AABA,ok,true,0.0,dst,""
AACB,warning,true,0.0,dst,"price_spikes,stale_prices,zero_volume"
AACI,warning,true,0.0,dst,"price_spikes,stale_prices,zero_volume"
AACO,warning,true,0.0,dst,"stale_prices,zero_volume"
AACP,warning,true,0.0,dst,"stale_prices,zero_volume"
AADX,ok,true,0.0,dst,""
AAL,ok,true,0.0,dst,""
AAME,warning,true,0.0,dst,"price_spikes,stale_prices,zero_volume"
AAMI,ok,true,0.0,dst,""
AAOI,ok,true,0.0,dst,""
AAON,ok,true,0.0,dst,""
AAP,ok,true,0.0,dst,""
AAPG,ok,true,0.0,dst,zero_volume
AAPL,ok,true,0.0,dst,""
AARD,ok,true,0.0,dst,""
AAUC,ok,true,0.0,dst,""
AB,warning,true,0.0,dst,price_spikes
ABAT,ok,true,0.0,dst,""
ABBV,ok,true,0.0,dst,""
ABC,ok,true,0.0,dst,""
ABCB,ok,true,0.0,dst,""
ABCD,ok,true,0.0,dst,""
ABCL,ok,true,0.0,dst,""
ABDC,ok,true,0.0,dst,""
ABEO,ok,true,0.0,dst,""
ABEV,ok,true,0.0,dst,""
ABG,ok,true,0.0,dst,""
ABLV,warning,true,0.0,dst,"price_spikes,stale_prices,zero_volume"
ABM,warning,true,0.0,dst,price_spikes
ABMD,ok,true,0.0,dst,""
ABNB,ok,true,0.0,dst,""
ABOS,ok,true,0.0,dst,""
ABSI,ok,true,0.0,dst,""
ABT,ok,true,0.0,dst,""
ABTC,warning,true,0.0,dst,"price_spikes,stale_prices,zero_volume"
ABTS,warning,true,0.0,dst,"price_spikes,stale_prices,zero_volume"
ABUS,ok,true,0.0,dst,""
ABVC,ok,true,0.0,dst,""
ABX,warning,true,0.0,dst,"price_spikes,stale_prices,zero_volume"
ACA,ok,true,0.0,dst,""
ACAA,warning,true,0.0,dst,"stale_prices,zero_volume"
ACAD,ok,true,0.0,dst,zero_volume
ACB,ok,true,0.0,dst,""
ACBI,warning,true,0.0,dst,price_spikes
ACCL,ok,true,0.0,dst,""
ACCO,ok,true,0.0,dst,""
ACCS,warning,true,0.0,dst,"price_spikes,stale_prices,zero_volume"
ACDC,ok,true,0.0,dst,""
ACEL,warning,true,0.0,dst,"price_spikes,stale_prices,zero_volume"
ACET,ok,true,0.0,dst,""
ACFN,ok,true,0.0,dst,""
ACGC,warning,true,0.0,dst,"stale_prices,zero_volume"
ACGL,warning,true,0.0,dst,price_spikes
ACH,ok,true,0.0,dst,""
ACHC,warning,true,0.0,dst,price_spikes
ACHR,warning,true,0.0,dst,price_spikes
ACHV,warning,true,0.0,dst,"price_spikes,zero_volume"
ACI,warning,true,4.5303,dst,"missing_bars,stale_prices,zero_volume"
ACIA,warning,true,0.0,dst,price_spikes
ACIC,ok,true,0.0,dst,""
ACIU,ok,true,0.0,dst,""
ACIW,ok,true,0.0,dst,""
ACLS,ok,true,0.0,dst,""
ACM,ok,true,0.0,dst,""
ACMR,ok,true,0.0,dst,""
ACN,ok,true,0.0,dst,""
ACNB,warning,true,0.0,dst,"price_spikes,zero_volume"
ACNT,ok,true,0.0,dst,zero_volume
ACOG,ok,true,0.0,dst,""
ACON,warning,true,0.0,dst,"price_spikes,zero_volume"
ACR,warning,true,0.0,dst,price_spikes
ACRE,warning,true,0.0,dst,price_spikes
ACRS,ok,true,0.0,dst,""
ACRV,ok,true,0.0,dst,""
ACSF,ok,true,0.0,dst,""
ACT,warning,true,4.0418,dst,"missing_bars,stale_prices,zero_volume"
ACTG,ok,true,0.0,dst,""
ACTU,ok,true,0.0,dst,""
ACVA,ok,true,0.0,dst,""
ACXP,ok,true,0.0,dst,""
AD,ok,true,0.0,dst,""
ADAC,warning,true,0.0,dst,"price_spikes,stale_prices,zero_volume"
ADBE,ok,true,0.0,dst,""
ADC,ok,true,0.0,dst,""
ADCT,ok,true,0.0,dst,""
ADEA,ok,true,0.0,dst,""
ADGM,warning,true,0.0,dst,"price_spikes,stale_prices,zero_volume"
ADI,ok,true,0.0,dst,""
ADIL,warning,true,0.0,dst,"price_spikes,zero_volume"
ADM,ok,true,0.0,dst,""
ADMA,ok,true,0.0,dst,zero_volume
ADMS,ok,true,0.0,dst,""
ADNT,ok,true,0.0,dst,""
ADP,ok,true,0.0,dst,""
ADPT,warning,true,4.5303,dst,"missing_bars,price_spikes,stale_prices,zero_volume"
ADS,ok,true,0.0,dst,""
ADSE,warning,true,0.0,dst,"price_spikes,zero_volume"
ADSK,ok,true,0.0,dst,""
ADSW,warning,true,0.0,dst,price_spikes
ADT,warning,true,0.0,dst,"price_spikes,stale_prices,zero_volume"
ADTN,ok,true,0.0,dst,""
ADUR,ok,true,0.0,dst,""
ADUS,ok,true,0.0,dst,""
ADV,warning,true,0.0,dst,"price_spikes,stale_prices,zero_volume"
ADVB,ok,true,0.0,dst,""
AEAQ,warning,true,0.0,dst,"stale_prices,zero_volume"
AEBI,ok,true,0.0,dst,""
AEC,ok,true,0.0,dst,""
AEE,warning,true,0.0,dst,price_spikes
AEG,ok,true,0.0,dst,""
AEGN,ok,true,0.0,dst,""
AEHL,warning,true,0.0,dst,"price_spikes,zero_volume"
AEHR,ok,true,0.0,dst,zero_volume
AEI,warning,true,0.0,dst,price_spikes
AEIS,ok,true,0.0,dst,""
AEM,ok,true,0.0,dst,""
AEMD,warning,true,0.0,dst,"price_spikes,stale_prices,zero_volume"
AENT,warning,true,5.7333,dst,"missing_bars,price_spikes,stale_prices,zero_volume"
AEO,ok,true,0.0,dst,""
AEON,warning,true,0.0,dst,"price_spikes,stale_prices,zero_volume"
AEP,ok,true,0.0,dst,""
AER,ok,true,0.0,dst,""
AERT,warning,true,0.0,dst,"price_spikes,stale_prices,zero_volume"
AES,warning,true,0.0,dst,price_spikes
AESI,ok,true,0.0,dst,""
AET,ok,true,0.0,dst,""
AETI,warning,true,0.0,dst,"price_spikes,zero_volume"
AEVA,warning,true,0.0,dst,"stale_prices,zero_volume"
AEXA,ok,true,0.0,dst,""
AEYE,ok,true,0.0,dst,zero_volume
AFBI,warning,true,0.0,dst,"price_spikes,zero_volume"
AFC,warning,true,0.0,dst,"price_spikes,zero_volume"
AFCG,ok,true,0.0,dst,""
AFG,ok,true,0.0,dst,""
AFJK,warning,true,0.0,dst,"price_spikes,stale_prices,zero_volume"
AFL,warning,true,0.0,dst,price_spikes
AFRI,warning,true,0.0,dst,"price_spikes,stale_prices,zero_volume"
AFRM,ok,true,0.0,dst,""
AFSI,ok,true,0.0,dst,""
AFYA,ok,true,0.0,dst,""
AG,ok,true,0.0,dst,""
AGBK,ok,true,0.0,dst,""
AGC,warning,true,0.0,dst,"stale_prices,zero_volume"
AGCC,ok,true,0.0,dst,""
AGCO,ok,true,0.0,dst,""
AGEN,ok,true,0.0,dst,""
AGG,warning,true,0.0,dst,price_spikes
AGI,ok,true,0.0,dst,""
AGIG,warning,true,0.0,dst,price_spikes
AGIO,ok,true,0.0,dst,""
AGL,ok,true,0.0,dst,""
AGM,ok,true,0.0,dst,""
AGM.A,warning,true,0.0,dst,"price_spikes,stale_prices,zero_volume"
AGMH,warning,true,0.0,dst,"price_spikes,zero_volume"
AGN,ok,true,0.0,dst,""
AGNC,ok,true,0.0,dst,""
AGNT,ok,true,0.0,dst,""
AGO,ok,true,0.0,dst,""
AGPU,warning,true,0.0,dst,"price_spikes,zero_volume"
AGQ,ok,true,0.0,dst,""
AGRO,ok,true,0.0,dst,""
AGRZ,warning,true,0.0,dst,price_spikes
AGX,warning,true,0.0,dst,price_spikes
AGYS,ok,true,0.0,dst,""
AHCO,warning,true,0.0,dst,"price_spikes,stale_prices,zero_volume"
AHG,warning,true,0.0,dst,"price_spikes,zero_volume"
AHL,warning,true,61.3966,dst,"missing_bars,price_spikes"
AHMA,ok,true,0.0,dst,""
AHPA,warning,true,0.0,dst,"price_spikes,stale_prices,zero_volume"
AHPAU,warning,true,0.0,dst,"price_spikes,stale_prices,zero_volume"
AHR,ok,true,0.0,dst,""
AI,warning,true,8.8006,dst,"missing_bars,price_spikes"
AIAI,ok,true,0.0,dst,""
AIB,warning,true,17.1927,dst,"missing_bars,price_spikes,stale_prices,zero_volume"
AIBZ,ok,true,0.0,dst,""
AIDX,ok,true,0.0,dst,""
AIFA,warning,true,0.0,dst,"price_spikes,stale_prices,zero_volume"
AIFC,warning,true,0.0,dst,"price_spikes,zero_volume"
AIFF,warning,true,0.0,dst,price_spikes
AIFU,ok,true,0.0,dst,zero_volume
AIG,ok,true,0.0,dst,""
AIHS,warning,true,0.0,dst,"price_spikes,zero_volume"
AII,ok,true,0.0,dst,""
AIIA,warning,true,0.0,dst,"price_spikes,zero_volume"
AIIO,warning,true,0.0,dst,"price_spikes,zero_volume"
AIIR,ok,true,0.0,dst,zero_volume
AIM,warning,true,0.0,dst,"stale_prices,zero_volume"
AIMD,warning,true,0.0,dst,price_spikes
AIMT,ok,true,0.0,dst,zero_volume
AIN,ok,true,0.0,dst,""
AIOS,ok,true,0.0,dst,zero_volume
AIOT,ok,true,0.0,dst,zero_volume
AIP,ok,true,0.0,dst,""
AIQD,ok,true,0.0,dst,""
AIQU,ok,true,0.0,dst,""
AIR,warning,true,0.0,dst,price_spikes
AIRE,warning,true,0.0,dst,price_spikes
AIRG,warning,true,0.0,dst,"price_spikes,zero_volume"
AIRI,ok,true,0.0,dst,zero_volume
AIRJ,warning,true,0.0,dst,"price_spikes,stale_prices,zero_volume"
AIRO,ok,true,0.0,dst,""
AIRS,ok,true,0.0,dst,""
AIRT,warning,true,0.0,dst,"price_spikes,stale_prices,zero_volume"
AISP,warning,true,0.0,dst,"price_spikes,stale_prices,zero_volume"
AIT,ok,true,0.0,dst,""
AIV,ok,true,0.0,dst,""
AIXC,warning,true,0.0,dst,"price_spikes,zero_volume"
AIZ,ok,true,0.0,dst,""
AJG,warning,true,0.0,dst,price_spikes
AKA,warning,true,0.0,dst,"price_spikes,zero_volume"
AKAM,ok,true,0.0,dst,""
AKAN,ok,true,0.0,dst,zero_volume
AKBA,ok,true,0.0,dst,""
AKCA,ok,true,0.0,dst,zero_volume
AKO.A,warning,true,0.0,dst,"price_spikes,stale_prices,zero_volume"
AKO.B,ok,true,0.0,dst,zero_volume
AKP,ok,true,0.0,dst,""
AKS,ok,true,0.0,dst,""
AKTS,warning,true,11.0276,dst,missing_bars
AKTX,warning,true,0.0,dst,"price_spikes,stale_prices,zero_volume"
ALAB,ok,true,0.0,dst,""
ALAC,warning,true,0.0,dst,"price_spikes,stale_prices,zero_volume"
ALB,ok,true,0.0,dst,""
ALBT,ok,true,0.0,dst,""
ALC,ok,true,0.0,dst,""
ALCO,ok,true,0.0,dst,""
ALD,warning,true,0.0,dst,"stale_prices,zero_volume"
ALDF,warning,true,0.0,dst,"stale_prices,zero_volume"
ALDR,ok,true,0.0,dst,""
ALDX,warning,true,0.0,dst,"price_spikes,zero_volume"
ALEC,ok,true,0.0,dst,""
ALF,warning,true,0.0,dst,"price_spikes,stale_prices,zero_volume"
ALG,ok,true,0.0,dst,""
ALGM,ok,true,0.0,dst,""
ALGN,ok,true,0.0,dst,""
ALGR,warning,true,0.0,dst,"price_spikes,stale_prices,zero_volume"
ALGS,warning,true,0.0,dst,price_spikes
ALGT,ok,true,0.0,dst,""
ALH,ok,true,0.0,dst,""
ALHC,ok,true,0.0,dst,""
ALIS,warning,true,0.0,dst,"stale_prices,zero_volume"
ALIT,ok,true,0.0,dst,""
ALK,ok,true,0.0,dst,""
ALKS,ok,true,0.0,dst,zero_volume
ALKT,ok,true,0.0,dst,""
ALL,ok,true,0.0,dst,""
ALL.PRH,warning,true,0.0,dst,price_spikes
ALL.PRI,warning,true,0.0,dst,price_spikes
ALLE,ok,true,0.0,dst,""
ALLO,ok,true,0.0,dst,""
ALLR,warning,true,0.0,dst,zero_volume
ALLT,ok,true,0.0,dst,zero_volume
ALLY,ok,true,0.0,dst,""
ALM,ok,true,0.0,dst,""
ALMR,ok,true,0.0,dst,""
ALMS,ok,true,0.0,dst,""
ALMU,ok,true,0.0,dst,""
ALN,warning,true,0.0,dst,"stale_prices,zero_volume"
ALNT,ok,true,0.0,dst,""
ALNY,ok,true,0.0,dst,zero_volume
ALO,ok,true,0.0,dst,""
ALOG,ok,true,0.0,dst,""
ALOT,warning,true,0.0,dst,"price_spikes,zero_volume"
ALOY,warning,true,0.0,dst,"price_spikes,zero_volume"
ALP,ok,true,0.0,dst,""
ALPS,warning,true,57.4724,dst,"missing_bars,zero_volume"
ALRM,ok,true,0.0,dst,""
ALRS,warning,true,0.0,dst,"price_spikes,zero_volume"
ALSK,ok,true,0.0,dst,""
ALSN,ok,true,0.0,dst,""
ALT,warning,true,0.0,dst,price_spikes
ALTA,ok,true,0.0,dst,""
ALTG,warning,true,0.0,dst,"price_spikes,stale_prices,zero_volume"
ALTI,warning,true,0.0,dst,"price_spikes,stale_prices,zero_volume"
ALTO,ok,true,0.0,dst,""
ALTR,ok,true,0.0,dst,""
ALUB,warning,true,0.0,dst,"stale_prices,zero_volume"
ALUS.U,warning,true,0.0,dst,"price_spikes,stale_prices,zero_volume"
ALV,ok,true,0.0,dst,""
ALVO,warning,true,0.0,dst,"price_spikes,zero_volume"
ALX,ok,true,0.0,dst,zero_volume
ALXN,ok,true,0.0,dst,""
ALXO,ok,true,0.0,dst,""
ALZN,warning,true,0.0,dst,price_spikes
AM,warning,true,3.1192,dst,missing_bars
AMAG,ok,true,0.0,dst,zero_volume
AMAL,ok,true,0.0,dst,""
AMAN,ok,true,0.0,dst,zero_volume
AMAT,ok,true,0.0,dst,""
AMBA,ok,true,0.0,dst,""
AMBO,warning,true,0.0,dst,"price_spikes,zero_volume"
AMBP,ok,true,0.0,dst,zero_volume
AMBQ,ok,true,0.0,dst,""
AMC,warning,true,0.0,dst,price_spikes
AMCI,warning,true,0.0,dst,"price_spikes,stale_prices,zero_volume"
AMCR,ok,true,0.0,dst,""
AMCX,ok,true,0.0,dst,""
AMD,ok,true,0.0,dst,""
AME,warning,true,0.0,dst,price_spikes
AMG,warning,true,0.0,dst,price_spikes
AMGN,ok,true,0.0,dst,""
AMH,ok,true,0.0,dst,""
AMIX,ok,true,0.0,dst,""
AMJB,ok,true,0.0,dst,zero_volume
AMJL,warning,true,0.0,dst,"price_spikes,stale_prices,zero_volume"
AMKR,ok,true,0.0,dst,""
AMLX,warning,true,0.1711,dst,"missing_bars,stale_prices,zero_volume"
AMMA,warning,true,0.0,dst,price_spikes
AMN,ok,true,0.0,dst,""
AMOD,warning,true,0.0,dst,"price_spikes,stale_prices,zero_volume"
AMP,warning,true,0.0,dst,price_spikes
AMPG,warning,true,0.0,dst,price_spikes
AMPH,ok,true,0.0,dst,""
AMPL,ok,true,0.0,dst,""
AMPX,ok,true,0.0,dst,""
AMPY,ok,true,0.0,dst,""
AMR,ok,true,0.0,dst,""
AMRB,warning,true,0.0,dst,zero_volume
AMRC,warning,true,0.0,dst,price_spikes
AMRN,ok,true,0.0,dst,zero_volume
AMRX,ok,true,0.0,dst,""
AMRZ,ok,true,0.0,dst,""
AMS,ok,true,0.0,dst,zero_volume
AMSC,warning,true,0.0,dst,price_spikes
AMSF,warning,true,0.0,dst,price_spikes
AMSS,ok,true,0.0,dst,""
AMST,ok,true,0.0,dst,""
AMT,warning,true,0.0,dst,price_spikes
AMTB,warning,true,0.0988,dst,"missing_bars,price_spikes,zero_volume"
AMTBB,warning,true,0.0,dst,"stale_prices,zero_volume"
AMTM,ok,true,0.0,dst,""
AMTX,ok,true,0.0,dst,""
AMU,ok,true,0.0,dst,zero_volume
AMUB,warning,true,0.0,dst,"price_spikes,stale_prices,zero_volume"
AMWL,ok,true,0.0,dst,""
AMZE,warning,true,0.0,dst,"price_spikes,stale_prices,zero_volume"
AMZN,ok,true,0.0,dst,""
AN,ok,true,0.0,dst,""
ANAB,ok,true,0.0,dst,""
ANAT,ok,true,0.0,dst,""
ANCB,warning,true,0.0,dst,zero_volume
ANCX,ok,true,0.0,dst,""
ANDE,ok,true,0.0,dst,""
ANDG,ok,true,0.0,dst,""
ANDV,ok,true,0.0,dst,""
ANDX,ok,true,0.0,dst,""
ANET,ok,true,0.0,dst,""
ANF,ok,true,0.0,dst,""
ANGH,warning,true,0.0,dst,"price_spikes,zero_volume"
ANGI,warning,true,6.9811,dst,missing_bars
ANGO,ok,true,0.0,dst,""
ANGX,ok,true,0.0,dst,""
ANH,ok,true,0.0,dst,""
ANIK,ok,true,0.0,dst,""
ANIP,warning,true,0.0,dst,price_spikes
ANIX,ok,true,0.0,dst,zero_volume
ANNA,warning,true,0.0,dst,"price_spikes,stale_prices,zero_volume"
ANNX,ok,true,0.0,dst,""
ANPA,ok,true,0.0,dst,zero_volume
ANRO,ok,true,0.0,dst,""
ANSC,warning,true,0.0,dst,"price_spikes,stale_prices,zero_volume"
ANSS,ok,true,0.0,dst,""
ANTA,ok,true,0.0,dst,zero_volume
ANTM,ok,true,0.0,dst,""
ANTX,warning,true,2.1166,dst,"missing_bars,price_spikes,stale_prices,zero_volume"
ANVS,ok,true,0.0,dst,""
ANY,warning,true,0.0,dst,price_spikes
AOI,ok,true,0.0,dst,""
AOMR,ok,true,0.0,dst,""
AON,ok,true,0.0,dst,""
AORT,warning,true,0.0,dst,price_spikes
AOS,ok,true,0.0,dst,""
AOSL,ok,true,0.0,dst,""
AOUT,ok,true,0.0,dst,""
AP,ok,true,0.0,dst,""
APA,ok,true,0.0,dst,""
APAC,warning,true,32.7244,dst,"missing_bars,price_spikes,stale_prices,zero_volume"
APAM,ok,true,0.0,dst,""
APB,ok,true,0.0,dst,zero_volume
APC,warning,true,60.7501,dst,missing_bars
APD,ok,true,0.0,dst,""
APEI,warning,true,0.0,dst,price_spikes
APF,warning,true,0.0,dst,"price_spikes,zero_volume"
APG,ok,true,0.0,dst,""
APGE,ok,true,0.0,dst,""
APH,ok,true,0.0,dst,""
APHA,ok,true,0.0,dst,""
APLD,ok,true,0.0,dst,""
APLE,ok,true,0.0,dst,""
APLM,warning,true,0.0,dst,"price_spikes,stale_prices,zero_volume"
APM,warning,true,0.0,dst,"price_spikes,zero_volume"
APMC,warning,true,0.0,dst,"stale_prices,zero_volume"
APO,ok,true,0.0,dst,""
APOG,warning,true,0.0,dst,price_spikes
APP,ok,true,0.0,dst,""
APPF,warning,true,0.0,dst,price_spikes
APPN,ok,true,0.0,dst,""
APPS,ok,true,0.0,dst,""
APR,ok,true,0.0,dst,""
APRE,warning,true,0.0,dst,"price_spikes,zero_volume"
APT,warning,true,0.0,dst,price_spikes
APTI,ok,true,0.0,dst,""
APTV,warning,true,0.0,dst,price_spikes
APU,ok,true,0.0,dst,""
APUR,warning,true,0.0,dst,"stale_prices,zero_volume"
APUS,warning,true,0.0,dst,"price_spikes,stale_prices,zero_volume"
APVO,warning,true,0.0,dst,zero_volume
APWC,warning,true,0.0,dst,"price_spikes,stale_prices,zero_volume"
APXT,warning,true,63.6732,dst,"missing_bars,price_spikes,stale_prices,zero_volume"
APYX,ok,true,0.0,dst,""
AQ,ok,true,0.0,dst,""
AQB,warning,true,0.0,dst,"price_spikes,zero_volume"
AQMS,warning,true,0.0,dst,"price_spikes,zero_volume"
AQN,warning,true,0.0,dst,price_spikes
AQST,ok,true,0.0,dst,""
AR,ok,true,0.0,dst,""
ARA,ok,true,0.0,dst,""
ARAI,ok,true,0.0,dst,""
ARAY,ok,true,0.0,dst,""
ARBB,ok,true,0.0,dst,zero_volume
ARBE,warning,true,0.0,dst,"price_spikes,stale_prices,zero_volume"
ARCB,ok,true,0.0,dst,""
ARCC,warning,true,0.0,dst,price_spikes
ARCI,warning,true,60.713,dst,"missing_bars,price_spikes,stale_prices,zero_volume"
ARCL,warning,true,0.0,dst,"stale_prices,zero_volume"
ARCO,warning,true,0.0,dst,price_spikes
ARCT,warning,true,0.0,dst,"price_spikes,zero_volume"
ARD,warning,true,0.0,dst,price_spikes
ARDT,ok,true,0.0,dst,""
ARDX,ok,true,0.0,dst,zero_volume
ARE,warning,true,0.0,dst,price_spikes
AREC,ok,true,0.0,dst,zero_volume
AREN,ok,true,0.0,dst,zero_volume
ARES,ok,true,0.0,dst,""
ARG,ok,true,0.0,dst,""
ARGT,ok,true,0.0,dst,""
ARHS,ok,true,0.0,dst,""
ARI,warning,true,0.0,dst,price_spikes
ARII,ok,true,0.0,dst,""
ARIS,ok,true,0.0,dst,""
ARKK,ok,true,0.0,dst,zero_volume
ARKO,warning,true,0.0,dst,"price_spikes,stale_prices,zero_volume"
ARKR,warning,true,0.0,dst,"stale_prices,zero_volume"
ARL,ok,true,0.0,dst,zero_volume
ARLO,ok,true,0.0,dst,""
ARMH,warning,true,0.0,dst,"price_spikes,stale_prices,zero_volume"
ARMK,ok,true,0.0,dst,""
ARMO,ok,true,0.0,dst,""
ARMP,warning,true,0.0,dst,"price_spikes,zero_volume"
ARNA,ok,true,0.0,dst,""
ARNC,ok,true,0.0,dst,""
AROC,warning,true,0.0,dst,price_spikes
AROW,warning,true,0.0,dst,price_spikes
ARQ,ok,true,0.0,dst,""
ARQL,ok,true,0.0,dst,""
ARQQ,warning,true,0.0,dst,"price_spikes,zero_volume"
ARQT,ok,true,0.0,dst,""
ARR,ok,true,0.0,dst,""
ARRS,ok,true,0.0,dst,""
ARRY,warning,true,7.3895,dst,"missing_bars,stale_prices,zero_volume"
ARTA,warning,true,0.0,dst,"price_spikes,zero_volume"
ARTC,warning,true,0.0,dst,"price_spikes,stale_prices,zero_volume"
ARTL,warning,true,0.0,dst,"price_spikes,zero_volume"
ARTNA,ok,true,0.0,dst,""
ARTV,ok,true,0.0,dst,""
ARTW,warning,true,0.0,dst,"price_spikes,zero_volume"
ARTX,ok,true,0.0,dst,""
ARVN,ok,true,0.0,dst,""
ARW,ok,true,0.0,dst,""
ARWR,ok,true,0.0,dst,""
ARX,ok,true,0.0,dst,""
ARXS,ok,true,0.0,dst,""
ARYA,warning,true,0.0,dst,"price_spikes,stale_prices,zero_volume"
AS,ok,true,0.0,dst,""
ASA,ok,true,0.0,dst,""
ASAN,ok,true,0.0,dst,""
ASB,ok,true,0.0,dst,""
ASB.PRC,warning,true,0.0,dst,"price_spikes,stale_prices,zero_volume"
ASBP,warning,true,0.0898,dst,"missing_bars,price_spikes,stale_prices,zero_volume"
ASC,ok,true,0.0,dst,""
ASG,ok,true,0.0,dst,""
ASH,ok,true,0.0,dst,""
ASIC,ok,true,0.0,dst,""
ASIX,ok,true,0.0,dst,""
ASLE,warning,true,0.0,dst,"price_spikes,stale_prices,zero_volume"
ASM,ok,true,0.0,dst,""
ASMB,ok,true,0.0,dst,""
ASMH,ok,true,0.0,dst,""
ASML,ok,true,0.0,dst,""
ASND,ok,true,0.0,dst,""
ASO,ok,true,0.0,dst,""
ASPC,warning,true,0.0,dst,"price_spikes,stale_prices,zero_volume"
ASPI,ok,true,0.0,dst,""
ASPN,warning,true,0.0,dst,price_spikes
ASPS,ok,true,0.0,dst,""
ASRV,warning,true,0.0,dst,"price_spikes,zero_volume"
ASST,ok,true,0.0,dst,""
AST,ok,true,0.0,dst,""
ASTC,warning,true,7.3524,dst,"missing_bars,price_spikes,zero_volume"
ASTE,ok,true,0.0,dst,""
ASTH,warning,true,0.0,dst,price_spikes
ASTI,warning,true,0.0,dst,"price_spikes,stale_prices,zero_volume"
ASTL,ok,true,0.0,dst,""
ASTS,warning,true,0.0,dst,"price_spikes,stale_prices,zero_volume"
ASUR,warning,true,0.0,dst,"price_spikes,zero_volume"
ASV,ok,true,0.0,dst,zero_volume
ASX,warning,true,0.0,dst,"stale_prices,zero_volume"
ASYS,ok,true,0.0,dst,""
AT,warning,true,49.6844,dst,missing_bars
ATAI,warning,true,0.0,dst,"price_spikes,stale_prices,zero_volume"
ATCH,warning,true,0.0,dst,"price_spikes,stale_prices,zero_volume"
ATCX,warning,true,41.3043,dst,"missing_bars,price_spikes,zero_volume"
ATEC,ok,true,0.0,dst,""
ATEN,warning,true,0.0,dst,price_spikes
ATER,ok,true,0.0,dst,""
ATEX,warning,true,0.0,dst,price_spikes
ATGL,warning,true,0.0,dst,"stale_prices,zero_volume"
ATH,ok,true,0.0,dst,""
ATHN,warning,true,0.0,dst,"price_spikes,stale_prices,zero_volume"
ATHR,ok,true,0.0,dst,zero_volume
ATI,ok,true,0.0,dst,""
ATII,warning,true,0.0,dst,"price_spikes,stale_prices,zero_volume"
ATIS,warning,true,0.0,dst,"price_spikes,zero_volume"
ATKR,ok,true,0.0,dst,""
ATLC,warning,true,0.0,dst,"stale_prices,zero_volume"
ATLN,ok,true,0.0,dst,zero_volume
ATLO,warning,true,0.0,dst,"price_spikes,zero_volume"
ATLX,ok,true,0.0,dst,""
ATMP,warning,true,3.342,dst,"missing_bars,price_spikes"
ATMU,ok,true,0.0,dst,""
ATNI,warning,true,0.0,dst,price_spikes
ATNM,ok,true,0.0,dst,""
ATO,ok,true,0.0,dst,""
ATOM,ok,true,0.0,dst,zero_volume
ATOS,warning,true,0.0,dst,price_spikes
ATPC,warning,true,0.0,dst,"price_spikes,zero_volume"
ATR,ok,true,0.0,dst,""
ATRA,ok,true,0.0,dst,""
ATRC,ok,true,0.0,dst,""
ATRO,warning,true,0.0,dst,price_spikes
ATRS,ok,true,0.0,dst,""
ATS,ok,true,0.0,dst,""
ATTU,ok,true,0.0,dst,""
ATV,warning,true,0.0,dst,"price_spikes,zero_volume"
ATVI,ok,true,0.0,dst,zero_volume
ATXG,ok,true,0.0,dst,zero_volume
ATYR,ok,true,0.0,dst,zero_volume
AU,ok,true,0.0,dst,""
AUB,ok,true,0.0,dst,""
AUBN,warning,true,0.0,dst,"price_spikes,stale_prices,zero_volume"
AUC,warning,true,0.0,dst,"stale_prices,zero_volume"
AUDC,ok,true,0.0,dst,""
AUGO,ok,true,0.0,dst,""
AUID,ok,true,0.0,dst,zero_volume
AUNA,ok,true,0.0,dst,""
AUPH,ok,true,0.0,dst,""
AUR,warning,true,0.0,dst,price_spikes
AURA,ok,true,0.0,dst,""
AURE,warning,true,0.0,dst,"price_spikes,zero_volume"
AUSE,ok,true,0.0,dst,zero_volume
AUST,ok,true,0.0,dst,""
AUTO,ok,true,0.0,dst,""
AUUD,warning,true,0.0,dst,"price_spikes,zero_volume"
AVA,ok,true,0.0,dst,""
AVAH,ok,true,0.0,dst,""
AVAL,warning,true,0.0,dst,price_spikes
AVAT,warning,true,0.0,dst,"price_spikes,stale_prices,zero_volume"
AVAV,ok,true,0.0,dst,""
AVB,warning,true,0.0,dst,price_spikes
AVBC,ok,true,0.0,dst,""
AVBH,ok,true,0.0,dst,""
AVBP,ok,true,0.0,dst,""
AVD,ok,true,0.0,dst,""
AVEX,ok,true,0.0,dst,""
AVIR,warning,true,8.003,dst,"missing_bars,stale_prices,zero_volume"
AVLN,ok,true,0.0,dst,""
AVNS,ok,true,0.0,dst,""
AVNT,warning,true,0.0,dst,price_spikes
AVNW,ok,true,0.0,dst,zero_volume
AVO,ok,true,0.0,dst,""
AVPT,warning,true,0.0,dst,"price_spikes,stale_prices,zero_volume"
AVR,ok,true,0.0,dst,""
AVT,ok,true,0.0,dst,""
AVTR,ok,true,0.0,dst,""
AVTX,warning,true,0.0,dst,"price_spikes,zero_volume"
AVX,warning,true,11.9198,dst,"missing_bars,price_spikes,zero_volume"
AVXL,ok,true,0.0,dst,""
AVY,ok,true,0.0,dst,""
AWI,ok,true,0.0,dst,""
AWK,ok,true,0.0,dst,""
AWR,warning,true,0.0,dst,price_spikes
AWRE,ok,true,0.0,dst,zero_volume
AWX,warning,true,0.0,dst,"price_spikes,stale_prices,zero_volume"
AX,ok,true,0.0,dst,""
AXE,warning,true,0.0,dst,price_spikes
AXG,warning,true,0.0,dst,"stale_prices,zero_volume"
AXGN,ok,true,0.0,dst,""
AXIL,ok,true,0.0,dst,zero_volume
AXIN,warning,true,0.0,dst,"price_spikes,stale_prices,zero_volume"
AXJV,warning,true,0.0,dst,"price_spikes,stale_prices,zero_volume"
AXON,ok,true,0.0,dst,""
AXP,ok,true,0.0,dst,""
AXR,warning,true,0.0,dst,"price_spikes,stale_prices,zero_volume"
AXS,ok,true,0.0,dst,""
AXSM,ok,true,0.0,dst,""
AXTA,ok,true,0.0,dst,""
AXTI,ok,true,0.0,dst,""
AXU,ok,true,0.0,dst,""
AYA,warning,true,81.6933,dst,missing_bars
AYI,ok,true,0.0,dst,""
AYR,warning,true,0.0,dst,price_spikes
AYTU,ok,true,0.0,dst,zero_volume
AZ,ok,true,0.0,dst,""
AZI,warning,true,0.0,dst,price_spikes
AZN,ok,true,0.7427,dst,missing_bars
AZO,ok,true,0.0,dst,""
AZPN,ok,true,0.0,dst,""
AZTA,warning,true,0.0,dst,price_spikes
AZTR,warning,true,0.0,dst,"price_spikes,zero_volume"
AZZ,ok,true,0.0,dst,""
B,ok,true,0.0,dst,""
BA,ok,true,0.0,dst,""
BAC,ok,true,0.0,dst,""
BACC,ok,true,0.0,dst,zero_volume
BAER,warning,true,0.0,dst,"price_spikes,zero_volume"
BAFN,warning,true,0.0,dst,"stale_prices,zero_volume"
BAH,ok,true,0.0,dst,""
BALL,ok,true,0.0,dst,""
BALY,warning,true,0.0,dst,"price_spikes,zero_volume"
BAM,warning,true,0.0,dst,price_spikes
BANC,warning,true,0.0,dst,price_spikes
BAND,ok,true,0.0,dst,""
BANF,warning,true,0.0,dst,price_spikes
BANL,warning,true,0.0,dst,price_spikes
BANR,ok,true,0.0,dst,""
BANX,warning,true,0.0,dst,"price_spikes,zero_volume"
BAOS,warning,true,0.0,dst,"price_spikes,zero_volume"
BAP,warning,true,0.0,dst,price_spikes
BAR,ok,true,0.0,dst,zero_volume
BARK,ok,true,0.0,dst,""
BATL,warning,true,0.0,dst,"price_spikes,zero_volume"
BATRA,warning,true,0.0,dst,price_spikes
BATRK,warning,true,0.0,dst,price_spikes
BAX,warning,true,0.0,dst,price_spikes
BAYA,warning,true,0.0,dst,"stale_prices,zero_volume"
BB,ok,true,0.0,dst,""
BBAI,warning,true,0.0,dst,"price_spikes,stale_prices,zero_volume"
BBAR,ok,true,0.0,dst,""
BBBY,warning,true,21.8434,dst,"missing_bars,price_spikes"
BBCP,warning,true,0.0,dst,"price_spikes,stale_prices,zero_volume"
BBCQ,warning,true,0.0,dst,"price_spikes,zero_volume"
BBDC,warning,true,0.0,dst,price_spikes
BBGI,warning,true,0.0,dst,"price_spikes,zero_volume"
BBIGV,warning,true,0.0,"price_spikes,dst",zero_volume
BBIO,ok,true,0.0,dst,""
BBLG,warning,true,0.0,dst,"price_spikes,zero_volume"
BBNX,ok,true,0.0,dst,""
BBOT,warning,true,0.0,dst,"price_spikes,stale_prices,zero_volume"
BBOX,ok,true,0.0,dst,""
BBRC,ok,true,0.0,dst,zero_volume
BBSI,warning,true,0.0,dst,price_spikes
BBT,warning,true,0.0,dst,price_spikes
BBUC,ok,true,0.0,dst,""
BBVA,ok,true,0.0,dst,""
BBW,ok,true,0.0,dst,""
BBWI,ok,true,0.0,dst,""
BBY,ok,true,0.0,dst,""
BC,ok,true,0.0,dst,""
BCAB,warning,true,0.0,dst,"stale_prices,zero_volume"
BCAL,ok,true,0.0,dst,""
BCAR,warning,true,0.0,dst,"price_spikes,zero_volume"
BCAX,ok,true,0.0,dst,""
BCBP,warning,true,0.0,dst,price_spikes
BCC,warning,true,0.0,dst,price_spikes
BCDA,ok,true,0.0,dst,zero_volume
BCE,warning,true,0.0,dst,price_spikes
BCG,ok,true,0.0,dst,zero_volume
BCHT,ok,true,0.0,dst,""
BCIC,warning,true,0.0,dst,price_spikes
BCML,warning,true,0.0,dst,price_spikes
BCNA,warning,true,0.0,dst,"stale_prices,zero_volume"
BCO,warning,true,0.0,dst,price_spikes
BCPC,ok,true,0.0,dst,""
BCR,ok,true,0.0,dst,""
BCRX,warning,true,0.0,dst,price_spikes
BCS,ok,true,0.0,dst,""
BCSF,warning,true,0.0,dst,price_spikes
BCSS,warning,true,0.0,dst,zero_volume
BCTX,ok,true,0.0,dst,""
BDC,ok,true,0.0,dst,""
BDCI,warning,true,0.0,dst,"stale_prices,zero_volume"
BDCL,warning,true,0.0,dst,price_spikes
BDCS,warning,true,0.0,dst,price_spikes
BDCX,warning,true,0.0,dst,"price_spikes,stale_prices,zero_volume"
BDCY,warning,true,0.0,dst,"price_spikes,stale_prices,zero_volume"
BDCZ,warning,true,0.0,dst,"price_spikes,stale_prices,zero_volume"
BDL,warning,true,0.0,dst,"price_spikes,stale_prices,zero_volume"
BDMD,warning,true,0.0,dst,"price_spikes,stale_prices,zero_volume"
BDSI,ok,true,0.0,dst,""
BDSX,ok,true,0.0,dst,""
BDTX,ok,true,0.0,dst,""
BDX,ok,true,0.0,dst,""
BE,ok,true,0.0,dst,""
BEAG,warning,true,0.0,dst,"price_spikes,zero_volume"
BEAM,ok,true,0.0,dst,""
BEAT,warning,true,8.0579,dst,missing_bars
BEBE,warning,true,75.9005,dst,"missing_bars,stale_prices,zero_volume"
BEEM,ok,true,0.0,dst,""
BEEP,warning,true,0.0,dst,"price_spikes,stale_prices,zero_volume"
BEL,ok,true,0.0,dst,""
BELFA,warning,true,0.0,dst,"price_spikes,stale_prices,zero_volume"
BELFB,ok,true,0.0,dst,""
BEN,ok,true,0.0,dst,""
BENF,warning,true,0.0,dst,"price_spikes,stale_prices,zero_volume"
BEP,ok,true,0.0,dst,""
BEPC,ok,true,0.0,dst,""
BERN,warning,true,0.0,dst,"stale_prices,zero_volume"
BERZ,ok,true,0.0,dst,""
BESS,ok,true,0.0,dst,""
BETA,ok,true,0.0,dst,""
BETR,warning,true,0.0,dst,"price_spikes,stale_prices,zero_volume"
BF.A,ok,true,0.0,dst,""
BF.B,warning,true,0.0,dst,price_spikes
BFC,warning,true,0.0,dst,"price_spikes,zero_volume"
BFH,ok,true,0.0,dst,""
BFLY,warning,true,0.0,dst,"price_spikes,zero_volume"
BFRG,ok,true,0.0,dst,""
BFRI,ok,true,0.0,dst,zero_volume
BFS,ok,true,0.0,dst,""
BFST,ok,true,0.0,dst,zero_volume
BFYT,ok,true,0.0,dst,""
BG,ok,true,0.0,dst,""
BGC,ok,true,0.0,dst,""
BGDE,warning,true,0.0,dst,price_spikes
BGI,warning,true,0.0,dst,"price_spikes,zero_volume"
BGIN,ok,true,0.0,dst,zero_volume
BGL,ok,true,0.0,dst,""
BGLC,ok,true,0.0,dst,zero_volume
BGM,ok,true,0.0,dst,zero_volume
BGMS,warning,true,0.0,dst,"price_spikes,zero_volume"
BGS,ok,true,0.0,dst,""
BGSF,warning,true,0.0,dst,"price_spikes,zero_volume"
BGSI,ok,true,0.0,dst,""
BH,warning,true,3.0449,dst,missing_bars
BH.A,warning,true,0.0,dst,"price_spikes,stale_prices,zero_volume"
BHAV,warning,true,0.0,dst,"stale_prices,zero_volume"
BHB,ok,true,0.0,dst,""
BHBK,ok,true,0.0,dst,""
BHC,ok,true,0.0,dst,""
BHE,warning,true,0.0,dst,price_spikes
BHF,warning,true,0.0,dst,"price_spikes,zero_volume"
BHK,ok,true,0.0,dst,""
BHR,warning,true,0.0,dst,price_spikes
BHRB,ok,true,0.0,dst,""
BHST,ok,true,0.0,dst,""
BHVN,warning,true,0.0,dst,price_spikes
BIAF,warning,true,0.0,dst,"price_spikes,zero_volume"
BID,warning,true,63.3123,dst,"missing_bars,zero_volume"
BIDU,ok,true,0.0,dst,""
BIIB,ok,true,0.0,dst,zero_volume
BIII,warning,true,0.0,dst,"stale_prices,zero_volume"
BIKR,warning,true,0.0,dst,zero_volume
BILL,ok,true,0.0,dst,""
BIO,ok,true,0.0,dst,""
BIO.B,warning,true,0.0,dst,"stale_prices,zero_volume"
BIOA,warning,true,0.0,dst,"stale_prices,zero_volume"
BIOS,warning,true,0.0,dst,"price_spikes,stale_prices,zero_volume"
BIOX,warning,true,0.0,dst,"price_spikes,stale_prices,zero_volume"
BIPC,ok,true,0.0,dst,""
BIRD,ok,true,0.0,dst,""
BIRK,ok,true,0.0,dst,""
BIVI,ok,true,0.0,dst,""
BIXI,warning,true,0.0,dst,"price_spikes,stale_prices,zero_volume"
BIYA,ok,true,0.0,dst,""
BJ,ok,true,0.0,dst,""
BJDX,warning,true,0.0,dst,"price_spikes,zero_volume"
BJRI,ok,true,0.0,dst,""
BJZ,warning,true,0.0,dst,"price_spikes,zero_volume"
BK,ok,true,0.0,dst,""
BKC,ok,true,0.0,dst,zero_volume
BKD,ok,true,0.0,dst,""
BKE,ok,true,0.0,dst,""
BKH,warning,true,0.0,dst,price_spikes
BKHA,warning,true,0.0,dst,"stale_prices,zero_volume"
BKJ,warning,true,0.0,dst,"price_spikes,zero_volume"
BKKT,warning,true,0.0,dst,"price_spikes,zero_volume"
BKNG,ok,true,0.0,dst,""
BKR,ok,true,0.0,dst,""
BKS,ok,true,0.0,dst,""
BKSY,warning,true,0.0,dst,"price_spikes,zero_volume"
BKTI,ok,true,0.0,dst,zero_volume
BKV,ok,true,0.0,dst,""
BL,ok,true,0.0,dst,""
BLBD,ok,true,0.0,dst,""
BLCO,ok,true,0.0,dst,""
BLD,ok,true,0.0,dst,""
BLDP,warning,true,0.0,dst,price_spikes
BLDR,ok,true,0.0,dst,""
BLFS,ok,true,0.0,dst,zero_volume
BLH,warning,true,0.0,dst,"stale_prices,zero_volume"
BLIN,warning,true,5.1987,dst,"missing_bars,price_spikes,zero_volume"
BLIV,warning,true,0.0,dst,"price_spikes,stale_prices,zero_volume"
BLK,ok,true,0.0,dst,""
BLKB,ok,true,0.0,dst,""
BLL,ok,true,0.0,dst,""
BLLN,ok,true,0.0,dst,""
BLMN,ok,true,0.0,dst,""
BLMT,ok,true,0.0,dst,""
BLND,ok,true,0.0,dst,""
BLNE,warning,true,0.0,dst,"price_spikes,zero_volume"
BLNK,warning,true,0.0,dst,price_spikes
BLRK,warning,true,0.0,dst,"stale_prices,zero_volume"
BLSH,ok,true,0.0,dst,""
BLUW,warning,true,69.198,dst,"missing_bars,price_spikes,stale_prices,zero_volume"
BLX,warning,true,0.0,dst,price_spikes
BLZE,ok,true,0.0,dst,""
BLZR,warning,true,0.0,dst,"price_spikes,zero_volume"
BMA,warning,true,0.0,dst,price_spikes
BMBL,ok,true,0.0,dst,""
BMCH,ok,true,0.0,dst,""
BMEA,ok,true,0.0,dst,""
BMGL,warning,true,0.0,dst,"price_spikes,zero_volume"
BMHL,warning,true,0.0,dst,"stale_prices,zero_volume"
BMI,ok,true,0.0,dst,""
BMM,ok,true,0.0,dst,""
BMNR,ok,true,0.0,dst,""
BMO,warning,true,0.0,dst,price_spikes
BMR,warning,true,0.0,dst,"price_spikes,stale_prices,zero_volume"
BMRA,warning,true,0.0,dst,"price_spikes,zero_volume"
BMRC,warning,true,0.0,dst,price_spikes
BMRN,ok,true,0.0,dst,""
BMS,ok,true,0.0,dst,""
BMTC,warning,true,0.0,dst,price_spikes
BMY,ok,true,0.0,dst,""
BN,ok,true,0.0,dst,""
BNAI,warning,true,0.0,dst,"price_spikes,stale_prices,zero_volume"
BNBX,warning,true,0.0,dst,"price_spikes,stale_prices,zero_volume"
BNC,ok,true,0.0,dst,zero_volume
BNCL,ok,true,0.0,dst,""
BND,warning,true,0.0,dst,price_spikes
BNED,ok,true,0.0,dst,""
BNGO,warning,true,0.0,dst,"price_spikes,zero_volume"
BNGOU,ok,true,0.0,"price_spikes,dst",""
BNKD,warning,true,0.0,dst,"price_spikes,stale_prices,zero_volume"
BNKK,ok,true,0.0,dst,""
BNKO,warning,true,0.0,dst,"stale_prices,zero_volume"
BNKU,warning,true,0.0,dst,"price_spikes,stale_prices,zero_volume"
BNKZ,warning,true,0.0,dst,"stale_prices,zero_volume"
BNL,ok,true,0.0,dst,""
BNO,ok,true,0.0,dst,""
BNRG,warning,true,0.0,dst,zero_volume
BNS,warning,true,0.0,dst,price_spikes
BNT,ok,true,0.0,dst,zero_volume
BNTC,warning,true,0.0,dst,"price_spikes,zero_volume"
BNY,ok,true,0.0,dst,""
BNZI,ok,true,0.0,dst,""
BOBS,ok,true,0.0,dst,""
BOC,ok,true,0.0,dst,""
BOCH,warning,true,0.0,dst,price_spikes
BODI,warning,true,0.0,dst,price_spikes
BOF,ok,true,0.0,dst,""
BOH,ok,true,0.0,dst,""
BOIL,ok,true,0.0,dst,""
BOJA,ok,true,0.0,dst,""
BOKF,warning,true,0.0,dst,price_spikes
BOLD,warning,true,0.0,dst,"stale_prices,zero_volume"
BOLT,ok,true,0.0,dst,""
BON,warning,true,0.0,dst,price_spikes
BOOM,ok,true,0.0,dst,""
BOOT,ok,true,0.0,dst,""
BORR,ok,true,0.0,dst,""
BOSC,ok,true,0.0,dst,zero_volume
BOT,ok,true,0.0,dst,""
BOTJ,warning,true,0.0,dst,"price_spikes,zero_volume"
BOTZ,ok,true,0.0,dst,zero_volume
BOW,ok,true,0.0,dst,""
BOX,ok,true,0.0,dst,""
BOXL,warning,true,0.0,dst,"price_spikes,stale_prices,zero_volume"
BP,ok,true,0.0,dst,""
BPAC,warning,true,55.527,dst,"missing_bars,stale_prices,zero_volume"
BPFH,ok,true,0.0,dst,""
BPH,ok,true,0.0,dst,zero_volume
BPK,ok,true,0.0,dst,zero_volume
BPL,ok,true,0.0,dst,""
BPOP,ok,true,0.0,dst,""
BPRN,warning,true,0.0,dst,"price_spikes,zero_volume"
BPYU,ok,true,0.0,dst,""
BQ,warning,true,0.0,dst,"price_spikes,zero_volume"
BR,ok,true,0.0,dst,""
BRAC,warning,true,0.0,dst,"price_spikes,stale_prices,zero_volume"
BRAG,ok,true,0.0,dst,""
BRAI,ok,true,0.0,dst,""
BRBI,warning,true,0.0,dst,"price_spikes,stale_prices,zero_volume"
BRBR,ok,true,0.0,dst,""
BRBS,ok,true,0.0,dst,zero_volume
BRC,warning,true,0.0,dst,price_spikes
BRCB,ok,true,0.0,dst,""
BRCC,warning,true,0.0,dst,"price_spikes,zero_volume"
BRCM,ok,true,0.0,"price_spikes,dst",""
BREZ,warning,true,35.4167,dst,"missing_bars,price_spikes,stale_prices,zero_volume"
BRFH,ok,true,0.0,dst,zero_volume
BRIA,warning,true,0.0,dst,"price_spikes,zero_volume"
BRID,warning,true,0.0,dst,"price_spikes,stale_prices,zero_volume"
BRK.A,ok,true,0.0,dst,""
BRK.B,ok,true,0.0,dst,""
BRKR,ok,true,0.0,dst,""
BRLS,warning,true,0.0,dst,"price_spikes,stale_prices,zero_volume"
BRLT,ok,true,0.0,dst,""
BRN,warning,true,0.0,dst,"price_spikes,zero_volume"
BRO,ok,true,0.0,dst,""
BROS,ok,true,0.0,dst,""
BRPM,warning,true,0.0,dst,"price_spikes,stale_prices,zero_volume"
BRR,warning,true,0.0,dst,price_spikes
BRSS,ok,true,0.0,dst,""
BRT,ok,true,0.0,dst,zero_volume
BRTX,warning,true,0.0,dst,price_spikes
BRUN,warning,true,0.0,dst,"price_spikes,stale_prices,zero_volume"
BRX,ok,true,0.0,dst,""
BRZE,ok,true,0.0,dst,""
BSAA,warning,true,0.0,dst,"price_spikes,stale_prices,zero_volume"
BSAC,warning,true,0.0,dst,price_spikes
BSBK,warning,true,0.0,dst,"price_spikes,zero_volume"
BSBR,ok,true,0.0,dst,""
BSCI,ok,true,0.0,dst,""
BSET,ok,true,0.0,dst,""
BSIN,warning,true,0.0,dst,"price_spikes,zero_volume"
BSJI,ok,true,0.0,dst,""
BSM,ok,true,0.0,dst,""
BSRR,warning,true,0.0,dst,price_spikes
BSTC,ok,true,0.0,dst,""
BSVN,warning,true,0.0,dst,"price_spikes,zero_volume"
BSWN,warning,true,0.0,dst,"price_spikes,stale_prices,zero_volume"
BSX,ok,true,0.0,dst,""
BSY,ok,true,0.0,dst,""
BT,ok,true,0.0,dst,""
BTAI,ok,true,0.0,dst,""
BTAQ,warning,true,0.0,dst,"price_spikes,stale_prices,zero_volume"
BTBD,warning,true,0.0,dst,"stale_prices,zero_volume"
BTBT,warning,true,0.0,dst,"price_spikes,stale_prices,zero_volume"
BTCS,ok,true,0.0,dst,""
BTCT,ok,true,0.0,dst,zero_volume
BTDR,warning,true,0.0,dst,"price_spikes,stale_prices,zero_volume"
BTE,ok,true,0.0,dst,""
BTG,ok,true,0.0,dst,""
BTGO,ok,true,0.0,dst,""
BTMD,warning,true,0.0,dst,"stale_prices,zero_volume"
BTOC,ok,true,0.0,dst,zero_volume
BTOG,ok,true,0.0,dst,zero_volume
BTQ,ok,true,0.0,dst,""
BTTC,warning,true,0.0,dst,"price_spikes,zero_volume"
BTU,warning,true,0.0,dst,"price_spikes,stale_prices,zero_volume"
BTYS,warning,true,0.0,dst,"stale_prices,zero_volume"
BUD,ok,true,0.0,dst,""
BUDA,ok,true,0.0,dst,zero_volume
BULL,warning,true,0.0,dst,"price_spikes,stale_prices,zero_volume"
BULZ,ok,true,0.0,dst,""
BUR,ok,true,0.0,dst,""
BURL,ok,true,0.0,dst,""
BURU,warning,true,19.0999,dst,"missing_bars,price_spikes,stale_prices,zero_volume"
BUSE,warning,true,0.0,dst,price_spikes
BUUU,ok,true,0.0,dst,zero_volume
BUZ,warning,true,0.0,dst,"stale_prices,zero_volume"
BVC,ok,true,0.0,dst,zero_volume
BVFL,ok,true,0.0,dst,zero_volume
BVN,warning,true,0.0,dst,price_spikes
BVS,ok,true,0.0,dst,""
BVSN,ok,true,0.0,dst,zero_volume
BW,warning,true,0.0,dst,price_spikes
BWA,ok,true,0.0,dst,""
BWB,ok,true,0.0,dst,""
BWEN,ok,true,0.0,dst,""
BWFG,ok,true,0.0,dst,zero_volume
BWIN,ok,true,0.0,dst,""
BWIV,warning,true,0.0,dst,"stale_prices,zero_volume"
BWL.A,warning,true,0.0,dst,"price_spikes,stale_prices,zero_volume"
BWLP,ok,true,0.0,dst,""
BWMCU,warning,true,0.0,dst,"price_spikes,stale_prices,zero_volume"
BWMN,ok,true,0.0,dst,zero_volume
BWMX,warning,true,0.0,dst,"price_spikes,stale_prices,zero_volume"
BWXT,ok,true,0.0,dst,""
BX,ok,true,0.0,dst,""
BXC,ok,true,0.0,dst,zero_volume
BXG,ok,true,0.0,dst,""
BXLT,ok,true,0.0,dst,""
BXP,ok,true,0.0,dst,""
BY,ok,true,0.0,dst,""
BYAH,warning,true,0.0,dst,"price_spikes,stale_prices,zero_volume"
BYD,warning,true,0.0,dst,price_spikes
BYFC,warning,true,0.0,dst,"price_spikes,stale_prices,zero_volume"
BYND,ok,true,0.0,dst,""
BYRN,ok,true,0.0,dst,""
BYSI,ok,true,0.0,dst,zero_volume
BZ,ok,true,0.0,dst,""
BZAI,ok,true,0.0,dst,""
BZF,ok,true,0.0,dst,zero_volume
BZFD,warning,true,0.0,dst,"price_spikes,zero_volume"
BZH,ok,true,0.0,dst,""
BZQ,ok,true,0.0,dst,""
C,ok,true,0.0,dst,""
CA,warning,true,0.0,dst,"price_spikes,stale_prices,zero_volume"
CAAP,ok,true,0.0,dst,""
CAAS,warning,true,0.0,dst,"price_spikes,zero_volume"
CABA,ok,true,0.0,dst,""
CABO,ok,true,0.0,dst,""
CABR,ok,true,0.0,dst,""
CAC,warning,true,0.0,dst,price_spikes
CACC,warning,true,0.0,dst,price_spikes
CACI,ok,true,0.0,dst,""
CADE,ok,true,0.0,dst,""
CADL,ok,true,0.0,dst,""
CAE,warning,true,0.0,dst,price_spikes
CAES,warning,true,0.0,dst,zero_volume
CAG,ok,true,0.0,dst,""
CAH,ok,true,0.0,dst,""
CAI,warning,true,33.1972,dst,"missing_bars,price_spikes"
CAII,warning,true,0.0,dst,zero_volume
CAKE,ok,true,0.0,dst,""
CAL,ok,true,0.0,dst,""
CALC,warning,true,0.0,dst,"price_spikes,stale_prices,zero_volume"
CALL,warning,true,0.0,dst,price_spikes
CALM,ok,true,0.0,dst,""
CALX,ok,true,0.0,dst,""
CALY,warning,true,0.0,dst,price_spikes
CAM,warning,true,88.7857,dst,missing_bars
CAMP,warning,true,7.2781,dst,"missing_bars,price_spikes"
CAMT,ok,true,0.0,dst,""
CANE,ok,true,0.0,dst,zero_volume
CANG,warning,true,0.0,dst,"price_spikes,zero_volume"
CAPN,warning,true,0.0,dst,"price_spikes,stale_prices,zero_volume"
CAPR,ok,true,0.0,dst,zero_volume
CAPS,ok,true,0.0,dst,""
CAQ,warning,true,0.0,dst,"stale_prices,zero_volume"
CAR,ok,true,0.0,dst,""
CARB,ok,true,0.0,dst,""
CARD,ok,true,0.0,dst,zero_volume
CARE,ok,true,0.0,dst,""
CARG,ok,true,0.0,dst,""
CARL,ok,true,0.0,dst,""
CARO,warning,true,0.0,dst,price_spikes
CARR,ok,true,0.0,dst,""
CARS,ok,true,0.0,dst,""
CART,warning,true,0.0,dst,"price_spikes,stale_prices,zero_volume"
CARU,ok,true,0.0,dst,zero_volume
CASH,warning,true,0.0,dst,price_spikes
CASM,ok,true,0.0,dst,zero_volume
CASS,ok,true,0.0,dst,""
CAST,ok,true,0.0,dst,""
CASY,ok,true,0.0,dst,""
CAT,ok,true,0.0,dst,""
CATM,ok,true,0.0,dst,""
CATO,ok,true,0.0,dst,""
CATX,warning,true,0.0,dst,price_spikes
CATY,warning,true,0.0,dst,price_spikes
CAVA,ok,true,0.0,dst,""
CAVM,ok,true,0.0,dst,""
CB,ok,true,0.0,dst,""
CBAH.U,warning,true,0.0,dst,"price_spikes,stale_prices,zero_volume"
CBAN,warning,true,0.0,dst,"price_spikes,zero_volume"
CBAT,warning,true,0.0,dst,price_spikes
CBB,ok,true,0.0,dst,""
CBC,ok,true,0.0,dst,""
CBFV,warning,true,0.0,dst,"price_spikes,zero_volume"
CBIO,warning,true,0.0,dst,"price_spikes,zero_volume"
CBK,warning,true,60.2674,dst,missing_bars
CBL,warning,true,0.0,dst,"price_spikes,stale_prices,zero_volume"
CBLK,ok,true,0.0,dst,""
CBLL,warning,true,0.0,dst,price_spikes
CBM,ok,true,0.0,dst,""
CBMG,warning,true,0.0,dst,price_spikes
CBNA,ok,true,0.0,dst,""
CBNK,warning,true,0.0,dst,"price_spikes,stale_prices,zero_volume"
CBOE,warning,true,0.0,dst,price_spikes
CBPO,ok,true,0.0,dst,""
CBPX,ok,true,0.0,dst,""
CBRE,warning,true,0.0,dst,price_spikes
CBRL,ok,true,0.0,dst,""
CBRS,ok,true,0.0,dst,""
CBS,ok,true,0.0,dst,""
CBS.A,ok,true,0.0,dst,zero_volume
CBSH,ok,true,0.0,dst,""
CBT,ok,true,0.0,dst,""
CBUS,ok,true,0.0,dst,""
CBZ,ok,true,0.0,dst,""
CC,ok,true,0.0,dst,""
CCA,ok,true,0.0,dst,zero_volume
CCAP,ok,true,0.0,dst,""
CCAQ,warning,true,0.0,dst,"stale_prices,zero_volume"
CCB,warning,true,0.0,dst,price_spikes
CCBG,warning,true,0.0,dst,price_spikes
CCC,warning,true,0.0,dst,price_spikes
CCCC,ok,true,0.0,dst,""
CCEC,ok,true,0.0,dst,zero_volume
CCEL,ok,true,0.0,dst,zero_volume
CCEP,warning,true,0.0,dst,price_spikes
CCG,ok,true,0.0,dst,""
CCHH,ok,true,0.0,dst,""
CCI,ok,true,0.0,dst,""
CCII,warning,true,0.0,dst,"stale_prices,zero_volume"
CCIX,warning,true,0.0,dst,"price_spikes,stale_prices,zero_volume"
CCJ,ok,true,0.0,dst,""
CCK,ok,true,0.0,dst,""
CCL,ok,true,0.0,dst,""
CCLD,ok,true,0.0,dst,zero_volume
CCM,warning,true,0.0,dst,"price_spikes,stale_prices,zero_volume"
CCMP,ok,true,0.0,dst,""
CCNE,warning,true,0.0,dst,price_spikes
CCO,warning,true,3.0821,dst,"missing_bars,price_spikes"
CCOI,ok,true,0.0,dst,""
CCOR,ok,true,0.0,dst,zero_volume
CCR,ok,true,0.0,dst,""
CCRC,ok,true,0.0,dst,zero_volume
CCRN,ok,true,0.0,dst,""
CCSI,ok,true,0.0,dst,""
CCT,ok,true,0.0,dst,""
CCTG,warning,true,0.0,dst,price_spikes
CCU,ok,true,0.0,dst,""
CCX.U,warning,true,0.0,dst,"price_spikes,stale_prices,zero_volume"
CCXI,warning,true,30.7092,dst,"missing_bars,price_spikes,stale_prices,zero_volume"
CD,warning,true,0.0,dst,"price_spikes,zero_volume"
CDAY,ok,true,0.0,dst,""
CDE,ok,true,0.0,dst,""
CDIO,warning,true,0.0,dst,"price_spikes,stale_prices,zero_volume"
CDK,ok,true,0.0,dst,""
CDLX,ok,true,0.0,dst,""
CDNA,ok,true,0.0,dst,zero_volume
CDNL,ok,true,0.0,dst,""
CDNS,ok,true,0.0,dst,""
CDP,ok,true,0.0,dst,""
CDRE,ok,true,0.0,dst,""
CDRO,warning,true,0.0,dst,"price_spikes,stale_prices,zero_volume"
CDT,warning,true,0.0,dst,"price_spikes,stale_prices,zero_volume"
CDTG,warning,true,0.0,dst,"price_spikes,zero_volume"
CDW,ok,true,0.0,dst,""
CDXS,ok,true,0.0,dst,""
CDZI,warning,true,0.0,dst,price_spikes
CE,warning,true,0.0,dst,price_spikes
CECO,warning,true,0.0,dst,price_spikes
CEG,ok,true,0.0,dst,""
CELC,warning,true,0.0,dst,"price_spikes,zero_volume"
CELG,ok,true,0.0,dst,""
CELH,warning,true,0.0,dst,price_spikes
CELU,warning,true,0.0,dst,"price_spikes,stale_prices,zero_volume"
CELZ,warning,true,0.0,dst,price_spikes
CENN,warning,true,0.0,dst,"price_spikes,zero_volume"
CENT,ok,true,0.0,dst,""
CENTA,ok,true,0.0,dst,""
CENX,ok,true,0.0,dst,""
CEO,ok,true,0.0,dst,""
CEPF,ok,true,0.0,dst,zero_volume
CEPO,warning,true,0.0,dst,"price_spikes,zero_volume"
CEPS,warning,true,0.0,dst,"price_spikes,stale_prices,zero_volume"
CEPT,ok,true,0.0,dst,""
CEPV,warning,true,0.0,dst,"stale_prices,zero_volume"
CERN,ok,true,0.0,dst,""
CERS,ok,true,0.0,dst,""
CERT,ok,true,0.0,dst,""
CET,ok,true,0.0,dst,zero_volume
CETV,warning,true,0.0,dst,price_spikes
CETX,warning,true,0.0,dst,"price_spikes,zero_volume"
CETY,warning,true,0.0,dst,price_spikes
CEVA,ok,true,0.0,dst,""
CF,ok,true,0.0,dst,""
CFBK,warning,true,0.0,dst,"price_spikes,zero_volume"
CFFI,ok,true,0.0,dst,zero_volume
CFFN,warning,true,0.0,dst,price_spikes
CFG,ok,true,0.0,dst,""
CFR,warning,true,0.0,dst,price_spikes
CG,ok,true,0.0,dst,""
CGAU,ok,true,0.0,dst,""
CGBD,warning,true,0.0,dst,price_spikes
CGC,warning,true,0.0,dst,price_spikes
CGEM,ok,true,0.0,dst,""
CGEN,ok,true,0.0,dst,""
CGNT,ok,true,0.0,dst,zero_volume
CGNX,ok,true,0.0,dst,""
CGON,ok,true,0.0,dst,""
CGTL,warning,true,0.0,dst,"price_spikes,zero_volume"
CGTX,ok,true,0.0,dst,""
CHAC,warning,true,78.8136,dst,"missing_bars,price_spikes,stale_prices,zero_volume"
CHAI,warning,true,0.0,dst,"price_spikes,zero_volume"
CHAR,warning,true,0.0,dst,"stale_prices,zero_volume"
CHCI,ok,true,0.0,dst,zero_volume
CHCO,ok,true,0.0,dst,""
CHD,ok,true,0.0,dst,""
CHDN,warning,true,0.0,dst,price_spikes
CHE,ok,true,0.0,dst,""
CHEC,warning,true,0.0,dst,"stale_prices,zero_volume"
CHEF,ok,true,0.0,dst,""
CHFN,ok,true,0.0,dst,""
CHGG,ok,true,0.0,dst,""
CHH,ok,true,0.0,dst,""
CHK,warning,true,0.0,dst,"price_spikes,stale_prices,zero_volume"
CHKE,ok,true,0.0,dst,zero_volume
CHKP,ok,true,0.0,dst,""
CHL,ok,true,0.0,dst,""
CHMA,ok,true,0.0,dst,zero_volume
CHMG,warning,true,0.0,dst,"price_spikes,zero_volume"
CHMI,warning,true,0.0,dst,price_spikes
CHNR,warning,true,0.0,dst,"price_spikes,zero_volume"
CHOW,ok,true,0.0,dst,""
CHPG,warning,true,0.0,dst,"stale_prices,zero_volume"
CHPM,warning,true,0.0,dst,"price_spikes,stale_prices,zero_volume"
CHPT,warning,true,0.0,dst,"stale_prices,zero_volume"
CHR,warning,true,0.0,dst,"price_spikes,stale_prices,zero_volume"
CHRD,ok,true,0.0,dst,""
CHRN,warning,true,0.0,dst,price_spikes
CHRS,ok,true,0.0,dst,""
CHRW,ok,true,0.0,dst,""
CHSN,warning,true,0.0,dst,"stale_prices,zero_volume"
CHSP,ok,true,0.0,dst,""
CHT,ok,true,0.0,dst,""
CHTR,ok,true,0.0,dst,""
CHU,ok,true,0.0,dst,""
CHWY,ok,true,0.0,dst,""
CHYM,ok,true,0.0,dst,""
CI,ok,true,0.0,dst,""
CIA,warning,true,0.0,dst,price_spikes
CIC,warning,true,0.0,dst,"price_spikes,stale_prices,zero_volume"
CIEN,ok,true,0.0,dst,""
CIFR,warning,true,0.0,dst,price_spikes
CIG,ok,true,0.0,dst,""
CIG.C,warning,true,0.0,dst,"price_spikes,stale_prices,zero_volume"
CIGI,warning,true,0.0,dst,price_spikes
CIIT,ok,true,0.0,dst,""
CIM,ok,true,0.0,dst,""
CINF,ok,true,0.0,dst,""
CING,warning,true,0.0,dst,price_spikes
CINT,ok,true,0.0,dst,""
CION,ok,true,0.0,dst,""
CISN,ok,true,0.0,dst,""
CISO,ok,true,0.0,dst,""
CISS,warning,true,0.0,dst,"price_spikes,zero_volume"
CIT,ok,true,0.0,dst,""
CITR,ok,true,0.0,dst,""
CIVB,ok,true,0.0,dst,zero_volume
CIVI,warning,true,0.0,dst,"stale_prices,zero_volume"
CIX,ok,true,0.0,dst,zero_volume
CJ,ok,true,0.0,dst,""
CJMB,ok,true,0.0,dst,""
CKH,ok,true,0.0,dst,""
CKX,warning,true,0.0,dst,"price_spikes,stale_prices,zero_volume"
CL,ok,true,0.0,dst,""
CLAR,ok,true,0.0,dst,""
CLB,ok,true,0.0,dst,""
CLBK,warning,true,0.0,dst,price_spikes
CLBR,warning,true,0.0,dst,"price_spikes,stale_prices,zero_volume"
CLBT,warning,true,0.0,dst,"price_spikes,zero_volume"
CLCT,ok,true,0.0,dst,""
CLDB,warning,true,0.0,dst,"price_spikes,stale_prices,zero_volume"
CLDI,warning,true,0.0,dst,"price_spikes,stale_prices,zero_volume"
CLDR,warning,true,0.0,dst,price_spikes
CLDS,warning,true,0.0,dst,zero_volume
CLDX,ok,true,0.0,dst,""
CLF,ok,true,0.0,dst,""
CLFD,ok,true,0.0,dst,""
CLGN,warning,true,0.0,dst,"price_spikes,stale_prices,zero_volume"
CLGX,ok,true,0.0,dst,""
CLH,warning,true,0.0,dst,price_spikes
CLIK,warning,true,0.0,dst,"price_spikes,zero_volume"
CLIR,ok,true,0.0,dst,""
CLMB,warning,true,0.0,dst,"price_spikes,zero_volume"
CLMT,ok,true,0.0,dst,""
CLNE,ok,true,0.0,dst,""
CLNN,warning,true,0.0,dst,"price_spikes,stale_prices,zero_volume"
CLNS,ok,true,0.0,dst,""
CLOV,ok,true,0.0,dst,""
CLPR,ok,true,0.0,dst,""
CLPS,warning,true,0.0,dst,"price_spikes,zero_volume"
CLPT,ok,true,0.0,dst,""
CLRB,ok,true,0.0,dst,zero_volume
CLRO,ok,true,0.0,dst,zero_volume
CLS,ok,true,0.0,dst,""
CLSK,ok,true,0.0,dst,zero_volume
CLST,warning,true,0.0,dst,"price_spikes,zero_volume"
CLVT,ok,true,0.0,dst,""
CLW,warning,true,0.0,dst,price_spikes
CLWT,warning,true,0.0,dst,"price_spikes,stale_prices,zero_volume"
CLX,ok,true,0.0,dst,""
CLYM,ok,true,0.0,dst,zero_volume
CM,warning,true,0.0,dst,price_spikes
CMA,warning,true,0.0,dst,price_spikes
CMBT,warning,true,0.0,dst,price_spikes
CMC,ok,true,0.0,dst,""
CMCL,warning,true,0.0,dst,"price_spikes,zero_volume"
CMCO,ok,true,0.0,dst,""
CMCSA,ok,true,0.0,dst,""
CMD,warning,true,0.0,dst,"stale_prices,zero_volume"
CMDB,ok,true,0.0,dst,""
CME,warning,true,0.0,dst,price_spikes
CMG,ok,true,0.0,dst,""
CMI,ok,true,0.0,dst,""
CMII,warning,true,83.8301,dst,"missing_bars,stale_prices,zero_volume"
CMND,warning,true,0.0,dst,"price_spikes,zero_volume"
CMO,warning,true,0.0,dst,price_spikes
CMP,warning,true,0.0,dst,price_spikes
CMPI,ok,true,0.0,dst,""
CMPR,ok,true,0.0,dst,""
CMPS,ok,true,0.0,dst,""
CMPX,ok,true,0.0,dst,""
CMRC,ok,true,0.0,dst,""
CMRE,ok,true,0.0,dst,""
CMS,warning,true,0.0,dst,price_spikes
CMSS,warning,true,0.0,dst,"price_spikes,stale_prices,zero_volume"
CMSSU,warning,true,0.0,dst,"price_spikes,stale_prices,zero_volume"
CMT,ok,true,0.0,dst,zero_volume
CMTA,ok,true,0.0,dst,zero_volume
CMTL,warning,true,0.0,dst,price_spikes
CNA,ok,true,0.0,dst,""
CNAC,warning,true,0.0,dst,"stale_prices,zero_volume"
CNBKA,warning,true,0.0,dst,price_spikes
CNC,ok,true,0.0,dst,""
CNCK,warning,true,0.0,dst,"price_spikes,stale_prices,zero_volume"
CNDF,warning,true,0.0,dst,"price_spikes,stale_prices,zero_volume"
CNDT,ok,true,0.0,dst,""
CNET,warning,true,0.0,dst,"price_spikes,zero_volume"
CNEY,ok,true,0.0,dst,zero_volume
CNH,ok,true,0.0,dst,""
CNI,ok,true,0.0,dst,""
CNK,ok,true,0.0,dst,""
CNL,warning,true,5.1244,dst,"missing_bars,stale_prices,zero_volume"
CNM,ok,true,0.0,dst,""
CNMD,warning,true,0.0,dst,price_spikes
CNNE,ok,true,0.0,dst,""
CNO,ok,true,0.0,dst,""
CNOB,ok,true,0.0,dst,""
CNP,warning,true,0.0,dst,price_spikes
CNQ,warning,true,0.0,dst,price_spikes
CNR,ok,true,0.0,dst,""
CNS,warning,true,0.0,dst,price_spikes
CNSF,warning,true,0.0,dst,"price_spikes,stale_prices,zero_volume"
CNSP,warning,true,0.0,dst,"price_spikes,stale_prices,zero_volume"
CNST,ok,true,0.0,dst,""
CNTB,ok,true,0.0,dst,""
CNTN,warning,true,0.0,dst,price_spikes
CNTX,ok,true,0.0,dst,""
CNTY,ok,true,0.0,dst,""
CNVS,warning,true,0.0,dst,"price_spikes,zero_volume"
CNX,ok,true,0.0,dst,""
CNXC,ok,true,0.2055,dst,missing_bars
CNXM,warning,true,0.0,dst,price_spikes
CNXN,ok,true,0.0,dst,""
CNXU,ok,true,0.0,dst,""
CNY,warning,true,0.0,dst,"price_spikes,stale_prices,zero_volume"
COAG,ok,true,0.0,dst,""
COBZ,ok,true,0.0,dst,""
COCH,warning,true,0.0,dst,"price_spikes,stale_prices,zero_volume"
COCO,ok,true,0.0,dst,""
COCP,warning,true,0.0,dst,price_spikes
CODA,ok,true,0.0,dst,zero_volume
CODI,warning,true,0.0,dst,price_spikes
CODX,warning,true,0.0,dst,"price_spikes,stale_prices,zero_volume"
COEP,ok,true,0.0,dst,""
COF,ok,true,0.0,dst,""
COFS,ok,true,0.0,dst,zero_volume
COG,ok,true,0.0,dst,""
COGT,ok,true,0.0,dst,""
COHN,warning,true,0.0,dst,"price_spikes,stale_prices,zero_volume"
COHR,ok,true,0.0,dst,""
COHU,ok,true,0.0,dst,""
COIA,ok,true,0.0,dst,""
COIN,ok,true,0.0,dst,""
COKE,ok,true,0.0,dst,""
COL,ok,true,0.0,dst,""
COLA,warning,true,0.0,dst,"price_spikes,stale_prices,zero_volume"
COLB,warning,true,0.0,dst,price_spikes
COLL,ok,true,0.0,dst,""
COLM,ok,true,0.0,dst,""
COMP,ok,true,0.0,dst,""
CON,ok,true,0.0,dst,""
CONE,ok,true,0.0,dst,""
COO,warning,true,0.0,dst,price_spikes
COOK,ok,true,0.0,dst,""
COOT,warning,true,0.0,dst,"price_spikes,stale_prices,zero_volume"
COP,ok,true,0.0,dst,""
COPL,warning,true,0.0,dst,"price_spikes,stale_prices,zero_volume"
COR,warning,true,0.0,dst,price_spikes
CORE,ok,true,0.0,dst,""
CORI,ok,true,0.0,dst,""
CORN,ok,true,0.0,dst,""
CORT,ok,true,0.0,dst,""
CORV,warning,true,0.0,dst,"price_spikes,zero_volume"
CORZ,warning,true,0.0,dst,"price_spikes,stale_prices,zero_volume"
COSM,ok,true,0.0,dst,""
COSO,ok,true,0.0,dst,""
COST,ok,true,0.0,dst,""
COTV,ok,true,0.0,dst,""
COTY,ok,true,0.0,dst,""
COUR,ok,true,0.0,dst,""
COYA,ok,true,0.0,dst,""
CP,warning,true,0.0,dst,price_spikes
CPA,warning,true,0.0,dst,price_spikes
CPAC,warning,true,0.0,dst,"price_spikes,stale_prices,zero_volume"
CPAH,warning,true,0.0,dst,"price_spikes,stale_prices,zero_volume"
CPAY,ok,true,0.0,dst,""
CPB,ok,true,0.0,dst,""
CPBI,warning,true,0.0,dst,"price_spikes,zero_volume"
CPER,ok,true,0.0,dst,zero_volume
CPF,warning,true,0.0,dst,price_spikes
CPGX,ok,true,0.0,dst,""
CPHC,warning,true,0.0,dst,"price_spikes,stale_prices,zero_volume"
CPHI,warning,true,0.0,dst,"price_spikes,zero_volume"
CPIX,ok,true,0.0,dst,zero_volume
CPK,warning,true,0.0,dst,price_spikes
CPL,ok,true,0.0,dst,""
CPLG,warning,true,0.0,dst,price_spikes
CPNG,ok,true,0.0,dst,""
CPOP,warning,true,0.0,dst,"price_spikes,zero_volume"
CPRI,ok,true,0.0,dst,""
CPRT,ok,true,0.0,dst,""
CPRX,ok,true,0.0,dst,""
CPS,ok,true,0.0,dst,""
CPSH,warning,true,0.0,dst,"stale_prices,zero_volume"
CPSS,warning,true,0.0,dst,"price_spikes,zero_volume"
CPT,ok,true,0.0,dst,""
CQH,ok,true,0.0,dst,""
CQP,ok,true,0.0,dst,""
CR,ok,true,0.0,dst,""
CRAC,warning,true,0.0,dst,"price_spikes,stale_prices,zero_volume"
CRAI,ok,true,0.0,dst,""
CRAN,warning,true,0.0,dst,"price_spikes,stale_prices,zero_volume"
CRAQ,warning,true,0.0,dst,"stale_prices,zero_volume"
CRAY,warning,true,0.0,dst,price_spikes
CRBG,ok,true,0.0,dst,""
CRBP,ok,true,0.0,dst,""
CRBU,ok,true,0.0,dst,""
CRC,warning,true,0.0,dst,"price_spikes,stale_prices,zero_volume"
CRCA,ok,true,0.0,dst,""
CRCL,ok,true,0.0,dst,""
CRCM,ok,true,0.0,dst,""
CRCT,ok,true,0.0,dst,""
CRD.A,ok,true,0.0,dst,""
CRD.B,ok,true,0.0,dst,zero_volume
CRDF,warning,true,0.0,dst,price_spikes
CRDL,ok,true,0.0,dst,""
CRDO,ok,true,0.0,dst,""
CRE,ok,true,0.0,dst,""
CREG,warning,true,0.0,dst,"price_spikes,stale_prices,zero_volume"
CREX,ok,true,0.0,dst,zero_volume
CRGO,warning,true,0.0,dst,"price_spikes,stale_prices,zero_volume"
CRGY,ok,true,0.0,dst,""
CRH,ok,true,0.0,dst,""
CRHM,ok,true,0.0,dst,zero_volume
CRI,warning,true,0.0,dst,price_spikes
CRIS,warning,true,0.0,dst,price_spikes
CRK,ok,true,0.0,dst,""
CRL,ok,true,0.0,dst,""
CRM,ok,true,0.0,dst,""
CRMD,ok,true,0.0,dst,""
CRML,warning,true,0.0,dst,"price_spikes,stale_prices,zero_volume"
CRMT,ok,true,0.0,dst,""
CRNC,ok,true,0.0,dst,zero_volume
CRNT,warning,true,0.0,dst,price_spikes
CRNX,ok,true,0.0,dst,""
CROC,warning,true,0.0,dst,"stale_prices,zero_volume"
CRON,warning,true,0.0,dst,price_spikes
CROX,ok,true,0.0,dst,""
CRS,ok,true,0.0,dst,""
CRSP,ok,true,0.0,dst,zero_volume
CRSR,warning,true,0.0,dst,price_spikes
CRUS,ok,true,0.0,dst,""
CRVL,warning,true,0.0,dst,price_spikes
CRVO,warning,true,0.0,dst,"price_spikes,zero_volume"
CRVS,ok,true,0.0,dst,""
CRWD,ok,true,0.0,dst,""
CRWS,warning,true,0.0,dst,"price_spikes,zero_volume"
CRWV,ok,true,0.0,dst,""
CRZO,ok,true,0.0,dst,""
CSAI,ok,true,0.0,dst,""
CSBR,warning,true,0.0,dst,"stale_prices,zero_volume"
CSCO,ok,true,0.0,dst,""
CSFL,ok,true,0.0,dst,""
CSGP,ok,true,0.0,dst,""
CSHR,warning,true,0.0,dst,"price_spikes,stale_prices,zero_volume"
CSIQ,ok,true,0.0,dst,""
CSL,ok,true,0.0,dst,""
CSLT,ok,true,0.0,dst,""
CSM,warning,true,0.0,dst,price_spikes
CSOD,ok,true,0.0,dst,""
CSPI,ok,true,0.0,dst,zero_volume
CSPR,ok,true,0.0,dst,""
CSQ,warning,true,0.0,dst,price_spikes
CSR,ok,true,0.0,dst,""
CSRA,warning,true,77.9799,dst,missing_bars
CSS,ok,true,0.0,dst,""
CSTE,ok,true,0.0,dst,""
CSTL,ok,true,0.0,dst,""
CSTM,ok,true,0.0,dst,""
CSV,ok,true,0.0,dst,""
CSW,warning,true,0.0,dst,price_spikes
CSWC,warning,true,0.0,dst,"price_spikes,zero_volume"
CSX,warning,true,0.0,dst,price_spikes
CTAA,warning,true,48.5041,dst,"missing_bars,price_spikes,stale_prices,zero_volume"
CTACU,warning,true,0.0,dst,"price_spikes,stale_prices,zero_volume"
CTAS,ok,true,0.0,dst,""
CTB,ok,true,0.0,dst,""
CTEK,ok,true,0.0,dst,zero_volume
CTEV,ok,true,0.0,dst,zero_volume
CTGO,warning,true,0.0,dst,"price_spikes,zero_volume"
CTKB,ok,true,0.0,dst,""
CTL,ok,true,0.0,dst,""
CTLT,ok,true,0.0,dst,""
CTM,ok,true,0.0,dst,""
CTMX,ok,true,0.0,dst,""
CTNM,ok,true,0.0,dst,""
CTNT,ok,true,0.0,dst,zero_volume
CTO,ok,true,0.0,dst,""
CTOR,warning,true,0.1056,dst,"missing_bars,price_spikes,stale_prices,zero_volume"
CTOS,warning,true,0.0,dst,"price_spikes,stale_prices,zero_volume"
CTRA,warning,true,0.0,dst,"price_spikes,stale_prices,zero_volume"
CTRI,ok,true,0.0,dst,""
CTRL,ok,true,0.0,dst,""
CTRM,warning,true,0.0,dst,"stale_prices,zero_volume"
CTRN,ok,true,0.0,dst,""
CTS,ok,true,0.0,dst,""
CTSH,warning,true,0.0,dst,price_spikes
CTSO,ok,true,0.0,dst,""
CTV,warning,true,0.0,dst,"price_spikes,stale_prices,zero_volume"
CTVA,ok,true,0.0,dst,""
CTW,warning,true,64.909,dst,"missing_bars,price_spikes,zero_volume"
CTWS,ok,true,0.0,dst,""
CTXR,ok,true,0.0,dst,""
CTXS,ok,true,0.0,dst,""
CTZ,warning,true,0.0,dst,price_spikes
CUB,warning,true,0.0,dst,"price_spikes,stale_prices,zero_volume"
CUBE,ok,true,0.0,dst,""
CUBI,ok,true,0.0,dst,""
CUE,ok,true,0.0,dst,""
CULP,warning,true,0.0,dst,price_spikes
CUMB,ok,true,0.0,dst,zero_volume
CUO,warning,true,0.0,dst,"price_spikes,stale_prices,zero_volume"
CUPR,warning,true,0.0,dst,price_spikes
CUR,warning,true,0.0,dst,price_spikes
CURB,ok,true,0.0,dst,""
CURI,warning,true,0.0,dst,"price_spikes,stale_prices,zero_volume"
CURR,warning,true,0.0,dst,"price_spikes,stale_prices,zero_volume"
CURV,ok,true,0.0,dst,""
CURX,ok,true,0.0,dst,""
CUZ,warning,true,0.0,dst,price_spikes
CV,ok,true,0.0,dst,""
CVA,ok,true,0.0,dst,""
CVBF,ok,true,0.0,dst,""
CVC,ok,true,0.0,dst,""
CVCO,ok,true,0.0,dst,""
CVE,ok,true,0.0,dst,""
CVEO,ok,true,0.0,dst,""
CVGI,warning,true,0.0,dst,price_spikes
CVI,warning,true,0.0,dst,price_spikes
CVKD,ok,true,0.0,dst,""
CVLG,ok,true,0.0,dst,""
CVLT,ok,true,0.0,dst,""
CVM,warning,true,0.0,dst,price_spikes
CVNA,ok,true,0.0,dst,""
CVON,ok,true,0.0,dst,""
CVR,warning,true,0.0,dst,"price_spikes,stale_prices,zero_volume"
CVRR,ok,true,0.0,dst,""
CVRS,ok,true,0.0,dst,""
CVRX,ok,true,0.0,dst,""
CVS,ok,true,0.0,dst,""
CVSA,ok,true,0.0,dst,""
CVU,ok,true,0.0,dst,""
CVV,ok,true,0.0,dst,zero_volume
CVX,ok,true,0.0,dst,""
CWAY,warning,true,0.0,dst,"stale_prices,zero_volume"
CWCO,warning,true,0.0,dst,price_spikes
CWD,ok,true,0.0,dst,""
CWEN,warning,true,0.0,dst,price_spikes
CWH,ok,true,0.0,dst,""
CWK,warning,true,0.0,dst,price_spikes
CWST,ok,true,0.0,dst,""
CWT,ok,true,0.0,dst,""
CX,ok,true,0.0,dst,""
CXAI,warning,true,0.0,dst,"price_spikes,stale_prices,zero_volume"
CXDO,ok,true,0.0,dst,""
CXII,warning,true,0.0,dst,zero_volume
CXM,ok,true,0.0,dst,""
CXO,ok,true,0.0,dst,""
CXT,ok,true,0.0,dst,""
CXW,ok,true,0.0,dst,""
CY,warning,true,0.0,dst,price_spikes
CYAB,warning,true,0.0,dst,"price_spikes,stale_prices,zero_volume"
CYCN,ok,true,0.0,dst,zero_volume
CYCU,ok,true,0.0,dst,""
CYD,ok,true,0.0,dst,""
CYN,ok,true,0.0,dst,zero_volume
CYOU,ok,true,0.0,dst,""
CYPH,ok,true,0.0,dst,""
CYRX,ok,true,0.0,dst,""
CYTK,ok,true,0.0,dst,zero_volume
CYTX,warning,true,0.0,dst,price_spikes
CZFC,warning,true,0.0,dst,"price_spikes,stale_prices,zero_volume"
CZFS,ok,true,0.0,dst,zero_volume
CZNC,warning,true,0.0,dst,price_spikes
CZR,ok,true,0.0,dst,""
CZZ,ok,true,0.0,dst,""
D,warning,true,0.0,dst,price_spikes
DAAQ,warning,true,0.0,dst,"price_spikes,zero_volume"
DAC,warning,true,3.0821,dst,"missing_bars,zero_volume"
DAIC,ok,true,0.0,dst,""
DAIO,ok,true,0.0,dst,zero_volume
DAKT,ok,true,0.0,dst,""
DAL,warning,true,0.0,dst,price_spikes
DAN,ok,true,0.0,dst,""
DAR,ok,true,0.0,dst,""
DARE,warning,true,0.0,dst,price_spikes
DASH,ok,true,0.0,dst,""
DATA,ok,true,0.0,dst,""
DAVE,warning,true,0.0,dst,"price_spikes,zero_volume"
DAY,ok,true,0.0,dst,""
DB,ok,true,0.0,dst,""
DBA,ok,true,0.0,dst,""
DBC,ok,true,0.0,dst,""
DBCA,warning,true,0.0,dst,zero_volume
DBD,warning,true,0.0,dst,"price_spikes,stale_prices,zero_volume"
DBGI,warning,true,0.0,dst,"price_spikes,stale_prices,zero_volume"
DBI,ok,true,0.0,dst,""
DBRG,ok,true,0.0,dst,""
DBUK,warning,true,0.0,dst,"price_spikes,stale_prices,zero_volume"
DBX,ok,true,0.0,dst,""
DC,ok,true,0.0,dst,""
DCBO,ok,true,0.0,dst,""
DCGO,warning,true,0.0,dst,"price_spikes,zero_volume"
DCH,ok,true,0.0,dst,""
DCI,ok,true,0.0,dst,""
DCO,ok,true,0.0,dst,""
DCOM,warning,true,0.0,dst,price_spikes
DCOY,warning,true,0.0,dst,"price_spikes,zero_volume"
DCT,warning,true,0.0,dst,"stale_prices,zero_volume"
DCTH,warning,true,0.0,dst,"stale_prices,zero_volume"
DCUD,ok,true,0.0,dst,""
DCX,warning,true,0.0,dst,"price_spikes,stale_prices,zero_volume"
DD,ok,true,0.0,dst,""
DDBI,warning,true,0.0,dst,"price_spikes,stale_prices,zero_volume"
DDC,warning,true,0.0,dst,"price_spikes,stale_prices,zero_volume"
DDD,ok,true,0.0,dst,""
DDE,ok,true,0.0,dst,zero_volume
DDG,warning,true,0.0,dst,"price_spikes,stale_prices,zero_volume"
DDI,warning,true,0.0,dst,"stale_prices,zero_volume"
DDM,warning,true,0.0,dst,price_spikes
DDMX,warning,true,0.0,dst,"price_spikes,stale_prices,zero_volume"
DDMXU,warning,true,0.0,dst,"price_spikes,stale_prices,zero_volume"
DDOG,ok,true,0.0,dst,""
DDS,ok,true,0.0,dst,""
DE,ok,true,0.0,dst,""
DEA,warning,true,0.0,dst,price_spikes
DEC,ok,true,0.0,dst,""
DECK,warning,true,0.0,dst,price_spikes
DEFT,ok,true,0.0,dst,""
DEI,ok,true,0.0,dst,""
DELL,ok,true,0.0,dst,""
DELT,warning,true,0.0,dst,"stale_prices,zero_volume"
DEO,ok,true,0.0,dst,""
DERM,warning,true,8.0951,dst,"missing_bars,stale_prices,zero_volume"
DETX,ok,true,0.0,dst,""
DEWJ,warning,true,0.0,dst,"stale_prices,zero_volume"
DEZU,warning,true,0.0,dst,"price_spikes,stale_prices,zero_volume"
DFBHU,warning,true,0.0,dst,"stale_prices,zero_volume"
DFDV,ok,true,0.0,dst,""
DFH,ok,true,0.0,dst,""
DFIN,ok,true,0.0,dst,""
DFLI,warning,true,0.0,dst,"price_spikes,stale_prices,zero_volume"
DFNS,warning,true,0.0,dst,"price_spikes,stale_prices,zero_volume"
DFRG,ok,true,0.0,dst,""
DFS,ok,true,0.0,dst,""
DFSC,warning,true,0.0,dst,"price_spikes,zero_volume"
DFTX,ok,true,0.0,dst,""
DFVL,warning,true,0.0,dst,"price_spikes,stale_prices,zero_volume"
DFVS,warning,true,0.0,dst,"price_spikes,stale_prices,zero_volume"
DG,ok,true,0.0,dst,""
DGICA,ok,true,0.0,dst,""
DGICB,warning,true,0.0,dst,"price_spikes,stale_prices,zero_volume"
DGII,ok,true,0.0,dst,""
DGNX,ok,true,0.0,dst,""
DGP,ok,true,0.0,dst,""
DGSE,ok,true,0.0,dst,zero_volume
DGX,ok,true,0.0,dst,""
DGXX,ok,true,0.0,dst,""
DGZ,warning,true,0.0,dst,"price_spikes,stale_prices,zero_volume"
DH,ok,true,0.0,dst,""
DHCP,ok,true,0.0,dst,""
DHI,ok,true,0.0,dst,""
DHR,ok,true,0.0,dst,""
DHT,ok,true,0.0,dst,""
DHVW,ok,true,0.0,dst,""
DHX,ok,true,0.0,dst,""
DIA,warning,true,0.0,dst,price_spikes
DIBS,ok,true,0.0,dst,""
DIG,ok,true,0.0,dst,""
DIN,warning,true,0.0,dst,price_spikes
DINO,ok,true,0.0,dst,""
DIOD,ok,true,0.0,dst,""
DIS,ok,true,0.0,dst,""
DISCA,ok,true,0.0,dst,""
DISCB,warning,true,0.0,dst,"price_spikes,stale_prices,zero_volume"
DISCK,ok,true,0.0,dst,""
DISH,warning,true,0.0,dst,price_spikes
DIT,warning,true,0.0,dst,"price_spikes,stale_prices,zero_volume"
DJCI,warning,true,0.0,dst,zero_volume
DJCO,warning,true,0.0,dst,"price_spikes,stale_prices,zero_volume"
DJP,ok,true,0.0,dst,""
DJT,warning,true,0.0,dst,"price_spikes,stale_prices,zero_volume"
DK,ok,true,0.0,dst,""
DKI,ok,true,0.0,dst,""
DKL,warning,true,0.0,dst,price_spikes
DKNG,warning,true,0.0,dst,"stale_prices,zero_volume"
DKS,ok,true,0.0,dst,""
DL,ok,true,0.0,dst,""
DLB,warning,true,0.0,dst,price_spikes
DLBR,warning,true,0.0,dst,"price_spikes,stale_prices,zero_volume"
DLBS,warning,true,0.0,dst,zero_volume
DLHC,ok,true,0.0,dst,zero_volume
DLNG,warning,true,0.0,dst,price_spikes
DLO,ok,true,0.0,dst,""
DLPH,warning,true,0.0,dst,price_spikes
DLPN,warning,true,0.0,dst,"price_spikes,zero_volume"
DLR,ok,true,0.0,dst,""
DLTH,ok,true,0.0,dst,""
DLTR,ok,true,0.0,dst,""
DLX,ok,true,0.0,dst,""
DLXY,warning,true,0.0,dst,price_spikes
DM,warning,true,0.0,dst,"stale_prices,zero_volume"
DMAA,warning,true,0.0,dst,"price_spikes,zero_volume"
DMAC,ok,true,0.0,dst,""
DMC,ok,true,0.0,dst,""
DMII,warning,true,0.0,dst,"price_spikes,stale_prices,zero_volume"
DMRA,warning,true,0.0,dst,price_spikes
DMRC,ok,true,0.0,dst,""
DNA,warning,true,0.0,dst,price_spikes
DNB,warning,true,0.0,dst,"price_spikes,stale_prices,zero_volume"
DNBF,warning,true,0.0,dst,"price_spikes,stale_prices,zero_volume"
DNKN,warning,true,0.0,dst,price_spikes
DNLI,ok,true,0.0,dst,""
DNMX,warning,true,0.0,dst,"price_spikes,stale_prices,zero_volume"
DNN,ok,true,0.0,dst,""
DNO,ok,true,0.0,dst,zero_volume
DNOW,ok,true,0.0,dst,""
DNTH,ok,true,0.0,dst,""
DNUT,ok,true,0.0,dst,""
DO,warning,true,0.0,dst,"stale_prices,zero_volume"
DOC,warning,true,0.0,dst,price_spikes
DOCN,ok,true,0.0,dst,""
DOCS,ok,true,0.0,dst,""
DOCU,ok,true,0.0,dst,""
DOG,ok,true,0.0,dst,""
DOGZ,warning,true,0.0,dst,"price_spikes,zero_volume"
DOLE,ok,true,0.0,dst,""
DOMH,warning,true,0.0,dst,"price_spikes,zero_volume"
DOMO,ok,true,0.0,dst,""
DOO,ok,true,0.0,dst,""
DORM,ok,true,0.0,dst,""
DOTA,warning,true,0.0,dst,"price_spikes,stale_prices,zero_volume"
DOUG,ok,true,0.0,dst,""
DOV,ok,true,0.0,dst,""
DOVA,ok,true,0.0,dst,""
DOW,warning,true,0.0,dst,"price_spikes,stale_prices,zero_volume"
DOX,ok,true,0.0,dst,""
DOYU,ok,true,0.0,dst,""
DPC,ok,true,0.0,dst,""
DPK,warning,true,0.0,dst,"price_spikes,zero_volume"
DPLO,ok,true,0.0,dst,""
DPRO,warning,true,0.0,dst,price_spikes
DPZ,ok,true,0.0,dst,""
DQML,warning,true,0.0,dst,"price_spikes,stale_prices,zero_volume"
DRCT,warning,true,0.0,dst,price_spikes
DRD,ok,true,0.0,dst,""
DRDB,warning,true,0.0,dst,"price_spikes,stale_prices,zero_volume"
DRE,warning,true,0.0,dst,price_spikes
DRH,warning,true,0.0,dst,price_spikes
DRI,warning,true,0.0,dst,price_spikes
DRIO,warning,true,0.0,dst,"price_spikes,zero_volume"
DRMA,ok,true,0.0,dst,""
DRNA,ok,true,0.0,dst,""
DRR,warning,true,0.0,dst,"price_spikes,stale_prices,zero_volume"
DRS,warning,true,0.0371,dst,"missing_bars,price_spikes"
DRTS,warning,true,0.0,dst,"price_spikes,zero_volume"
DRVN,warning,true,0.3356,dst,"missing_bars,stale_prices,zero_volume"
DRYS,warning,true,0.0,dst,zero_volume
DSAC,warning,true,60.3994,dst,"missing_bars,price_spikes,stale_prices,zero_volume"
DSGN,ok,true,0.0,dst,""
DSGR,ok,true,0.0,dst,zero_volume
DSGX,ok,true,0.0,dst,""
DSP,ok,true,0.0,dst,""
DSPG,ok,true,0.0,dst,""
DSS,warning,true,0.0,dst,"price_spikes,zero_volume"
DSSI,ok,true,0.0,dst,""
DSUM,ok,true,0.0,dst,zero_volume
DSWL,ok,true,0.0,dst,zero_volume
DSX,ok,true,0.0,dst,""
DSY,warning,true,0.0,dst,"price_spikes,stale_prices,zero_volume"
DT,ok,true,0.0,dst,""
DTCX,ok,true,0.0,dst,""
DTE,warning,true,0.0,dst,price_spikes
DTI,warning,true,0.0,dst,"price_spikes,stale_prices,zero_volume"
DTIL,ok,true,0.0,dst,""
DTM,ok,true,0.0,dst,""
DTRM,ok,true,0.0,dst,zero_volume
DTSQ,warning,true,0.0,dst,"stale_prices,zero_volume"
DTSS,warning,true,0.0,dst,"price_spikes,zero_volume"
DTST,ok,true,0.0,dst,""
DTUL,warning,true,0.0,dst,"stale_prices,zero_volume"
DTUS,warning,true,0.0,dst,"price_spikes,stale_prices,zero_volume"
DTV,ok,true,0.0,dst,zero_volume
DTYL,warning,true,0.0,dst,"stale_prices,zero_volume"
DTYS,ok,true,0.0,dst,zero_volume
DUG,ok,true,0.0,dst,""
DUK,warning,true,0.0,dst,price_spikes
DUKR,ok,true,0.0,dst,""
DULL,warning,true,0.0,dst,"price_spikes,stale_prices,zero_volume"
DUO,warning,true,0.0,dst,"price_spikes,zero_volume"
DUOL,ok,true,0.0,dst,""
DUOT,ok,true,0.0,dst,zero_volume
DV,warning,true,2.7479,dst,"missing_bars,stale_prices,zero_volume"
DVA,ok,true,0.0,dst,""
DVD,ok,true,0.0,dst,zero_volume
DVHL,ok,true,0.0,dst,""
DVLT,warning,true,0.0,dst,zero_volume
DVMT,ok,true,0.0,dst,""
DVN,ok,true,0.0,dst,""
DVYL,warning,true,0.0,dst,"price_spikes,zero_volume"
DWCH,ok,true,0.0,dst,""
DWDP,ok,true,0.0,dst,""
DWIN,warning,true,0.0,dst,"price_spikes,stale_prices,zero_volume"
DWLV,warning,true,0.0,dst,"price_spikes,stale_prices,zero_volume"
DWSN,ok,true,0.0,dst,zero_volume
DWT,ok,true,0.0,dst,""
DWTX,ok,true,0.0,dst,zero_volume
DX,warning,true,0.0,dst,price_spikes
DXC,ok,true,0.0,dst,""
DXCM,ok,true,0.0,dst,zero_volume
DXD,warning,true,0.0,dst,price_spikes
DXJF,ok,true,0.0,dst,zero_volume
DXLG,warning,true,0.0,dst,"price_spikes,stale_prices,zero_volume"
DXPE,ok,true,0.0,dst,""
DXR,warning,true,0.0,dst,"price_spikes,stale_prices,zero_volume"
DXST,ok,true,0.0,dst,""
DXYZ,ok,true,0.0,dst,""
DY,warning,true,0.0,dst,price_spikes
DYAI,ok,true,0.0,dst,""
DYN,warning,true,6.6469,dst,"missing_bars,stale_prices,zero_volume"
DYNC,warning,true,0.0,dst,"price_spikes,stale_prices,zero_volume"
DYOR,warning,true,0.0,dst,"stale_prices,zero_volume"
DZK,ok,true,0.0,dst,zero_volume
DZZ,ok,true,0.0,dst,zero_volume
E,ok,true,0.0,dst,""
EA,ok,true,0.0,dst,""
EAF,ok,true,0.0,dst,""
EAGLU,warning,true,0.0,dst,"price_spikes,stale_prices,zero_volume"
EARN,ok,true,0.0,dst,""
EAT,ok,true,0.0,dst,""
EBAY,ok,true,0.0,dst,""
EBC,ok,true,0.0,dst,""
EBF,warning,true,0.0,dst,price_spikes
EBMT,warning,true,0.0,dst,"price_spikes,zero_volume"
EBON,ok,true,0.0,dst,zero_volume
EBS,warning,true,0.0,dst,price_spikes
EBSB,warning,true,0.0,dst,price_spikes
EC,warning,true,0.0,dst,price_spikes
ECA,ok,true,0.0,dst,""
ECBK,ok,true,0.0,dst,zero_volume
ECC,warning,true,0.0,dst,price_spikes
ECG,ok,true,0.0,dst,""
ECHO,warning,true,0.0,dst,price_spikes
ECL,ok,true,0.0,dst,""
ECO,ok,true,0.0,dst,""
ECOL,ok,true,0.0,dst,""
ECOR,ok,true,0.0,dst,""
ECPG,ok,true,0.0,dst,""
ECVT,ok,true,0.0,dst,""
ECX,warning,true,0.0,dst,"price_spikes,zero_volume"
ECYT,ok,true,0.0,dst,""
ED,ok,true,0.0,dst,""
EDBI,warning,true,0.0,dst,"price_spikes,stale_prices,zero_volume"
EDBL,warning,true,0.0,dst,zero_volume
EDIT,warning,true,0.0,dst,price_spikes
EDN,ok,true,0.0,dst,zero_volume
EDOM,warning,true,0.0,dst,"price_spikes,stale_prices,zero_volume"
EDR,warning,true,0.0,dst,"price_spikes,stale_prices,zero_volume"
EDRY,warning,true,0.0,dst,"price_spikes,zero_volume"
EDSA,warning,true,0.0,dst,price_spikes
EDTK,warning,true,0.0,dst,"price_spikes,stale_prices,zero_volume"
EDTX,warning,true,0.0,dst,"price_spikes,stale_prices,zero_volume"
EDUC,warning,true,0.0,dst,"price_spikes,zero_volume"
EE,warning,true,2.5993,dst,"missing_bars,price_spikes,stale_prices,zero_volume"
EEFT,ok,true,0.0,dst,""
EEH,warning,true,0.0,dst,"stale_prices,zero_volume"
EEI,ok,true,0.0,dst,zero_volume
EEIQ,warning,true,0.0,dst,"price_spikes,zero_volume"
EEM,ok,true,0.0,dst,""
EEP,ok,true,0.0,dst,""
EEQ,ok,true,0.0,dst,""
EET,ok,true,0.0,dst,zero_volume
EEX,ok,true,0.0,dst,""
EFA,warning,true,0.0,dst,price_spikes
EFC,warning,true,0.0,dst,price_spikes
EFII,ok,true,0.0,dst,""
EFO,warning,true,0.0,dst,"price_spikes,stale_prices,zero_volume"
EFOI,ok,true,0.0,dst,zero_volume
EFOR,ok,true,0.0,dst,""
EFSC,ok,true,0.0,dst,""
EFSI,ok,true,0.0,dst,""
EFTY,warning,true,0.0,dst,"stale_prices,zero_volume"
EFV,ok,true,0.0,dst,""
EFX,ok,true,0.0,dst,""
EFXT,ok,true,0.0,dst,""
EG,warning,true,0.0,dst,price_spikes
EGAN,ok,true,0.0,dst,""
EGBN,ok,true,0.0,dst,""
EGC,warning,true,0.0,dst,price_spikes
EGG,warning,true,0.0,dst,"price_spikes,zero_volume"
EGHA,warning,true,0.0,dst,"stale_prices,zero_volume"
EGHT,warning,true,0.0,dst,price_spikes
EGL,ok,true,0.0,dst,""
EGN,ok,true,0.0,dst,""
EGO,ok,true,0.0,dst,""
EGOV,ok,true,0.0,dst,""
EGP,warning,true,0.0,dst,price_spikes
EGY,ok,true,0.0,dst,""
EH,warning,true,0.0,dst,"price_spikes,zero_volume"
EHC,ok,true,0.0,dst,""
EHGO,warning,true,0.0,dst,price_spikes
EHIC,ok,true,0.0,dst,""
EHLD,ok,true,0.0,dst,zero_volume
EHTH,warning,true,0.0,dst,price_spikes
EIA,ok,true,0.0,dst,""
EIC,ok,true,0.0,dst,zero_volume
EIDO,warning,true,0.0,dst,price_spikes
EIDX,ok,true,0.0,dst,""
EIG,ok,true,0.0,dst,""
EIGI,warning,true,0.0,dst,price_spikes
EIKN,ok,true,0.0,dst,""
EIO,ok,true,0.0,dst,zero_volume
EIP,ok,true,0.0,dst,zero_volume
EIS,ok,true,0.0,dst,""
EIV,ok,true,0.0,dst,""
EIX,warning,true,0.0,dst,price_spikes
EJH,warning,true,0.0,dst,"price_spikes,zero_volume"
EL,ok,true,0.0,dst,""
ELA,ok,true,0.0,dst,zero_volume
ELAB,warning,true,0.0,dst,"price_spikes,zero_volume"
ELAN,ok,true,0.0,dst,""
ELBM,ok,true,0.0,dst,""
ELDN,ok,true,0.0,dst,zero_volume
ELE,ok,true,0.0,dst,""
ELF,ok,true,0.0,dst,""
ELLI,ok,true,0.0,dst,""
ELLO,warning,true,0.0,dst,"price_spikes,stale_prices,zero_volume"
ELMD,ok,true,0.0,dst,zero_volume
ELMT,ok,true,0.0,dst,""
ELOG,ok,true,0.0,dst,zero_volume
ELOX,warning,true,14.4008,dst,"missing_bars,price_spikes,stale_prices,zero_volume"
ELPW,warning,true,0.0,dst,"price_spikes,stale_prices,zero_volume"
ELS,ok,true,0.0,dst,""
ELSE,warning,true,0.0,dst,"price_spikes,stale_prices,zero_volume"
ELTK,ok,true,0.0,dst,zero_volume
ELTX,ok,true,0.0,dst,""
ELUT,ok,true,0.0,dst,zero_volume
ELV,ok,true,0.0,dst,""
ELVA,ok,true,0.0,dst,""
ELVN,ok,true,0.0,dst,""
ELVR,ok,true,0.0,dst,zero_volume
ELWT,ok,true,0.0,dst,zero_volume
EMA,ok,true,0.0,dst,""
EMAT,ok,true,0.0,dst,""
EMB,warning,true,0.0,dst,price_spikes
EMBC,ok,true,0.0,dst,""
EMBU,warning,true,0.0,dst,"stale_prices,zero_volume"
EMC,warning,true,0.0,dst,"stale_prices,zero_volume"
EMCG,warning,true,0.0,dst,"price_spikes,stale_prices,zero_volume"
EMCI,ok,true,0.0,dst,""
EME,warning,true,0.0,dst,price_spikes
EMI,warning,true,0.0,dst,zero_volume
EMIS,warning,true,0.0,dst,"stale_prices,zero_volume"
EMJ,ok,true,0.0,dst,zero_volume
EML,warning,true,0.0,dst,"price_spikes,zero_volume"
EMN,ok,true,0.0,dst,""
EMPD,warning,true,0.0,dst,zero_volume
EMPG,warning,true,0.0,dst,"stale_prices,zero_volume"
EMR,ok,true,0.0,dst,""
ENB,warning,true,0.0,dst,price_spikes
ENBL,warning,true,0.0,dst,price_spikes
ENDP,ok,true,0.0,dst,""
ENFC,warning,true,0.0,dst,"price_spikes,zero_volume"
ENGN,warning,true,0.0,dst,"price_spikes,stale_prices,zero_volume"
ENGS,ok,true,0.0,dst,""
ENHA,warning,true,0.0,dst,"price_spikes,stale_prices,zero_volume"
ENLK,ok,true,0.0,dst,""
ENLT,ok,true,0.0,dst,""
ENLV,ok,true,0.0,dst,zero_volume
ENOV,ok,true,0.0,dst,""
ENPH,ok,true,0.0,dst,""
ENR,ok,true,0.0,dst,""
ENS,ok,true,0.0,dst,""
ENSC,warning,true,0.9754,dst,"missing_bars,price_spikes,stale_prices,zero_volume"
ENSG,ok,true,0.0,dst,""
ENTA,ok,true,0.0,dst,""
ENTG,ok,true,0.0,dst,""
ENTX,ok,true,0.0,dst,zero_volume
ENVA,ok,true,0.0,dst,""
ENVB,warning,true,0.0,dst,"price_spikes,zero_volume"
ENVX,ok,true,0.0,dst,""
ENY,ok,true,0.0,dst,zero_volume
EOG,ok,true,0.0,dst,""
EOLS,ok,true,0.0,dst,""
EONR,warning,true,0.0,dst,"price_spikes,stale_prices,zero_volume"
EOSE,warning,true,0.0,dst,"price_spikes,zero_volume"
EP,ok,true,0.0,dst,""
EPAC,warning,true,0.0,dst,price_spikes
EPAM,warning,true,0.0,dst,price_spikes
EPAY,ok,true,0.0,dst,""
EPC,ok,true,0.0,dst,""
EPD,ok,true,0.0,dst,""
EPM,warning,true,0.0,dst,price_spikes
EPOL,ok,true,0.0,dst,""
EPOW,warning,true,0.0,dst,"price_spikes,zero_volume"
EPR,warning,true,0.0,dst,price_spikes
EPRX,ok,true,0.0,dst,zero_volume
EPSM,warning,true,0.0,dst,price_spikes
EPSN,ok,true,0.0,dst,zero_volume
EPV,ok,true,0.0,dst,zero_volume
EPZM,ok,true,0.0,dst,""
EQ,ok,true,0.0,dst,""
EQBK,ok,true,0.0,dst,""
EQD,ok,true,0.0,dst,zero_volume
EQGP,ok,true,0.0,dst,""
EQH,warning,true,0.0,dst,price_spikes
EQIX,warning,true,0.0,dst,price_spikes
EQM,ok,true,0.0,dst,""
EQPT,ok,true,0.0,dst,""
EQR,ok,true,0.0,dst,""
EQS,warning,true,0.0,dst,"price_spikes,zero_volume"
EQT,ok,true,0.0,dst,""
EQWS,warning,true,0.0,dst,"price_spikes,stale_prices,zero_volume"
EQX,ok,true,0.0,dst,""
ERAS,ok,true,0.0,dst,""
ERGF,warning,true,0.0,dst,"price_spikes,stale_prices,zero_volume"
ERIE,ok,true,0.0,dst,""
ERII,ok,true,0.0,dst,""
ERNA,warning,true,0.0,dst,zero_volume
ERO,ok,true,0.0,dst,""
EROC,ok,true,0.0,dst,""
EROK,ok,true,0.0,dst,""
ES,ok,true,0.0,dst,""
ESAB,ok,true,0.0,dst,""
ESBA,warning,true,0.0,dst,"price_spikes,zero_volume"
ESBK,warning,true,0.0,dst,"price_spikes,zero_volume"
ESCA,warning,true,0.0,dst,price_spikes
ESE,ok,true,0.0,dst,""
ESEA,ok,true,0.0,dst,zero_volume
ESGL,warning,true,0.0,dst,"price_spikes,stale_prices,zero_volume"
ESI,ok,true,0.0,dst,""
ESIO,ok,true,0.0,dst,""
ESL,ok,true,0.0,dst,""
ESLA,warning,true,0.0,dst,"price_spikes,stale_prices,zero_volume"
ESLT,ok,true,0.0,dst,""
ESND,ok,true,0.0,dst,""
ESNT,warning,true,0.0,dst,price_spikes
ESOA,ok,true,0.0,dst,""
ESP,ok,true,0.0,dst,zero_volume
ESPR,warning,true,0.0,dst,price_spikes
ESQ,warning,true,0.0,dst,"price_spikes,zero_volume"
ESRX,ok,true,0.0,dst,""
ESS,ok,true,0.0,dst,""
ESTA,warning,true,0.0,dst,price_spikes
ESTC,ok,true,0.0,dst,""
ESV,ok,true,0.0,dst,""
ETAC,warning,true,0.0,dst,"price_spikes,zero_volume"
ETD,ok,true,0.0,dst,""
ETFC,ok,true,0.0,dst,""
ETN,ok,true,0.0,dst,""
ETON,ok,true,0.0,dst,""
ETOR,ok,true,0.0,dst,""
ETP,ok,true,0.0,dst,zero_volume
ETR,warning,true,0.0,dst,price_spikes
ETS,ok,true,0.0,dst,""
ETSY,ok,true,0.0,dst,""
ETTX,warning,true,0.0,dst,"price_spikes,zero_volume"
EU,ok,true,0.0,dst,""
EUDA,warning,true,0.0,dst,"price_spikes,stale_prices,zero_volume"
EUFL,warning,true,0.0,dst,"price_spikes,stale_prices,zero_volume"
EUFX,warning,true,0.0,dst,"price_spikes,stale_prices,zero_volume"
EUO,ok,true,0.0,dst,""
EURK,warning,true,0.0,dst,"price_spikes,stale_prices,zero_volume"
EUXL,warning,true,0.0,dst,zero_volume
EVAC,ok,true,0.0,dst,zero_volume
EVC,ok,true,0.0,dst,""
EVCM,ok,true,0.0,dst,zero_volume
EVER,warning,true,0.0,dst,"stale_prices,zero_volume"
EVEX,warning,true,0.0,dst,price_spikes
EVGN,ok,true,0.0,dst,zero_volume
EVGO,ok,true,0.0,dst,""
EVH,ok,true,0.0,dst,""
EVHC,ok,true,0.0,dst,""
EVI,ok,true,0.0,dst,zero_volume
EVIX,warning,true,0.0,dst,"price_spikes,stale_prices,zero_volume"
EVJ,ok,true,0.0,dst,zero_volume
EVLV,warning,true,0.0,dst,"price_spikes,zero_volume"
EVMN,ok,true,0.0,dst,""
EVOX,warning,true,0.0,dst,"stale_prices,zero_volume"
EVP,ok,true,0.0,dst,zero_volume
EVR,ok,true,0.0,dst,""
EVRG,warning,true,0.0,dst,price_spikes
EVTC,ok,true,0.0,dst,""
EVTL,warning,true,0.0,dst,"price_spikes,zero_volume"
EVTV,ok,true,0.0,dst,""
EW,ok,true,0.0,dst,""
EWA,warning,true,0.0,dst,price_spikes
EWBC,warning,true,0.0,dst,price_spikes
EWC,warning,true,0.0,dst,price_spikes
EWD,ok,true,0.0,dst,""
EWG,ok,true,0.0,dst,""
EWH,ok,true,0.0,dst,""
EWI,warning,true,0.0,dst,price_spikes
EWJ,ok,true,0.0,dst,""
EWL,warning,true,0.0,dst,price_spikes
EWM,ok,true,0.0,dst,""
EWN,ok,true,0.0,dst,""
EWP,warning,true,0.0,dst,price_spikes
EWQ,warning,true,0.0,dst,price_spikes
EWS,ok,true,0.0,dst,""
EWT,ok,true,0.0,dst,""
EWTX,ok,true,0.0,dst,""
EWU,ok,true,0.0,dst,""
EWW,ok,true,0.0,dst,""
EWY,ok,true,0.0,dst,""
EWZ,ok,true,0.0,dst,""
EXC,warning,true,0.0,dst,price_spikes
EXCVV,ok,true,0.0,"price_spikes,dst",""
EXE,warning,true,0.0,dst,"price_spikes,stale_prices,zero_volume"
EXEL,ok,true,0.0,dst,""
EXFO,ok,true,0.0,dst,zero_volume
EXFY,ok,true,0.0,dst,""
EXIV,ok,true,0.0,dst,zero_volume
EXK,ok,true,0.0,dst,""
EXLS,warning,true,0.0,dst,price_spikes
EXOD,ok,true,0.0,dst,""
EXOZ,ok,true,0.0,dst,zero_volume
EXP,ok,true,0.0,dst,""
EXPD,ok,true,0.0,dst,""
EXPE,ok,true,0.0,dst,""
EXPO,ok,true,0.0,dst,""
EXR,ok,true,0.0,dst,""
EXTR,ok,true,0.0,dst,""
EXYN,ok,true,0.0,dst,""
EYE,ok,true,0.0,dst,""
EYPT,ok,true,0.0,dst,""
EZA,ok,true,0.0,dst,""
EZGO,warning,true,0.0,dst,"price_spikes,zero_volume"
EZJ,warning,true,0.0,dst,"price_spikes,stale_prices,zero_volume"
EZPW,ok,true,0.0,dst,""
EZRA,warning,true,0.0,dst,"price_spikes,zero_volume"
F,ok,true,0.0,dst,""
FA,ok,true,0.0,dst,""
FABC,ok,true,0.0,dst,zero_volume
FAC,warning,true,0.0,dst,"price_spikes,stale_prices,zero_volume"
FACT,warning,true,0.0,dst,"price_spikes,stale_prices,zero_volume"
FAF,warning,true,0.0,dst,price_spikes
FAMI,ok,true,0.0,dst,zero_volume
FANG,ok,true,0.0,dst,""
FANZ,warning,true,0.0,dst,"stale_prices,zero_volume"
FAST,ok,true,0.0,dst,""
FATE,ok,true,0.0,dst,""
FATN,ok,true,0.0,dst,""
FB,warning,true,28.3327,dst,missing_bars
FBGL,ok,true,0.0,dst,""
FBIN,ok,true,0.0,dst,""
FBIO,ok,true,0.0,dst,""
FBIZ,ok,true,0.0,dst,""
FBK,warning,true,0.0,dst,price_spikes
FBLA,ok,true,0.0,dst,""
FBLG,ok,true,0.0,dst,""
FBM,ok,true,0.0,dst,""
FBNC,ok,true,0.0,dst,""
FBP,ok,true,0.0,dst,""
FBR,ok,true,0.0,dst,""
FBRX,ok,true,0.0,dst,""
FBSS,warning,true,0.0,dst,"price_spikes,stale_prices,zero_volume"
FBYD,warning,true,0.0,dst,"price_spikes,stale_prices,zero_volume"
FC,warning,true,0.0,dst,price_spikes
FCAP,warning,true,0.0,dst,"price_spikes,stale_prices,zero_volume"
FCB,ok,true,0.0,dst,""
FCBM,ok,true,0.0,dst,""
FCBP,warning,true,0.0,dst,"price_spikes,zero_volume"
FCCY,ok,true,0.0,dst,zero_volume
FCE.A,ok,true,0.0,dst,""
FCEL,ok,true,0.0,dst,""
FCF,ok,true,0.0,dst,""
FCFS,warning,true,0.0,dst,price_spikes
FCHL,warning,true,0.0,dst,price_spikes
FCN,ok,true,0.0,dst,""
FCNCA,ok,true,0.0,dst,""
FCRS,ok,true,0.0,dst,zero_volume
FCSC,ok,true,0.0,dst,""
FCUV,ok,true,0.0,dst,""
FCX,ok,true,0.0,dst,""
FDBC,warning,true,0.0,dst,"price_spikes,stale_prices,zero_volume"
FDC,ok,true,0.0,dst,""
FDMT,ok,true,0.0,dst,""
FDS,ok,true,0.0,dst,""
FDSB,ok,true,0.0,dst,zero_volume
FDUS,warning,true,0.0,dst,price_spikes
FDX,ok,true,0.0,dst,""
FDXF,ok,true,0.0,dst,""
FE,warning,true,0.0,dst,price_spikes
FEAM,ok,true,0.0,dst,""
FEBO,ok,true,0.0,dst,zero_volume
FEED,warning,true,0.0,dst,"price_spikes,stale_prices,zero_volume"
FEIM,warning,true,0.0,dst,"price_spikes,zero_volume"
FELE,ok,true,0.0,dst,""
FEMY,ok,true,0.0,dst,zero_volume
FENC,ok,true,0.0,dst,""
FER,ok,true,0.0,dst,""
FERA,warning,true,0.0,dst,"price_spikes,stale_prices,zero_volume"
FERG,ok,true,0.0,dst,""
FET,warning,true,0.0,dst,price_spikes
FF,ok,true,0.0,dst,""
FFAI,warning,true,0.0,dst,"price_spikes,zero_volume"
FFBC,warning,true,0.0,dst,price_spikes
FFEU,warning,true,0.0,dst,"price_spikes,stale_prices,zero_volume"
FFG,warning,true,0.0,dst,price_spikes
FFIN,ok,true,0.0,dst,""
FFIV,ok,true,0.0,dst,""
FFKT,ok,true,0.0,dst,""
FG,warning,true,0.0,dst,"stale_prices,zero_volume"
FGBI,warning,true,0.0,dst,"price_spikes,zero_volume"
FGI,ok,true,0.0,dst,zero_volume
FGII,warning,true,0.0,dst,"stale_prices,zero_volume"
FGL,warning,true,0.0,dst,"stale_prices,zero_volume"
FGMC,warning,true,0.0,dst,"price_spikes,stale_prices,zero_volume"
FGNX,warning,true,0.0,dst,"price_spikes,stale_prices,zero_volume"
FHB,ok,true,0.0,dst,""
FHI,warning,true,0.0,dst,price_spikes
FHN,warning,true,0.0,dst,price_spikes
FHTX,ok,true,0.0,dst,""
FHY,ok,true,0.0,dst,""
FI,warning,true,0.0,dst,"stale_prices,zero_volume"
FIBK,ok,true,0.0,dst,""
FICO,ok,true,0.0,dst,""
FIEE,warning,true,18.4072,dst,"missing_bars,price_spikes,stale_prices,zero_volume"
FIEU,warning,true,0.0,dst,"stale_prices,zero_volume"
FIG,warning,true,5.3101,dst,"missing_bars,price_spikes,stale_prices,zero_volume"
FIGR,ok,true,0.0,dst,""
FIGS,ok,true,0.0,dst,""
FIGX,warning,true,0.0,dst,"price_spikes,stale_prices,zero_volume"
FINU,ok,true,0.0,dst,zero_volume
FINW,ok,true,0.0,dst,zero_volume
FINZ,warning,true,0.0,dst,zero_volume
FIP,ok,true,0.0,dst,""
FIRY,ok,true,0.0,dst,""
FIS,ok,true,0.0,dst,""
FISI,warning,true,0.0,dst,price_spikes
FISK,warning,true,0.0,dst,"price_spikes,stale_prices,zero_volume"
FISN,ok,true,0.0,dst,""
FISV,ok,true,0.0,dst,""
FIT,ok,true,0.0,dst,""
FITB,ok,true,0.0,dst,""
FIVE,ok,true,0.0,dst,""
FIVN,ok,true,0.0,dst,""
FIX,warning,true,0.0,dst,price_spikes
FIZZ,ok,true,0.0,dst,""
FJET,ok,true,0.0,dst,""
FKWL,ok,true,0.0,dst,zero_volume
FL,ok,true,0.0,dst,""
FLAT,warning,true,0.0,dst,"price_spikes,stale_prices,zero_volume"
FLD,warning,true,5.8052,dst,"missing_bars,price_spikes,stale_prices,zero_volume"
FLEX,ok,true,0.0,dst,""
FLG,ok,true,0.0,dst,""
FLGT,ok,true,0.0,dst,zero_volume
FLIR,ok,true,0.0,dst,""
FLL,ok,true,0.0,dst,""
FLLA,warning,true,0.0,dst,"price_spikes,stale_prices,zero_volume"
FLLC,warning,true,0.0,dst,"stale_prices,zero_volume"
FLNA,warning,true,0.0,dst,"price_spikes,zero_volume"
FLNC,ok,true,0.0,dst,""
FLNG,ok,true,0.0,dst,zero_volume
FLNT,ok,true,0.0,dst,""
FLO,warning,true,0.0,dst,price_spikes
FLOC,ok,true,0.0,dst,""
FLR,ok,true,0.0,dst,""
FLS,ok,true,0.0,dst,""
FLT,ok,true,0.0,dst,""
FLUT,ok,true,0.0,dst,""
FLUX,ok,true,0.0,dst,""
FLWS,ok,true,0.0,dst,""
FLXS,ok,true,0.0,dst,""
FLY,warning,true,37.3932,dst,"missing_bars,price_spikes"
FLYD,ok,true,0.0,dst,zero_volume
FLYE,ok,true,0.0,dst,""
FLYU,ok,true,0.0,dst,zero_volume
FLYW,ok,true,0.0,dst,""
FLYX,warning,true,0.0,dst,"price_spikes,stale_prices,zero_volume"
FLZH,warning,true,0.0,dst,"stale_prices,zero_volume"
FMAC,warning,true,71.1248,dst,"missing_bars,price_spikes,stale_prices,zero_volume"
FMAO,warning,true,0.0,dst,"price_spikes,zero_volume"
FMBH,warning,true,0.0,dst,"price_spikes,zero_volume"
FMBI,ok,true,0.0,dst,""
FMC,ok,true,0.0,dst,""
FMDG,warning,true,0.0,dst,"stale_prices,zero_volume"
FMFC,ok,true,0.0,dst,""
FMNB,warning,true,0.0,dst,price_spikes
FMS,ok,true,0.0,dst,""
FMST,ok,true,0.0,dst,zero_volume
FMX,warning,true,0.0,dst,price_spikes
FN,ok,true,0.0,dst,""
FNB,warning,true,0.0,dst,price_spikes
FNBG,ok,true,0.0,dst,""
FNCF,warning,true,0.0,dst,"price_spikes,stale_prices,zero_volume"
FND,ok,true,0.0,dst,""
FNF,ok,true,0.0,dst,""
FNGD,ok,true,0.0,dst,zero_volume
FNGO,warning,true,0.0,dst,"stale_prices,zero_volume"
FNGR,warning,true,0.0,dst,price_spikes
FNGS,ok,true,0.0,dst,zero_volume
FNGU,ok,true,0.0,dst,""
FNGZ,warning,true,0.0,dst,"stale_prices,zero_volume"
FNJN,ok,true,0.0,dst,""
FNKO,ok,true,0.0,dst,""
FNLC,warning,true,0.0,dst,price_spikes
FNSR,ok,true,0.0,dst,""
FNTEU,warning,true,0.0,dst,"price_spikes,stale_prices,zero_volume"
FNUC,warning,true,0.0,dst,price_spikes
FNV,ok,true,0.0,dst,""
FNWB,ok,true,0.0,dst,""
FNWD,ok,true,0.0,dst,zero_volume
FOA,warning,true,0.0,dst,"price_spikes,stale_prices,zero_volume"
FOE,ok,true,0.0,dst,""
FOFO,ok,true,0.0,dst,""
FOMX,ok,true,0.0,dst,""
FONE,warning,true,0.0,dst,"price_spikes,stale_prices,zero_volume"
FOR,warning,true,0.0,dst,"stale_prices,zero_volume"
FORK,warning,true,0.0,dst,"price_spikes,zero_volume"
FORM,warning,true,0.0,dst,price_spikes
FORR,ok,true,0.0,dst,""
FOSL,warning,true,0.0,dst,price_spikes
FOUR,ok,true,0.0,dst,""
FOX,warning,true,0.0,dst,price_spikes
FOXA,warning,true,0.0,dst,price_spikes
FOXF,ok,true,0.0,dst,""
FOXX,warning,true,0.0,dst,"price_spikes,stale_prices,zero_volume"
FPH,ok,true,0.0,dst,""
FPI,ok,true,0.0,dst,""
FPRX,ok,true,0.0,dst,""
FPS,ok,true,0.0,dst,""
FRAF,ok,true,0.0,dst,zero_volume
FRBA,warning,true,0.0,dst,"price_spikes,zero_volume"
FRC,warning,true,0.0,dst,price_spikes
FRD,ok,true,0.0,dst,zero_volume
FRGT,warning,true,0.0,dst,"price_spikes,zero_volume"
FRHC,ok,true,0.0,dst,""
FRME,warning,true,0.0,dst,price_spikes
FRMEP,warning,true,0.0654,dst,"missing_bars,price_spikes,stale_prices,zero_volume"
FRMI,ok,true,0.0,dst,""
FRMM,warning,true,0.0,dst,"price_spikes,stale_prices,zero_volume"
FRO,ok,true,0.0,dst,""
FROG,ok,true,0.0,dst,""
FRPH,warning,true,0.0,dst,price_spikes
FRPT,warning,true,0.0,dst,price_spikes
FRSH,warning,true,6.7211,dst,"missing_bars,price_spikes,stale_prices,zero_volume"
FRST,warning,true,0.0,dst,price_spikes
FRT,ok,true,0.0,dst,""
FRTA,ok,true,0.0,dst,""
FRTT,ok,true,0.0,dst,""
FRVO,ok,true,0.0,dst,""
FSAC,warning,true,0.0,dst,"price_spikes,stale_prices,zero_volume"
FSB,warning,true,0.0,dst,price_spikes
FSBC,warning,true,3.2812,dst,"missing_bars,price_spikes,stale_prices,zero_volume"
FSBW,ok,true,0.0,dst,zero_volume
FSCT,ok,true,0.0,dst,""
FSEA,warning,true,0.0,dst,"price_spikes,stale_prices,zero_volume"
FSHP,warning,true,0.0,dst,"price_spikes,stale_prices,zero_volume"
FSI,warning,true,0.0,dst,"price_spikes,zero_volume"
FSK,warning,true,0.0,dst,price_spikes
FSKR,ok,true,0.0,dst,""
FSLR,ok,true,0.0,dst,""
FSLY,ok,true,0.0,dst,""
FSM,ok,true,0.0,dst,""
FSNN,ok,true,0.0,dst,""
FSP,warning,true,0.0,dst,price_spikes
FSS,warning,true,0.0,dst,price_spikes
FST,ok,true,0.0,dst,""
FSTR,warning,true,0.0,dst,price_spikes
FSUN,ok,true,0.0,dst,""
FSV,ok,true,0.0,dst,""
FTAC,warning,true,0.0,dst,"price_spikes,stale_prices,zero_volume"
FTAI,warning,true,0.0,dst,price_spikes
FTAIV,warning,true,0.0,"price_spikes,dst",zero_volume
FTCI,ok,true,0.0,dst,""
FTDR,ok,true,0.0,dst,""
FTEK,ok,true,0.0,dst,""
FTFT,warning,true,0.0,dst,"price_spikes,stale_prices,zero_volume"
FTH,ok,true,0.0,dst,zero_volume
FTHA,warning,true,0.0,dst,"stale_prices,zero_volume"
FTHM,ok,true,0.0,dst,""
FTI,ok,true,0.3342,dst,missing_bars
FTK,ok,true,0.0,dst,""
FTLF,ok,true,0.0,dst,zero_volume
FTNT,ok,true,0.0,dst,""
FTNW,warning,true,0.0,dst,"price_spikes,stale_prices,zero_volume"
FTR,warning,true,0.0,dst,price_spikes
FTRE,ok,true,0.0,dst,zero_volume
FTRK,ok,true,0.0,dst,""
FTS,warning,true,0.0,dst,price_spikes
FTSI,ok,true,0.0,dst,""
FTSV,ok,true,0.0,dst,""
FTV,ok,true,0.0,dst,""
FTVA,ok,true,0.0,dst,zero_volume
FTW,warning,true,0.0,dst,"price_spikes,zero_volume"
FUBO,ok,true,0.0,dst,""
FUD,warning,true,0.0,dst,"price_spikes,stale_prices,zero_volume"
FUFU,warning,true,0.0,dst,"price_spikes,stale_prices,zero_volume"
FUL,ok,true,0.0,dst,""
FULC,ok,true,0.0,dst,""
FULT,ok,true,0.0,dst,""
FUN,warning,true,0.0,dst,price_spikes
FURY,ok,true,0.0,dst,""
FUSB,ok,true,0.0,dst,zero_volume
FUSE,warning,true,66.9497,dst,"missing_bars,price_spikes"
FVAV,warning,true,0.0,dst,"stale_prices,zero_volume"
FVCB,warning,true,0.0,dst,"price_spikes,zero_volume"
FVN,warning,true,0.0,dst,"price_spikes,stale_prices,zero_volume"
FVR,ok,true,0.0,dst,""
FVRR,ok,true,0.0,dst,""
FWDD,warning,true,0.0,dst,"price_spikes,stale_prices,zero_volume"
FWDI,warning,true,0.0,dst,price_spikes
FWONA,ok,true,0.0,dst,""
FWONK,ok,true,0.0,dst,""
FWRD,ok,true,0.0,dst,""
FWRG,ok,true,0.0,dst,""
FXI,ok,true,0.0,dst,""
FXNC,warning,true,0.0,dst,"price_spikes,zero_volume"
G,warning,true,0.0,dst,price_spikes
GABC,warning,true,0.0,dst,price_spikes
GAIA,ok,true,0.0,dst,""
GAIN,warning,true,0.0,dst,price_spikes
GALT,warning,true,0.0,dst,price_spikes
GAM,warning,true,0.0,dst,price_spikes
GAMB,ok,true,0.0,dst,""
GAME,ok,true,0.0,dst,""
GANX,ok,true,0.0,dst,""
GAP,ok,true,0.0,dst,""
GARS,warning,true,0.0,dst,price_spikes
GAS,ok,true,0.0,dst,""
GASL,ok,true,0.0,dst,""
GASS,warning,true,0.0,dst,"price_spikes,zero_volume"
GASX,ok,true,0.0,dst,""
GATX,ok,true,0.0,dst,""
GAU,ok,true,0.0,dst,""
GAUZ,ok,true,0.0,dst,""
GBCI,warning,true,0.0,dst,price_spikes
GBDC,warning,true,0.0,dst,price_spikes
GBFH,ok,true,0.0,dst,""
GBLI,warning,true,0.0,dst,"price_spikes,stale_prices,zero_volume"
GBNK,ok,true,0.0,dst,""
GBR,warning,true,0.0,dst,"price_spikes,zero_volume"
GBTG,warning,true,0.0,dst,price_spikes
GBX,ok,true,0.0,dst,""
GCAP,ok,true,0.0,dst,""
GCBC,warning,true,0.0,dst,"price_spikes,zero_volume"
GCDT,ok,true,0.0,dst,""
GCGR,warning,true,0.0,dst,zero_volume
GCL,warning,true,0.0,dst,"price_spikes,stale_prices,zero_volume"
GCMG,warning,true,0.0,dst,"price_spikes,stale_prices,zero_volume"
GCO,warning,true,0.0,dst,price_spikes
GCP,ok,true,0.0,dst,""
GCT,ok,true,0.0,dst,""
GCTK,warning,true,0.0,dst,"price_spikes,stale_prices,zero_volume"
GCTS,warning,true,0.0,dst,"price_spikes,stale_prices,zero_volume"
GD,ok,true,0.0,dst,""
GDC,warning,true,0.7836,dst,"missing_bars,price_spikes,stale_prices,zero_volume"
GDDY,ok,true,0.0,dst,""
GDEV,warning,true,0.0,dst,"price_spikes,stale_prices,zero_volume"
GDHG,warning,true,0.0,dst,zero_volume
GDOT,warning,true,0.0,dst,price_spikes
GDP,warning,true,0.0,dst,"price_spikes,stale_prices,zero_volume"
GDRX,ok,true,0.0,dst,""
GDS,ok,true,0.0,dst,""
GDTC,warning,true,0.0,dst,"price_spikes,zero_volume"
GDX,ok,true,0.0,dst,""
GDXD,ok,true,0.0,dst,zero_volume
GDXJ,warning,true,0.0,dst,price_spikes
GDXS,ok,true,0.0,dst,zero_volume
GDXU,ok,true,0.0,dst,""
GDXX,ok,true,0.0,dst,zero_volume
GDYN,warning,true,0.0,dst,"price_spikes,stale_prices,zero_volume"
GE,ok,true,0.0,dst,""
GECC,warning,true,0.0,dst,price_spikes
GEF,ok,true,0.0,dst,""
GEF.B,ok,true,0.0,dst,""
GEG,warning,true,0.0,dst,"price_spikes,zero_volume"
GEHC,ok,true,0.0,dst,""
GEL,ok,true,0.0,dst,""
GELS,ok,true,0.0,dst,""
GEMI,ok,true,0.0,dst,""
GEN,ok,true,0.0,dst,""
GENB,ok,true,0.0,dst,""
GENC,ok,true,0.0,dst,""
GENI,ok,true,0.0,dst,zero_volume
GENK,ok,true,0.0,dst,""
GEO,warning,true,0.0,dst,price_spikes
GEOS,ok,true,0.0,dst,""
GERN,ok,true,0.0,dst,zero_volume
GETY,warning,true,0.0,dst,"price_spikes,zero_volume"
GEV,ok,true,0.0,dst,""
GEVO,warning,true,0.0,dst,price_spikes
GFAI,warning,true,0.0,dst,price_spikes
GFED,warning,true,0.0,dst,"price_spikes,stale_prices,zero_volume"
GFF,ok,true,0.0,dst,""
GFI,ok,true,0.0,dst,""
GFL,ok,true,0.0,dst,""
GFN,warning,true,0.0,dst,"price_spikes,zero_volume"
GFR,warning,true,0.0,dst,"price_spikes,stale_prices,zero_volume"
GFS,ok,true,0.0,dst,""
GG,ok,true,0.0,dst,""
GGB,ok,true,0.0,dst,""
GGG,ok,true,0.0,dst,""
GGGV,warning,true,0.0,dst,"stale_prices,zero_volume"
GGP,ok,true,0.0,dst,""
GGR,warning,true,0.0,dst,"price_spikes,zero_volume"
GGRP,ok,true,0.0,dst,""
GH,ok,true,0.0,dst,zero_volume
GHC,warning,true,0.0,dst,price_spikes
GHDX,ok,true,0.0,dst,""
GHIV,warning,true,0.0,dst,"price_spikes,stale_prices,zero_volume"
GHM,ok,true,0.0,dst,""
GHRS,ok,true,0.0,dst,""
GIB,ok,true,0.0,dst,""
GIBO,warning,true,0.0,dst,"price_spikes,stale_prices,zero_volume"
GIC,ok,true,0.0,dst,""
GIFT,ok,true,0.0,dst,""
GIGM,ok,true,0.0,dst,zero_volume
GIII,warning,true,0.0,dst,price_spikes
GIL,ok,true,0.0,dst,""
GILD,ok,true,0.0,dst,""
GILT,ok,true,0.0,dst,zero_volume
GIPR,ok,true,0.0,dst,zero_volume
GIS,ok,true,0.0,dst,""
GITS,warning,true,0.0,dst,price_spikes
GIW,warning,true,54.4479,dst,"missing_bars,price_spikes,stale_prices,zero_volume"
GIX,warning,true,66.0055,dst,"missing_bars,price_spikes,stale_prices,zero_volume"
GIX.U,warning,true,0.0,dst,"price_spikes,stale_prices,zero_volume"
GJP,warning,true,0.0,dst,"price_spikes,stale_prices,zero_volume"
GJS,warning,true,0.0,dst,"price_spikes,stale_prices,zero_volume"
GJT,warning,true,0.0,dst,"price_spikes,stale_prices,zero_volume"
GKOS,ok,true,0.0,dst,""
GL,warning,true,0.0,dst,price_spikes
GLAD,warning,true,0.0,dst,price_spikes
GLAS,ok,true,0.0,dst,""
GLBE,ok,true,0.0,dst,""
GLBS,warning,true,0.0,dst,"price_spikes,zero_volume"
GLD,ok,true,0.0,dst,""
GLDG,ok,true,0.0,dst,""
GLDI,ok,true,0.0,dst,zero_volume
GLDM,ok,true,0.0,dst,""
GLE,ok,true,0.0,dst,zero_volume
GLED,warning,true,0.0,dst,"stale_prices,zero_volume"
GLF,warning,true,0.0,dst,"price_spikes,stale_prices,zero_volume"
GLIBA,ok,true,0.0,dst,""
GLIBK,ok,true,0.0,dst,""
GLL,ok,true,0.0,dst,""
GLMD,warning,true,0.0,dst,"price_spikes,zero_volume"
GLND,warning,true,0.0,dst,"price_spikes,zero_volume"
GLNG,ok,true,0.0,dst,""
GLOB,ok,true,0.0,dst,""
GLOG,ok,true,0.0,dst,""
GLOO,ok,true,0.0,dst,""
GLP,warning,true,0.0,dst,price_spikes
GLPI,warning,true,0.0,dst,price_spikes
GLRE,ok,true,0.0,dst,""
GLSI,ok,true,0.0,dst,""
GLUE,ok,true,0.0,dst,""
GLUU,ok,true,0.0,dst,""
GLW,ok,true,0.0,dst,""
GLXG,ok,true,0.0,dst,""
GLXY,ok,true,0.0,dst,""
GM,ok,true,0.0,dst,""
GMAB,ok,true,0.0,dst,""
GMCR,ok,true,0.0,"price_spikes,dst",""
GME,warning,true,0.0,dst,price_spikes
GMED,ok,true,0.0,dst,""
GMEX,ok,true,0.0,dst,zero_volume
GMFL,warning,true,0.0,dst,"stale_prices,zero_volume"
GMHS,warning,true,0.0,dst,"price_spikes,stale_prices,zero_volume"
GMM,warning,true,0.0,dst,"price_spikes,stale_prices,zero_volume"
GMRS,ok,true,0.0,dst,""
GNAF,warning,true,0.0,dst,"stale_prices,zero_volume"
GNBC,ok,true,0.0,dst,""
GNE,ok,true,0.0,dst,""
GNK,ok,true,0.0,dst,""
GNL,warning,true,0.0,dst,price_spikes
GNLN,warning,true,0.0,dst,zero_volume
GNLX,ok,true,0.0,dst,""
GNMK,ok,true,0.0,dst,""
GNOG,ok,true,0.0,dst,""
GNPX,warning,true,0.0,dst,"price_spikes,zero_volume"
GNRC,ok,true,0.0,dst,""
GNRX,warning,true,0.0,dst,"price_spikes,stale_prices,zero_volume"
GNS,ok,true,0.0,dst,zero_volume
GNSS,ok,true,0.0,dst,""
GNTX,ok,true,0.0,dst,""
GNW,ok,true,0.0,dst,""
GO,ok,true,0.0,dst,""
GOAC,warning,true,0.0,dst,"price_spikes,zero_volume"
GOAI,ok,true,0.0,dst,""
GOBI,warning,true,0.0,dst,"stale_prices,zero_volume"
GOGO,ok,true,0.0,dst,""
GOLD,ok,true,0.0,dst,zero_volume
GOLF,ok,true,0.0,dst,""
GOOG,ok,true,0.0,dst,""
GOOGL,ok,true,0.0,dst,""
GOOS,ok,true,0.0,dst,""
GORO,warning,true,5.013,dst,missing_bars
GOSS,ok,true,0.0,dst,""
GOV,ok,true,0.0,dst,""
GOVX,warning,true,0.0,dst,price_spikes
GP,ok,true,0.0,dst,""
GPAC,warning,true,14.3706,dst,"missing_bars,price_spikes,stale_prices,zero_volume"
GPAQ,warning,true,0.0,dst,"price_spikes,stale_prices,zero_volume"
GPAT,warning,true,0.0,dst,"price_spikes,stale_prices,zero_volume"
GPC,ok,true,0.0,dst,""
GPGI,warning,true,0.0,dst,"price_spikes,zero_volume"
GPI,ok,true,0.0,dst,""
GPIC,warning,true,0.0,dst,"price_spikes,stale_prices,zero_volume"
GPK,warning,true,0.0,dst,price_spikes
GPN,ok,true,0.0,dst,""
GPOR,warning,true,0.0,dst,"price_spikes,stale_prices,zero_volume"
GPRE,ok,true,0.0,dst,""
GPRK,ok,true,0.0,dst,zero_volume
GPRO,ok,true,0.0,dst,""
GPS,ok,true,0.0,dst,""
GPUS,warning,true,0.0,dst,"stale_prices,zero_volume"
GPX,ok,true,0.0,dst,""
GRA,ok,true,0.0,dst,""
GRAB,warning,true,0.0,dst,"stale_prices,zero_volume"
GRAF,warning,true,0.0,dst,"price_spikes,stale_prices,zero_volume"
GRAL,ok,true,0.0,dst,""
GRAN,ok,true,0.0,dst,zero_volume
GRBIC,warning,true,0.0,dst,"stale_prices,zero_volume"
GRBK,ok,true,0.0,dst,""
GRC,warning,true,0.0,dst,price_spikes
GRCE,warning,true,0.0,dst,"price_spikes,zero_volume"
GRDN,ok,true,0.0,dst,""
GRDX,ok,true,0.0,dst,""
GREE,ok,true,0.0,dst,""
GREK,warning,true,0.0,dst,price_spikes
GRI,warning,true,0.9655,dst,"missing_bars,price_spikes,stale_prices,zero_volume"
GRML,warning,true,0.0,dst,"price_spikes,stale_prices,zero_volume"
GRMN,ok,true,0.0,dst,""
GRMY,warning,true,0.0,dst,"stale_prices,zero_volume"
GRND,warning,true,0.0,dst,"price_spikes,zero_volume"
GRNQ,warning,true,0.0,dst,"price_spikes,stale_prices,zero_volume"
GRNT,warning,true,0.0,dst,"price_spikes,zero_volume"
GRO,warning,true,0.0,dst,"price_spikes,stale_prices,zero_volume"
GROV,warning,true,0.0,dst,"price_spikes,zero_volume"
GROW,ok,true,0.0,dst,""
GROY,ok,true,0.0,dst,""
GRPN,ok,true,0.0,dst,""
GRRR,warning,true,0.0,dst,"stale_prices,zero_volume"
GRSH,warning,true,0.0,dst,"stale_prices,zero_volume"
GRVY,warning,true,0.0,dst,"price_spikes,stale_prices,zero_volume"
GRWG,ok,true,0.0,dst,""
GS,ok,true,0.0,dst,""
GSAQ,warning,true,0.0,dst,"stale_prices,zero_volume"
GSAT,ok,true,0.0,dst,""
GSB,ok,true,0.0,dst,""
GSBC,warning,true,0.0,dst,price_spikes
GSBD,warning,true,0.0,dst,price_spikes
GSD,warning,true,0.0,dst,"price_spikes,stale_prices,zero_volume"
GSG,ok,true,0.0,dst,""
GSHD,ok,true,0.0,dst,""
GSHR,warning,true,0.0,dst,"stale_prices,zero_volume"
GSIT,warning,true,0.0,dst,price_spikes
GSIW,warning,true,0.0,dst,"price_spikes,zero_volume"
GSKH,ok,true,0.0,dst,zero_volume
GSKY,ok,true,0.0,dst,""
GSL,warning,true,0.0,dst,price_spikes
GSM,ok,true,0.0,dst,""
GSRF,warning,true,0.0,dst,"stale_prices,zero_volume"
GSS,ok,true,0.0,dst,""
GSUN,warning,true,0.0,dst,"price_spikes,zero_volume"
GSV,ok,true,0.0,dst,""
GT,ok,true,0.0,dst,""
GTBP,ok,true,0.0,dst,zero_volume
GTE,ok,true,0.0,dst,""
GTEC,warning,true,0.0,dst,"price_spikes,stale_prices,zero_volume"
GTEN,warning,true,0.0,dst,"stale_prices,zero_volume"
GTERA,warning,true,0.0,dst,"stale_prices,zero_volume"
GTES,ok,true,0.0,dst,""
GTIM,ok,true,0.0,dst,zero_volume
GTLB,ok,true,0.0,dst,""
GTLS,ok,true,0.0,dst,""
GTM,ok,true,0.0,dst,""
GTN,ok,true,0.0,dst,""
GTN.A,warning,true,0.0,dst,"price_spikes,stale_prices,zero_volume"
GTS,ok,true,0.0,dst,""
GTX,ok,true,0.0,dst,""
GTY,warning,true,0.0,dst,price_spikes
GTYH,warning,true,0.0,dst,"price_spikes,stale_prices,zero_volume"
GTYHU,warning,true,0.0,dst,"price_spikes,stale_prices,zero_volume"
GURE,warning,true,8.6149,dst,"missing_bars,zero_volume"
GUTS,ok,true,0.0,dst,""
GV,warning,true,3.4989,dst,"missing_bars,price_spikes,stale_prices,zero_volume"
GVA,ok,true,0.0,dst,""
GVH,ok,true,0.0,dst,zero_volume
GWAV,warning,true,0.0,dst,"price_spikes,zero_volume"
GWB,ok,true,0.0,dst,""
GWH,warning,true,0.0,dst,price_spikes
GWR,ok,true,0.0,dst,""
GWRE,ok,true,0.0,dst,""
GWRS,ok,true,0.0,dst,""
GWW,ok,true,0.0,dst,""
GXAI,warning,true,0.0,dst,price_spikes
GXO,warning,true,0.0,dst,price_spikes
GYRE,warning,true,0.0,dst,price_spikes
GYRO,warning,true,0.0,dst,"price_spikes,stale_prices,zero_volume"
H,ok,true,0.0,dst,""
HABT,warning,true,0.0,dst,price_spikes
HACK,warning,true,0.0,dst,price_spikes
HACQ,warning,true,0.0,dst,"stale_prices,zero_volume"
HACV,warning,true,0.0,dst,"stale_prices,zero_volume"
HACW,warning,true,0.0,dst,"price_spikes,stale_prices,zero_volume"
HAE,ok,true,0.0,dst,""
HAFC,warning,true,0.0,dst,price_spikes
HAFN,ok,true,0.0,dst,""
HAHA,warning,true,0.0,dst,"stale_prices,zero_volume"
HAIN,ok,true,0.0,dst,""
HAL,ok,true,0.0,dst,""
HALO,ok,true,0.0,dst,""
HAO,warning,true,0.0,dst,"price_spikes,stale_prices,zero_volume"
HAPN,ok,true,0.0,dst,""
HAR,ok,true,0.0,dst,""
HAS,ok,true,0.0,dst,""
HASI,ok,true,0.0,dst,""
HAVA,warning,true,0.0,dst,"stale_prices,zero_volume"
HAWK,warning,true,73.6354,dst,"missing_bars,price_spikes"
HAYW,ok,true,0.0,dst,""
HBAN,ok,true,0.0,dst,""
HBB,ok,true,0.0,dst,""
HBCP,warning,true,0.0,dst,price_spikes
HBI,ok,true,0.0,dst,""
HBIO,warning,true,0.0,dst,price_spikes
HBK,warning,true,0.0,dst,"price_spikes,stale_prices,zero_volume"
HBM,ok,true,0.0,dst,""
HBMD,warning,true,0.0,dst,"price_spikes,stale_prices,zero_volume"
HBNB,warning,true,0.0,dst,"price_spikes,stale_prices,zero_volume"
HBNC,warning,true,0.0,dst,price_spikes
HBP,ok,true,0.0,dst,zero_volume
HBT,warning,true,0.0,dst,price_spikes
HCA,ok,true,0.0,dst,""
HCAC,warning,true,47.4564,dst,"missing_bars,price_spikes,stale_prices,zero_volume"
HCAI,ok,true,0.0,dst,""
HCAP,warning,true,0.0,dst,"price_spikes,zero_volume"
HCAT,ok,true,0.0,dst,""
HCC,ok,true,0.0,dst,""
HCCH,warning,true,0.0,dst,"stale_prices,zero_volume"
HCHL,warning,true,0.0,dst,"stale_prices,zero_volume"
HCI,ok,true,0.0,dst,""
HCIC,warning,true,58.7347,dst,"missing_bars,price_spikes,stale_prices,zero_volume"
HCKT,ok,true,0.0,dst,""
HCMA,warning,true,33.2155,dst,"missing_bars,price_spikes,stale_prices,zero_volume"
HCP,warning,true,0.0,dst,"stale_prices,zero_volume"
HCRF,warning,true,0.0,dst,"stale_prices,zero_volume"
HCSG,ok,true,0.0,dst,""
HCTI,warning,true,0.0,dst,"price_spikes,zero_volume"
HCWB,ok,true,0.0,dst,zero_volume
HCWC,ok,true,0.0,dst,""
HD,ok,true,0.0,dst,""
HDB,warning,true,0.0,dst,price_spikes
HDLB,warning,true,0.0,dst,"stale_prices,zero_volume"
HDLV,warning,true,0.0,dst,"price_spikes,zero_volume"
HDP,ok,true,0.0,dst,""
HDRN,warning,true,0.0,dst,"price_spikes,stale_prices,zero_volume"
HDS,ok,true,0.0,dst,""
HDSN,ok,true,0.0,dst,""
HE,warning,true,0.0,dst,price_spikes
HEEM,ok,true,0.0,dst,""
HEFV,warning,true,0.0,dst,"stale_prices,zero_volume"
HEI,ok,true,0.0,dst,""
HEI.A,ok,true,0.0,dst,""
HELE,ok,true,0.0,dst,""
HELP,ok,true,0.0,dst,""
HEMV,warning,true,0.0,dst,"price_spikes,stale_prices,zero_volume"
HES,ok,true,0.0,dst,""
HESM,ok,true,0.0,dst,""
HEUS,warning,true,0.0,dst,"price_spikes,stale_prices,zero_volume"
HFBC,warning,true,0.0,dst,"price_spikes,zero_volume"
HFBL,warning,true,0.0,dst,"price_spikes,stale_prices,zero_volume"
HFC,ok,true,0.0,dst,""
HFFG,warning,true,0.0,dst,"price_spikes,stale_prices,zero_volume"
HFWA,ok,true,0.0,dst,""
HG,ok,true,0.0,dst,""
HGBL,ok,true,0.0,dst,""
HGI,warning,true,0.0,dst,"price_spikes,stale_prices,zero_volume"
HGSD,warning,true,0.0,dst,"price_spikes,stale_prices,zero_volume"
HGTY,warning,true,0.0,dst,"price_spikes,stale_prices,zero_volume"
HGV,warning,true,0.0,dst,price_spikes
HHH,ok,true,0.0,dst,""
HHS,ok,true,0.0,dst,zero_volume
HHYX,warning,true,0.0,dst,"price_spikes,stale_prices,zero_volume"
HIFR,ok,true,0.0,dst,""
HIFS,ok,true,0.0,dst,zero_volume
HIG,warning,true,0.0,dst,price_spikes
HIHO,warning,true,0.0,dst,"price_spikes,zero_volume"
HII,ok,true,0.0,dst,""
HILO,warning,true,0.0,dst,"stale_prices,zero_volume"
HIMS,warning,true,0.0,dst,"price_spikes,stale_prices,zero_volume"
HIND,warning,true,0.0,dst,"price_spikes,zero_volume"
HIPO,warning,true,0.0,dst,price_spikes
HIT,ok,true,0.0,dst,""
HITI,ok,true,0.0,dst,""
HIVE,ok,true,0.0,dst,zero_volume
HIW,warning,true,0.0,dst,price_spikes
HKIT,warning,true,0.0,dst,"price_spikes,zero_volume"
HKPD,ok,true,0.0,dst,""
HL,ok,true,0.0,dst,""
HLF,ok,true,0.0,dst,""
HLI,ok,true,0.0,dst,""
HLIO,ok,true,0.0,dst,""
HLIT,ok,true,0.0,dst,""
HLLY,ok,true,0.0,dst,""
HLMN,ok,true,0.0,dst,""
HLNE,warning,true,0.0,dst,price_spikes
HLP,ok,true,0.0,dst,zero_volume
HLT,warning,true,0.0,dst,price_spikes
HLX,warning,true,0.0,dst,price_spikes
HLXC,warning,true,0.0,dst,"price_spikes,zero_volume"
HMG,warning,true,0.0,dst,"price_spikes,stale_prices,zero_volume"
HMH,ok,true,0.0,dst,""
HMHC,warning,true,0.0,dst,price_spikes
HMLP,ok,true,0.0,dst,""
HMN,ok,true,0.0,dst,""
HMR,ok,true,0.0,dst,""
HMSY,ok,true,0.0,dst,""
HMTA,warning,true,0.0,dst,"price_spikes,stale_prices,zero_volume"
HMTV,warning,true,0.0,dst,price_spikes
HMY,ok,true,0.0,dst,""
HNGE,ok,true,0.0,dst,""
HNI,ok,true,0.0,dst,""
HNNA,warning,true,0.0,dst,"price_spikes,zero_volume"
HNRG,ok,true,0.0,dst,""
HNST,ok,true,0.0,dst,""
HNVR,warning,true,0.0,dst,"price_spikes,zero_volume"
HOFT,ok,true,0.0,dst,""
HOG,warning,true,0.0,dst,price_spikes
HOLO,warning,true,0.0,dst,"price_spikes,zero_volume"
HOLX,ok,true,0.0,dst,""
HOMB,ok,true,0.0,dst,""
HOME,ok,true,0.0,dst,""
HOML,warning,true,0.0,dst,"price_spikes,stale_prices,zero_volume"
HON,ok,true,0.0,dst,""
HONA,ok,true,0.0,dst,""
HOOD,ok,true,0.0,dst,""
HOPE,ok,true,0.0,dst,""
HOT,ok,true,0.0,dst,""
HOUR,warning,true,0.0,dst,"price_spikes,zero_volume"
HOV,ok,true,0.0,dst,""
HOVR,warning,true,0.0,dst,"price_spikes,stale_prices,zero_volume"
HOWL,ok,true,0.0,dst,""
HP,ok,true,0.0,dst,""
HPAI,warning,true,0.0,dst,"price_spikes,stale_prices,zero_volume"
HPE,ok,true,0.0,dst,""
HPJ,ok,true,0.0,dst,""
HPK,ok,true,0.0,dst,zero_volume
HPP,warning,true,0.0,dst,price_spikes
HPQ,ok,true,0.0,dst,""
HPR,ok,true,0.0,dst,""
HQ,ok,true,0.0,dst,""
HQBD,warning,true,0.0,dst,"stale_prices,zero_volume"
HQCL,ok,true,0.0,dst,""
HQH,ok,true,0.0,dst,""
HQI,warning,true,0.048,dst,"missing_bars,stale_prices,zero_volume"
HQL,warning,true,0.0,dst,price_spikes
HQY,warning,true,0.0,dst,price_spikes
HRB,warning,true,0.0,dst,price_spikes
HRC,ok,true,0.0,dst,""
HRI,ok,true,0.0,dst,""
HRL,ok,true,0.0,dst,""
HRMY,ok,true,0.0,dst,""
HROW,ok,true,0.0,dst,""
HRS,ok,true,0.0,dst,""
HRTG,ok,true,0.0,dst,""
HRTX,ok,true,0.0,dst,""
HRZN,warning,true,0.0,dst,price_spikes
HSBC,ok,true,0.0,dst,""
HSBH,ok,true,0.0,dst,zero_volume
HSCS,ok,true,0.0,dst,""
HSDT,warning,true,0.0,dst,zero_volume
HSHP,ok,true,0.0,dst,""
HSIC,ok,true,0.0,dst,""
HSLV,ok,true,0.0,dst,""
HST,ok,true,0.0,dst,""
HSTM,ok,true,0.0,dst,""
HSY,ok,true,0.0,dst,""
HTCO,warning,true,0.0,dst,"price_spikes,stale_prices,zero_volume"
HTCR,ok,true,0.0,dst,""
HTFL,ok,true,0.0,dst,""
HTGC,warning,true,0.0,dst,price_spikes
HTH,ok,true,0.0,dst,""
HTLD,ok,true,0.0,dst,""
HTLM,warning,true,0.0,dst,"price_spikes,zero_volume"
HTO,warning,true,0.0,dst,price_spikes
HTOO,ok,true,0.0,dst,zero_volume
HTT,ok,true,0.0,dst,""
HTZ,ok,true,0.0,dst,""
HUBB,ok,true,0.0,dst,""
HUBC,warning,true,0.0,dst,zero_volume
HUBG,ok,true,0.0,dst,""
HUBS,ok,true,0.0,dst,""
HUD,ok,true,0.0,dst,""
HUDI,warning,true,0.0,dst,"price_spikes,zero_volume"
HUHU,ok,true,0.0,dst,zero_volume
HUM,ok,true,0.0,dst,""
HUMA,warning,true,0.0,dst,price_spikes
HUN,ok,true,0.0,dst,""
HURA,warning,true,0.0,dst,"price_spikes,zero_volume"
HURC,ok,true,0.0,dst,""
HURN,ok,true,0.0,dst,""
HUT,ok,true,0.0,dst,""
HUYA,ok,true,0.0,dst,""
HVII,warning,true,0.0,dst,"price_spikes,stale_prices,zero_volume"
HVMC,warning,true,0.0,dst,"stale_prices,zero_volume"
HVT,ok,true,0.0,dst,""
HVT.A,warning,true,0.0,dst,"price_spikes,stale_prices,zero_volume"
HWBK,warning,true,0.0,dst,"price_spikes,zero_volume"
HWC,ok,true,0.0,dst,""
HWCC,ok,true,0.0,dst,""
HWH,warning,true,0.0,dst,"price_spikes,stale_prices,zero_volume"
HWKN,ok,true,0.0,dst,""
HWM,ok,true,0.0,dst,""
HXHX,warning,true,0.0,dst,price_spikes
HXL,ok,true,0.0,dst,""
HY,ok,true,0.0,dst,""
HYAC,warning,true,0.0,dst,"price_spikes,stale_prices,zero_volume"
HYDD,warning,true,0.0,dst,"price_spikes,stale_prices,zero_volume"
HYFM,ok,true,0.0,dst,""
HYFT,warning,true,0.0,dst,price_spikes
HYG,warning,true,0.0,dst,price_spikes
HYGS,ok,true,0.0,dst,zero_volume
HYLN,warning,true,0.0,dst,"price_spikes,stale_prices,zero_volume"
HYMC,warning,true,0.0,dst,"price_spikes,stale_prices,zero_volume"
HYNE,ok,true,0.0,dst,""
HYPD,ok,true,0.0,dst,zero_volume
HYPR,warning,true,0.0,dst,"price_spikes,zero_volume"
HZO,ok,true,0.0,dst,""
IAC,ok,true,0.0,dst,""
IACO,warning,true,0.0,dst,"stale_prices,zero_volume"
IACQ,warning,true,0.0,dst,zero_volume
IAG,ok,true,0.0,dst,""
IAM,warning,true,0.0,dst,"price_spikes,stale_prices,zero_volume"
IART,ok,true,0.0,dst,""
IAU,ok,true,0.0,dst,""
IAUX,ok,true,0.0,dst,""
IBAC,warning,true,0.0,dst,"price_spikes,stale_prices,zero_volume"
IBB,ok,true,0.0,dst,""
IBCP,ok,true,0.0,dst,""
IBDH,ok,true,0.0,dst,""
IBEX,ok,true,0.0,dst,""
IBG,ok,true,0.0,dst,""
IBIO,ok,true,0.0,dst,zero_volume
IBKC,warning,true,0.0,dst,price_spikes
IBKR,ok,true,0.0,dst,""
IBM,ok,true,0.0,dst,""
IBMG,ok,true,0.0,dst,""
IBMH,ok,true,0.0,dst,""
IBN,ok,true,0.0,dst,""
IBO,warning,true,0.0,dst,"price_spikes,stale_prices,zero_volume"
IBOC,ok,true,0.0,dst,""
IBP,ok,true,0.0,dst,""
IBTA,warning,true,0.0,dst,"price_spikes,stale_prices,zero_volume"
ICAN,ok,true,0.0,dst,zero_volume
ICBK,ok,true,0.0,dst,zero_volume
ICCC,warning,true,0.0,dst,"price_spikes,zero_volume"
ICCM,warning,true,0.0,dst,"price_spikes,zero_volume"
ICE,warning,true,0.0,dst,price_spikes
ICFI,ok,true,0.0,dst,""
ICHR,ok,true,0.0,dst,""
ICL,ok,true,0.0,dst,""
ICLN,ok,true,0.0,dst,""
ICLR,ok,true,0.0,dst,""
ICMB,ok,true,0.0,dst,zero_volume
ICON,warning,true,4.9016,dst,"missing_bars,price_spikes,stale_prices,zero_volume"
ICU,warning,true,0.0,dst,"price_spikes,stale_prices,zero_volume"
ICUI,ok,true,0.0,dst,zero_volume
IDA,warning,true,0.0,dst,"price_spikes,zero_volume"
IDAI,ok,true,0.0,dst,""
IDCC,ok,true,0.0,dst,zero_volume
IDN,ok,true,0.0,dst,""
IDR,ok,true,0.0,dst,""
IDSA,ok,true,0.0,dst,zero_volume
IDT,ok,true,0.0,dst,""
IDTI,ok,true,0.0,dst,""
IDXX,ok,true,0.0,dst,""
IDYA,ok,true,0.0,dst,""
IE,ok,true,0.0,dst,""
IEAG,warning,true,0.0,dst,"stale_prices,zero_volume"
IEC,ok,true,0.0,dst,""
IEF,ok,true,0.0,dst,""
IEI,warning,true,0.0,dst,price_spikes
IEMD,warning,true,0.0,dst,"stale_prices,zero_volume"
IEMV,warning,true,0.0,dst,"stale_prices,zero_volume"
IEP,warning,true,0.0,dst,price_spikes
IESC,ok,true,0.0,dst,""
IEX,ok,true,0.0,dst,""
IFBD,warning,true,0.0,dst,"price_spikes,zero_volume"
IFED,warning,true,0.0,dst,"price_spikes,stale_prices,zero_volume"
IFF,ok,true,0.0,dst,""
IFRX,ok,true,0.0,dst,""
IFS,ok,true,0.0,dst,zero_volume
IGAC,warning,true,50.6868,dst,"missing_bars,price_spikes,stale_prices,zero_volume"
IGC,warning,true,0.0,dst,price_spikes
IGHG,warning,true,0.0,dst,price_spikes
IGIC,warning,true,0.0471,dst,"missing_bars,price_spikes,stale_prices,zero_volume"
IHC,ok,true,0.0,dst,zero_volume
IHG,ok,true,0.0,dst,""
IHRT,warning,true,0.0,dst,price_spikes
IHS,warning,true,7.3153,dst,"missing_bars,price_spikes,stale_prices,zero_volume"
IHYV,warning,true,0.0,dst,"stale_prices,zero_volume"
III,ok,true,0.0,dst,""
IIIN,warning,true,0.0,dst,price_spikes
IIIV,ok,true,0.0,dst,""
IIN,ok,true,0.0,dst,zero_volume
IIPR,ok,true,0.0,dst,""
IJH,ok,true,0.0,dst,""
IJR,warning,true,0.0,dst,price_spikes
IKT,ok,true,0.0,dst,""
ILAG,ok,true,0.0,dst,zero_volume
ILG,ok,true,0.0,dst,""
ILLR,warning,true,0.0,dst,"price_spikes,stale_prices,zero_volume"
ILLU,warning,true,0.0,dst,"stale_prices,zero_volume"
ILMN,ok,true,0.0,dst,""
IMA,ok,true,0.0,dst,""
IMAX,ok,true,0.0,dst,""
IMCC,ok,true,0.0,dst,""
IMDX,warning,true,0.0,dst,"price_spikes,zero_volume"
IMDZ,ok,true,0.0,dst,""
IMFC,warning,true,0.0,dst,"price_spikes,stale_prices,zero_volume"
IMI,ok,true,0.0,dst,zero_volume
IMKTA,ok,true,0.0,dst,""
IMMR,ok,true,0.0,dst,""
IMMU,ok,true,0.0,dst,""
IMMX,ok,true,0.0,dst,""
IMNM,ok,true,0.0,dst,zero_volume
IMNN,warning,true,0.0,dst,"price_spikes,zero_volume"
IMO,ok,true,0.0,dst,""
IMPP,ok,true,0.0,dst,""
IMPV,ok,true,0.0,dst,""
IMRX,warning,true,0.0,dst,price_spikes
IMSR,warning,true,0.0,dst,"price_spikes,zero_volume"
IMTE,warning,true,0.0,dst,"price_spikes,stale_prices,zero_volume"
IMTX,ok,true,0.0,dst,""
IMUX,ok,true,0.0,dst,""
IMVT,warning,true,0.0,dst,"price_spikes,stale_prices,zero_volume"
IMXI,warning,true,0.0,dst,"price_spikes,stale_prices,zero_volume"
INAB,warning,true,0.0,dst,"price_spikes,zero_volume"
INAC,warning,true,0.0,dst,"price_spikes,stale_prices,zero_volume"
INB,ok,true,0.0,dst,""
INBK,ok,true,0.0,dst,""
INBS,warning,true,0.0,dst,price_spikes
INBX,ok,true,0.0,dst,""
INCR,ok,true,0.0,dst,""
INCY,ok,true,0.0,dst,""
INDA,warning,true,0.0,dst,price_spikes
INDB,ok,true,0.0,dst,""
INDI,warning,true,0.0,dst,"price_spikes,stale_prices,zero_volume"
INDO,warning,true,0.0,dst,"price_spikes,zero_volume"
INDP,ok,true,0.0,dst,""
INDU,warning,true,0.0,dst,"price_spikes,stale_prices,zero_volume"
INDV,ok,true,0.0,dst,""
INEO,ok,true,0.0,dst,""
INFO,warning,true,0.0,dst,"stale_prices,zero_volume"
INFQ,ok,true,0.0,dst,""
INFU,ok,true,0.0,dst,zero_volume
INGM,ok,true,0.0,dst,""
INGN,ok,true,0.0,dst,""
INGR,warning,true,0.0,dst,price_spikes
INHD,warning,true,0.0,dst,"price_spikes,stale_prices,zero_volume"
INIO,ok,true,0.0,dst,""
INKT,warning,true,0.0,dst,"price_spikes,zero_volume"
INLF,warning,true,0.0,dst,price_spikes
INLX,warning,true,0.0,dst,"price_spikes,zero_volume"
INM,warning,true,0.0,dst,price_spikes
INMB,ok,true,0.0,dst,zero_volume
INMD,ok,true,0.0,dst,""
INN,ok,true,0.0,dst,""
INNV,ok,true,0.0,dst,""
INO,ok,true,0.0,dst,""
INOD,ok,true,0.0,dst,zero_volume
INR,warning,true,0.0,dst,"price_spikes,stale_prices,zero_volume"
INSE,warning,true,0.0372,dst,"missing_bars,price_spikes,stale_prices,zero_volume"
INSG,ok,true,0.0,dst,""
INSM,ok,true,0.0,dst,zero_volume
INSP,ok,true,0.0,dst,""
INST,warning,true,0.0,dst,"price_spikes,stale_prices,zero_volume"
INSW,ok,true,0.0,dst,""
INTA,ok,true,0.0,dst,""
INTC,ok,true,0.0,dst,""
INTG,warning,true,0.0,dst,"price_spikes,stale_prices,zero_volume"
INTJ,ok,true,0.0,dst,zero_volume
INTR,ok,true,0.0,dst,""
INTS,ok,true,0.0,dst,zero_volume
INTT,ok,true,0.0,dst,zero_volume
INTU,ok,true,0.0,dst,""
INTX,ok,true,0.0,dst,zero_volume
INTZ,warning,true,0.0,dst,price_spikes
INUV,warning,true,0.0,dst,price_spikes
INV,warning,true,0.0,dst,"price_spikes,stale_prices,zero_volume"
INVA,ok,true,0.0,dst,zero_volume
INVE,ok,true,0.0,dst,""
INVH,ok,true,0.0,dst,""
INVX,ok,true,0.0,dst,""
INVZ,ok,true,0.0,dst,zero_volume
INWK,ok,true,0.0,dst,""
INXN,ok,true,0.0,dst,""
INXX,ok,true,0.0,dst,""
IONQ,warning,true,0.0,dst,price_spikes
IONS,ok,true,0.0,dst,zero_volume
IOSP,warning,true,0.0,dst,price_spikes
IOT,warning,true,8.912,dst,"missing_bars,price_spikes,stale_prices,zero_volume"
IOTR,ok,true,0.0,dst,""
IOTS,ok,true,0.0,dst,""
IOVA,ok,true,0.0,dst,""
IP,ok,true,0.0,dst,""
IPAR,warning,true,0.0,dst,price_spikes
IPAS,warning,true,0.0,dst,"stale_prices,zero_volume"
IPCX,warning,true,0.0,dst,"price_spikes,stale_prices,zero_volume"
IPDN,warning,true,0.0,dst,"price_spikes,stale_prices,zero_volume"
IPEX,warning,true,0.0,dst,"price_spikes,stale_prices,zero_volume"
IPFX,warning,true,0.0,dst,zero_volume
IPG,warning,true,0.0,dst,price_spikes
IPGP,ok,true,0.0,dst,""
IPHA,ok,true,0.0,dst,zero_volume
IPHI,ok,true,0.0,dst,""
IPHS,ok,true,0.0,dst,""
IPI,ok,true,0.0,dst,""
IPLDP,warning,true,0.0,dst,"price_spikes,zero_volume"
IPM,ok,true,0.0,dst,zero_volume
IPOA,ok,true,0.0,dst,""
IPSC,ok,true,0.0,dst,""
IPST,warning,true,0.0,dst,price_spikes
IPW,warning,true,3.1935,dst,"missing_bars,price_spikes,stale_prices,zero_volume"
IPWR,ok,true,0.0,dst,zero_volume
IQI,warning,true,0.0,dst,price_spikes
IQST,ok,true,0.0,dst,""
IQV,ok,true,0.0,dst,""
IR,warning,true,3.342,dst,missing_bars
IRAB,warning,true,0.0,dst,"stale_prices,zero_volume"
IRD,ok,true,0.0,dst,""
IRDM,ok,true,0.0,dst,""
IREN,ok,true,0.0,dst,""
IRHO,warning,true,0.0,dst,"stale_prices,zero_volume"
IRIX,ok,true,0.0,dst,zero_volume
IRM,warning,true,0.0,dst,price_spikes
IRMD,warning,true,0.0,dst,"price_spikes,zero_volume"
IRON,ok,true,0.0,dst,zero_volume
IRTC,ok,true,0.0,dst,""
IRWD,ok,true,0.0,dst,""
ISBA,ok,true,0.0,dst,zero_volume
ISBC,warning,true,0.0,dst,price_spikes
ISCA,ok,true,0.0,dst,""
ISLE,warning,true,0.0,dst,"price_spikes,stale_prices,zero_volume"
ISOU,ok,true,0.0,dst,""
ISPC,warning,true,0.0,dst,price_spikes
ISPR,warning,true,0.0,dst,price_spikes
ISRG,ok,true,0.0,dst,""
ISRL,warning,true,0.0,dst,"price_spikes,stale_prices,zero_volume"
ISSC,ok,true,0.0,dst,zero_volume
ISTR,ok,true,0.0,dst,zero_volume
IT,ok,true,0.0,dst,""
ITB,ok,true,0.0,dst,""
ITG,warning,true,68.4367,dst,"missing_bars,price_spikes"
ITGR,ok,true,0.0,dst,""
ITHA,warning,true,0.0,dst,"stale_prices,zero_volume"
ITIC,ok,true,0.0,dst,zero_volume
ITMR,warning,true,0.0,dst,"price_spikes,stale_prices,zero_volume"
ITOC,warning,true,0.0,dst,price_spikes
ITP,ok,true,0.0,dst,zero_volume
ITRG,ok,true,0.0,dst,""
ITRI,warning,true,0.0,dst,price_spikes
ITRN,ok,true,0.0,dst,""
ITT,warning,true,0.0,dst,price_spikes
ITUS,ok,true,0.0,dst,zero_volume
ITW,ok,true,0.0,dst,""
IVA,ok,true,0.0,dst,zero_volume
IVDA,ok,true,0.0,dst,""
IVF,warning,true,0.0,dst,price_spikes
IVR,ok,true,0.0,dst,""
IVTY,ok,true,0.0,dst,""
IVVD,warning,true,0.0,dst,price_spikes
IVZ,ok,true,0.0,dst,""
IWD,warning,true,0.0,dst,price_spikes
IWDL,warning,true,0.0,dst,"price_spikes,stale_prices,zero_volume"
IWF,ok,true,0.0,dst,""
IWFL,warning,true,0.0,dst,"price_spikes,stale_prices,zero_volume"
IWM,ok,true,0.0,dst,""
IWML,warning,true,0.0,dst,"price_spikes,stale_prices,zero_volume"
IWR,warning,true,0.0,dst,price_spikes
IXHL,warning,true,0.0,dst,"price_spikes,zero_volume"
IYR,ok,true,0.0,dst,""
IZEA,warning,true,0.0,dst,"stale_prices,zero_volume"
IZM,warning,true,0.0,dst,price_spikes
J,ok,true,0.0,dst,""
JACK,warning,true,0.0,dst,price_spikes
JACS,warning,true,0.0,dst,"price_spikes,stale_prices,zero_volume"
JAG,ok,true,0.0,dst,""
JAGU,ok,true,0.0,dst,""
JAGX,warning,true,5.7928,dst,"missing_bars,price_spikes,zero_volume"
JAKK,warning,true,0.0,dst,price_spikes
JAN,warning,true,23.9093,dst,"missing_bars,price_spikes,zero_volume"
JANX,ok,true,0.0,dst,""
JATT,warning,true,60.9486,dst,"missing_bars,price_spikes,stale_prices,zero_volume"
JAX,ok,true,0.0,dst,""
JAZZ,ok,true,0.0,dst,""
JBDI,warning,true,0.0,dst,price_spikes
JBGS,warning,true,0.0,dst,price_spikes
JBHT,warning,true,0.0,dst,price_spikes
JBI,ok,true,0.0,dst,zero_volume
JBIO,ok,true,0.0,dst,""
JBK,warning,true,0.0,dst,"price_spikes,stale_prices,zero_volume"
JBL,ok,true,0.0,dst,""
JBLU,ok,true,0.0,dst,""
JBS,ok,true,0.0,dst,""
JBSS,warning,true,0.0,dst,price_spikes
JBTM,ok,true,0.0,dst,""
JCAP,warning,true,43.1489,dst,"missing_bars,price_spikes"
JCI,warning,true,0.0,dst,price_spikes
JCSE,warning,true,0.0,dst,"price_spikes,zero_volume"
JCTC,warning,true,0.0,dst,"price_spikes,stale_prices,zero_volume"
JDZG,warning,true,0.0,dst,"price_spikes,stale_prices,zero_volume"
JEF,ok,true,0.0,dst,""
JELD,ok,true,0.0,dst,""
JEM,warning,true,66.9142,dst,"missing_bars,stale_prices,zero_volume"
JENA,warning,true,0.0,dst,"stale_prices,zero_volume"
JETD,warning,true,0.0,dst,"stale_prices,zero_volume"
JETS,ok,true,0.0,dst,""
JETU,warning,true,0.0,dst,"price_spikes,zero_volume"
JFB,ok,true,0.0,dst,""
JHA,ok,true,0.0,dst,""
JHG,ok,true,0.0,dst,""
JHX,ok,true,0.0,dst,""
JILL,ok,true,0.0,dst,""
JJSF,warning,true,0.0,dst,price_spikes
JKHY,ok,true,0.0,dst,""
JKS,ok,true,0.0,dst,""
JL,warning,true,0.0,dst,price_spikes
JLHL,warning,true,0.0,dst,price_spikes
JLL,ok,true,0.0,dst,""
JMBA,ok,true,0.0,dst,""
JMIA,ok,true,0.0,dst,""
JMP,warning,true,0.0,dst,"price_spikes,zero_volume"
JMSB,ok,true,0.0,dst,""
JNJ,ok,true,0.0,dst,""
JNP,ok,true,0.0,dst,""
JNPR,ok,true,0.0,dst,""
JOB,ok,true,0.0,dst,zero_volume
JOBY,warning,true,0.0,dst,price_spikes
JOE,ok,true,0.0,dst,""
JONE,warning,true,72.4471,dst,missing_bars
JOUT,ok,true,0.0,dst,""
JPBI,warning,true,0.0,dst,"stale_prices,zero_volume"
JPEH,warning,true,0.0,dst,"stale_prices,zero_volume"
JPIH,warning,true,0.0,dst,"stale_prices,zero_volume"
JPM,warning,true,0.0,dst,price_spikes
JPNL,ok,true,0.0,dst,zero_volume
JRSH,warning,true,0.0,dst,"price_spikes,zero_volume"
JRVR,ok,true,0.0,dst,""
JSPR,warning,true,0.0,dst,"price_spikes,stale_prices,zero_volume"
JSYNU,warning,true,0.0,dst,"stale_prices,zero_volume"
JTAI,warning,true,0.0,dst,"price_spikes,stale_prices,zero_volume"
JTPY,ok,true,0.0,dst,zero_volume
JUNS,warning,true,0.0,dst,price_spikes
JVA,ok,true,0.0,dst,zero_volume
JWEL,warning,true,0.0,dst,"price_spikes,zero_volume"
JWN,warning,true,0.0,dst,price_spikes
JXG,warning,true,0.0,dst,"price_spikes,zero_volume"
JXN,ok,true,0.0,dst,""
JYD,warning,true,0.0,dst,"price_spikes,zero_volume"
JYNT,ok,true,0.0,dst,""
JZXN,warning,true,0.0,dst,price_spikes
K,ok,true,0.0,dst,""
KAAC,warning,true,0.0,dst,"price_spikes,stale_prices,zero_volume"
KAI,warning,true,0.0,dst,price_spikes
KALA,ok,true,0.0,dst,""
KALU,ok,true,0.0,dst,""
KANG,ok,true,0.0,dst,""
KAPA,ok,true,0.0,dst,""
KARD,ok,true,0.0,dst,""
KARO,ok,true,0.0,dst,zero_volume
KAZR,ok,true,0.0,dst,""
KB,ok,true,0.0,dst,""
KBDC,ok,true,0.0,dst,""
KBH,ok,true,0.0,dst,""
KBON,warning,true,0.0,dst,"stale_prices,zero_volume"
KBR,warning,true,0.0,dst,price_spikes
KBSX,warning,true,0.0,dst,"price_spikes,stale_prices,zero_volume"
KCAP,ok,true,0.0,dst,""
KCHV,warning,true,0.0,dst,"price_spikes,stale_prices,zero_volume"
KD,ok,true,0.0,dst,""
KDK,warning,true,0.0,dst,"price_spikes,zero_volume"
KDMN,ok,true,0.0,dst,""
KDP,warning,true,0.0,dst,price_spikes
KE,ok,true,0.0,dst,""
KED,ok,true,0.0,dst,""
KEEL,ok,true,0.0,dst,""
KELYA,ok,true,0.0,dst,""
KELYB,warning,true,0.0,dst,"price_spikes,stale_prices,zero_volume"
KEN,warning,true,0.0,dst,"price_spikes,stale_prices,zero_volume"
KEP,ok,true,0.0,dst,""
KEQU,warning,true,0.0,dst,"price_spikes,stale_prices,zero_volume"
KERX,ok,true,0.0,dst,""
KEX,ok,true,0.0,dst,""
KEY,ok,true,0.0,dst,""
KEYS,warning,true,0.0,dst,price_spikes
KEYW,ok,true,0.0,dst,""
KEYY,warning,true,0.0,dst,zero_volume
KFFB,warning,true,0.0,dst,"price_spikes,stale_prices,zero_volume"
KFII,warning,true,0.0,dst,"stale_prices,zero_volume"
KFRC,ok,true,0.0,dst,""
KFY,warning,true,0.0,dst,price_spikes
KG,warning,true,0.0,dst,price_spikes
KGC,ok,true,0.0,dst,""
KGEI,ok,true,0.0,dst,zero_volume
KGS,ok,true,0.0,dst,""
KHC,ok,true,0.0,dst,""
KIDS,ok,true,0.0,dst,""
KIDZ,warning,true,0.0,dst,price_spikes
KIM,ok,true,0.0,dst,""
KIN,ok,true,0.0,dst,""
KIND,ok,true,0.0,dst,""
KINS,ok,true,0.0,dst,zero_volume
KITT,warning,true,0.0,dst,"price_spikes,stale_prices,zero_volume"
KKR,ok,true,0.0,dst,""
KL,ok,true,0.0,dst,""
KLAC,ok,true,0.0,dst,""
KLAR,ok,true,0.0,dst,""
KLC,ok,true,0.0,dst,""
KLIC,warning,true,0.0,dst,price_spikes
KLRA,ok,true,0.0,dst,""
KLRS,ok,true,0.0,dst,""
KLTR,ok,true,0.0,dst,""
KLXE,ok,true,0.0,dst,""
KLXI,ok,true,0.0,dst,""
KMB,ok,true,0.0,dst,""
KMDA,ok,true,0.0,dst,zero_volume
KMG,ok,true,0.0,dst,""
KMI,ok,true,0.0,dst,""
KMM,ok,true,0.0,dst,""
KMPR,ok,true,0.0,dst,""
KMRK,ok,true,0.0,dst,""
KMT,ok,true,0.0,dst,""
KMTS,ok,true,0.0,dst,""
KMX,ok,true,0.0,dst,""
KN,ok,true,0.0,dst,""
KNAB,warning,true,0.0,dst,"stale_prices,zero_volume"
KNDI,warning,true,0.0,dst,price_spikes
KNF,ok,true,0.0,dst,""
KNL,ok,true,0.0,dst,""
KNOP,warning,true,0.0,dst,price_spikes
KNRX,ok,true,0.0,dst,""
KNSA,ok,true,0.0,dst,""
KNSL,warning,true,0.0,dst,price_spikes
KNTK,warning,true,0.0,dst,"price_spikes,stale_prices,zero_volume"
KNX,ok,true,0.0,dst,""
KO,ok,true,0.0,dst,""
KOD,ok,true,0.0,dst,""
KODK,warning,true,0.0,dst,price_spikes
KOF,ok,true,0.0,dst,""
KOLD,warning,true,0.0,dst,price_spikes
KONE,warning,true,0.0,dst,"price_spikes,zero_volume"
KOP,ok,true,0.0,dst,""
KOPN,ok,true,0.0,dst,""
KOR,warning,true,0.0,dst,"price_spikes,stale_prices,zero_volume"
KORE,warning,true,0.0,dst,price_spikes
KORS,ok,true,0.0,dst,""
KOS,ok,true,0.0,dst,""
KOSS,warning,true,0.0,dst,"price_spikes,zero_volume"
KOYN,warning,true,0.0,dst,"stale_prices,zero_volume"
KPET,warning,true,0.0,dst,"stale_prices,zero_volume"
KPFS,warning,true,0.0,dst,"stale_prices,zero_volume"
KPLT,warning,true,0.0,dst,"price_spikes,stale_prices,zero_volume"
KPRX,warning,true,0.0,dst,"price_spikes,zero_volume"
KPTI,warning,true,0.0,dst,price_spikes
KR,ok,true,0.0,dst,""
KRA,ok,true,0.0,dst,""
KRAQ,warning,true,0.0,dst,"stale_prices,zero_volume"
KRC,warning,true,0.0,dst,price_spikes
KRE,ok,true,0.0,dst,""
KRMD,ok,true,0.0,dst,""
KRMN,ok,true,0.0,dst,""
KRNT,ok,true,0.0,dst,""
KRNY,warning,true,0.0,dst,price_spikes
KRO,ok,true,0.0,dst,""
KROS,ok,true,0.0,dst,""
KRRO,ok,true,0.0,dst,""
KRSP,warning,true,0.0,dst,"price_spikes,zero_volume"
KRT,ok,true,0.0,dst,""
KRUS,ok,true,0.0,dst,""
KRYS,ok,true,0.0,dst,zero_volume
KS,warning,true,0.0,dst,price_spikes
KSA,warning,true,0.0,dst,"price_spikes,stale_prices,zero_volume"
KSCP,ok,true,0.0,dst,""
KSPI,ok,true,0.0,dst,""
KSS,warning,true,0.0,dst,price_spikes
KST,ok,true,0.0,dst,zero_volume
KSU,ok,true,0.0,dst,""
KT,ok,true,0.0,dst,""
KTB,ok,true,0.0,dst,""
KTCC,warning,true,0.0,dst,price_spikes
KTOS,ok,true,0.0,dst,""
KTTA,warning,true,0.0,dst,"price_spikes,zero_volume"
KTWO,warning,true,67.954,dst,"missing_bars,price_spikes,stale_prices,zero_volume"
KULR,ok,true,0.0,dst,""
KURA,ok,true,0.0,dst,""
KUST,warning,true,0.0,dst,"price_spikes,zero_volume"
KVAC,warning,true,0.0,dst,"price_spikes,stale_prices,zero_volume"
KVHI,warning,true,0.0,dst,price_spikes
KVSB,warning,true,0.0,dst,"price_spikes,zero_volume"
KVUE,ok,true,0.0,dst,""
KVYO,ok,true,0.0,dst,""
KWM,ok,true,0.0,dst,""
KWR,ok,true,0.0,dst,""
KWY,ok,true,0.0,dst,zero_volume
KXIN,warning,true,0.0,dst,"price_spikes,stale_prices,zero_volume"
KYE,ok,true,0.0,dst,""
KYIV,ok,true,0.0,dst,zero_volume
KYMR,ok,true,0.0,dst,""
KYNB,ok,true,0.0,dst,zero_volume
KYTX,ok,true,0.0,dst,""
L,warning,true,0.0,dst,price_spikes
LAB,ok,true,0.0,dst,""
LABL,ok,true,0.0,dst,""
LABT,ok,true,0.0,dst,""
LAC,ok,true,0.0,dst,""
LACK,warning,true,0.0,dst,"price_spikes,stale_prices,zero_volume"
LAD,ok,true,0.0,dst,""
LADR,warning,true,0.0,dst,price_spikes
LAES,ok,true,0.0,dst,""
LAFA,warning,true,0.0,dst,"stale_prices,zero_volume"
LAKE,warning,true,0.0,dst,price_spikes
LAMR,warning,true,0.0,dst,price_spikes
LAND,warning,true,0.0,dst,price_spikes
LANV,warning,true,0.0,dst,"price_spikes,stale_prices,zero_volume"
LAR,ok,true,0.0,dst,""
LARK,ok,true,0.0,dst,zero_volume
LASE,ok,true,0.0,dst,""
LASR,ok,true,0.0,dst,""
LATA,warning,true,0.0,dst,"stale_prices,zero_volume"
LAUR,warning,true,0.0,dst,price_spikes
LAW,ok,true,0.0,dst,""
LAWR,warning,true,0.0,dst,"stale_prices,zero_volume"
LAZ,ok,true,0.0,dst,""
LB,warning,true,0.0,dst,"price_spikes,stale_prices,zero_volume"
LBDC,warning,true,0.0,dst,"price_spikes,stale_prices,zero_volume"
LBGJ,warning,true,0.0,dst,zero_volume
LBJ,warning,true,0.0,dst,price_spikes
LBRDA,ok,true,0.0,dst,""
LBRDK,ok,true,0.0,dst,""
LBRT,ok,true,0.0,dst,""
LBRX,ok,true,0.0,dst,""
LBTYA,ok,true,0.0,dst,""
LBTYB,warning,true,0.0,dst,"price_spikes,stale_prices,zero_volume"
LBTYK,ok,true,0.0,dst,""
LCA,warning,true,0.0,dst,"price_spikes,stale_prices,zero_volume"
LCAHU,warning,true,0.0,dst,"price_spikes,stale_prices,zero_volume"
LCCC,warning,true,0.0,dst,"stale_prices,zero_volume"
LCFY,ok,true,0.0,dst,zero_volume
LCID,ok,true,0.0,dst,""
LCII,ok,true,0.0,dst,""
LCLN,ok,true,0.0,dst,""
LCM,ok,true,0.0,dst,""
LCNB,warning,true,0.0,dst,price_spikes
LCTX,ok,true,0.0,dst,""
LCUT,ok,true,0.0,dst,""
LDF,ok,true,0.0,dst,zero_volume
LDI,warning,true,0.0,dst,price_spikes
LDL,ok,true,0.0,dst,""
LDOS,ok,true,0.0,dst,""
LE,ok,true,0.0,dst,""
LEA,ok,true,0.0,dst,""
LEAF,ok,true,0.0,dst,""
LEAP,ok,true,0.0,dst,zero_volume
LECO,ok,true,0.0,dst,""
LEDS,ok,true,0.0,dst,""
LEE,ok,true,0.0,dst,""
LEG,ok,true,0.0,dst,""
LEGH,ok,true,0.0,dst,""
LEGO,warning,true,79.1816,dst,"missing_bars,price_spikes,zero_volume"
LEN,ok,true,0.0,dst,""
LEN.B,ok,true,0.0,dst,""
LENZ,ok,true,0.0,dst,""
LEO,warning,true,3.8619,dst,"missing_bars,price_spikes"
LESL,ok,true,0.0,dst,""
LEU,ok,true,0.0,dst,zero_volume
LEVI,ok,true,0.0,dst,""
LEVL,warning,true,0.0,dst,price_spikes
LEXEA,ok,true,0.0,dst,""
LEXX,ok,true,0.0,dst,""
LFAC,warning,true,28.0252,dst,"missing_bars,price_spikes,stale_prices,zero_volume"
LFCR,warning,true,0.0,dst,price_spikes
LFMD,ok,true,0.0,dst,""
LFST,ok,true,0.0,dst,""
LFTO,ok,true,0.0,dst,""
LFUS,ok,true,0.0,dst,""
LFVN,ok,true,0.0,dst,""
LFWD,warning,true,0.0,dst,"price_spikes,stale_prices,zero_volume"
LGCL,ok,true,0.0,dst,zero_volume
LGCY,warning,true,0.0,dst,"stale_prices,zero_volume"
LGIH,ok,true,0.0,dst,""
LGL,warning,true,0.0,dst,"price_spikes,stale_prices,zero_volume"
LGN,ok,true,0.0,dst,""
LGND,warning,true,0.0,dst,price_spikes
LGO,ok,true,0.0,dst,""
LGPS,warning,true,0.0,dst,"price_spikes,zero_volume"
LGVN,warning,true,0.0,dst,price_spikes
LH,warning,true,0.0,dst,price_spikes
LHAI,ok,true,0.0,dst,""
LHO,ok,true,0.0,dst,""
LHSW,ok,true,0.0,dst,""
LHX,warning,true,0.0,dst,price_spikes
LICN,warning,true,0.0,dst,"price_spikes,zero_volume"
LIDR,warning,true,0.0,dst,price_spikes
LIEN,warning,true,0.0,dst,"price_spikes,stale_prices,zero_volume"
LIF,ok,true,0.0,dst,""
LIFE,warning,true,15.3361,dst,"missing_bars,zero_volume"
LII,ok,true,0.0,dst,""
LILA,warning,true,0.0,dst,price_spikes
LILAK,warning,true,0.0,dst,price_spikes
LIMN,ok,true,0.0,dst,""
LIN,ok,true,0.0,dst,""
LINC,ok,true,0.0,dst,zero_volume
LIND,ok,true,0.0,dst,""
LINE,warning,true,0.0,dst,"price_spikes,stale_prices,zero_volume"
LINK,warning,true,0.0,dst,"price_spikes,stale_prices,zero_volume"
LINX,ok,true,0.0,dst,""
LION,warning,true,0.0,dst,"price_spikes,stale_prices,zero_volume"
LIQT,ok,true,0.0,dst,zero_volume
LIT,ok,true,0.0,dst,""
LITE,ok,true,0.0,dst,""
LITS,ok,true,0.0,dst,""
LIVE,warning,true,0.0,dst,"price_spikes,zero_volume"
LIVN,ok,true,0.0,dst,""
LIXT,warning,true,0.0,dst,"price_spikes,zero_volume"
LJPC,ok,true,0.0,dst,""
LKFN,ok,true,0.0,dst,""
LKM,ok,true,0.0,dst,""
LKQ,ok,true,0.0,dst,""
LKSP,warning,true,0.0,dst,"price_spikes,stale_prices,zero_volume"
LLL,warning,true,0.0,dst,"price_spikes,stale_prices,zero_volume"
LLQD,warning,true,0.0,dst,"stale_prices,zero_volume"
LLTC,ok,true,0.0,dst,""
LLY,ok,true,0.0,dst,""
LLYVA,ok,true,0.0,dst,""
LLYVK,ok,true,0.0,dst,""
LM,ok,true,0.0,dst,""
LMAT,warning,true,0.0,dst,price_spikes
LMB,warning,true,0.0,dst,"price_spikes,zero_volume"
LMLB,warning,true,0.0,dst,"price_spikes,stale_prices,zero_volume"
LMLP,warning,true,0.0,dst,"price_spikes,zero_volume"
LMND,ok,true,0.0,dst,""
LMNR,warning,true,0.0,dst,price_spikes
LMRI,ok,true,0.0,dst,""
LMT,ok,true,0.0,dst,""
LN,ok,true,0.0,dst,""
LNAI,ok,true,0.0,dst,""
LNC,warning,true,0.0,dst,price_spikes
LND,warning,true,0.0,dst,"stale_prices,zero_volume"
LNG,ok,true,0.0,dst,""
LNKS,ok,true,0.0,dst,""
LNN,ok,true,0.0,dst,""
LNSR,ok,true,0.0,dst,""
LNT,warning,true,0.0,dst,price_spikes
LNTH,warning,true,0.0,dst,price_spikes
LNZA,warning,true,0.0709,dst,"missing_bars,price_spikes,stale_prices,zero_volume"
LOAC,warning,true,0.0,dst,"price_spikes,stale_prices,zero_volume"
LOAN,warning,true,0.0,dst,"price_spikes,zero_volume"
LOAR,ok,true,0.0,dst,""
LOB,warning,true,0.0,dst,price_spikes
LOBO,ok,true,0.0,dst,""
LOCL,warning,true,0.0,dst,"price_spikes,stale_prices,zero_volume"
LOCO,ok,true,0.0,dst,""
LODE,warning,true,0.0,dst,price_spikes
LOGI,ok,true,0.0,dst,""
LOGM,warning,true,0.0,dst,price_spikes
LONA,ok,true,0.0,dst,""
LOOP,ok,true,0.0,dst,zero_volume
LOPE,ok,true,0.0,dst,""
LORL,ok,true,0.0,dst,""
LOVE,ok,true,0.0,dst,""
LOW,ok,true,0.0,dst,""
LOXO,ok,true,0.0,dst,""
LPA,warning,true,0.0,dst,"price_spikes,stale_prices,zero_volume"
LPAA,warning,true,0.0,dst,"price_spikes,stale_prices,zero_volume"
LPBB,warning,true,0.0,dst,"price_spikes,stale_prices,zero_volume"
LPCN,warning,true,0.0,dst,"price_spikes,zero_volume"
LPCV,warning,true,0.0,dst,"stale_prices,zero_volume"
LPG,ok,true,0.0,dst,""
LPL,warning,true,0.0,dst,price_spikes
LPLA,ok,true,0.0,dst,""
LPNT,ok,true,0.0,dst,""
LPRO,warning,true,0.0,dst,stale_prices
LPSN,ok,true,0.0,dst,zero_volume
LPTH,ok,true,0.0,dst,""
LPX,ok,true,0.0,dst,""
LQD,warning,true,0.0,dst,price_spikes
LQDA,ok,true,0.0,dst,""
LQDT,ok,true,0.0,dst,""
LRCX,ok,true,0.0,dst,""
LRET,warning,true,0.0,dst,"price_spikes,stale_prices,zero_volume"
LRHC,warning,true,0.0,dst,"price_spikes,zero_volume"
LRMR,ok,true,0.0,dst,""
LRN,ok,true,0.0,dst,""
LSAK,warning,true,0.0,dst,price_spikes
LSBK,warning,true,0.0,dst,"price_spikes,stale_prices,zero_volume"
LSCC,ok,true,0.0,dst,""
LSE,warning,true,0.0,dst,"price_spikes,zero_volume"
LSF,ok,true,0.0,dst,""
LSH,ok,true,0.0,dst,zero_volume
LSPD,ok,true,0.0,dst,""
LSTA,warning,true,0.0,dst,"price_spikes,zero_volume"
LSTR,ok,true,0.0,dst,""
LSVX,warning,true,0.0,dst,"price_spikes,stale_prices,zero_volume"
LTBR,ok,true,0.0,dst,""
LTC,warning,true,0.0,dst,price_spikes
LTH,ok,true,0.0,dst,""
LTL,warning,true,0.0,dst,"price_spikes,stale_prices,zero_volume"
LTRN,ok,true,0.0,dst,""
LTRX,ok,true,0.0,dst,zero_volume
LTS,ok,true,0.0,dst,""
LTXB,ok,true,0.0,dst,""
LUB,ok,true,0.0,dst,""
LUCD,warning,true,0.0,dst,price_spikes
LUCK,warning,true,0.0,dst,"stale_prices,zero_volume"
LUCY,warning,true,0.0,dst,price_spikes
LUD,ok,true,0.0,dst,zero_volume
LULU,ok,true,0.0,dst,""
LUMN,ok,true,0.0,dst,""
LUNG,ok,true,0.0,dst,""
LUNR,warning,true,0.0,dst,"price_spikes,stale_prices,zero_volume"
LUV,ok,true,0.0,dst,""
LVGO,ok,true,0.0,dst,""
LVLT,ok,true,0.0,dst,""
LVLU,ok,true,0.0,dst,zero_volume
LVO,warning,true,0.0,dst,"price_spikes,zero_volume"
LVS,ok,true,0.0,dst,""
LVWR,warning,true,0.0,dst,"price_spikes,stale_prices"
LW,ok,true,0.0,dst,""
LWAC,warning,true,71.3467,dst,"missing_bars,price_spikes,stale_prices,zero_volume"
LWAY,ok,true,0.0,dst,zero_volume
LWLG,ok,true,0.0,dst,""
LXEO,ok,true,0.0,dst,""
LXFR,ok,true,0.0,dst,""
LXFT,ok,true,0.0,dst,""
LXRX,ok,true,0.0,dst,zero_volume
LXU,ok,true,0.0,dst,""
LYB,warning,true,0.0,dst,price_spikes
LYEL,ok,true,0.0,dst,""
LYFT,ok,true,0.0,dst,""
LYG,ok,true,0.0,dst,""
LYTS,warning,true,0.0,dst,price_spikes
LYV,warning,true,0.0,dst,price_spikes
LZ,ok,true,0.0,dst,""
LZB,ok,true,0.0,dst,""
LZM,warning,true,0.0,dst,"price_spikes,stale_prices,zero_volume"
LZMH,warning,true,0.0,dst,price_spikes
M,ok,true,0.0,dst,""
MA,ok,true,0.0,dst,""
MAA,warning,true,0.0,dst,price_spikes
MAAS,warning,true,0.0,dst,"price_spikes,stale_prices,zero_volume"
MAB,warning,true,0.0,dst,zero_volume
MAC,ok,true,0.0,dst,""
MACI,warning,true,0.0,dst,"price_spikes,stale_prices,zero_volume"
MACQ,warning,true,0.0,dst,"price_spikes,stale_prices,zero_volume"
MACU,warning,true,0.0,dst,"price_spikes,stale_prices,zero_volume"
MAGH,warning,true,0.0,dst,"stale_prices,zero_volume"
MAGN,ok,true,0.0,dst,""
MAIA,ok,true,0.0,dst,""
MAIN,warning,true,0.0,dst,price_spikes
MAIR,ok,true,0.0,dst,""
MAKO,ok,true,0.0,dst,""
MAMA,ok,true,0.0,dst,""
MAMK,warning,true,0.0,dst,"price_spikes,stale_prices,zero_volume"
MAMO,ok,true,0.0,dst,zero_volume
MAMS,warning,true,0.0,dst,"price_spikes,zero_volume"
MAN,ok,true,0.0,dst,""
MANE,ok,true,0.0,dst,""
MANH,warning,true,0.0,dst,price_spikes
MANT,ok,true,0.0,dst,""
MAR,ok,true,0.0,dst,""
MARA,warning,true,7.7237,dst,missing_bars
MAS,ok,true,0.0,dst,""
MASK,ok,true,0.0,dst,""
MASS,ok,true,0.0,dst,""
MAT,warning,true,0.0,dst,price_spikes
MATF,warning,true,0.0,dst,"price_spikes,stale_prices,zero_volume"
MATH,warning,true,0.0,dst,"price_spikes,stale_prices,zero_volume"
MATR,warning,true,0.0,dst,"price_spikes,stale_prices,zero_volume"
MATV,ok,true,0.0,dst,""
MATW,ok,true,0.0,dst,""
MATX,warning,true,0.0,dst,price_spikes
MAX,ok,true,0.0,dst,""
MAYS,warning,true,0.0,dst,"price_spikes,stale_prices,zero_volume"
MAZE,ok,true,0.0,dst,""
MB,warning,true,57.4081,dst,"missing_bars,price_spikes,stale_prices,zero_volume"
MBAI,ok,true,0.0,dst,zero_volume
MBAV,warning,true,0.0,dst,"price_spikes,stale_prices,zero_volume"
MBBC,warning,true,0.0,dst,"price_spikes,zero_volume"
MBC,ok,true,0.0,dst,""
MBFI,ok,true,0.0,dst,""
MBI,warning,true,0.0,dst,price_spikes
MBII,warning,true,0.0,dst,price_spikes
MBIN,warning,true,0.0,dst,price_spikes
MBIO,warning,true,0.0,dst,price_spikes
MBLY,warning,true,0.0,dst,"stale_prices,zero_volume"
MBNAA,ok,true,0.0,"price_spikes,dst",""
MBNAB,warning,true,0.0,"price_spikes,dst",zero_volume
MBOT,warning,true,0.0,dst,price_spikes
MBRX,warning,true,0.0,dst,"price_spikes,stale_prices,zero_volume"
MBTF,ok,true,0.0,dst,""
MBUU,ok,true,0.0,dst,""
MBVI,warning,true,0.0,dst,"stale_prices,zero_volume"
MBWM,ok,true,0.0,dst,""
MBX,ok,true,0.0,dst,""
MC,ok,true,0.0,dst,""
MCAH,warning,true,0.0,dst,"stale_prices,zero_volume"
MCB,warning,true,0.0,dst,price_spikes
MCBS,ok,true,0.0,dst,""
MCD,ok,true,0.0,dst,""
MCF,ok,true,0.0,dst,""
MCFE,ok,true,0.0,dst,""
MCFT,ok,true,0.0,dst,""
MCGA,ok,true,0.0,dst,""
MCHB,warning,true,0.0,dst,price_spikes
MCHI,ok,true,0.0,dst,""
MCHP,ok,true,0.0,dst,""
MCHX,ok,true,0.0,dst,""
MCI,ok,true,0.0,dst,""
MCK,ok,true,0.0,dst,""
MCO,ok,true,0.0,dst,""
MCRB,warning,true,0.0,dst,price_spikes
MCRI,warning,true,0.0,dst,price_spikes
MCRN,ok,true,0.0,dst,""
MCRP,ok,true,0.0,dst,""
MCS,ok,true,0.0,dst,""
MCTA,warning,true,0.0,dst,"stale_prices,zero_volume"
MCY,ok,true,0.0,dst,""
MD,ok,true,0.0,dst,""
MDA,warning,true,94.0,dst,missing_bars
MDAI,warning,true,0.0,dst,"price_spikes,stale_prices,zero_volume"
MDB,ok,true,0.0,dst,""
MDBH,ok,true,0.0,dst,zero_volume
MDCO,ok,true,0.0,dst,""
MDCX,warning,true,0.0,dst,"price_spikes,zero_volume"
MDGL,ok,true,0.0,dst,""
MDIA,warning,true,0.0,dst,"price_spikes,zero_volume"
MDLA,ok,true,0.0,dst,""
MDLN,ok,true,0.0,dst,""
MDLZ,warning,true,0.0,dst,price_spikes
MDP,ok,true,0.0,dst,""
MDRR,warning,true,0.0,dst,"price_spikes,stale_prices,zero_volume"
MDSO,ok,true,0.0,dst,""
MDT,ok,true,0.0,dst,""
MDU,warning,true,0.0,dst,price_spikes
MDV,ok,true,0.0,dst,""
MDWD,ok,true,0.0,dst,zero_volume
MDXG,warning,true,0.0,dst,"stale_prices,zero_volume"
MDXH,ok,true,0.0,dst,zero_volume
MDY,ok,true,0.0,dst,""
MEC,warning,true,0.0,dst,price_spikes
MED,ok,true,0.0,dst,""
MEDP,ok,true,0.0,dst,""
MEET,ok,true,0.0,dst,""
MEGL,ok,true,0.0,dst,""
MEI,warning,true,0.0,dst,price_spikes
MELI,ok,true,0.0,dst,""
MENS,ok,true,0.0,dst,""
MEOH,ok,true,0.0,dst,""
MERC,ok,true,0.0,dst,""
MESH,warning,true,0.0,dst,"stale_prices,zero_volume"
MET,ok,true,0.0,dst,""
META,ok,true,0.0,dst,""
METC,warning,true,0.0,dst,price_spikes
METCB,ok,true,0.0,dst,""
MEVO,warning,true,0.0,dst,"stale_prices,zero_volume"
MFA,ok,true,0.0,dst,""
MFAN,ok,true,0.0,dst,""
MFC,warning,true,0.0,dst,price_spikes
MFCB,ok,true,0.0,dst,zero_volume
MFI,ok,true,0.0,dst,zero_volume
MFIC,ok,true,0.0,dst,""
MFIN,ok,true,0.0,dst,zero_volume
MFNC,warning,true,0.0,dst,"price_spikes,zero_volume"
MFPVV,ok,true,0.0,"price_spikes,dst",""
MFSF,ok,true,0.0,dst,""
MG,ok,true,0.0,dst,""
MGA,ok,true,0.0,dst,""
MGEE,warning,true,0.0,dst,price_spikes
MGIH,warning,true,0.0,dst,"price_spikes,zero_volume"
MGLD,ok,true,0.0,dst,zero_volume
MGLN,ok,true,0.0,dst,""
MGM,ok,true,0.0,dst,""
MGN,warning,true,84.3297,dst,"missing_bars,zero_volume"
MGNI,ok,true,0.0,dst,""
MGNX,ok,true,0.0,dst,""
MGP,warning,true,0.0,dst,price_spikes
MGPI,warning,true,0.0,dst,price_spikes
MGRC,ok,true,0.0,dst,""
MGRT,warning,true,0.0,dst,"price_spikes,zero_volume"
MGRX,warning,true,0.0,dst,price_spikes
MGTX,ok,true,0.0,dst,""
MGX,ok,true,0.0,dst,""
MGY,warning,true,0.0,dst,"stale_prices,zero_volume"
MGYR,warning,true,0.0,dst,"price_spikes,stale_prices,zero_volume"
MH,ok,true,0.0,dst,""
MHH,warning,true,0.0,dst,"price_spikes,zero_volume"
MHK,ok,true,0.0,dst,""
MHLA,warning,true,0.0,dst,"price_spikes,zero_volume"
MHNC,ok,true,0.0,dst,zero_volume
MHO,ok,true,0.0,dst,""
MI,warning,true,0.0,dst,"price_spikes,stale_prices,zero_volume"
MIAX,ok,true,0.0,dst,""
MICC,ok,true,0.0,dst,""
MIDD,ok,true,0.0,dst,""
MIDDV,warning,true,0.0,"price_spikes,dst",zero_volume
MIDZ,ok,true,0.0,dst,zero_volume
MIK,ok,true,0.0,dst,""
MILE,ok,true,0.0,dst,""
MIME,ok,true,0.0,dst,""
MIMI,warning,true,0.0,dst,price_spikes
MIND,warning,true,0.0,dst,"price_spikes,zero_volume"
MINE,ok,true,0.0,dst,""
MINI,ok,true,0.0,dst,""
MIR,warning,true,0.0,dst,"stale_prices,zero_volume"
MIRA,ok,true,0.0,dst,""
MIRM,ok,true,0.0,dst,""
MIST,ok,true,0.0,dst,zero_volume
MITK,ok,true,0.0,dst,""
MITL,ok,true,0.0,dst,""
MITQ,ok,true,0.0,dst,""
MIW,warning,true,0.0,dst,"stale_prices,zero_volume"
MJCO,ok,true,0.0,dst,""
MJJ,warning,true,0.0,dst,"price_spikes,stale_prices,zero_volume"
MJN,ok,true,0.0,dst,""
MJO,warning,true,0.0,dst,"price_spikes,stale_prices,zero_volume"
MKC,ok,true,0.0,dst,""
MKC.V,warning,true,0.0,dst,"price_spikes,stale_prices,zero_volume"
MKDW,warning,true,0.0,dst,"price_spikes,stale_prices,zero_volume"
MKL,warning,true,0.0,dst,price_spikes
MKLY,warning,true,0.0,dst,"stale_prices,zero_volume"
MKSI,ok,true,0.0,dst,""
MKTW,warning,true,0.0,dst,price_spikes
MKTX,ok,true,0.0,dst,""
MKZR,ok,true,0.0,dst,zero_volume
MLAA,warning,true,0.0,dst,"price_spikes,zero_volume"
MLAB,ok,true,0.0,dst,""
MLCI,ok,true,0.0,dst,""
MLEC,warning,true,0.0,dst,"price_spikes,zero_volume"
MLGO,warning,true,0.0732,dst,"missing_bars,price_spikes,zero_volume"
MLI,warning,true,0.0,dst,price_spikes
MLKN,ok,true,0.0,dst,""
MLM,ok,true,0.0,dst,""
MLNT,ok,true,0.0,dst,zero_volume
MLNX,warning,true,0.0,dst,price_spikes
MLP,ok,true,0.0,dst,zero_volume
MLPB,warning,true,0.0,dst,"price_spikes,stale_prices,zero_volume"
MLPG,warning,true,0.0,dst,"price_spikes,stale_prices,zero_volume"
MLPQ,ok,true,0.0,dst,zero_volume
MLPR,warning,true,0.0,dst,"stale_prices,zero_volume"
MLPS,warning,true,0.0,dst,"stale_prices,zero_volume"
MLPY,warning,true,0.0,dst,"price_spikes,zero_volume"
MLPZ,warning,true,0.0,dst,"price_spikes,stale_prices,zero_volume"
MLQD,warning,true,0.0,dst,"price_spikes,stale_prices,zero_volume"
MLR,ok,true,0.0,dst,zero_volume
MLSS,ok,true,0.0,dst,zero_volume
MLTI,warning,true,0.0,dst,"price_spikes,stale_prices,zero_volume"
MLTX,warning,true,0.0,dst,"price_spikes,stale_prices,zero_volume"
MLYS,ok,true,0.0,dst,""
MMA,warning,true,0.0,dst,price_spikes
MMAC,warning,true,0.0,dst,"price_spikes,zero_volume"
MMC,ok,true,0.0,dst,""
MMDM,warning,true,0.0,dst,"price_spikes,stale_prices,zero_volume"
MMED,ok,true,0.0,dst,""
MMI,warning,true,0.0,dst,price_spikes
MMLP,ok,true,0.0,dst,""
MMM,ok,true,0.0,dst,""
MMS,ok,true,0.0,dst,""
MMSI,ok,true,0.0,dst,""
MMTX,warning,true,0.0,dst,"stale_prices,zero_volume"
MMV,warning,true,9.6078,dst,"missing_bars,price_spikes,stale_prices,zero_volume"
MMYT,ok,true,0.0,dst,""
MNDO,ok,true,0.0,dst,""
MNDR,warning,true,0.0,dst,price_spikes
MNDT,ok,true,0.0,dst,""
MNDY,ok,true,0.0,dst,""
MNK,warning,true,0.0,dst,"stale_prices,zero_volume"
MNKD,ok,true,0.0,dst,""
MNOV,warning,true,0.0,dst,price_spikes
MNPR,ok,true,0.0,dst,zero_volume
MNRO,ok,true,0.0,dst,""
MNSB,warning,true,0.0,dst,"price_spikes,zero_volume"
MNST,ok,true,0.0,dst,""
MNTA,ok,true,0.0,dst,""
MNTK,warning,true,0.0,dst,price_spikes
MNTN,warning,true,0.0,dst,"price_spikes,stale_prices,zero_volume"
MNTS,warning,true,0.0,dst,"price_spikes,stale_prices,zero_volume"
MNY,warning,true,0.0,dst,price_spikes
MO,ok,true,0.0,dst,""
MOB,ok,true,0.0,dst,""
MOBI,warning,true,88.3401,dst,"missing_bars,price_spikes"
MOBL,ok,true,0.0,dst,""
MOBX,warning,true,0.0,dst,"price_spikes,stale_prices,zero_volume"
MOC,ok,true,0.0,dst,zero_volume
MOD,ok,true,0.0,dst,""
MODD,ok,true,0.0,dst,zero_volume
MOG.A,ok,true,0.0,dst,""
MOG.B,warning,true,0.0,dst,"price_spikes,stale_prices,zero_volume"
MOH,ok,true,0.0,dst,""
MON,warning,true,0.0,dst,"price_spikes,stale_prices,zero_volume"
MORL,ok,true,0.0,dst,""
MORN,ok,true,0.0,dst,""
MOS,ok,true,0.0,dst,""
MOV,ok,true,0.0,dst,""
MOVE,ok,true,0.0,dst,zero_volume
MP,ok,true,0.0,dst,""
MPAA,warning,true,0.0,dst,price_spikes
MPB,warning,true,0.0,dst,"price_spikes,zero_volume"
MPC,ok,true,0.0,dst,""
MPLT,ok,true,0.0,dst,""
MPLX,warning,true,0.0,dst,price_spikes
MPTI,ok,true,0.0,dst,zero_volume
MPU,warning,true,0.0,dst,"stale_prices,zero_volume"
MPV,ok,true,0.0,dst,zero_volume
MPWR,warning,true,0.0,dst,price_spikes
MQ,ok,true,0.0,dst,""
MR,warning,true,0.0,dst,"price_spikes,stale_prices,zero_volume"
MRAM,ok,true,0.0,dst,""
MRBK,ok,true,0.0,dst,zero_volume
MRCY,ok,true,0.0,dst,""
MRDN,ok,true,0.0,dst,""
MRK,ok,true,0.0,dst,""
MRKR,ok,true,0.0,dst,""
MRLN,warning,true,0.0,dst,"price_spikes,zero_volume"
MRNA,ok,true,0.0,dst,""
MRNO,warning,true,0.0,dst,"price_spikes,stale_prices,zero_volume"
MRO,ok,true,0.0,dst,""
MRP,ok,true,0.0,dst,""
MRRL,ok,true,0.0,dst,zero_volume
MRSH,ok,true,0.0,dst,""
MRT,warning,true,0.0,dst,"price_spikes,stale_prices,zero_volume"
MRTN,ok,true,0.0,dst,""
MRVI,ok,true,0.0,dst,""
MRVL,ok,true,0.0,dst,""
MRX,ok,true,0.0,dst,""
MS,ok,true,0.0,dst,""
MSA,warning,true,0.0,dst,price_spikes
MSAI,warning,true,0.0,dst,"price_spikes,stale_prices,zero_volume"
MSBF,warning,true,0.0,dst,"price_spikes,zero_volume"
MSBI,warning,true,0.0,dst,price_spikes
MSCI,ok,true,0.0,dst,""
MSEX,warning,true,0.0,dst,price_spikes
MSF,ok,true,0.0,dst,""
MSFT,ok,true,0.0,dst,""
MSGE,ok,true,0.0,dst,""
MSGM,warning,true,0.0,dst,price_spikes
MSGN,ok,true,0.0,dst,""
MSGS,warning,true,0.0,dst,price_spikes
MSGY,warning,true,0.0,dst,price_spikes
MSI,ok,true,0.0,dst,""
MSL,ok,true,0.0,dst,""
MSLE,ok,true,0.0,dst,""
MSM,ok,true,0.0,dst,""
MSN,warning,true,0.0,dst,"price_spikes,zero_volume"
MSON,warning,true,0.0,dst,"price_spikes,zero_volume"
MSP,warning,true,0.0,dst,"stale_prices,zero_volume"
MSS,ok,true,0.0,dst,""
MSTR,warning,true,0.0,dst,price_spikes
MSW,ok,true,0.0,dst,zero_volume
MT,warning,true,3.5648,dst,missing_bars
MTA,ok,true,0.0,dst,""
MTAL,warning,true,0.0,dst,"price_spikes,stale_prices,zero_volume"
MTB,warning,true,0.0,dst,price_spikes
MTC,warning,true,0.0,dst,"price_spikes,zero_volume"
MTCH,ok,true,0.0,dst,""
MTD,ok,true,0.0,dst,""
MTDR,ok,true,0.0,dst,""
MTEC,warning,true,0.0,dst,"stale_prices,zero_volume"
MTECU,warning,true,0.0,dst,"price_spikes,stale_prices,zero_volume"
MTEK,warning,true,0.0,dst,price_spikes
MTEN,ok,true,0.0,dst,""
MTEX,warning,true,0.0,dst,"price_spikes,stale_prices,zero_volume"
MTFB,warning,true,0.0,dst,"price_spikes,zero_volume"
MTG,warning,true,0.0,dst,price_spikes
MTGE,ok,true,0.0,dst,""
MTH,ok,true,0.0,dst,""
MTN,ok,true,0.0,dst,""
MTNB,warning,true,0.0,dst,"price_spikes,zero_volume"
MTNE,warning,true,0.0,dst,"stale_prices,zero_volume"
MTOR,ok,true,0.0,dst,""
MTRN,ok,true,0.0,dst,""
MTRX,ok,true,0.0,dst,""
MTSC,ok,true,0.0,dst,""
MTSI,ok,true,0.0,dst,""
MTUL,warning,true,0.0,dst,"price_spikes,stale_prices,zero_volume"
MTUM,warning,true,0.0,dst,price_spikes
MTUS,ok,true,0.0,dst,""
MTVA,warning,true,0.0,dst,"price_spikes,zero_volume"
MTW,ok,true,0.0,dst,""
MTX,ok,true,0.0,dst,""
MTZ,ok,true,0.0,dst,""
MU,ok,true,0.0,dst,""
MUDS,warning,true,0.0,dst,"price_spikes,stale_prices,zero_volume"
MUFG,ok,true,0.0,dst,""
MUR,ok,true,0.0,dst,""
MUSA,ok,true,0.0,dst,""
MUTE,warning,true,0.0,dst,"price_spikes,stale_prices,zero_volume"
MUX,ok,true,0.0,dst,""
MUZE,warning,true,0.0,dst,"stale_prices,zero_volume"
MVBF,warning,true,0.0,dst,"price_spikes,zero_volume"
MVC,ok,true,0.0,dst,""
MVIS,warning,true,0.0,dst,price_spikes
MVRL,warning,true,0.0,dst,"stale_prices,zero_volume"
MVST,warning,true,0.0,dst,"price_spikes,stale_prices,zero_volume"
MVV,ok,true,0.0,dst,""
MWA,ok,true,0.0,dst,""
MWG,warning,true,0.0,dst,"stale_prices,zero_volume"
MWH,ok,true,0.0,dst,""
MWYN,ok,true,0.0,dst,""
MX,ok,true,0.0,dst,""
MXC,warning,true,0.0,dst,"price_spikes,zero_volume"
MXCT,ok,true,0.0,dst,""
MXIM,ok,true,0.0,dst,""
MXL,ok,true,0.0,dst,""
MXWL,ok,true,0.0,dst,""
MYE,warning,true,0.0,dst,price_spikes
MYFW,ok,true,0.0,dst,zero_volume
MYGN,ok,true,0.0,dst,""
MYL,ok,true,0.0,dst,""
MYO,ok,true,0.0,dst,""
MYOK,ok,true,0.0,dst,""
MYPS,warning,true,0.0,dst,price_spikes
MYRG,warning,true,0.0,dst,price_spikes
MYSE,warning,true,0.0,dst,"price_spikes,zero_volume"
MYSZ,warning,true,0.0,dst,"price_spikes,stale_prices,zero_volume"
MYX,warning,true,0.0,dst,"stale_prices,zero_volume"
MYY,warning,true,0.0,dst,"price_spikes,zero_volume"
MZF,ok,true,0.0,dst,""
MZOR,ok,true,0.0,dst,""
MZTI,ok,true,0.0,dst,""
MZYX,warning,true,0.0,dst,"price_spikes,zero_volume"
MZZ,ok,true,0.0,dst,zero_volume
NA,ok,true,0.0,dst,zero_volume
NABL,ok,true,0.0,dst,""
NAGE,ok,true,0.0,dst,""
NAII,ok,true,0.0,dst,zero_volume
NAK,warning,true,0.0,dst,price_spikes
NAKA,ok,true,0.0,dst,""
NAMM,ok,true,0.0,dst,""
NAMS,warning,true,0.0,dst,"price_spikes,stale_prices,zero_volume"
NAO,warning,true,0.0,dst,price_spikes
NAP,ok,true,0.0,dst,""
NAT,ok,true,0.0,dst,""
NATH,ok,true,0.0,dst,zero_volume
NATL,warning,true,0.0,dst,"stale_prices,zero_volume"
NATR,ok,true,0.0,dst,""
NAUT,ok,true,0.0,dst,zero_volume
NAV,ok,true,0.0,dst,""
NAVG,warning,true,0.0,dst,price_spikes
NAVI,warning,true,0.0,dst,price_spikes
NAVN,ok,true,0.0,dst,""
NB,ok,true,0.0,dst,""
NBBK,ok,true,0.0,dst,""
NBD,ok,true,0.0,dst,zero_volume
NBHC,ok,true,0.0,dst,""
NBIS,warning,true,1.5967,dst,"missing_bars,stale_prices,zero_volume"
NBIX,ok,true,0.0,dst,""
NBL,warning,true,0.0,dst,price_spikes
NBN,warning,true,0.0,dst,"price_spikes,zero_volume"
NBR,ok,true,0.0,dst,""
NBRG,warning,true,0.0,dst,"stale_prices,zero_volume"
NBTB,ok,true,0.0,dst,""
NC,ok,true,0.0,dst,""
NCDL,ok,true,0.0,dst,""
NCEL,warning,true,0.0,dst,price_spikes
NCEW,warning,true,0.0,dst,"stale_prices,zero_volume"
NCI,warning,true,0.0,dst,"price_spikes,stale_prices,zero_volume"
NCL,warning,true,0.0,dst,"stale_prices,zero_volume"
NCLH,ok,true,0.0,dst,""
NCMI,warning,true,0.0,dst,price_spikes
NCNO,ok,true,0.0,dst,""
NCOM,ok,true,0.0,dst,""
NCPL,ok,true,0.0,dst,""
NCRA,ok,true,0.0,dst,zero_volume
NCSM,ok,true,0.0,dst,zero_volume
NCT,warning,true,76.9402,dst,"missing_bars,price_spikes"
NCTY,warning,true,0.0,dst,"price_spikes,zero_volume"
NDAQ,warning,true,0.0,dst,price_spikes
NDLS,ok,true,0.0,dst,""
NDRA,warning,true,0.0,dst,"price_spikes,zero_volume"
NDSN,ok,true,0.0,dst,""
NE,ok,true,0.0,dst,""
NEE,ok,true,0.0,dst,""
NEED,warning,true,0.0,dst,"price_spikes,zero_volume"
NEGG,warning,true,0.0,dst,"price_spikes,stale_prices,zero_volume"
NEM,ok,true,0.0,dst,""
NEN,warning,true,0.0,dst,"price_spikes,stale_prices,zero_volume"
NEO,ok,true,0.0,dst,""
NEOG,ok,true,0.0,dst,""
NEON,ok,true,0.0,dst,""
NEOS,ok,true,0.0,dst,""
NEOV,ok,true,0.0,dst,""
NEPH,ok,true,0.0,dst,zero_volume
NERV,ok,true,0.0,dst,zero_volume
NES,warning,true,0.0,dst,"price_spikes,stale_prices,zero_volume"
NET,ok,true,0.0,dst,""
NETS,ok,true,0.0,dst,""
NEU,ok,true,0.0,dst,""
NEUP,warning,true,0.0,dst,"price_spikes,stale_prices,zero_volume"
NEWA,ok,true,0.0,dst,zero_volume
NEWM,ok,true,0.0,dst,""
NEWP,ok,true,0.0,dst,""
NEWT,ok,true,0.0,dst,""
NEXA,ok,true,0.0,dst,""
NEXM,ok,true,0.0,dst,""
NEXN,ok,true,0.0,dst,""
NEXR,warning,true,0.0,dst,"price_spikes,zero_volume"
NEXT,warning,true,0.0,dst,"price_spikes,stale_prices,zero_volume"
NFBK,ok,true,0.0,dst,""
NFC,warning,true,0.0,dst,"price_spikes,stale_prices,zero_volume"
NFE,ok,true,0.0,dst,zero_volume
NFG,ok,true,0.0,dst,""
NFGC,ok,true,0.0,dst,""
NFH,warning,true,0.0,dst,price_spikes
NFLX,ok,true,0.0,dst,""
NFX,warning,true,68.9194,dst,missing_bars
NG,ok,true,0.0,dst,""
NGEN,ok,true,0.0,dst,""
NGG,warning,true,3.5648,dst,"missing_bars,price_spikes"
NGHC,ok,true,0.0,dst,""
NGL,warning,true,0.0,dst,price_spikes
NGNE,ok,true,0.0,dst,""
NGS,ok,true,0.0,dst,""
NGVC,ok,true,0.0,dst,""
NGVT,ok,true,0.0,dst,""
NHC,ok,true,0.0,dst,""
NHI,warning,true,0.0,dst,price_spikes
NHIC,warning,true,32.9568,dst,"missing_bars,price_spikes,stale_prices,zero_volume"
NHIV,warning,true,0.0,dst,"stale_prices,zero_volume"
NHLD,warning,true,0.0,dst,"price_spikes,zero_volume"
NHP,ok,true,0.0,dst,""
NHTC,warning,true,0.0,dst,price_spikes
NI,warning,true,0.0,dst,price_spikes
NIC,ok,true,0.0,dst,zero_volume
NIHD,ok,true,0.0,dst,""
NINE,warning,true,0.0,dst,"price_spikes,stale_prices,zero_volume"
NIQ,warning,true,19.3093,dst,"missing_bars,price_spikes,zero_volume"
NIVF,warning,true,0.0,dst,"price_spikes,stale_prices,zero_volume"
NIXX,ok,true,0.0,dst,zero_volume
NJR,warning,true,0.0,dst,price_spikes
NKE,ok,true,0.0,dst,""
NKLR,warning,true,0.0,dst,"price_spikes,stale_prices,zero_volume"
NKSH,warning,true,0.0,dst,"price_spikes,zero_volume"
NKTR,ok,true,0.0,dst,""
NKTX,ok,true,0.0,dst,""
NL,ok,true,0.0,dst,""
NLOK,ok,true,0.0,dst,""
NLOP,ok,true,0.0,dst,""
NLSN,ok,true,0.0,dst,""
NLY,warning,true,0.0,dst,price_spikes
NMAX,ok,true,0.0,dst,""
NMFC,warning,true,0.0,dst,price_spikes
NMG,ok,true,0.0,dst,""
NMI,warning,true,0.0,dst,price_spikes
NMIH,ok,true,0.0,dst,""
NMM,warning,true,3.5648,dst,missing_bars
NMP,warning,true,0.0,dst,"stale_prices,zero_volume"
NMR,ok,true,0.0,dst,""
NMRA,warning,true,0.0,dst,price_spikes
NMRK,warning,true,0.0,dst,price_spikes
NMTC,ok,true,0.0,dst,""
NN,warning,true,0.0,dst,"price_spikes,zero_volume"
NNA,ok,true,0.0,dst,""
NNBR,ok,true,0.0,dst,""
NNE,ok,true,0.0,dst,""
NNI,warning,true,0.0,dst,price_spikes
NNN,ok,true,0.0,dst,""
NNNN,ok,true,0.0,dst,""
NNOX,ok,true,0.0,dst,""
NNVC,warning,true,0.0,dst,price_spikes
NOA,ok,true,0.0,dst,""
NOC,ok,true,0.0,dst,""
NODK,warning,true,0.0,dst,price_spikes
NOEM,warning,true,0.0,dst,"price_spikes,stale_prices,zero_volume"
NOG,warning,true,0.0,dst,price_spikes
NOK,warning,true,0.0,dst,price_spikes
NOMA,ok,true,0.0,dst,""
NOMD,ok,true,0.0,dst,""
NOV,ok,true,0.0,dst,""
NOVT,ok,true,0.0,dst,""
NOW,ok,true,0.0,dst,""
NP,warning,true,30.1894,dst,missing_bars
NPAC,warning,true,0.0,dst,"price_spikes,stale_prices,zero_volume"
NPB,ok,true,0.0,dst,""
NPCE,ok,true,0.0,dst,""
NPK,warning,true,0.0,dst,price_spikes
NPKI,ok,true,0.0,dst,""
NPO,ok,true,0.0,dst,""
NPT,warning,true,89.0457,dst,"missing_bars,price_spikes"
NPTN,ok,true,0.0,dst,""
NPWR,warning,true,0.0,dst,"price_spikes,zero_volume"
NRC,warning,true,0.0,dst,price_spikes
NRCG,ok,true,0.0,dst,""
NRDS,ok,true,0.0,dst,""
NRDY,warning,true,0.0,dst,"price_spikes,stale_prices,zero_volume"
NRE,ok,true,0.0,dst,""
NREF,ok,true,0.0,dst,""
NRG,ok,true,0.0,dst,""
NRGD,warning,true,0.0,dst,"stale_prices,zero_volume"
NRGO,warning,true,0.0,dst,"stale_prices,zero_volume"
NRGU,warning,true,0.0,dst,"price_spikes,stale_prices,zero_volume"
NRGV,warning,true,0.0,dst,"price_spikes,zero_volume"
NRGZ,warning,true,0.0,dst,"stale_prices,zero_volume"
NRIM,warning,true,0.0,dst,price_spikes
NRIX,ok,true,0.0,dst,""
NRP,ok,true,0.0,dst,""
NRSN,ok,true,0.0,dst,""
NRXP,warning,true,0.0,dst,"stale_prices,zero_volume"
NRXS,ok,true,0.0,dst,zero_volume
NSC,ok,true,0.0,dst,""
NSEC,warning,true,0.0,dst,"price_spikes,stale_prices,zero_volume"
NSIT,ok,true,0.0,dst,""
NSP,warning,true,0.0,dst,price_spikes
NSPR,warning,true,0.0,dst,"price_spikes,zero_volume"
NSR,warning,true,0.0,dst,"price_spikes,stale_prices,zero_volume"
NSRX,warning,true,0.0,dst,zero_volume
NSSC,ok,true,0.0,dst,""
NSTS,warning,true,0.0,dst,"price_spikes,stale_prices,zero_volume"
NSU,ok,true,0.0,dst,""
NSYS,warning,true,0.0,dst,"price_spikes,stale_prices,zero_volume"
NTAP,ok,true,0.0,dst,""
NTB,ok,true,0.0,dst,""
NTCL,ok,true,0.0,dst,""
NTCT,warning,true,0.0,dst,price_spikes
NTGN,ok,true,0.0,dst,""
NTGR,ok,true,0.0,dst,""
NTHI,ok,true,0.0,dst,""
NTIC,warning,true,0.0,dst,"price_spikes,zero_volume"
NTIP,warning,true,0.0,dst,"price_spikes,zero_volume"
NTLA,ok,true,0.0,dst,""
NTNX,ok,true,0.0,dst,""
NTR,ok,true,0.0,dst,""
NTRA,ok,true,0.0,dst,""
NTRB,ok,true,0.0,dst,zero_volume
NTRI,ok,true,0.0,dst,""
NTRP,warning,true,0.0,dst,"price_spikes,zero_volume"
NTRS,ok,true,0.0,dst,""
NTSK,ok,true,0.0,dst,""
NTST,ok,true,0.0,dst,""
NTUS,ok,true,0.0,dst,""
NTWK,ok,true,0.0,dst,zero_volume
NTWO,warning,true,0.0,dst,"price_spikes,stale_prices,zero_volume"
NTZ,warning,true,0.0,dst,"stale_prices,zero_volume"
NU,ok,true,0.0,dst,""
NUAI,warning,true,0.0,dst,"price_spikes,stale_prices,zero_volume"
NUAN,ok,true,0.0,dst,""
NUCL,ok,true,0.0,dst,""
NUE,ok,true,0.0,dst,""
NUS,ok,true,0.0,dst,""
NUTR,warning,true,75.2345,dst,"missing_bars,price_spikes,stale_prices,zero_volume"
NUTX,ok,true,0.0,dst,""
NUVB,ok,true,0.0,dst,zero_volume
NUVL,ok,true,0.0,dst,""
NUVO,warning,true,0.0,dst,"price_spikes,stale_prices,zero_volume"
NUWE,warning,true,0.0,dst,"price_spikes,zero_volume"
NVA,warning,true,0.0,dst,"stale_prices,zero_volume"
NVAX,warning,true,0.0,dst,"price_spikes,zero_volume"
NVCR,ok,true,0.0,dst,""
NVCT,warning,true,0.0,dst,"price_spikes,zero_volume"
NVDA,ok,true,0.0,dst,""
NVDB,ok,true,0.0,dst,""
NVEC,ok,true,0.0,dst,""
NVGS,ok,true,0.0,dst,""
NVMI,ok,true,0.0,dst,""
NVMM,ok,true,0.0,dst,zero_volume
NVNI,warning,true,0.0,dst,"price_spikes,stale_prices,zero_volume"
NVNO,ok,true,0.0,dst,zero_volume
NVO,ok,true,0.0,dst,""
NVOH,ok,true,0.0,dst,""
NVR,warning,true,0.0,dst,price_spikes
NVRI,ok,true,0.0,dst,zero_volume
NVS,ok,true,0.0,dst,""
NVST,ok,true,0.0,dst,""
NVT,ok,true,0.0,dst,""
NVTS,warning,true,0.0,dst,price_spikes
NVVE,warning,true,0.0,dst,"price_spikes,stale_prices,zero_volume"
NVX,warning,true,0.0,dst,"stale_prices,zero_volume"
NWAX,ok,true,0.0,dst,""
NWBI,ok,true,0.0,dst,""
NWE,warning,true,0.0,dst,price_spikes
NWFL,ok,true,0.0,dst,zero_volume
NWHM,warning,true,0.0,dst,price_spikes
NWL,warning,true,0.0,dst,price_spikes
NWN,warning,true,0.0,dst,price_spikes
NWPX,ok,true,0.0,dst,""
NWS,ok,true,0.0,dst,""
NWSA,ok,true,0.0,dst,""
NWTG,ok,true,0.0,dst,zero_volume
NWY,ok,true,0.0,dst,""
NX,ok,true,0.0,dst,""
NXB,ok,true,0.0,dst,""
NXDR,warning,true,0.0,dst,"price_spikes,zero_volume"
NXE,ok,true,0.0,dst,""
NXEO,ok,true,0.0,dst,""
NXEOU,warning,true,0.0,dst,"price_spikes,stale_prices,zero_volume"
NXGL,ok,true,0.0,dst,""
NXL,warning,true,0.0,dst,"price_spikes,zero_volume"
NXP,ok,true,0.0,dst,""
NXPI,warning,true,0.0,dst,price_spikes
NXPL,ok,true,0.0,dst,""
NXQ,warning,true,0.0,dst,price_spikes
NXR,warning,true,0.0,dst,"price_spikes,zero_volume"
NXST,ok,true,0.0,dst,""
NXT,ok,true,0.0,dst,""
NXTC,ok,true,0.0,dst,""
NXTM,ok,true,0.0,dst,""
NXTS,warning,true,0.0,dst,"price_spikes,zero_volume"
NXTT,warning,true,0.0,dst,"price_spikes,zero_volume"
NXXT,ok,true,0.0,dst,zero_volume
NYAX,warning,true,0.0,dst,"price_spikes,stale_prices,zero_volume"
NYC,ok,true,0.0,dst,zero_volume
NYH,ok,true,0.0,dst,zero_volume
NYRT,ok,true,0.0,dst,""
NYT,ok,true,0.0,dst,""
NYXH,warning,true,0.0,dst,"price_spikes,zero_volume"
O,ok,true,0.0,dst,""
OABI,warning,true,0.0,dst,"price_spikes,stale_prices,zero_volume"
OAC.U,warning,true,0.0,dst,"price_spikes,stale_prices,zero_volume"
OACC,warning,true,0.0,dst,"stale_prices,zero_volume"
OAK,ok,true,0.0,dst,""
OASI,warning,true,0.0,dst,"stale_prices,zero_volume"
OBA,warning,true,0.0,dst,"stale_prices,zero_volume"
OBAI,ok,true,0.0,dst,""
OBAS,warning,true,0.0,dst,"price_spikes,stale_prices,zero_volume"
OBCI,ok,true,0.0,dst,zero_volume
OBDC,warning,true,0.0,dst,price_spikes
OBE,warning,true,0.0,dst,"stale_prices,zero_volume"
OBIO,warning,true,0.0,dst,"price_spikes,zero_volume"
OBK,ok,true,0.0,dst,""
OBT,warning,true,0.0,dst,"price_spikes,stale_prices,zero_volume"
OC,ok,true,0.0,dst,""
OCA,ok,true,0.0,dst,zero_volume
OCC,ok,true,0.0,dst,zero_volume
OCCI,ok,true,0.0,dst,zero_volume
OCDX,ok,true,0.0,dst,""
OCFC,ok,true,0.0,dst,""
OCG,warning,true,0.0,dst,"price_spikes,zero_volume"
OCGN,warning,true,0.0,dst,"price_spikes,zero_volume"
OCIP,warning,true,0.0,dst,"price_spikes,zero_volume"
OCLR,ok,true,0.0,dst,""
OCS,warning,true,0.0,dst,"price_spikes,stale_prices,zero_volume"
OCSI,ok,true,0.0,dst,""
OCSL,ok,true,0.0,dst,""
OCTV,ok,true,0.0,dst,""
OCUL,ok,true,0.0,dst,""
ODC,warning,true,0.0,dst,price_spikes
ODD,ok,true,0.0,dst,""
ODFL,ok,true,0.0,dst,""
ODTX,ok,true,0.0,dst,""
ODV,ok,true,0.0,dst,""
ODYS,ok,true,0.0,dst,zero_volume
OEC,ok,true,0.0,dst,""
OESX,ok,true,0.0,dst,zero_volume
OEW,warning,true,0.0,dst,"price_spikes,stale_prices,zero_volume"
OFAL,ok,true,0.0,dst,""
OFG,ok,true,0.0,dst,""
OFIX,ok,true,0.0,dst,""
OFLX,ok,true,0.0,dst,""
OFRM,ok,true,0.0,dst,""
OFS,warning,true,0.0,dst,"price_spikes,zero_volume"
OGC,ok,true,0.0,dst,""
OGCP,warning,true,0.0,dst,"price_spikes,stale_prices,zero_volume"
OGE,ok,true,0.0,dst,""
OGEN,warning,true,0.0,dst,"price_spikes,zero_volume"
OGI,ok,true,0.0,dst,""
OGN,ok,true,0.0,dst,""
OGS,warning,true,0.0,dst,price_spikes
OHAC,warning,true,0.0,dst,"stale_prices,zero_volume"
OHAI,ok,true,0.0,dst,zero_volume
OHI,warning,true,0.0,dst,price_spikes
OHRP,warning,true,0.0,dst,price_spikes
OI,ok,true,0.0,dst,""
OII,ok,true,0.0,dst,""
OIIL,warning,true,0.0,dst,"price_spikes,stale_prices,zero_volume"
OIL,warning,true,0.0,dst,"stale_prices,zero_volume"
OILD,warning,true,8.3723,dst,"missing_bars,price_spikes,stale_prices,zero_volume"
OILU,warning,true,8.3723,dst,"missing_bars,price_spikes,stale_prices,zero_volume"
OILX,warning,true,0.0,dst,"price_spikes,stale_prices,zero_volume"
OIM,warning,true,0.0,dst,"price_spikes,stale_prices,zero_volume"
OIO,warning,true,0.0,dst,"price_spikes,stale_prices,zero_volume"
OIS,ok,true,0.0,dst,""
OKE,warning,true,0.0,dst,price_spikes
OKLO,warning,true,0.0,dst,"price_spikes,zero_volume"
OKTA,ok,true,0.0,dst,""
OKUR,ok,true,0.0,dst,""
OKYO,ok,true,0.0,dst,zero_volume
OLB,ok,true,0.0,dst,zero_volume
OLBK,ok,true,0.0,dst,""
OLED,ok,true,0.0,dst,""
OLLI,ok,true,0.0,dst,""
OLMA,ok,true,0.0,dst,""
OLN,ok,true,0.0,dst,""
OLOX,warning,true,0.0,dst,"price_spikes,zero_volume"
OLP,ok,true,0.0,dst,""
OLPX,ok,true,0.0,dst,""
OM,ok,true,0.0,dst,""
OMAB,ok,true,0.0,dst,""
OMAD,warning,true,0.0,dst,"stale_prices,zero_volume"
OMC,ok,true,0.0,dst,""
OMCL,ok,true,0.0,dst,""
OMDA,ok,true,0.0,dst,""
OMED,ok,true,0.0,dst,""
OMER,warning,true,0.0,dst,price_spikes
OMEX,warning,true,0.0,dst,price_spikes
OMF,ok,true,0.0,dst,""
OMH,warning,true,0.0,dst,price_spikes
OMN,ok,true,0.0,dst,""
OMSE,ok,true,0.0,dst,""
ON,ok,true,0.0,dst,""
ONB,warning,true,0.0,dst,price_spikes
ONCE,ok,true,0.0,dst,zero_volume
ONCH,warning,true,0.0,dst,"price_spikes,stale_prices,zero_volume"
ONCO,warning,true,0.0,dst,"price_spikes,zero_volume"
ONCY,ok,true,0.0,dst,""
ONDK,warning,true,0.0,dst,price_spikes
ONDS,ok,true,0.0,dst,""
ONEG,ok,true,0.0,dst,""
ONEW,ok,true,0.0,dst,""
ONFO,ok,true,0.0,dst,zero_volume
ONIT,ok,true,0.0,dst,""
ONL,ok,true,0.0,dst,""
ONMD,warning,true,0.0,dst,"price_spikes,stale_prices,zero_volume"
ONON,ok,true,0.0,dst,""
ONS,ok,true,0.0,dst,zero_volume
ONT,ok,true,0.0,dst,""
ONTL,ok,true,0.0,dst,zero_volume
ONTO,ok,true,0.0,dst,""
OOMA,warning,true,0.0,dst,price_spikes
OPAD,warning,true,0.0,dst,price_spikes
OPAL,warning,true,0.0,dst,"price_spikes,zero_volume"
OPB,warning,true,0.0,dst,price_spikes
OPBK,ok,true,0.0,dst,""
OPCH,ok,true,0.0,dst,""
OPEN,ok,true,0.0,dst,""
OPFI,warning,true,0.0,dst,"price_spikes,zero_volume"
OPHC,warning,true,0.0,dst,"price_spikes,stale_prices,zero_volume"
OPHT,ok,true,0.0,dst,""
OPK,warning,true,0.0,dst,"price_spikes,zero_volume"
OPLN,ok,true,0.0,dst,""
OPRT,ok,true,0.0,dst,""
OPRX,ok,true,0.0,dst,""
OPTH,ok,true,0.0,dst,""
OPTT,warning,true,0.0,dst,price_spikes
OPTU,ok,true,0.0,dst,""
OPTX,warning,true,0.0,dst,"price_spikes,stale_prices,zero_volume"
OPXS,ok,true,0.0,dst,zero_volume
OPY,ok,true,0.0,dst,""
OR,ok,true,0.0,dst,""
ORA,ok,true,0.0,dst,""
ORBC,ok,true,0.0,dst,""
ORBK,ok,true,0.0,dst,""
ORBS,warning,true,0.0,dst,"price_spikes,stale_prices,zero_volume"
ORC,ok,true,0.0,dst,""
ORCL,warning,true,0.0,dst,price_spikes
ORGN,ok,true,0.0,dst,""
ORGO,warning,true,0.574,dst,"missing_bars,price_spikes,stale_prices,zero_volume"
ORI,ok,true,0.0,dst,""
ORIC,warning,true,0.0,dst,price_spikes
ORIG,ok,true,0.0,dst,""
ORIO,ok,true,0.0,dst,zero_volume
ORIQ,warning,true,0.0,dst,"stale_prices,zero_volume"
ORIT,ok,true,0.0,dst,""
ORKA,warning,true,0.0,dst,price_spikes
ORKT,warning,true,0.0,dst,price_spikes
ORLA,ok,true,0.0,dst,""
ORLY,warning,true,0.0,dst,price_spikes
ORM,ok,true,0.0,dst,""
ORMP,ok,true,0.0,dst,""
ORN,ok,true,0.0,dst,""
ORPN,ok,true,0.0,dst,zero_volume
ORRF,ok,true,0.0,dst,""
OSB,warning,true,0.0,dst,"price_spikes,zero_volume"
OSBC,ok,true,0.0,dst,""
OSCR,ok,true,0.0,dst,""
OSG,warning,true,0.0,dst,price_spikes
OSIR,warning,true,0.0,dst,"stale_prices,zero_volume"
OSIS,ok,true,0.0,dst,""
OSK,ok,true,0.0,dst,""
OSPN,ok,true,0.0,dst,""
OSRH,warning,true,0.0,dst,"price_spikes,stale_prices,zero_volume"
OSS,ok,true,0.0,dst,zero_volume
OST,warning,true,0.0,dst,"stale_prices,zero_volume"
OSTX,ok,true,0.0,dst,""
OSUR,ok,true,0.0,dst,""
OSW,ok,true,0.0,dst,""
OTAI,ok,true,0.0,dst,""
OTEL,warning,true,0.0,dst,zero_volume
OTEX,ok,true,0.0,dst,""
OTF,ok,true,0.0,dst,""
OTGA,warning,true,0.0,dst,"stale_prices,zero_volume"
OTIS,ok,true,0.0,dst,""
OTLK,ok,true,0.0,dst,zero_volume
OTTR,warning,true,0.0,dst,price_spikes
OUST,warning,true,0.0,dst,"stale_prices,zero_volume"
OUT,ok,true,0.0,dst,""
OVBC,warning,true,0.0,dst,"price_spikes,stale_prices,zero_volume"
OVID,ok,true,0.0,dst,""
OVLC,warning,true,0.0,dst,"stale_prices,zero_volume"
OVLY,warning,true,0.0,dst,"stale_prices,zero_volume"
OVV,ok,true,0.0,dst,""
OWL,warning,true,0.0,dst,"stale_prices,zero_volume"
OWLS,ok,true,0.0,dst,""
OWLT,warning,true,0.0,dst,"price_spikes,zero_volume"
OXBR,warning,true,0.0,dst,"price_spikes,zero_volume"
OXFD,ok,true,0.0,dst,""
OXLC,warning,true,0.0,dst,price_spikes
OXM,ok,true,0.0,dst,""
OXSQ,ok,true,0.0,dst,""
OXY,ok,true,0.0,dst,""
OYSE,warning,true,0.0,dst,"price_spikes,stale_prices,zero_volume"
OZK,ok,true,0.0,dst,""
P,ok,true,0.0,dst,""
PAAC,warning,true,54.0661,dst,"missing_bars,price_spikes,stale_prices,zero_volume"
PAAS,ok,true,0.0,dst,""
PAC,ok,true,0.0,dst,""
PACB,ok,true,0.0,dst,""
PACH,warning,true,0.0,dst,"price_spikes,stale_prices,zero_volume"
PACK,warning,true,0.0,dst,"price_spikes,stale_prices,zero_volume"
PACQ,warning,true,0.0,dst,"price_spikes,stale_prices,zero_volume"
PACS,ok,true,0.0,dst,""
PAE,ok,true,0.0,dst,""
PAF,warning,true,0.0,dst,"price_spikes,stale_prices,zero_volume"
PAG,ok,true,0.0,dst,""
PAGG,warning,true,0.0,dst,zero_volume
PAGS,ok,true,0.0,dst,""
PAHC,ok,true,0.0,dst,""
PAII,warning,true,0.0,dst,"price_spikes,stale_prices,zero_volume"
PAL,ok,true,0.0,dst,""
PALI,warning,true,0.0,dst,"price_spikes,zero_volume"
PALL,ok,true,0.0,dst,""
PALO,warning,true,0.0,dst,"price_spikes,stale_prices,zero_volume"
PAM,ok,true,0.0,dst,""
PAMT,ok,true,0.0,dst,zero_volume
PAND,ok,true,0.0,dst,""
PANL,warning,true,0.0,dst,"stale_prices,zero_volume"
PANW,ok,true,0.0,dst,""
PAPL,warning,true,18.8366,dst,missing_bars
PAR,ok,true,0.0,dst,""
PARA,warning,true,0.0,dst,"price_spikes,stale_prices,zero_volume"
PARK,ok,true,0.0,dst,""
PARR,ok,true,0.0,dst,""
PASG,ok,true,0.0,dst,""
PASS,warning,true,0.0,dst,"stale_prices,zero_volume"
PASW,ok,true,0.0,dst,""
PATH,ok,true,0.0,dst,""
PATK,ok,true,0.0,dst,""
PAVM,warning,true,0.0,dst,"price_spikes,stale_prices,zero_volume"
PAVS,warning,true,0.0,dst,"price_spikes,zero_volume"
PAX,ok,true,0.0,dst,""
PAY,warning,true,3.6762,dst,"missing_bars,price_spikes,stale_prices,zero_volume"
PAYC,ok,true,0.0,dst,""
PAYO,ok,true,0.0,dst,""
PAYP,ok,true,0.0,dst,""
PAYS,ok,true,0.0,dst,""
PAYX,ok,true,0.0,dst,""
PB,ok,true,0.0,dst,""
PBA,warning,true,0.0,dst,price_spikes
PBBI,warning,true,0.0,dst,"price_spikes,stale_prices,zero_volume"
PBCT,ok,true,0.0,dst,""
PBF,warning,true,0.0,dst,price_spikes
PBFS,warning,true,0.0,dst,price_spikes
PBH,ok,true,0.0,dst,""
PBHC,warning,true,0.0,dst,"price_spikes,stale_prices,zero_volume"
PBI,ok,true,0.0,dst,""
PBIP,warning,true,0.0,dst,"price_spikes,zero_volume"
PBK,ok,true,0.0,dst,""
PBLS,ok,true,0.0,dst,""
PBM,warning,true,0.0,dst,"stale_prices,zero_volume"
PBR,ok,true,0.0,dst,""
PBR.A,warning,true,0.0,dst,price_spikes
PBSK,warning,true,0.0,dst,"price_spikes,stale_prices,zero_volume"
PBYI,ok,true,0.0,dst,""
PC,warning,true,0.0,dst,"stale_prices,zero_volume"
PCAP,warning,true,0.0,dst,"stale_prices,zero_volume"
PCAR,ok,true,0.0,dst,""
PCB,ok,true,0.0,dst,""
PCG,warning,true,0.0,dst,price_spikes
PCL,warning,true,88.1916,dst,"missing_bars,price_spikes,stale_prices,zero_volume"
PCMI,ok,true,0.0,dst,""
PCOM,ok,true,0.0,dst,zero_volume
PCOR,ok,true,0.0,dst,""
PCP,ok,true,0.0,"price_spikes,dst",""
PCRX,ok,true,0.0,dst,zero_volume
PCSA,ok,true,0.0,dst,zero_volume
PCSC,warning,true,0.0,dst,"price_spikes,stale_prices,zero_volume"
PCT,warning,true,0.0,dst,"stale_prices,zero_volume"
PCTY,ok,true,0.0,dst,""
PCVX,ok,true,0.0,dst,""
PCYO,warning,true,0.0,dst,price_spikes
PD,ok,true,0.0,dst,""
PDCC,ok,true,0.0,dst,zero_volume
PDCO,ok,true,0.0,dst,zero_volume
PDEX,ok,true,0.0,dst,zero_volume
PDFS,ok,true,0.0,dst,""
PDLB,warning,true,0.0,dst,"price_spikes,zero_volume"
PDLI,ok,true,0.0,dst,""
PDS,ok,true,0.0,dst,""
PDSB,ok,true,0.0,dst,""
PDYN,warning,true,0.0,dst,price_spikes
PE,ok,true,0.0,dst,""
PEAK,warning,true,0.0,dst,price_spikes
PEBK,warning,true,0.0,dst,"price_spikes,zero_volume"
PEBO,ok,true,0.0,dst,""
PECE,warning,true,0.0,dst,"stale_prices,zero_volume"
PECO,ok,true,0.0,dst,""
PED,ok,true,0.0,dst,""
PEG,ok,true,0.0,dst,""
PEGA,ok,true,0.0,dst,""
PEGI,warning,true,0.0,dst,price_spikes
PEN,ok,true,0.0,dst,""
PENG,ok,true,0.0,dst,""
PENN,warning,true,0.0,dst,price_spikes
PEP,warning,true,0.0,dst,price_spikes
PEPG,warning,true,0.0,dst,price_spikes
PERF,warning,true,0.0,dst,"price_spikes,zero_volume"
PERI,ok,true,0.0,dst,zero_volume
PERY,ok,true,0.0,dst,""
PESI,ok,true,0.0,dst,zero_volume
PETS,warning,true,0.0,dst,price_spikes
PETX,ok,true,0.0,dst,""
PETZ,warning,true,0.0,dst,"price_spikes,zero_volume"
PEW,warning,true,0.0,dst,"price_spikes,stale_prices,zero_volume"
PF,ok,true,0.0,dst,""
PFAI,warning,true,0.0,dst,zero_volume
PFBI,warning,true,0.0,dst,price_spikes
PFE,ok,true,0.0,dst,""
PFF,warning,true,0.0,dst,price_spikes
PFG,ok,true,0.0,dst,""
PFGC,ok,true,0.0,dst,""
PFIS,warning,true,0.0,dst,"price_spikes,zero_volume"
PFLT,warning,true,0.0,dst,price_spikes
PFNX,ok,true,0.0,dst,""
PFPT,ok,true,0.0,dst,""
PFS,ok,true,0.0,dst,""
PFSA,ok,true,0.0,dst,""
PFSI,ok,true,0.0,dst,""
PFX,warning,true,0.0,dst,"price_spikes,stale_prices,zero_volume"
PG,ok,true,0.0,dst,""
PGAC,warning,true,0.2421,dst,"missing_bars,price_spikes,stale_prices,zero_volume"
PGC,ok,true,0.0,dst,zero_volume
PGEN,ok,true,0.0,dst,""
PGLC,ok,true,0.0,dst,""
PGNX,warning,true,0.0,dst,price_spikes
PGNY,ok,true,0.0,dst,""
PGR,ok,true,0.0,dst,""
PGY,warning,true,0.0,dst,"price_spikes,stale_prices,zero_volume"
PH,ok,true,0.0,dst,""
PHAR,warning,true,0.0,dst,"price_spikes,zero_volume"
PHAT,ok,true,0.0,dst,""
PHG,ok,true,0.0,dst,""
PHGE,ok,true,0.0,dst,zero_volume
PHH,warning,true,0.0,dst,"stale_prices,zero_volume"
PHI,ok,true,0.0,dst,""
PHIN,ok,true,0.0,dst,""
PHIO,warning,true,0.0,dst,"price_spikes,zero_volume"
PHM,ok,true,0.0,dst,""
PHOE,warning,true,0.0,dst,"price_spikes,zero_volume"
PHR,ok,true,0.0,dst,""
PHUN,warning,true,0.3622,dst,"missing_bars,price_spikes,stale_prices,zero_volume"
PHVS,ok,true,0.0,dst,zero_volume
PI,ok,true,0.0,dst,""
PICS,ok,true,0.0,dst,""
PII,warning,true,0.0,dst,price_spikes
PIII,warning,true,0.0,dst,"price_spikes,zero_volume"
PINS,ok,true,0.0,dst,""
PIPR,ok,true,0.0,dst,""
PJT,ok,true,0.0,dst,""
PK,ok,true,0.0,dst,""
PKBK,ok,true,0.0,dst,zero_volume
PKD,warning,true,0.0,dst,"stale_prices,zero_volume"
PKE,ok,true,0.0,dst,""
PKG,ok,true,0.0,dst,""
PKI,ok,true,0.0,dst,""
PKOH,ok,true,0.0,dst,""
PL,warning,true,0.0,dst,"price_spikes,zero_volume"
PLAB,ok,true,0.0,dst,""
PLAG,warning,true,0.0,dst,"price_spikes,stale_prices,zero_volume"
PLAN,ok,true,0.0,dst,""
PLAY,warning,true,0.0,dst,price_spikes
PLBC,warning,true,0.0,dst,"price_spikes,zero_volume"
PLBL,warning,true,0.0,dst,"price_spikes,stale_prices,zero_volume"
PLBY,warning,true,0.0,dst,"price_spikes,zero_volume"
PLCE,warning,true,0.0,dst,price_spikes
PLD,ok,true,0.0,dst,""
PLG,ok,true,0.0,dst,""
PLGO,ok,true,0.0,dst,""
PLMK,warning,true,0.0,dst,"price_spikes,stale_prices,zero_volume"
PLMR,ok,true,0.0,dst,""
PLND,ok,true,0.0,dst,zero_volume
PLNT,warning,true,0.0,dst,price_spikes
PLOW,ok,true,0.0,dst,""
PLPC,ok,true,0.0,dst,""
PLRX,ok,true,0.0,dst,""
PLRZ,ok,true,0.0,dst,""
PLSE,ok,true,0.0,dst,zero_volume
PLSM,ok,true,0.0,dst,zero_volume
PLTA,ok,true,0.0,dst,""
PLTK,ok,true,0.0,dst,""
PLTM,warning,true,0.0,dst,"price_spikes,stale_prices,zero_volume"
PLTR,ok,true,0.0,dst,""
PLTS,warning,true,0.0,dst,"stale_prices,zero_volume"
PLUG,ok,true,0.0,dst,""
PLUN,warning,true,0.0,dst,"stale_prices,zero_volume"
PLUR,ok,true,0.0,dst,zero_volume
PLUS,warning,true,0.0,dst,price_spikes
PLUT,warning,true,0.0,dst,"stale_prices,zero_volume"
PLX,ok,true,0.0,dst,""
PLXS,warning,true,0.0,dst,price_spikes
PLYX,ok,true,0.0,dst,""
PM,ok,true,0.0,dst,""
PMAX,warning,true,0.0,dst,price_spikes
PMBC,warning,true,0.0,dst,price_spikes
PMCB,ok,true,0.0,dst,""
PMEC,ok,true,0.0,dst,""
PMI,warning,true,0.0,dst,"stale_prices,zero_volume"
PMM,warning,true,0.0,dst,price_spikes
PMN,ok,true,0.0,dst,zero_volume
PMPT,warning,true,0.0,dst,"price_spikes,stale_prices,zero_volume"
PMTR,warning,true,0.0,dst,zero_volume
PMTS,warning,true,0.0,dst,"price_spikes,stale_prices,zero_volume"
PMVP,ok,true,0.0,dst,""
PN,warning,true,0.0,dst,"price_spikes,stale_prices,zero_volume"
PNBK,warning,true,0.0,dst,"price_spikes,stale_prices,zero_volume"
PNC,ok,true,0.0,dst,""
PNFP,ok,true,0.0,dst,""
PNK,ok,true,0.0,dst,""
PNNT,warning,true,0.0,dst,price_spikes
PNR,ok,true,0.0,dst,""
PNRG,warning,true,0.0,dst,"price_spikes,stale_prices,zero_volume"
PNTG,ok,true,0.0,dst,""
PNTR,ok,true,0.0,dst,zero_volume
PNW,warning,true,0.0,dst,price_spikes
POAS,ok,true,0.0,dst,""
POCI,ok,true,0.0,dst,zero_volume
PODC,ok,true,0.0,dst,""
PODD,ok,true,0.0,dst,""
POET,ok,true,0.0,dst,""
POLA,warning,true,0.0,dst,"price_spikes,zero_volume"
POLE,warning,true,0.0,dst,"price_spikes,stale_prices,zero_volume"
POLY,ok,true,0.0,dst,""
POM,warning,true,89.0828,dst,"missing_bars,price_spikes"
PONO,warning,true,65.6174,dst,"missing_bars,price_spikes,stale_prices,zero_volume"
POOL,warning,true,0.0,dst,price_spikes
POR,warning,true,0.0,dst,price_spikes
POST,ok,true,0.0,dst,""
POWI,ok,true,0.0,dst,""
POWL,warning,true,0.0,dst,price_spikes
POWW,ok,true,0.0,dst,""
PPC,ok,true,0.0,dst,""
PPCB,warning,true,0.0,dst,price_spikes
PPD,ok,true,0.0,dst,""
PPG,ok,true,0.0,dst,""
PPHC,ok,true,0.0,dst,""
PPIH,warning,true,0.0,dst,"price_spikes,zero_volume"
PPL,warning,true,0.0,dst,price_spikes
PPLI,ok,true,0.0,dst,""
PPLN,warning,true,0.0,dst,"stale_prices,zero_volume"
PPLT,ok,true,0.0,dst,""
PPSI,warning,true,0.0,dst,"stale_prices,zero_volume"
PPTA,ok,true,0.0,dst,""
PR,warning,true,0.0,dst,"price_spikes,stale_prices,zero_volume"
PRAA,ok,true,0.0,dst,""
PRAH,warning,true,0.0,dst,price_spikes
PRAN,warning,true,0.0,dst,"price_spikes,zero_volume"
PRAX,ok,true,0.0,dst,""
PRB,warning,true,0.0,dst,"price_spikes,stale_prices,zero_volume"
PRCH,warning,true,0.0,dst,"stale_prices,zero_volume"
PRCP,ok,true,0.0,dst,zero_volume
PRCT,ok,true,0.0,dst,""
PRDO,ok,true,0.0,dst,""
PRE,warning,true,0.0,dst,"price_spikes,zero_volume"
PRFX,warning,true,0.0,dst,"price_spikes,zero_volume"
PRG,ok,true,0.0,dst,""
PRGO,ok,true,0.0,dst,""
PRGS,ok,true,0.0,dst,""
PRGX,ok,true,0.0,dst,""
PRHI,warning,true,0.0,dst,"price_spikes,stale_prices,zero_volume"
PRI,ok,true,0.0,dst,""
PRIM,ok,true,0.0,dst,""
PRK,ok,true,0.0,dst,""
PRLB,ok,true,0.0,dst,""
PRLD,warning,true,0.0,dst,price_spikes
PRM,ok,true,0.0,dst,""
PRMB,warning,true,0.0,dst,price_spikes
PRME,warning,true,0.0,dst,"price_spikes,stale_prices,zero_volume"
PRNB,ok,true,0.0,dst,""
PROF,warning,true,0.0,dst,price_spikes
PROK,warning,true,0.0,dst,"price_spikes,zero_volume"
PROP,ok,true,0.0,dst,""
PROS,warning,true,0.0,dst,"price_spikes,zero_volume"
PROV,warning,true,0.0,dst,"price_spikes,zero_volume"
PRPB.U,warning,true,0.0,dst,"price_spikes,stale_prices,zero_volume"
PRPL,warning,true,0.0,dst,"price_spikes,stale_prices,zero_volume"
PRPO,warning,true,0.0,dst,"price_spikes,zero_volume"
PRQR,warning,true,0.0,dst,price_spikes
PRSO,warning,true,0.0,dst,"price_spikes,zero_volume"
PRSP,ok,true,0.0,dst,""
PRSS,ok,true,0.0,dst,zero_volume
PRSU,ok,true,0.0,dst,""
PRTA,ok,true,0.0,dst,""
PRTH,warning,true,0.0,dst,"price_spikes,stale_prices,zero_volume"
PRTS,warning,true,0.0,dst,price_spikes
PRU,warning,true,0.0,dst,price_spikes
PRVA,ok,true,0.0,dst,""
PRVL,ok,true,0.0,dst,""
PRZO,warning,true,0.0,dst,price_spikes
PS,warning,true,60.687,dst,missing_bars
PSA,ok,true,0.0,dst,""
PSAU,ok,true,0.0,dst,zero_volume
PSB,ok,true,0.0,dst,""
PSBD,ok,true,0.0,dst,""
PSDO,ok,true,0.0,dst,""
PSEC,warning,true,0.0,dst,price_spikes
PSFE,ok,true,0.0,dst,""
PSHG,warning,true,0.0,dst,"price_spikes,zero_volume"
PSIG,ok,true,0.0,dst,zero_volume
PSIX,warning,true,9.2091,dst,"missing_bars,stale_prices,zero_volume"
PSKY,ok,true,0.0,dst,""
PSMT,ok,true,0.0,dst,""
PSN,ok,true,0.0,dst,""
PSNL,warning,true,0.0,dst,price_spikes
PSNY,ok,true,0.0,dst,""
PSNYW,warning,true,0.0,dst,"price_spikes,zero_volume"
PSO,warning,true,0.0,dst,price_spikes
PSQ,ok,true,0.0,dst,""
PSQH,warning,true,0.0,dst,"price_spikes,stale_prices,zero_volume"
PSTH,ok,true,0.0,dst,""
PSTV,ok,true,0.0,dst,""
PSUS,ok,true,0.0,dst,""
PSX,ok,true,0.0,dst,""
PSXP,warning,true,0.0,dst,price_spikes
PTC,ok,true,0.0,dst,""
PTCT,ok,true,0.0,dst,zero_volume
PTEN,ok,true,0.0,dst,""
PTGX,warning,true,0.0,dst,price_spikes
PTHS,warning,true,0.0,dst,"price_spikes,zero_volume"
PTIE,warning,true,0.0,dst,"price_spikes,zero_volume"
PTLA,ok,true,0.0,dst,""
PTLE,ok,true,0.0,dst,""
PTLO,ok,true,0.0,dst,""
PTN,warning,true,8.0208,dst,missing_bars
PTNM,warning,true,0.0,dst,"stale_prices,zero_volume"
PTON,ok,true,0.0,dst,""
PTOR,warning,true,0.0,dst,"price_spikes,stale_prices,zero_volume"
PTRN,ok,true,0.0,dst,""
PTVCA,warning,true,0.0,dst,"price_spikes,stale_prices,zero_volume"
PTVCB,warning,true,0.0,dst,price_spikes
PUBM,ok,true,0.0,dst,""
PUK,ok,true,0.0,dst,""
PULM,warning,true,0.0,dst,"price_spikes,zero_volume"
PUMP,ok,true,0.0,dst,""
PURR,ok,true,0.0,dst,""
PUSA,warning,true,0.0,dst,price_spikes
PUW,warning,true,0.0,dst,zero_volume
PVG,ok,true,0.0,dst,""
PVH,ok,true,0.0,dst,""
PVLA,ok,true,0.0,dst,""
PVTL,ok,true,0.0,dst,""
PW,warning,true,0.0,dst,"price_spikes,stale_prices,zero_volume"
PWM,warning,true,0.0,dst,"stale_prices,zero_volume"
PWP,ok,true,0.0,dst,""
PWR,ok,true,0.0,dst,""
PWRL,ok,true,0.0,dst,""
PX,warning,true,0.0,dst,"price_spikes,stale_prices,zero_volume"
PXD,ok,true,0.0,dst,""
PXED,ok,true,0.0,dst,""
PXLW,ok,true,0.0,dst,""
PXR,warning,true,0.0,dst,zero_volume
PXS,warning,true,0.0,dst,"price_spikes,zero_volume"
PYPD,ok,true,0.0,dst,zero_volume
PYPL,ok,true,0.0,dst,""
PYT,warning,true,0.0,dst,"price_spikes,stale_prices,zero_volume"
PYXS,ok,true,0.0,dst,""
PZG,ok,true,0.0,dst,""
PZI,warning,true,0.0,dst,zero_volume
PZZA,ok,true,0.0,dst,""
Q,warning,true,74.3038,dst,missing_bars
QADA,ok,true,0.0,dst,""
QADB,warning,true,0.0,dst,"price_spikes,stale_prices,zero_volume"
QADR,warning,true,0.0,dst,"stale_prices,zero_volume"
QBTS,warning,true,0.0,dst,price_spikes
QCLS,warning,true,0.0,dst,"price_spikes,zero_volume"
QCOM,ok,true,0.0,dst,""
QCP,ok,true,0.0,dst,""
QCRH,ok,true,0.0,dst,""
QDEL,ok,true,0.0,dst,""
QEP,warning,true,0.0,dst,price_spikes
QES,warning,true,0.0,dst,"price_spikes,zero_volume"
QETA,warning,true,0.0,dst,"price_spikes,stale_prices,zero_volume"
QFRD,ok,true,0.0,dst,zero_volume
QGEN,ok,true,0.0,dst,""
QH,warning,true,0.0,dst,"stale_prices,zero_volume"
QID,ok,true,0.0,dst,""
QLD,ok,true,0.0,dst,""
QLEP,ok,true,0.0,dst,zero_volume
QLYS,ok,true,0.0,dst,""
QMCO,ok,true,0.0,dst,""
QMMM,warning,true,0.0,dst,"stale_prices,zero_volume"
QNC,ok,true,0.0,dst,""
QNCX,ok,true,0.0,dst,""
QNST,ok,true,0.0,dst,""
QNT,ok,true,0.0,dst,""
QNTM,warning,true,0.0,dst,price_spikes
QQQ,ok,true,0.0,dst,""
QRED,warning,true,0.0,dst,zero_volume
QRHC,ok,true,0.0,dst,zero_volume
QRTAV,warning,true,0.0,"price_spikes,dst",zero_volume
QRVO,warning,true,0.0,dst,price_spikes
QS,ok,true,0.0,dst,""
QSEA,warning,true,0.0,dst,"price_spikes,stale_prices,zero_volume"
QSI,warning,true,0.0,dst,"price_spikes,zero_volume"
QSR,ok,true,0.0,dst,""
QTEX,warning,true,0.0,dst,price_spikes
QTI,warning,true,39.3417,dst,missing_bars
QTNA,ok,true,0.0,dst,""
QTRX,ok,true,0.0,dst,""
QTTB,ok,true,0.0,dst,""
QTWO,warning,true,0.0,dst,price_spikes
QUAD,warning,true,0.0,dst,price_spikes
QUAL,warning,true,0.0,dst,price_spikes
QUBT,ok,true,0.0,dst,""
QUCY,ok,true,0.0,dst,""
QUIK,ok,true,0.0,dst,""
QULL,warning,true,0.0,dst,"price_spikes,stale_prices,zero_volume"
QUMS,warning,true,0.0,dst,"stale_prices,zero_volume"
QURE,ok,true,0.0,dst,""
QXGG,warning,true,0.0,dst,zero_volume
QXL,ok,true,0.0,dst,zero_volume
QXMI,warning,true,0.0,dst,"price_spikes,stale_prices,zero_volume"
QXO,warning,true,0.0,dst,"price_spikes,zero_volume"
QXTR,warning,true,0.0,dst,zero_volume
R,ok,true,0.0,dst,""
RAAQ,warning,true,0.0,dst,"price_spikes,stale_prices,zero_volume"
RAC,warning,true,0.0,dst,"stale_prices,zero_volume"
RACC,warning,true,0.0,dst,"price_spikes,zero_volume"
RACE,ok,true,0.0,dst,""
RAI,ok,true,0.0,dst,""
RAIL,ok,true,0.0,dst,""
RAIN,warning,true,0.0,dst,"stale_prices,zero_volume"
RAL,ok,true,0.0,dst,""
RALS,warning,true,0.0,dst,"price_spikes,stale_prices,zero_volume"
RAMP,ok,true,0.0,dst,""
RAND,warning,true,0.0,dst,"price_spikes,stale_prices,zero_volume"
RANG,warning,true,0.0,dst,"price_spikes,stale_prices,zero_volume"
RANI,ok,true,0.0,dst,""
RAPP,ok,true,0.0,dst,""
RARE,ok,true,0.0,dst,""
RARX,warning,true,0.0,dst,price_spikes
RAVE,warning,true,0.0,dst,price_spikes
RAVN,warning,true,0.0,dst,price_spikes
RAY,ok,true,0.0,dst,zero_volume
RAYA,warning,true,0.0,dst,zero_volume
RBA,ok,true,0.0,dst,""
RBAC,warning,true,0.0,dst,price_spikes
RBB,ok,true,0.0,dst,""
RBBN,ok,true,0.0,dst,""
RBC,warning,true,0.0,dst,price_spikes
RBCAA,warning,true,0.0,dst,price_spikes
RBKB,warning,true,0.0,dst,"price_spikes,stale_prices,zero_volume"
RBLX,ok,true,0.0,dst,""
RBNC,warning,true,0.0,dst,price_spikes
RBNE,ok,true,0.0,dst,""
RBRK,ok,true,0.0,dst,""
RC,ok,true,0.0,dst,""
RCAT,ok,true,0.0,dst,""
RCEL,ok,true,0.0,dst,zero_volume
RCI,warning,true,0.0,dst,price_spikes
RCKT,ok,true,0.0,dst,""
RCKY,warning,true,0.0,dst,price_spikes
RCL,ok,true,0.0,dst,""
RCMT,warning,true,0.0,dst,"price_spikes,zero_volume"
RCON,warning,true,0.0,dst,"price_spikes,zero_volume"
RCT,ok,true,0.0,dst,""
RCUS,ok,true,0.0,dst,""
RDAC,warning,true,0.0,dst,"price_spikes,stale_prices,zero_volume"
RDAG,warning,true,0.0,dst,"stale_prices,zero_volume"
RDBX,ok,true,0.0,dst,""
RDC,ok,true,0.0,dst,""
RDCM,ok,true,0.0,dst,zero_volume
RDDT,ok,true,0.0,dst,""
RDGT,warning,true,0.0,dst,zero_volume
RDI,ok,true,0.0,dst,""
RDIB,warning,true,0.0,dst,"price_spikes,stale_prices,zero_volume"
RDN,warning,true,0.0,dst,price_spikes
RDNT,warning,true,0.0,dst,price_spikes
RDNW,ok,true,0.0,dst,zero_volume
RDS.A,warning,true,0.0,dst,price_spikes
RDS.B,warning,true,0.0,dst,price_spikes
RDUS,warning,true,0.0,dst,"price_spikes,stale_prices,zero_volume"
RDVT,ok,true,0.0,dst,""
RDW,warning,true,0.0,dst,price_spikes
RDWR,ok,true,0.0,dst,""
RDZN,warning,true,0.0,dst,"price_spikes,stale_prices,zero_volume"
RE,warning,true,0.0,dst,price_spikes
REA,ok,true,0.0,dst,""
REAL,ok,true,0.0,dst,""
REAX,ok,true,0.0,dst,""
REBN,ok,true,0.0,dst,""
RECT,warning,true,0.0,dst,"price_spikes,zero_volume"
REE,warning,true,0.0,dst,"price_spikes,stale_prices,zero_volume"
REED,warning,true,8.6149,dst,"missing_bars,stale_prices,zero_volume"
REEM,warning,true,0.0,dst,"stale_prices,zero_volume"
REFI,ok,true,0.0,dst,""
REFR,warning,true,0.0,dst,"price_spikes,zero_volume"
REG,ok,true,0.0,dst,""
REGI,warning,true,0.0,dst,price_spikes
REGN,ok,true,0.0,dst,""
REI,ok,true,0.0,dst,""
REIS,ok,true,0.0,dst,""
REK,warning,true,0.0,dst,"price_spikes,zero_volume"
REKR,warning,true,0.0,dst,"price_spikes,zero_volume"
RELL,ok,true,0.0,dst,zero_volume
RELX,ok,true,0.0,dst,""
RELY,warning,true,6.7583,dst,"missing_bars,price_spikes,stale_prices,zero_volume"
REML,warning,true,0.0,dst,"price_spikes,stale_prices,zero_volume"
REN,ok,true,0.0,dst,""
RENT,warning,true,7.6495,dst,"missing_bars,price_spikes,stale_prices,zero_volume"
RENX,ok,true,0.0,dst,""
REPL,ok,true,0.0,dst,zero_volume
REPX,warning,true,0.0,dst,"price_spikes,zero_volume"
RES,ok,true,0.0,dst,""
RESN,ok,true,0.0,dst,""
RETO,warning,true,0.0,dst,"price_spikes,stale_prices,zero_volume"
REVB,warning,true,0.0,dst,"price_spikes,stale_prices,zero_volume"
REW,warning,true,3.6762,dst,"missing_bars,zero_volume"
REX,warning,true,0.0,dst,price_spikes
REXR,ok,true,0.0,dst,""
REYN,ok,true,0.0,dst,""
REZI,ok,true,0.0,dst,""
RF,warning,true,0.0,dst,price_spikes
RFAI,warning,true,0.0,dst,"price_spikes,stale_prices,zero_volume"
RFAM,warning,true,0.0,dst,"price_spikes,stale_prices,zero_volume"
RFIL,ok,true,0.0,dst,zero_volume
RFL,ok,true,0.0,dst,""
RFUN,warning,true,0.0,dst,"price_spikes,stale_prices,zero_volume"
RGA,ok,true,0.0,dst,""
RGC,warning,true,4.9759,dst,"missing_bars,price_spikes,stale_prices,zero_volume"
RGCO,ok,true,0.0,dst,zero_volume
RGEN,ok,true,0.0,dst,""
RGLD,ok,true,0.0,dst,""
RGNT,ok,true,0.0,dst,zero_volume
RGNX,ok,true,0.0,dst,""
RGP,warning,true,0.0,dst,price_spikes
RGR,ok,true,0.0,dst,""
RGS,warning,true,0.0,dst,price_spikes
RGTI,warning,true,0.0,dst,"price_spikes,zero_volume"
RH,ok,true,0.0,dst,""
RHI,ok,true,0.0,dst,""
RHLD,ok,true,0.0,dst,""
RHP,warning,true,0.0,dst,price_spikes
RHT,ok,true,0.0,dst,""
RIBB,warning,true,0.0,dst,"price_spikes,stale_prices,zero_volume"
RICK,ok,true,0.0,dst,""
RIG,ok,true,0.0,dst,""
RIGL,ok,true,0.0,dst,""
RILY,warning,true,0.0,dst,"price_spikes,zero_volume"
RIME,ok,true,0.0,dst,zero_volume
RIO,ok,true,0.0,dst,""
RIOT,ok,true,0.0,dst,""
RITM,warning,true,0.0,dst,price_spikes
RITR,warning,true,0.0,dst,price_spikes
RIVE,warning,true,0.0,dst,"price_spikes,stale_prices,zero_volume"
RIVN,ok,true,0.0,dst,""
RJET,ok,true,0.0,dst,""
RJF,ok,true,0.0,dst,""
RKDA,warning,true,0.0,dst,"price_spikes,zero_volume"
RKLB,warning,true,0.0,dst,"price_spikes,zero_volume"
RKT,warning,true,0.0,dst,price_spikes
RKTO,warning,true,0.0,dst,"price_spikes,zero_volume"
RL,ok,true,0.0,dst,""
RLAY,ok,true,0.0,dst,""
RLGT,ok,true,0.0,dst,""
RLH,ok,true,0.0,dst,""
RLI,ok,true,0.0,dst,""
RLJE,ok,true,0.0,dst,zero_volume
RLM,ok,true,0.0,dst,zero_volume
RLMD,ok,true,0.0,dst,""
RLYB,warning,true,0.0,dst,price_spikes
RM,ok,true,0.0,dst,""
RMAX,warning,true,0.0,dst,price_spikes
RMBI,warning,true,0.0,dst,"price_spikes,zero_volume"
RMBS,ok,true,0.0,dst,""
RMCF,warning,true,0.0,dst,"price_spikes,zero_volume"
RMCO,ok,true,0.0,dst,zero_volume
RMD,ok,true,0.0,dst,""
RMG.U,warning,true,0.0,dst,"price_spikes,stale_prices,zero_volume"
RMGN,ok,true,0.0,dst,""
RMIX,warning,true,0.0,dst,"price_spikes,stale_prices,zero_volume"
RMNI,warning,true,0.0372,dst,"missing_bars,price_spikes,stale_prices,zero_volume"
RMR,ok,true,0.0,dst,""
RMSG,warning,true,0.0,dst,"price_spikes,stale_prices,zero_volume"
RMTI,ok,true,0.0,dst,zero_volume
RNA,warning,true,0.0,dst,"price_spikes,zero_volume"
RNAC,ok,true,0.0,dst,""
RNAZ,warning,true,0.0,dst,"price_spikes,zero_volume"
RNET,ok,true,0.0,dst,""
RNG,warning,true,0.0,dst,price_spikes
RNGR,ok,true,0.0,dst,zero_volume
RNGT,warning,true,0.0,dst,"stale_prices,zero_volume"
RNR,ok,true,0.0,dst,""
RNST,ok,true,0.0,dst,""
RNTX,ok,true,0.0,dst,""
RNW,warning,true,0.0,dst,price_spikes
RNXT,ok,true,0.0,dst,""
ROAD,warning,true,0.0,dst,price_spikes
ROAN,ok,true,0.0,dst,""
ROC,warning,true,56.4557,dst,"missing_bars,price_spikes,stale_prices,zero_volume"
ROCK,warning,true,0.0,dst,price_spikes
ROG,ok,true,0.0,dst,""
ROIV,warning,true,0.0,dst,price_spikes
ROK,ok,true,0.0,dst,""
ROKU,ok,true,0.0,dst,""
ROL,ok,true,0.0,dst,""
ROLR,ok,true,0.0,dst,zero_volume
ROM,ok,true,0.0,dst,zero_volume
ROMA,warning,true,0.0,dst,"price_spikes,zero_volume"
ROOT,ok,true,0.0,dst,""
ROP,ok,true,0.0,dst,""
ROST,ok,true,0.0,dst,""
ROX,warning,true,0.0,dst,stale_prices
RP,ok,true,0.0,dst,""
RPAI,warning,true,0.0,dst,price_spikes
RPAY,warning,true,0.0,dst,price_spikes
RPC,ok,true,0.0,dst,""
RPD,ok,true,0.0,dst,""
RPGL,warning,true,0.0,dst,price_spikes
RPID,ok,true,0.0,dst,""
RPLA.U,warning,true,0.0,dst,"price_spikes,stale_prices,zero_volume"
RPM,ok,true,0.0,dst,""
RPRX,warning,true,4.2332,dst,"missing_bars,stale_prices,zero_volume"
RR,ok,true,0.0,dst,""
RRBI,warning,true,0.0,dst,"price_spikes,zero_volume"
RRC,ok,true,0.0,dst,""
RRD,ok,true,0.0,dst,""
RREV,warning,true,0.0,dst,"stale_prices,zero_volume"
RRGB,ok,true,0.0,dst,""
RRR,warning,true,0.0,dst,price_spikes
RRX,warning,true,0.0,dst,price_spikes
RS,ok,true,0.0,dst,""
RSG,warning,true,0.0,dst,price_spikes
RSI,warning,true,0.0,dst,"price_spikes,stale_prices,zero_volume"
RSKD,ok,true,0.0,dst,""
RSLS,warning,true,0.0,dst,"price_spikes,stale_prices,zero_volume"
RSSS,ok,true,0.0,dst,zero_volume
RST,ok,true,0.0,dst,""
RSVR,warning,true,0.0,dst,price_spikes
RSYS,ok,true,0.0,dst,""
RTAC,ok,true,0.0,dst,""
RTB,ok,true,0.0,dst,""
RTEC,ok,true,0.0,dst,""
RTL,warning,true,0.0,dst,"price_spikes,stale_prices,zero_volume"
RTN,warning,true,0.0,dst,price_spikes
RTX,ok,true,0.0,dst,""
RUBI,warning,true,47.4564,dst,"missing_bars,price_spikes"
RUM,warning,true,0.0,dst,"price_spikes,stale_prices,zero_volume"
RUN,ok,true,0.0,dst,""
RUSHA,ok,true,0.0,dst,""
RUSHB,ok,true,0.0,dst,""
RUSL,ok,true,0.0,dst,""
RUSS,ok,true,0.0,dst,""
RVEN,warning,true,0.0,dst,"price_spikes,stale_prices,zero_volume"
RVLV,ok,true,0.0,dst,""
RVMD,ok,true,0.0,dst,""
RVP,ok,true,0.0,dst,zero_volume
RVSB,warning,true,0.0,dst,"price_spikes,zero_volume"
RVSN,ok,true,0.0,dst,""
RVTY,ok,true,0.0,dst,""
RWAY,ok,true,0.0,dst,""
RWM,ok,true,0.0,dst,""
RXD,warning,true,0.0,dst,"stale_prices,zero_volume"
RXII,ok,true,0.0,dst,""
RXL,ok,true,0.0,dst,zero_volume
RXO,ok,true,0.0,dst,""
RXRX,ok,true,0.0,dst,""
RXST,ok,true,0.0,dst,""
RXT,ok,true,0.0,dst,""
RY,warning,true,0.0,dst,price_spikes
RYAM,ok,true,0.0,dst,""
RYAN,ok,true,0.0,dst,""
RYDE,ok,true,0.0,dst,""
RYET,ok,true,0.0,dst,""
RYM,warning,true,0.0,dst,"price_spikes,zero_volume"
RYN,warning,true,0.0,dst,price_spikes
RYOJ,warning,true,0.0,dst,"price_spikes,zero_volume"
RYTM,ok,true,0.0,dst,""
RYZ,ok,true,0.0,dst,""
RZLT,ok,true,0.0,dst,""
RZLV,warning,true,0.0,dst,"price_spikes,stale_prices,zero_volume"
S,warning,true,4.5674,dst,"missing_bars,price_spikes,stale_prices,zero_volume"
SA,ok,true,0.0,dst,""
SAA,warning,true,0.0,dst,"stale_prices,zero_volume"
SAAQ,warning,true,0.0,dst,zero_volume
SABR,warning,true,0.0,dst,price_spikes
SABS,warning,true,0.0,dst,"price_spikes,zero_volume"
SAC,warning,true,0.0,dst,"stale_prices,zero_volume"
SACH,warning,true,0.0,dst,"price_spikes,zero_volume"
SAFE,warning,true,0.0,dst,price_spikes
SAFM,ok,true,0.0,dst,""
SAFT,warning,true,0.0,dst,price_spikes
SAFX,ok,true,0.0,dst,""
SAGG,warning,true,0.0,dst,"price_spikes,stale_prices,zero_volume"
SAGT,ok,true,0.0,dst,""
SAGU,warning,true,0.0,dst,zero_volume
SAH,ok,true,0.0,dst,""
SAIA,ok,true,0.0,dst,""
SAIC,ok,true,0.0,dst,""
SAIH,warning,true,0.0,dst,"price_spikes,stale_prices,zero_volume"
SAIL,warning,true,0.0,dst,"stale_prices,zero_volume"
SAM,ok,true,0.0,dst,""
SAMA,warning,true,0.0,dst,"price_spikes,stale_prices,zero_volume"
SAMG,warning,true,0.0,dst,price_spikes
SAN,ok,true,0.0,dst,""
SANA,ok,true,0.0,dst,""
SANG,warning,true,0.0,dst,"stale_prices,zero_volume"
SANM,ok,true,0.0,dst,""
SAP,ok,true,0.0,dst,""
SAPH,ok,true,0.0,dst,zero_volume
SAR,warning,true,0.0,dst,price_spikes
SARO,ok,true,0.0,dst,""
SATL,warning,true,0.0,dst,"price_spikes,stale_prices,zero_volume"
SATS,warning,true,0.0,dst,price_spikes
SAUC,ok,true,0.0,dst,zero_volume
SB,ok,true,0.0,dst,""
SBAC,ok,true,0.0,dst,""
SBB,warning,true,0.0,dst,"price_spikes,stale_prices,zero_volume"
SBBP,ok,true,0.0,dst,zero_volume
SBBX,warning,true,0.0,dst,"price_spikes,zero_volume"
SBC,warning,true,0.0,dst,"price_spikes,stale_prices,zero_volume"
SBCF,warning,true,0.0,dst,price_spikes
SBE.U,warning,true,0.0,dst,"stale_prices,zero_volume"
SBET,warning,true,0.0,dst,"price_spikes,stale_prices,zero_volume"
SBEV,warning,true,0.0,dst,"stale_prices,zero_volume"
SBFG,warning,true,0.0,dst,"price_spikes,zero_volume"
SBFM,warning,true,0.0,dst,price_spikes
SBGI,ok,true,0.0,dst,""
SBH,ok,true,0.0,dst,""
SBLK,ok,true,0.0,dst,""
SBM,warning,true,0.0,dst,"price_spikes,stale_prices,zero_volume"
SBMT,ok,true,0.0,dst,""
SBNY,warning,true,0.0,dst,"stale_prices,zero_volume"
SBRA,warning,true,0.0,dst,price_spikes
SBS,ok,true,0.0,dst,""
SBSI,ok,true,0.0,dst,""
SBUX,warning,true,0.0,dst,price_spikes
SBXD,warning,true,0.0,dst,"price_spikes,stale_prices,zero_volume"
SBXE,warning,true,0.0,dst,"price_spikes,stale_prices,zero_volume"
SC,ok,true,0.0,dst,""
SCAC,warning,true,0.0,dst,"stale_prices,zero_volume"
SCACU,warning,true,0.0,dst,"price_spikes,stale_prices,zero_volume"
SCC,warning,true,0.0,dst,"price_spikes,stale_prices,zero_volume"
SCCO,ok,true,0.0,dst,""
SCDL,warning,true,0.0,dst,"price_spikes,stale_prices,zero_volume"
SCG,ok,true,0.0,dst,""
SCHL,ok,true,0.0,dst,""
SCHW,ok,true,0.0,dst,""
SCI,ok,true,0.0,dst,""
SCII,warning,true,0.0,dst,"stale_prices,zero_volume"
SCIN,ok,true,0.0,dst,zero_volume
SCKT,ok,true,0.0,dst,zero_volume
SCL,ok,true,0.0,dst,""
SCLX,warning,true,0.0,dst,"price_spikes,stale_prices,zero_volume"
SCM,warning,true,0.0,dst,price_spikes
SCNX,ok,true,0.0,dst,zero_volume
SCO,warning,true,0.0,dst,price_spikes
SCOM,warning,true,0.0,dst,"stale_prices,zero_volume"
SCOR,warning,true,0.0,dst,"stale_prices,zero_volume"
SCPQ,warning,true,0.0,dst,"stale_prices,zero_volume"
SCR,ok,true,0.0,dst,""
SCSC,warning,true,0.0,dst,price_spikes
SCTO,warning,true,0.0,dst,"price_spikes,stale_prices,zero_volume"
SCWO,ok,true,0.0,dst,""
SCYX,ok,true,0.0,dst,zero_volume
SCZ,ok,true,0.0,dst,""
SCZM,ok,true,0.0,dst,""
SD,warning,true,0.0,dst,"stale_prices,zero_volume"
SDA,warning,true,0.0,dst,"price_spikes,stale_prices,zero_volume"
SDD,warning,true,0.0,dst,"price_spikes,stale_prices,zero_volume"
SDEV,warning,true,0.0,dst,zero_volume
SDGR,ok,true,0.0,dst,""
SDHC,ok,true,0.0,dst,""
SDHI,warning,true,0.0,dst,"stale_prices,zero_volume"
SDI,ok,true,0.0,dst,zero_volume
SDOT,warning,true,0.0,dst,price_spikes
SDOW,warning,true,3.6762,dst,"missing_bars,price_spikes"
SDP,warning,true,0.0,dst,"price_spikes,zero_volume"
SDRL,ok,true,0.0,dst,""
SDS,ok,true,0.0,dst,""
SDST,warning,true,0.0,dst,"price_spikes,stale_prices,zero_volume"
SDYL,warning,true,0.0,dst,"price_spikes,stale_prices,zero_volume"
SE,warning,true,0.0,dst,"price_spikes,stale_prices,zero_volume"
SEAT,warning,true,0.0,dst,price_spikes
SEB,ok,true,0.0,dst,""
SEDG,ok,true,0.0,dst,""
SEE,ok,true,0.0,dst,""
SEED,warning,true,0.0,dst,price_spikes
SEER,ok,true,0.0,dst,""
SEF,warning,true,0.0,dst,"price_spikes,zero_volume"
SEG,ok,true,0.0,dst,""
SEGG,warning,true,0.0,dst,"price_spikes,stale_prices,zero_volume"
SEI,ok,true,0.0,dst,""
SEIC,ok,true,0.0,dst,""
SELF,warning,true,0.0,dst,"price_spikes,zero_volume"
SEM,warning,true,0.0,dst,price_spikes
SEND,ok,true,0.0,dst,""
SENEA,ok,true,0.0,dst,""
SENEB,warning,true,0.0,dst,"price_spikes,stale_prices,zero_volume"
SENS,ok,true,0.0,dst,""
SEP,ok,true,0.0,dst,""
SEPN,ok,true,0.0,dst,""
SER,ok,true,0.0,dst,zero_volume
SERA,warning,true,0.0,dst,"price_spikes,zero_volume"
SERV,warning,true,2.7479,dst,"missing_bars,price_spikes,stale_prices,zero_volume"
SES,warning,true,0.0,dst,"price_spikes,stale_prices,zero_volume"
SEV,warning,true,20.8689,dst,"missing_bars,stale_prices,zero_volume"
SEZL,warning,true,0.0,dst,"stale_prices,zero_volume"
SF,ok,true,0.0,dst,""
SFBC,warning,true,0.0,dst,"price_spikes,stale_prices,zero_volume"
SFBS,ok,true,0.0,dst,""
SFD,ok,true,0.0,dst,""
SFHG,ok,true,0.0,dst,zero_volume
SFIX,warning,true,0.0,dst,price_spikes
SFL,ok,true,0.0,dst,""
SFLY,ok,true,0.0,dst,""
SFM,warning,true,0.0,dst,price_spikes
SFNC,ok,true,0.0,dst,""
SFS,ok,true,0.0,dst,""
SFST,warning,true,0.0,dst,price_spikes
SFWL,warning,true,0.0,dst,"price_spikes,zero_volume"
SG,warning,true,11.2348,dst,"missing_bars,price_spikes,stale_prices,zero_volume"
SGA,warning,true,0.0,dst,"price_spikes,zero_volume"
SGB,warning,true,0.0,dst,"price_spikes,stale_prices,zero_volume"
SGC,warning,true,0.0,dst,price_spikes
SGHC,warning,true,0.0,dst,price_spikes
SGHT,ok,true,0.0,dst,""
SGI,warning,true,0.0,dst,price_spikes
SGLY,ok,true,0.0,dst,zero_volume
SGML,ok,true,0.0,dst,""
SGMT,ok,true,0.0,dst,""
SGP,ok,true,0.0,dst,""
SGRP,warning,true,0.0,dst,"price_spikes,stale_prices,zero_volume"
SGRY,warning,true,0.0,dst,price_spikes
SH,warning,true,0.0,dst,price_spikes
SHAK,ok,true,0.0,dst,""
SHAZ,ok,true,0.0,dst,""
SHBI,warning,true,0.0,dst,price_spikes
SHC,ok,true,0.0,dst,""
SHEH,ok,true,0.0,dst,zero_volume
SHEN,ok,true,0.0,dst,""
SHFS,warning,true,0.0,dst,"price_spikes,stale_prices,zero_volume"
SHG,ok,true,0.0,dst,""
SHIM,ok,true,0.0,dst,zero_volume
SHIP,ok,true,0.0,dst,zero_volume
SHLM,ok,true,0.0,dst,""
SHLS,ok,true,0.0,dst,""
SHMD,warning,true,0.0,dst,"price_spikes,stale_prices,zero_volume"
SHNY,warning,true,0.0,dst,"price_spikes,stale_prices,zero_volume"
SHO,ok,true,0.0,dst,""
SHOE,ok,true,0.0,dst,""
SHOO,warning,true,0.0,dst,price_spikes
SHOP,ok,true,0.0,dst,""
SHOS,ok,true,0.0,dst,""
SHPG,ok,true,0.0,dst,""
SHPH,ok,true,0.0,dst,""
SHSP,ok,true,0.0,dst,zero_volume
SHW,ok,true,0.0,dst,""
SHY,ok,true,0.0,dst,""
SI,warning,true,32.2506,dst,"missing_bars,price_spikes"
SIBN,ok,true,0.0,dst,""
SIC,warning,true,59.9206,dst,"missing_bars,price_spikes,zero_volume"
SID,ok,true,0.0,dst,""
SIDU,ok,true,0.0,dst,""
SIEB,warning,true,0.0,dst,"price_spikes,stale_prices,zero_volume"
SIF,warning,true,0.0,dst,zero_volume
SIG,ok,true,0.0,dst,""
SIGA,warning,true,0.0,dst,"price_spikes,zero_volume"
SIGI,warning,true,0.0,dst,price_spikes
SII,ok,true,0.0,dst,""
SIJ,warning,true,0.0,dst,"price_spikes,stale_prices,zero_volume"
SILC,ok,true,0.0,dst,""
SILO,ok,true,0.0,dst,""
SIM,warning,true,0.0,dst,"price_spikes,stale_prices,zero_volume"
SIMA,warning,true,0.0,dst,"price_spikes,stale_prices,zero_volume"
SINA,ok,true,0.0,dst,""
SIND,ok,true,0.0,dst,""
SINT,warning,true,0.0,dst,zero_volume
SION,ok,true,0.0,dst,""
SIR,ok,true,0.0,dst,""
SIRI,ok,true,0.0,dst,""
SITC,warning,true,0.0,dst,price_spikes
SITE,ok,true,0.0,dst,""
SITM,ok,true,0.0,dst,""
SIVB,ok,true,0.0,dst,""
SJ,warning,true,0.0,dst,"price_spikes,stale_prices,zero_volume"
SJB,ok,true,0.0,dst,""
SJIU,warning,true,0.0,dst,"stale_prices,zero_volume"
SJM,ok,true,0.0,dst,""
SKE,ok,true,0.0,dst,zero_volume
SKF,warning,true,0.0,dst,price_spikes
SKIL,warning,true,0.0,dst,"price_spikes,stale_prices,zero_volume"
SKIN,ok,true,0.0,dst,""
SKIS,ok,true,0.0,dst,""
SKK,ok,true,0.0,dst,""
SKT,ok,true,0.0,dst,""
SKWD,ok,true,0.0,dst,""
SKY,ok,true,0.0,dst,""
SKYA,warning,true,5.4826,dst,"missing_bars,price_spikes,stale_prices,zero_volume"
SKYE,ok,true,0.0,dst,""
SKYH,warning,true,0.0,dst,"price_spikes,zero_volume"
SKYQ,warning,true,0.0,dst,price_spikes
SKYT,ok,true,0.0,dst,zero_volume
SKYW,warning,true,0.0,dst,price_spikes
SKYX,warning,true,0.0,dst,price_spikes
SKYY,ok,true,0.0,dst,""
SLAB,ok,true,0.0,dst,""
SLB,ok,true,0.0,dst,""
SLBT,warning,true,0.0,dst,"price_spikes,stale_prices,zero_volume"
SLCT,warning,true,0.0,dst,"price_spikes,zero_volume"
SLDB,ok,true,0.0,dst,""
SLDE,ok,true,0.0,dst,""
SLDP,warning,true,0.0,dst,"price_spikes,zero_volume"
SLE,warning,true,0.0,dst,price_spikes
SLF,ok,true,0.0,dst,""
SLG,ok,true,0.0,dst,""
SLGB,ok,true,0.0,dst,""
SLGL,ok,true,0.0,dst,zero_volume
SLGN,ok,true,0.0,dst,""
SLI,ok,true,0.0,dst,""
SLM,ok,true,0.0,dst,""
SLMT,warning,true,0.0,dst,"price_spikes,zero_volume"
SLN,warning,true,0.0,dst,"price_spikes,stale_prices,zero_volume"
SLND,warning,true,0.0842,dst,"missing_bars,price_spikes,stale_prices,zero_volume"
SLNG,warning,true,0.0,dst,"price_spikes,stale_prices,zero_volume"
SLNH,ok,true,0.0,dst,""
SLP,ok,true,0.0,dst,""
SLQT,ok,true,0.0,dst,""
SLRC,warning,true,0.0,dst,price_spikes
SLS,warning,true,0.0,dst,price_spikes
SLSN,ok,true,0.0,dst,""
SLSR,ok,true,0.0,dst,""
SLV,ok,true,0.0,dst,""
SLVM,ok,true,0.0,dst,""
SLVO,ok,true,0.0,dst,zero_volume
SLXN,warning,true,0.0,dst,"price_spikes,stale_prices,zero_volume"
SM,warning,true,0.0,dst,price_spikes
SMA,ok,true,0.0,dst,""
SMBC,warning,true,0.0,dst,price_spikes
SMBK,warning,true,0.0,dst,"price_spikes,zero_volume"
SMC,ok,true,0.0,dst,""
SMCI,warning,true,0.0,dst,"stale_prices,zero_volume"
SMDD,warning,true,0.0,dst,"price_spikes,zero_volume"
SMED,ok,true,0.0,dst,zero_volume
SMG,ok,true,0.0,dst,""
SMH,ok,true,0.0,dst,""
SMHB,warning,true,0.0,dst,"price_spikes,stale_prices,zero_volume"
SMHD,warning,true,59.3762,dst,missing_bars
SMHI,ok,true,0.0,dst,""
SMID,ok,true,0.0,dst,zero_volume
SMJF,ok,true,0.0,dst,""
SMMT,ok,true,0.0,dst,zero_volume
SMN,ok,true,0.0,dst,zero_volume
SMP,ok,true,0.0,dst,""
SMPL,warning,true,0.0,dst,"stale_prices,zero_volume"
SMR,warning,true,0.0,dst,price_spikes
SMRT,warning,true,0.8541,dst,"missing_bars,stale_prices,zero_volume"
SMSI,ok,true,0.0,dst,""
SMTA,ok,true,0.0,dst,""
SMTC,ok,true,0.0,dst,""
SMTI,ok,true,0.0,dst,zero_volume
SMTK,warning,true,0.0,dst,"price_spikes,zero_volume"
SMTX,ok,true,0.0,dst,zero_volume
SMWB,ok,true,0.0,dst,""
SMX,warning,true,0.0,dst,"price_spikes,stale_prices,zero_volume"
SMXT,ok,true,0.0,dst,""
SN,warning,true,0.0,dst,"stale_prices,zero_volume"
SNA,ok,true,0.0,dst,""
SNAL,ok,true,0.0,dst,zero_volume
SNAP,ok,true,0.0,dst,""
SND,ok,true,0.0,dst,""
SNDA,ok,true,0.0,dst,zero_volume
SNDK,ok,true,0.0,dst,""
SNDL,ok,true,0.0,dst,""
SNDR,ok,true,0.0,dst,""
SNDX,ok,true,0.0,dst,""
SNES,warning,true,0.0,dst,zero_volume
SNEX,ok,true,0.0,dst,""
SNFCA,ok,true,0.0,dst,zero_volume
SNGX,warning,true,0.0,dst,"price_spikes,zero_volume"
SNI,ok,true,0.0,dst,""
SNMX,ok,true,0.0,dst,""
SNN,ok,true,0.0,dst,""
SNOA,warning,true,0.0,dst,"price_spikes,zero_volume"
SNOW,warning,true,6.6097,dst,"missing_bars,price_spikes,stale_prices,zero_volume"
SNPS,ok,true,0.0,dst,""
SNR,ok,true,0.0,dst,""
SNT,warning,true,0.0,dst,"price_spikes,zero_volume"
SNTG,warning,true,0.0,dst,"price_spikes,zero_volume"
SNTI,ok,true,0.0,dst,""
SNWV,ok,true,0.0,dst,""
SNX,ok,true,0.0,dst,""
SNY,ok,true,0.0,dst,""
SNYR,warning,true,0.0,dst,price_spikes
SO,ok,true,0.0,dst,""
SOAR,warning,true,0.0,dst,"price_spikes,stale_prices,zero_volume"
SOBO,ok,true,0.0,dst,""
SOBR,warning,true,0.0,dst,"price_spikes,zero_volume"
SOC,warning,true,0.0,dst,"price_spikes,stale_prices,zero_volume"
SOCA,warning,true,0.0,dst,"stale_prices,zero_volume"
SODA,ok,true,0.0,dst,""
SOFI,ok,true,0.0,dst,""
SOLN,ok,true,0.0,dst,""
SOLS,ok,true,0.0,dst,""
SOLV,ok,true,0.0,dst,""
SOLY,ok,true,0.0,dst,""
SON,ok,true,0.0,dst,""
SONC,ok,true,0.0,dst,""
SONM,ok,true,0.0,dst,""
SONO,ok,true,0.0,dst,""
SOPH,ok,true,0.0,dst,""
SOR,warning,true,0.0,dst,price_spikes
SORA,ok,true,0.0,dst,zero_volume
SORL,warning,true,0.0,dst,price_spikes
SORN,warning,true,0.0,dst,"stale_prices,zero_volume"
SOS,warning,true,0.0,dst,"price_spikes,zero_volume"
SOTK,ok,true,0.0,dst,zero_volume
SOUL,warning,true,0.0,dst,"price_spikes,zero_volume"
SOUN,ok,true,0.0,dst,""
SOWG,ok,true,0.0,dst,""
SOXX,ok,true,0.0,dst,""
SOYB,ok,true,0.0,dst,""
SPA,ok,true,0.0,dst,""
SPAI,ok,true,0.0,dst,""
SPB,ok,true,0.0,dst,""
SPCB,warning,true,0.0,dst,"price_spikes,zero_volume"
SPCE,ok,true,0.0,dst,""
SPCF,ok,true,0.0,dst,""
SPCX,warning,true,7.6817,dst,"missing_bars,price_spikes,zero_volume"
SPEG,warning,true,0.0,dst,"stale_prices,zero_volume"
SPFI,warning,true,0.0,dst,price_spikes
SPG,warning,true,0.0,dst,price_spikes
SPGI,ok,true,0.0,dst,""
SPH,warning,true,0.0,dst,price_spikes
SPHL,ok,true,0.0,dst,""
SPHR,ok,true,0.0,dst,""
SPIR,warning,true,0.0,dst,"price_spikes,stale_prices,zero_volume"
SPKL,warning,true,0.0,dst,"price_spikes,stale_prices,zero_volume"
SPLS,warning,true,77.8685,dst,"missing_bars,price_spikes"
SPLX,warning,true,0.0,dst,"price_spikes,stale_prices,zero_volume"
SPMC,ok,true,0.0,dst,""
SPNT,ok,true,0.0,dst,""
SPOK,ok,true,0.0,dst,""
SPOT,ok,true,0.0,dst,""
SPPL,ok,true,0.0,dst,zero_volume
SPRB,warning,true,0.0,dst,"price_spikes,stale_prices,zero_volume"
SPRC,ok,true,0.0,dst,zero_volume
SPRO,ok,true,0.0,dst,""
SPRT,ok,true,0.0,dst,zero_volume
SPRU,warning,true,0.0,dst,"price_spikes,stale_prices,zero_volume"
SPRY,ok,true,0.0,dst,zero_volume
SPSC,ok,true,0.0,dst,""
SPT,ok,true,0.0,dst,""
SPTX,ok,true,0.0,dst,""
SPWH,ok,true,0.0,dst,""
SPWR,warning,true,0.0,dst,"price_spikes,stale_prices,zero_volume"
SPWRV,warning,true,0.0,"price_spikes,dst",zero_volume
SPXC,ok,true,0.0,dst,""
SPXU,ok,true,0.0,dst,""
SPY,ok,true,0.0,dst,""
SPYU,ok,true,0.0,dst,""
SQM,ok,true,0.0,dst,""
SQQQ,ok,true,0.0,dst,""
SR,ok,true,0.0,dst,""
SRAD,ok,true,0.0,dst,""
SRBK,ok,true,0.0,dst,zero_volume
SRCE,ok,true,0.0,dst,""
SRCI,ok,true,0.0,dst,""
SRCL,warning,true,0.0,dst,price_spikes
SRE,warning,true,0.0,dst,price_spikes
SREV,ok,true,0.0,dst,""
SRFM,warning,true,0.0,dst,price_spikes
SRG,warning,true,0.0,dst,price_spikes
SRI,ok,true,0.0,dst,""
SRL,warning,true,0.0,dst,"price_spikes,stale_prices,zero_volume"
SRPT,warning,true,0.0,dst,"price_spikes,zero_volume"
SRRA,warning,true,0.0,dst,price_spikes
SRRK,ok,true,0.0,dst,""
SRS,ok,true,0.0,dst,""
SRTA,warning,true,0.0,dst,"price_spikes,stale_prices,zero_volume"
SRTS,warning,true,0.0,dst,"stale_prices,zero_volume"
SRTY,ok,true,0.0,dst,""
SRXH,warning,true,0.0,dst,"stale_prices,zero_volume"
SRZN,warning,true,0.0,dst,"price_spikes,zero_volume"
SSAC,ok,true,0.0,dst,zero_volume
SSB,ok,true,0.0,dst,""
SSBI,warning,true,0.0,dst,"price_spikes,stale_prices,zero_volume"
SSD,ok,true,0.0,dst,""
SSEA,warning,true,0.0,dst,"stale_prices,zero_volume"
SSFN,warning,true,0.0,dst,"price_spikes,stale_prices,zero_volume"
SSG,warning,true,3.6762,dst,"missing_bars,price_spikes,zero_volume"
SSII,ok,true,0.0,dst,""
SSL,ok,true,0.0,dst,""
SSM,ok,true,0.0,dst,zero_volume
SSMR,ok,true,0.0,dst,""
SSNC,ok,true,0.0,dst,""
SSO,warning,true,0.0,dst,price_spikes
SSP,ok,true,0.0,dst,""
SSRM,ok,true,0.0,dst,""
SSSS,ok,true,0.0,dst,""
SST,warning,true,0.0,dst,price_spikes
SSTI,ok,true,0.0,dst,""
SSTK,ok,true,0.0,dst,""
SSYS,ok,true,0.0,dst,""
ST,ok,true,0.0,dst,""
STAA,ok,true,0.0,dst,""
STAG,warning,true,0.0,dst,price_spikes
STAK,warning,true,0.0,dst,price_spikes
STAY,ok,true,0.0,dst,""
STBA,ok,true,0.0,dst,""
STBZ,ok,true,0.0,dst,""
STC,warning,true,0.0,dst,price_spikes
STDY,ok,true,0.0,dst,zero_volume
STE,warning,true,0.0,dst,price_spikes
STEL,ok,true,0.0,dst,""
STEM,ok,true,0.0,dst,""
STEP,ok,true,0.0,dst,""
STEX,ok,true,0.0,dst,""
STFC,warning,true,0.0,dst,price_spikes
STFS,warning,true,0.0,dst,"price_spikes,zero_volume"
STGW,warning,true,0.0,dst,price_spikes
STHH,ok,true,0.0,dst,""
STHO,ok,true,0.0,dst,""
STI,warning,true,0.0,dst,"price_spikes,stale_prices,zero_volume"
STIM,ok,true,0.0,dst,""
STJ,ok,true,0.0,dst,""
STKE,ok,true,0.0,dst,""
STKS,ok,true,0.0,dst,zero_volume
STL,ok,true,0.0,dst,""
STLA,ok,true,0.0,dst,""
STLD,ok,true,0.0,dst,""
STM,ok,true,0.0,dst,""
STML,ok,true,0.0,dst,""
STMP,ok,true,0.0,dst,""
STN,warning,true,0.0,dst,price_spikes
STND,warning,true,0.0,dst,"price_spikes,stale_prices,zero_volume"
STNE,ok,true,0.0,dst,""
STNG,ok,true,0.0,dst,""
STNL,warning,true,0.0,dst,"price_spikes,stale_prices,zero_volume"
STNLU,warning,true,0.0,dst,"stale_prices,zero_volume"
STOK,ok,true,0.0,dst,""
STPP,warning,true,0.0,dst,"price_spikes,stale_prices,zero_volume"
STRA,ok,true,0.0,dst,""
STRL,ok,true,0.0,dst,""
STRO,warning,true,0.0,dst,"price_spikes,zero_volume"
STRR,warning,true,0.0,dst,"stale_prices,zero_volume"
STRS,warning,true,0.0,dst,"price_spikes,stale_prices,zero_volume"
STRT,ok,true,0.0,dst,zero_volume
STRW,ok,true,0.0,dst,zero_volume
STRZ,ok,true,0.0,dst,""
STT,ok,true,0.0,dst,""
STTK,ok,true,0.0,dst,""
STUB,ok,true,0.0,dst,""
STVN,ok,true,0.0,dst,""
STX,ok,true,0.0,dst,""
STXB,warning,true,0.0,dst,price_spikes
STXS,warning,true,0.0,dst,"stale_prices,zero_volume"
STZ,ok,true,0.0,dst,""
SU,ok,true,0.0,dst,""
SUGP,warning,true,0.0,dst,"price_spikes,zero_volume"
SUIG,warning,true,0.0,dst,"price_spikes,stale_prices,zero_volume"
SUJA,ok,true,0.0,dst,""
SUMA,warning,true,0.0,dst,"stale_prices,zero_volume"
SUMR,warning,true,0.0,dst,"price_spikes,zero_volume"
SUN,warning,true,0.0,dst,price_spikes
SUNB,ok,true,0.0,dst,""
SUNC,ok,true,0.0,dst,""
SUNE,warning,true,0.0,dst,zero_volume
SUPN,ok,true,0.0,dst,""
SUPV,ok,true,0.0,dst,""
SUPX,warning,true,0.0,dst,"stale_prices,zero_volume"
SURG,ok,true,0.0,dst,""
SVA,warning,true,0.0,dst,"price_spikes,stale_prices,zero_volume"
SVAC,warning,true,73.3006,dst,"missing_bars,zero_volume"
SVAQ,warning,true,0.0,dst,"stale_prices,zero_volume"
SVBI,warning,true,0.0,dst,"price_spikes,zero_volume"
SVCC,warning,true,0.0,dst,"stale_prices,zero_volume"
SVCO,ok,true,0.0,dst,""
SVIV,warning,true,0.0,dst,"price_spikes,stale_prices,zero_volume"
SVM,ok,true,0.0,dst,""
SVRA,ok,true,0.0,dst,""
SVRN,warning,true,0.0,dst,"price_spikes,zero_volume"
SVU,ok,true,0.0,dst,""
SVV,ok,true,0.0,dst,""
SW,ok,true,0.0,dst,""
SWAG,ok,true,0.0,dst,""
SWBI,ok,true,0.0,dst,""
SWBIV,ok,true,0.0,"price_spikes,dst",""
SWIM,ok,true,0.0,dst,""
SWIN,warning,true,0.0,dst,"stale_prices,zero_volume"
SWK,ok,true,0.0,dst,""
SWKS,warning,true,0.0,dst,price_spikes
SWMR,ok,true,0.0,dst,""
SWN,ok,true,0.0,dst,""
SWVL,warning,true,0.0,dst,price_spikes
SWX,warning,true,0.0,dst,price_spikes
SXC,ok,true,0.0,dst,""
SXCP,ok,true,0.0,dst,""
SXI,warning,true,0.0,dst,price_spikes
SXT,ok,true,0.0,dst,""
SXTC,warning,true,0.0,dst,"price_spikes,zero_volume"
SXTP,ok,true,0.0,dst,""
SY,ok,true,0.0,dst,""
SYBT,ok,true,0.0,dst,""
SYF,ok,true,0.0,dst,""
SYK,ok,true,0.0,dst,""
SYKE,ok,true,0.0,dst,""
SYM,warning,true,0.0,dst,"price_spikes,zero_volume"
SYMC,ok,true,0.0,dst,""
SYNA,ok,true,0.0,dst,""
SYNC,ok,true,0.0,dst,zero_volume
SYNT,ok,true,0.0,dst,""
SYNX,warning,true,0.0,dst,"price_spikes,zero_volume"
SYPR,warning,true,0.0,dst,"price_spikes,zero_volume"
SYRE,ok,true,0.0,dst,""
SYY,warning,true,0.0,dst,price_spikes
SZK,warning,true,0.0,dst,"price_spikes,stale_prices,zero_volume"
SZZL,warning,true,26.7703,dst,"missing_bars,price_spikes,stale_prices,zero_volume"
T,ok,true,0.0,dst,""
TAC,ok,true,0.0,dst,""
TACA,warning,true,0.0,dst,"price_spikes,zero_volume"
TACH,warning,true,0.0,dst,"price_spikes,stale_prices,zero_volume"
TACO,warning,true,30.2265,dst,missing_bars
TACT,ok,true,0.0,dst,zero_volume
TAHO,ok,true,0.0,dst,""
TAL,ok,true,0.0,dst,""
TALK,ok,true,0.0,dst,""
TALO,ok,true,0.0,dst,""
TAN,ok,true,0.0,dst,""
TANH,warning,true,0.0,dst,"price_spikes,zero_volume"
TAOP,warning,true,0.0,dst,"price_spikes,zero_volume"
TAOX,ok,true,0.0,dst,zero_volume
TAP,ok,true,0.0,dst,""
TAP.A,warning,true,0.0,dst,"price_spikes,stale_prices,zero_volume"
TARA,ok,true,0.0,dst,""
TARS,ok,true,0.0,dst,""
TASK,ok,true,0.0,dst,""
TAT,ok,true,0.0,dst,""
TATT,warning,true,0.0,dst,"price_spikes,stale_prices,zero_volume"
TAVI,warning,true,0.0,dst,"price_spikes,stale_prices,zero_volume"
TAWK,ok,true,0.0,dst,zero_volume
TAYD,warning,true,0.0,dst,"stale_prices,zero_volume"
TBBB,ok,true,0.0,dst,""
TBBK,warning,true,0.0,dst,price_spikes
TBCH,ok,true,0.0,dst,""
TBH,ok,true,0.0,dst,""
TBI,ok,true,0.0,dst,""
TBLA,ok,true,0.0,dst,zero_volume
TBN,ok,true,0.0,dst,""
TBPH,ok,true,0.0,dst,""
TBRG,warning,true,0.0,dst,"price_spikes,stale_prices,zero_volume"
TBRGU,warning,true,0.0,dst,"price_spikes,stale_prices,zero_volume"
TBX,warning,true,0.0,dst,"price_spikes,zero_volume"
TCAC,warning,true,0.0,dst,"price_spikes,zero_volume"
TCBI,ok,true,0.0,dst,""
TCBK,warning,true,0.0,dst,price_spikes
TCBX,ok,true,0.0,dst,""
TCF,warning,true,0.0,dst,price_spikes
TCHF,warning,true,0.0,dst,"price_spikes,stale_prices,zero_volume"
TCI,warning,true,0.0,dst,"price_spikes,stale_prices,zero_volume"
TCMD,ok,true,0.0,dst,""
TCO,ok,true,0.0,dst,""
TCP,warning,true,0.0,dst,price_spikes
TCPC,warning,true,0.0,dst,price_spikes
TCRT,warning,true,0.0,dst,price_spikes
TCRX,warning,true,4.9387,dst,"missing_bars,price_spikes,stale_prices,zero_volume"
TCX,warning,true,0.0,dst,price_spikes
TD,warning,true,0.0,dst,price_spikes
TDAC,warning,true,0.0,dst,"price_spikes,stale_prices,zero_volume"
TDAY,ok,true,0.0,dst,""
TDC,ok,true,0.0,dst,""
TDG,warning,true,0.0,dst,price_spikes
TDIC,warning,true,0.0,dst,price_spikes
TDOC,ok,true,0.0,dst,""
TDS,ok,true,0.0,dst,""
TDTH,ok,true,0.0,dst,""
TDUP,ok,true,0.0,dst,""
TDW,warning,true,5.3843,dst,missing_bars
TDWD,warning,true,0.0,dst,"stale_prices,zero_volume"
TDY,ok,true,0.0,dst,""
TE,warning,true,0.0,dst,"price_spikes,zero_volume"
TEAD,ok,true,0.0,dst,""
TEAM,ok,true,0.0,dst,""
TECD,warning,true,0.0,dst,price_spikes
TECH,ok,true,0.0,dst,""
TECK,ok,true,0.0,dst,""
TECX,ok,true,0.0,dst,""
TEL,ok,true,0.0,dst,""
TELA,ok,true,0.0,dst,zero_volume
TELO,ok,true,0.0,dst,""
TEM,ok,true,0.0,dst,""
TEN,ok,true,0.0,dst,""
TENB,ok,true,0.0,dst,""
TENG,ok,true,0.0,dst,zero_volume
TENX,warning,true,0.0,dst,zero_volume
TEO,ok,true,0.0,dst,""
TER,ok,true,0.0,dst,""
TERP,warning,true,0.0,dst,price_spikes
TETF,ok,true,0.0,dst,zero_volume
TEX,ok,true,0.0,dst,""
TFC,ok,true,0.0,dst,""
TFCF,ok,true,0.0,"price_spikes,dst",""
TFCFA,ok,true,0.0,"price_spikes,dst",""
TFII,ok,true,0.0,dst,""
TFIN,ok,true,0.0,dst,""
TFPM,ok,true,0.0,dst,""
TFSL,ok,true,0.0,dst,""
TFX,ok,true,0.0,dst,""
TG,warning,true,0.0,dst,price_spikes
TGB,ok,true,0.0,dst,""
TGE,warning,true,0.0,dst,"price_spikes,stale_prices,zero_volume"
TGEN,warning,true,45.4883,dst,"missing_bars,zero_volume"
TGHL,ok,true,0.0,dst,""
TGL,warning,true,0.0,dst,zero_volume
TGLS,warning,true,0.0,dst,"price_spikes,zero_volume"
TGNA,ok,true,0.0,dst,zero_volume
TGP,warning,true,0.0,dst,price_spikes
TGS,ok,true,0.0,dst,""
TGT,ok,true,0.0,dst,""
TGTX,ok,true,0.0,dst,""
TH,warning,true,0.0,dst,"price_spikes,stale_prices,zero_volume"
THC,ok,true,0.0,dst,""
THCH,warning,true,0.0,dst,"price_spikes,zero_volume"
THD,ok,true,0.0,dst,""
THFF,warning,true,0.0,dst,price_spikes
THG,warning,true,0.0,dst,price_spikes
THH,ok,true,0.0,dst,""
THM,ok,true,0.0,dst,""
THO,ok,true,0.0,dst,""
THRM,ok,true,0.0,dst,""
THRY,ok,true,0.0,dst,""
TIC,ok,true,0.0,dst,""
TIF,warning,true,0.0,dst,price_spikes
TIG,warning,true,0.0,dst,"price_spikes,stale_prices,zero_volume"
TIGO,ok,true,0.0,dst,""
TII,ok,true,0.0,dst,""
TIL,warning,true,1.9316,dst,"missing_bars,price_spikes,stale_prices,zero_volume"
TILE,ok,true,0.0,dst,""
TIP,ok,true,0.0,dst,""
TIPT,warning,true,0.0,dst,price_spikes
TISA,warning,true,0.0,dst,"price_spikes,zero_volume"
TISI,ok,true,0.0,dst,zero_volume
TITN,ok,true,0.0,dst,""
TIVO,ok,true,0.0,dst,""
TJGC,warning,true,0.0,dst,"stale_prices,zero_volume"
TJX,ok,true,0.0,dst,""
TK,ok,true,0.0,dst,""
TKC,ok,true,0.0,dst,""
TKKS,warning,true,0.0,dst,"price_spikes,stale_prices,zero_volume"
TKNO,ok,true,0.0,dst,""
TKO,warning,true,0.0,dst,price_spikes
TKR,warning,true,0.0,dst,price_spikes
TLC,warning,true,0.0,dst,"price_spikes,zero_volume"
TLF,ok,true,0.0,dst,zero_volume
TLIH,ok,true,0.0,dst,zero_volume
TLK,ok,true,0.0,dst,""
TLMD,ok,true,0.0,dst,""
TLN,warning,true,4.8273,dst,"missing_bars,stale_prices,zero_volume"
TLNC,warning,true,0.0,dst,"price_spikes,stale_prices,zero_volume"
TLP,ok,true,0.0,dst,""
TLPH,ok,true,0.0,dst,zero_volume
TLRA,ok,true,0.0,dst,""
TLRY,warning,true,0.0,dst,price_spikes
TLS,ok,true,0.0,dst,""
TLSA,warning,true,0.0,dst,"price_spikes,stale_prices,zero_volume"
TLSI,warning,true,0.0,dst,"price_spikes,stale_prices,zero_volume"
TLT,ok,true,0.0,dst,""
TLYS,ok,true,0.0,dst,""
TMC,warning,true,0.0,dst,price_spikes
TMCI,ok,true,0.0,dst,""
TMCR,ok,true,0.0,dst,""
TMCX,warning,true,0.0,dst,zero_volume
TMDE,ok,true,0.0,dst,""
TMDX,ok,true,0.0,dst,zero_volume
TMH,warning,true,0.0,dst,"price_spikes,stale_prices,zero_volume"
TMHC,ok,true,0.0,dst,""
TMK,ok,true,0.0,dst,""
TMO,ok,true,0.0,dst,""
TMP,warning,true,0.0,dst,price_spikes
TMQ,ok,true,0.0,dst,""
TMS,warning,true,0.0,dst,"price_spikes,stale_prices,zero_volume"
TMTS,warning,true,75.1355,dst,"missing_bars,stale_prices,zero_volume"
TMUS,ok,true,0.0,dst,""
TNAV,ok,true,0.0,dst,""
TNC,ok,true,0.0,dst,""
TNDM,warning,true,7.2039,dst,missing_bars
TNET,ok,true,0.0,dst,""
TNGX,ok,true,0.0,dst,zero_volume
TNK,ok,true,0.0,dst,""
TNL,warning,true,0.0,dst,price_spikes
TNMG,warning,true,0.0,dst,"price_spikes,stale_prices,zero_volume"
TNON,warning,true,0.0,dst,price_spikes
TNXP,warning,true,0.0,dst,"price_spikes,zero_volume"
TNYA,ok,true,0.0,dst,""
TOI,ok,true,0.0,dst,""
TOL,ok,true,0.0,dst,""
TOMZ,ok,true,0.0,dst,zero_volume
TONX,ok,true,0.0,dst,""
TOO,warning,true,0.0,dst,stale_prices
TOON,warning,true,0.0,dst,"price_spikes,zero_volume"
TOP,warning,true,0.0,dst,"price_spikes,stale_prices,zero_volume"
TOPP,warning,true,0.0,dst,"price_spikes,zero_volume"
TOPS,warning,true,0.0,dst,"price_spikes,zero_volume"
TORO,ok,true,0.0,dst,""
TOST,ok,true,0.0,dst,""
TOVX,warning,true,0.0,dst,price_spikes
TOWN,ok,true,0.0,dst,""
TOWR,ok,true,0.0,dst,""
TOYO,warning,true,0.0,dst,"price_spikes,stale_prices,zero_volume"
TPB,warning,true,0.0,dst,price_spikes
TPC,warning,true,0.0,dst,price_spikes
TPCO,ok,true,0.0,dst,""
TPCS,ok,true,0.0,dst,""
TPET,warning,true,0.0,dst,"price_spikes,stale_prices,zero_volume"
TPG,ok,true,0.0,dst,""
TPGH,warning,true,0.0,dst,"price_spikes,stale_prices,zero_volume"
TPIV,ok,true,0.0,dst,""
TPL,warning,true,0.0,dst,price_spikes
TPR,ok,true,0.0,dst,""
TPST,warning,true,0.0,dst,"price_spikes,zero_volume"
TPTX,ok,true,0.0,dst,""
TPVG,warning,true,0.0,dst,price_spikes
TQQQ,ok,true,0.0,dst,""
TR,ok,true,0.0,dst,""
TRAD,warning,true,0.0,dst,"stale_prices,zero_volume"
TRAK,ok,true,0.0,dst,""
TRAW,warning,true,0.0,dst,"price_spikes,zero_volume"
TRAX,ok,true,0.0,dst,zero_volume
TRC,warning,true,0.0,dst,price_spikes
TRCB,ok,true,0.0,dst,zero_volume
TRCO,ok,true,0.0,dst,""
TRDA,ok,true,0.0,dst,""
TREC,warning,true,0.0,dst,price_spikes
TREE,ok,true,0.0,dst,""
TREX,ok,true,0.0,dst,""
TRGP,warning,true,0.0,dst,price_spikes
TRGS,warning,true,0.0,dst,"stale_prices,zero_volume"
TRI,warning,true,0.0,dst,price_spikes
TRIN,ok,true,0.0,dst,""
TRIP,ok,true,0.0,dst,""
TRK,ok,true,0.0,dst,""
TRLV,ok,true,0.0,dst,""
TRMB,ok,true,0.0,dst,""
TRMD,warning,true,0.0,dst,"price_spikes,stale_prices,zero_volume"
TRN,ok,true,0.0,dst,""
TRNO,ok,true,0.0,dst,""
TRNR,warning,true,0.0,dst,zero_volume
TRNS,warning,true,0.0,dst,"price_spikes,zero_volume"
TRON,warning,true,0.0,dst,price_spikes
TROO,warning,true,0.0,dst,"price_spikes,zero_volume"
TROW,warning,true,0.0,dst,price_spikes
TROX,ok,true,0.0,dst,""
TRP,warning,true,3.2677,dst,"missing_bars,price_spikes"
TRS,warning,true,0.0,dst,price_spikes
TRSG,warning,true,0.0,dst,zero_volume
TRT,ok,true,0.0,dst,zero_volume
TRU,ok,true,0.0,dst,""
TRUG,warning,true,0.0,dst,"price_spikes,stale_prices,zero_volume"
TRUP,ok,true,0.0,dst,""
TRV,ok,true,0.0,dst,""
TRVI,ok,true,0.0,dst,zero_volume
TRX,ok,true,0.0,dst,""
TS,ok,true,0.0,dst,""
TSAT,ok,true,0.0,dst,""
TSBK,warning,true,0.0,dst,"price_spikes,zero_volume"
TSC,warning,true,0.0,dst,price_spikes
TSCO,ok,true,0.0,dst,""
TSEM,ok,true,0.0,dst,""
TSG,ok,true,0.0,dst,""
TSHA,ok,true,0.0,dst,""
TSLA,ok,true,0.0,dst,""
TSLI,warning,true,54.0698,dst,missing_bars
TSLX,warning,true,0.0,dst,price_spikes
TSM,ok,true,0.0,dst,""
TSN,ok,true,0.0,dst,""
TSQ,ok,true,0.0,dst,""
TSRO,ok,true,0.0,dst,""
TSS,ok,true,0.0,dst,""
TSSI,ok,true,0.0,dst,""
TST,ok,true,0.0,dst,""
TSU,ok,true,0.0,dst,""
TT,ok,true,0.0,dst,""
TTAM,ok,true,0.0,dst,""
TTAN,ok,true,0.0,dst,""
TTC,ok,true,0.0,dst,""
TTD,ok,true,0.0,dst,""
TTE,ok,true,0.0,dst,""
TTEC,ok,true,0.0,dst,""
TTEK,ok,true,0.0,dst,""
TTGT,ok,true,0.0,dst,""
TTI,ok,true,0.0,dst,""
TTMI,ok,true,0.0,dst,""
TTPH,ok,true,0.0,dst,""
TTRX,ok,true,0.0,dst,""
TTT,ok,true,0.0,dst,""
TTWO,ok,true,0.0,dst,""
TU,warning,true,0.0,dst,price_spikes
TUFN,ok,true,0.0,dst,""
TULP,warning,true,0.0,dst,"price_spikes,stale_prices,zero_volume"
TUR,ok,true,0.0,dst,""
TUSK,ok,true,0.0,dst,""
TV,ok,true,0.0,dst,""
TVA,warning,true,0.0,dst,"price_spikes,stale_prices,zero_volume"
TVAI,warning,true,0.0,dst,"stale_prices,zero_volume"
TVC,warning,true,0.0,dst,"price_spikes,zero_volume"
TVE,ok,true,0.0,dst,""
TVGN,warning,true,0.0,dst,"price_spikes,stale_prices,zero_volume"
TVIZ,ok,true,0.0,dst,zero_volume
TVPT,ok,true,0.0,dst,""
TVRD,warning,true,0.0,dst,price_spikes
TVTX,ok,true,0.0,dst,""
TVTY,ok,true,0.0,dst,""
TW,warning,true,2.3765,dst,"missing_bars,stale_prices,zero_volume"
TWAV,warning,true,0.0,dst,"price_spikes,zero_volume"
TWC,ok,true,0.0,dst,""
TWFG,ok,true,0.0,dst,""
TWG,warning,true,0.0,dst,price_spikes
TWI,ok,true,0.0,dst,""
TWIN,warning,true,0.0,dst,price_spikes
TWLO,ok,true,0.0,dst,""
TWLV,warning,true,19.3,dst,"missing_bars,price_spikes,stale_prices,zero_volume"
TWLVU,warning,true,20.0675,dst,"missing_bars,price_spikes,stale_prices,zero_volume"
TWM,ok,true,0.0,dst,""
TWO,warning,true,0.0,dst,price_spikes
TWST,ok,true,0.0,dst,""
TWTR,ok,true,0.0,dst,""
TWX,ok,true,0.0,dst,""
TXG,ok,true,0.0,dst,""
TXMD,ok,true,0.0,dst,""
TXN,ok,true,0.0,dst,""
TXNM,ok,true,0.0,dst,""
TXO,ok,true,0.0,dst,""
TXRH,ok,true,0.0,dst,""
TXT,ok,true,0.0,dst,""
TY,warning,true,0.0,dst,price_spikes
TYBS,warning,true,0.0,dst,"price_spikes,stale_prices,zero_volume"
TYG,warning,true,0.0,dst,price_spikes
TYGO,warning,true,0.0,dst,"price_spikes,stale_prices,zero_volume"
TYL,ok,true,0.0,dst,""
TYME,warning,true,0.0,dst,price_spikes
TYNS,warning,true,0.0,dst,"stale_prices,zero_volume"
TYPE,ok,true,0.0,dst,""
TYRA,ok,true,0.0,dst,""
TZOO,ok,true,0.0,dst,""
UA,warning,true,0.0,dst,price_spikes
UAA,warning,true,0.0,dst,price_spikes
UAG,warning,true,0.0,dst,"stale_prices,zero_volume"
UAL,ok,true,0.0,dst,""
UAN,ok,true,0.0,dst,""
UAVS,warning,true,0.0,dst,"price_spikes,stale_prices,zero_volume"
UBC,warning,true,0.0,dst,"price_spikes,stale_prices,zero_volume"
UBER,ok,true,0.0,dst,""
UBG,warning,true,0.0,dst,"price_spikes,stale_prices,zero_volume"
UBM,warning,true,0.0,dst,"stale_prices,zero_volume"
UBN,warning,true,0.0,dst,"stale_prices,zero_volume"
UBNK,ok,true,0.0,dst,""
UBR,ok,true,0.0,dst,zero_volume
UBS,ok,true,0.0,dst,""
UBT,ok,true,0.0,dst,""
UBXG,warning,true,0.0,dst,"price_spikes,zero_volume"
UCAR,ok,true,0.0,dst,zero_volume
UCBA,warning,true,0.0,dst,"price_spikes,stale_prices,zero_volume"
UCC,warning,true,0.0,dst,"price_spikes,stale_prices,zero_volume"
UCFI,warning,true,0.0,dst,"price_spikes,stale_prices,zero_volume"
UCI,ok,true,0.0,dst,zero_volume
UCIB,warning,true,0.0,dst,"price_spikes,stale_prices,zero_volume"
UCO,ok,true,0.0,dst,""
UCOM,warning,true,0.0,dst,"price_spikes,stale_prices,zero_volume"
UCTT,ok,true,0.0,dst,""
UDBI,warning,true,0.0,dst,"price_spikes,stale_prices,zero_volume"
UDOW,ok,true,0.0,dst,""
UDR,ok,true,0.0,dst,""
UE,ok,true,0.0,dst,""
UEC,ok,true,0.0,dst,""
UEIC,ok,true,0.0,dst,""
UFG,ok,true,0.0,dst,zero_volume
UFI,ok,true,0.0,dst,""
UFPI,ok,true,0.0,dst,""
UFPT,warning,true,0.0,dst,price_spikes
UFS,ok,true,0.0,dst,""
UGA,ok,true,0.0,dst,""
UGE,warning,true,0.0,dst,"price_spikes,stale_prices,zero_volume"
UGI,warning,true,0.0,dst,price_spikes
UGL,ok,true,0.0,dst,""
UGP,warning,true,0.0,dst,price_spikes
UHAL,warning,true,0.0,dst,price_spikes
UHAL.B,ok,true,0.0,dst,""
UHN,warning,true,0.0,dst,"stale_prices,zero_volume"
UHS,warning,true,0.0,dst,price_spikes
UI,ok,true,0.0,dst,""
UIS,ok,true,0.0,dst,""
UJB,warning,true,0.0,dst,"price_spikes,stale_prices,zero_volume"
UK,warning,true,0.0,dst,"price_spikes,stale_prices,zero_volume"
UL,warning,true,0.0,dst,price_spikes
ULBI,ok,true,0.0,dst,""
ULBR,warning,true,0.0,dst,"price_spikes,stale_prices,zero_volume"
ULCC,ok,true,0.0,dst,""
ULE,ok,true,0.0,dst,zero_volume
ULH,ok,true,0.0,dst,""
ULS,ok,true,0.0,dst,""
ULTA,ok,true,0.0,dst,""
UMAC,ok,true,0.0,dst,""
UMBF,ok,true,0.0,dst,""
UMDD,ok,true,0.0,dst,zero_volume
UMH,ok,true,0.0,dst,""
UN,warning,true,52.1352,dst,"missing_bars,price_spikes"
UNB,warning,true,0.0,dst,"price_spikes,zero_volume"
UNCY,ok,true,0.0,dst,""
UNF,ok,true,0.0,dst,""
UNG,ok,true,0.0,dst,""
UNH,ok,true,0.0,dst,""
UNM,ok,true,0.0,dst,""
UNP,ok,true,0.0,dst,""
UONE,warning,true,0.0743,dst,"missing_bars,price_spikes,stale_prices,zero_volume"
UONEK,ok,true,0.0,dst,zero_volume
UP,warning,true,0.0,dst,"price_spikes,zero_volume"
UPB,ok,true,0.0,dst,""
UPBD,warning,true,0.0,dst,price_spikes
UPC,warning,true,0.0,dst,"price_spikes,zero_volume"
UPLD,warning,true,0.0,dst,"price_spikes,zero_volume"
UPRO,warning,true,0.0,dst,price_spikes
UPS,ok,true,0.0,dst,""
UPST,ok,true,0.0,dst,""
UPV,warning,true,0.0,dst,"price_spikes,stale_prices,zero_volume"
UPW,warning,true,0.0,dst,"price_spikes,zero_volume"
UPWK,ok,true,0.0,dst,""
UPXI,ok,true,0.0,dst,""
UQM,ok,true,0.0,dst,""
URBN,ok,true,0.0,dst,""
URE,warning,true,0.0,dst,price_spikes
URG,ok,true,0.0,dst,""
URGN,ok,true,0.0,dst,""
URI,ok,true,0.0,dst,""
UROV,ok,true,0.0,dst,""
UROY,ok,true,0.0,dst,""
URR,warning,true,0.0,dst,"price_spikes,stale_prices,zero_volume"
URSP,ok,true,0.0,dst,""
URTY,ok,true,0.0,dst,""
USAC,warning,true,0.0,dst,price_spikes
USAG,warning,true,0.0,dst,"stale_prices,zero_volume"
USAK,ok,true,0.0,dst,""
USAR,warning,true,0.0,dst,"price_spikes,stale_prices,zero_volume"
USAS,ok,true,0.0,dst,""
USAU,ok,true,0.0,dst,""
USB,warning,true,0.0,dst,price_spikes
USBC,ok,true,0.0,dst,""
USCB,warning,true,0.0,dst,"price_spikes,zero_volume"
USCI,ok,true,0.0,dst,""
USCR,warning,true,0.0,dst,price_spikes
USD,ok,true,0.0,dst,zero_volume
USDE,ok,true,0.0,dst,""
USFD,warning,true,0.0,dst,price_spikes
USGO,ok,true,0.0,dst,""
USIO,ok,true,0.0,dst,zero_volume
USML,warning,true,0.0,dst,"price_spikes,stale_prices,zero_volume"
USMV,warning,true,0.0,dst,price_spikes
USNA,ok,true,0.0,dst,""
USO,ok,true,0.0,dst,""
USOI,warning,true,0.0,dst,"stale_prices,zero_volume"
USPH,ok,true,0.0,dst,""
UST,ok,true,0.0,dst,zero_volume
USV,warning,true,0.0,dst,"price_spikes,stale_prices,zero_volume"
UTI,warning,true,0.0,dst,price_spikes
UTLF,warning,true,0.0,dst,"stale_prices,zero_volume"
UTMD,ok,true,0.0,dst,""
UTSI,warning,true,0.0,dst,"price_spikes,stale_prices,zero_volume"
UTX,ok,true,0.0,dst,""
UTZ,warning,true,0.0,dst,"price_spikes,stale_prices,zero_volume"
UUP,warning,true,0.0,dst,price_spikes
UUU,warning,true,0.0,dst,"stale_prices,zero_volume"
UUUU,ok,true,0.0,dst,""
UVE,warning,true,0.0,dst,price_spikes
UVSP,warning,true,0.0,dst,price_spikes
UVV,ok,true,0.0,dst,""
UWM,warning,true,0.0,dst,price_spikes
UWMC,warning,true,0.0,dst,"price_spikes,stale_prices,zero_volume"
UWN,warning,true,0.0,dst,price_spikes
UWT,ok,true,0.0,dst,""
UXI,warning,true,0.0,dst,"price_spikes,zero_volume"
UXIN,warning,true,0.0,dst,price_spikes
UYG,warning,true,0.0,dst,price_spikes
UYM,ok,true,0.0,dst,zero_volume
UYSC,warning,true,0.0,dst,"stale_prices,zero_volume"
UZX,ok,true,0.0,dst,zero_volume
V,ok,true,0.0,dst,""
VABK,warning,true,0.0,dst,"price_spikes,zero_volume"
VAC,ok,true,0.0,dst,""
VACI,warning,true,0.0,dst,"price_spikes,stale_prices,zero_volume"
VAL,warning,true,0.0,dst,"price_spikes,stale_prices,zero_volume"
VALE,ok,true,0.0,dst,""
VALU,ok,true,0.0,dst,zero_volume
VANI,warning,true,0.0,dst,price_spikes
VAR,ok,true,0.0,dst,""
VATE,ok,true,0.0,dst,""
VBIO,warning,true,0.0,dst,"price_spikes,zero_volume"
VBNK,ok,true,0.0,dst,zero_volume
VC,ok,true,0.0,dst,""
VCEL,ok,true,0.0,dst,""
VCIG,warning,true,0.0,dst,zero_volume
VCRA,ok,true,0.0,dst,""
VCTR,ok,true,0.0,dst,""
VCYT,warning,true,0.0,dst,price_spikes
VEA,warning,true,0.0,dst,price_spikes
VEAC,warning,true,0.0,dst,"stale_prices,zero_volume"
VEACU,warning,true,0.0,dst,"stale_prices,zero_volume"
VECA,warning,true,0.0,dst,"stale_prices,zero_volume"
VECO,ok,true,0.0,dst,""
VEDL,ok,true,0.0,dst,""
VEEA,warning,true,0.0,dst,"price_spikes,stale_prices,zero_volume"
VEEE,warning,true,0.0,dst,"price_spikes,zero_volume"
VEEV,ok,true,0.0,dst,""
VEI,ok,true,0.0,dst,""
VEL,warning,true,0.0,dst,"price_spikes,zero_volume"
VELO,warning,true,48.8253,dst,"missing_bars,price_spikes,zero_volume"
VENU,ok,true,0.0,dst,""
VEON,warning,true,0.0,dst,price_spikes
VER,warning,true,0.0,dst,price_spikes
VERA,ok,true,0.0,dst,""
VERI,ok,true,0.0,dst,""
VERU,ok,true,0.0,dst,zero_volume
VERX,ok,true,0.0,dst,""
VESH,warning,true,0.0,dst,"price_spikes,stale_prices,zero_volume"
VET,warning,true,0.0,dst,price_spikes
VFC,ok,true,0.0,dst,""
VFF,warning,true,0.0,dst,"stale_prices,zero_volume"
VFS,warning,true,0.0,dst,"price_spikes,stale_prices,zero_volume"
VG,warning,true,0.0,dst,"stale_prices,zero_volume"
VGAS,warning,true,0.0,dst,"price_spikes,stale_prices,zero_volume"
VGNT,ok,true,0.0,dst,""
VGZ,ok,true,0.0,dst,""
VHC,warning,true,0.0,dst,"price_spikes,zero_volume"
VHCP,warning,true,0.0,dst,"stale_prices,zero_volume"
VHI,warning,true,0.0,dst,price_spikes
VHUB,ok,true,0.0,dst,""
VIA,warning,true,11.5485,dst,"missing_bars,price_spikes,stale_prices,zero_volume"
VIAB,ok,true,0.0,dst,""
VIAC,ok,true,0.0,dst,""
VIAV,ok,true,0.0,dst,""
VICI,warning,true,0.0,dst,price_spikes
VICL,ok,true,0.0,dst,""
VICR,ok,true,0.0,dst,""
VIDA,ok,true,0.0,dst,""
VIDI,ok,true,0.0,dst,""
VIE,ok,true,0.0,dst,""
VIIZ,warning,true,0.0,dst,"stale_prices,zero_volume"
VIK,ok,true,0.0,dst,""
VINP,ok,true,0.0,dst,""
VIPS,ok,true,0.0,dst,""
VIR,ok,true,0.0,dst,""
VIRC,ok,true,0.0,dst,zero_volume
VIRT,ok,true,0.0,dst,""
VISN,ok,true,0.0,dst,""
VIST,ok,true,0.0,dst,""
VITL,ok,true,0.0,dst,""
VIVK,warning,true,6.765,dst,"missing_bars,zero_volume"
VIVO,warning,true,0.0,dst,"price_spikes,stale_prices,zero_volume"
VIVS,warning,true,0.0,dst,price_spikes
VKTX,ok,true,0.0,dst,""
VLGEA,ok,true,0.0,dst,""
VLN,warning,true,0.0,dst,"price_spikes,zero_volume"
VLO,warning,true,0.0,dst,price_spikes
VLP,ok,true,0.0,dst,""
VLRS,ok,true,0.0,dst,""
VLTO,ok,true,0.0,dst,""
VLUE,warning,true,0.0,dst,price_spikes
VLY,ok,true,0.0,dst,""
VMAR,warning,true,0.0,dst,"price_spikes,zero_volume"
VMC,warning,true,0.0,dst,price_spikes
VMD,ok,true,0.0,dst,""
VMET,ok,true,0.0,dst,""
VMI,ok,true,0.0,dst,""
VMIN,ok,true,0.0,dst,zero_volume
VNCE,warning,true,0.0,dst,"price_spikes,zero_volume"
VNDA,ok,true,0.0,dst,""
VNE,ok,true,0.0,dst,""
VNME,warning,true,0.0,dst,"stale_prices,zero_volume"
VNO,ok,true,0.0,dst,""
VNOM,ok,true,0.0,dst,""
VNQ,warning,true,0.0,dst,price_spikes
VNRX,ok,true,0.0,dst,""
VNT,ok,true,0.0,dst,""
VNTG,ok,true,0.0,dst,""
VOO,ok,true,0.0,dst,""
VOR,ok,true,0.0,dst,""
VOXR,ok,true,0.0,dst,""
VOYA,ok,true,0.0,dst,""
VOYG,ok,true,0.0,dst,""
VPG,warning,true,0.0,dst,price_spikes
VQT,warning,true,0.0,dst,"price_spikes,stale_prices,zero_volume"
VRA,ok,true,0.0,dst,""
VRAX,ok,true,0.0,dst,""
VRCA,ok,true,0.0,dst,""
VRDN,ok,true,0.0,dst,""
VREX,ok,true,0.0,dst,""
VRM,warning,true,0.0,dst,"price_spikes,stale_prices,zero_volume"
VRME,warning,true,0.0,dst,price_spikes
VRNS,ok,true,0.0,dst,""
VRRM,warning,true,0.0,dst,"price_spikes,stale_prices,zero_volume"
VRS,ok,true,0.0,dst,""
VRSK,warning,true,0.0,dst,price_spikes
VRSN,ok,true,0.0,dst,""
VRT,warning,true,0.0,dst,"price_spikes,zero_volume"
VRTS,ok,true,0.0,dst,""
VRTU,warning,true,0.0,dst,price_spikes
VRTX,ok,true,0.0,dst,""
VRXA,warning,true,0.0,dst,"price_spikes,stale_prices,zero_volume"
VS,warning,true,0.0,dst,price_spikes
VSAT,ok,true,0.0,dst,""
VSEC,ok,true,0.0,dst,""
VSEE,warning,true,0.0,dst,"price_spikes,stale_prices,zero_volume"
VSH,ok,true,0.0,dst,""
VSI,ok,true,0.0,dst,""
VSLR,ok,true,0.0,dst,""
VSM,ok,true,0.0,dst,""
VSME,warning,true,0.0,dst,price_spikes
VSNT,ok,true,0.0,dst,""
VST,warning,true,0.0,dst,price_spikes
VSTD,warning,true,0.0,dst,"price_spikes,stale_prices,zero_volume"
VSTM,ok,true,0.0,dst,""
VSTS,ok,true,0.0,dst,""
VSXY,ok,true,0.0,dst,""
VTAK,warning,true,0.0,dst,zero_volume
VTEX,ok,true,0.0,dst,""
VTGN,ok,true,0.0,dst,""
VTI,warning,true,0.0,dst,price_spikes
VTIX,ok,true,0.0,dst,""
VTOL,ok,true,0.0,dst,""
VTR,warning,true,0.0,dst,price_spikes
VTRS,ok,true,0.0,dst,""
VTS,ok,true,0.0,dst,""
VTSI,warning,true,0.0,dst,"price_spikes,zero_volume"
VTV,warning,true,0.0,dst,price_spikes
VTVT,ok,true,0.0,dst,zero_volume
VUG,ok,true,0.0,dst,""
VUZI,warning,true,0.0,dst,price_spikes
VVC,ok,true,0.0,dst,""
VVOS,warning,true,0.0,dst,price_spikes
VVV,warning,true,0.0,dst,price_spikes
VVX,ok,true,0.0,dst,""
VWAV,ok,true,0.0,dst,""
VWO,ok,true,0.0,dst,""
VWTR,ok,true,0.0,dst,""
VXX,warning,true,0.0,dst,"price_spikes,zero_volume"
VXZ,warning,true,0.0,dst,"stale_prices,zero_volume"
VYGR,ok,true,0.0,dst,""
VYLD,ok,true,0.0,dst,zero_volume
VYNE,warning,true,0.0,dst,price_spikes
VYX,ok,true,0.0,dst,""
VZ,ok,true,0.0,dst,""
VZLA,ok,true,0.0,dst,zero_volume
W,warning,true,0.0,dst,price_spikes
WAAS,warning,true,0.0,dst,price_spikes
WAB,warning,true,0.0,dst,price_spikes
WABC,ok,true,0.0,dst,""
WAFD,ok,true,0.0,dst,""
WAFU,ok,true,0.0,dst,zero_volume
WAGE,ok,true,0.0,dst,""
WAI,ok,true,0.0,dst,zero_volume
WAIR,ok,true,0.0,dst,""
WAL,warning,true,0.0,dst,price_spikes
WALA,warning,true,0.0,dst,"price_spikes,zero_volume"
WALD,warning,true,0.0,dst,"price_spikes,stale_prices,zero_volume"
WARR,warning,true,0.0,dst,"price_spikes,zero_volume"
WAT,ok,true,0.0,dst,""
WATT,warning,true,0.0,dst,price_spikes
WAY,ok,true,0.0,dst,""
WBA,warning,true,0.0,dst,price_spikes
WBC,warning,true,0.0,dst,price_spikes
WBD,ok,true,0.0,dst,""
WBI,ok,true,0.0,dst,""
WBIA,ok,true,0.0,dst,zero_volume
WBIB,ok,true,0.0,dst,zero_volume
WBIC,ok,true,0.0,dst,""
WBID,ok,true,0.0,dst,zero_volume
WBIH,ok,true,0.0,dst,""
WBIR,ok,true,0.0,dst,zero_volume
WBK,warning,true,0.0,dst,"price_spikes,zero_volume"
WBS,ok,true,0.0,dst,""
WBT,ok,true,0.0,dst,""
WBTN,ok,true,0.0,dst,""
WBUY,warning,true,11.7647,dst,"missing_bars,price_spikes"
WBX,warning,true,0.0,dst,"price_spikes,stale_prices,zero_volume"
WCC,warning,true,0.0,dst,price_spikes
WCG,ok,true,0.0,dst,""
WCN,ok,true,0.0,dst,""
WCT,ok,true,0.0,dst,""
WD,warning,true,0.0,dst,price_spikes
WDAY,ok,true,0.0,dst,""
WDC,ok,true,0.0,dst,""
WDFC,ok,true,0.0,dst,""
WDR,ok,true,0.0,dst,""
WDRW,warning,true,0.0,dst,"price_spikes,stale_prices,zero_volume"
WEAT,ok,true,0.0,dst,""
WEAV,ok,true,0.0,dst,""
WEB,ok,true,0.0,dst,""
WEBK,warning,true,0.0,dst,"price_spikes,stale_prices,zero_volume"
WEC,warning,true,0.0,dst,price_spikes
WELL,warning,true,0.0,dst,price_spikes
WEN,warning,true,0.0,dst,price_spikes
WENC,warning,true,0.0,dst,"stale_prices,zero_volume"
WENN,warning,true,0.0,dst,"price_spikes,zero_volume"
WERN,ok,true,0.0,dst,""
WES,ok,true,0.0,dst,""
WEST,warning,true,0.0,dst,"price_spikes,stale_prices,zero_volume"
WETH,ok,true,0.0,dst,""
WETO,ok,true,0.0,dst,zero_volume
WEX,ok,true,0.0,dst,""
WEYS,ok,true,0.0,dst,""
WFC,warning,true,0.0,dst,price_spikes
WFCF,ok,true,0.0,dst,zero_volume
WFF,ok,true,0.0,dst,""
WFG,ok,true,0.0,dst,""
WFM,ok,true,0.0,dst,""
WFRD,ok,true,0.0,dst,""
WGO,ok,true,0.0,dst,""
WGRX,ok,true,0.0,dst,""
WGS,warning,true,0.0,dst,"stale_prices,zero_volume"
WH,ok,true,0.0,dst,""
WHD,ok,true,0.0,dst,""
WHF,warning,true,0.0,dst,price_spikes
WHG,warning,true,0.0,dst,price_spikes
WHK,ok,true,0.0,dst,""
WHR,ok,true,0.0,dst,""
WHWK,warning,true,0.0,dst,price_spikes
WIFI,ok,true,0.0,dst,""
WILC,warning,true,0.0,dst,"stale_prices,zero_volume"
WIMI,warning,true,0.0,dst,price_spikes
WINA,ok,true,0.0,dst,""
WING,ok,true,0.0,dst,""
WIT,warning,true,0.0,dst,price_spikes
WIX,ok,true,0.0,dst,""
WK,ok,true,0.0,dst,""
WKC,warning,true,0.0,dst,price_spikes
WKHS,ok,true,0.0,dst,zero_volume
WKSP,ok,true,0.0,dst,""
WLDN,ok,true,0.0,dst,""
WLDS,ok,true,0.0,dst,""
WLFC,ok,true,0.0,dst,""
WLH,ok,true,0.0,dst,""
WLII,warning,true,0.0,dst,"stale_prices,zero_volume"
WLK,ok,true,0.0,dst,""
WLKP,warning,true,0.0,dst,price_spikes
WLL,ok,true,0.0,dst,""
WLTH,warning,true,49.7623,dst,"missing_bars,zero_volume"
WLTW,ok,true,0.0,dst,""
WLY,warning,true,0.0,dst,price_spikes
WLYB,warning,true,0.0,dst,"price_spikes,stale_prices,zero_volume"
WM,warning,true,0.0,dst,price_spikes
WMB,warning,true,0.0,dst,price_spikes
WMCR,ok,true,0.0,dst,zero_volume
WMG,ok,true,0.0,dst,""
WMK,warning,true,0.0,dst,price_spikes
WMS,warning,true,0.0,dst,price_spikes
WMT,ok,true,0.0,dst,""
WNC,ok,true,0.0,dst,""
WNEB,ok,true,0.0,dst,""
WNW,warning,true,0.0,dst,"price_spikes,zero_volume"
WOK,warning,true,0.0,dst,"price_spikes,zero_volume"
WOLF,ok,true,0.0,dst,""
WOOF,warning,true,0.2971,dst,"missing_bars,stale_prices,zero_volume"
WOR,ok,true,0.0,dst,""
WORK,ok,true,0.0,dst,""
WP,ok,true,0.0,dst,""
WPAC,warning,true,0.0,dst,"price_spikes,stale_prices,zero_volume"
WPC,warning,true,0.0,dst,price_spikes
WPF.U,ok,true,0.0,dst,zero_volume
WPM,ok,true,0.0,dst,""
WPP,warning,true,0.0,dst,price_spikes
WPRT,ok,true,0.0,dst,""
WPX,warning,true,0.0,dst,price_spikes
WRAP,warning,true,0.0,dst,price_spikes
WRB,warning,true,0.0,dst,price_spikes
WRBY,ok,true,0.0,dst,""
WREI,warning,true,0.0,dst,"stale_prices,zero_volume"
WRI,ok,true,0.0,dst,""
WRK,ok,true,0.0,dst,""
WRLD,ok,true,0.0,dst,""
WRN,ok,true,0.0,dst,""
WS,ok,true,0.0,dst,""
WSBC,ok,true,0.0,dst,""
WSBF,ok,true,0.0,dst,""
WSBK,ok,true,0.0,dst,zero_volume
WSC,warning,true,0.0,dst,"price_spikes,stale_prices,zero_volume"
WSCI,ok,true,0.0,dst,zero_volume
WSE,ok,true,0.0,dst,""
WSFS,warning,true,0.0,dst,price_spikes
WSHP,ok,true,0.0,dst,""
WSM,ok,true,0.0,dst,""
WSO,ok,true,0.0,dst,""
WSO.B,warning,true,0.0,dst,"price_spikes,stale_prices,zero_volume"
WSR,warning,true,0.0,dst,price_spikes
WST,ok,true,0.0,dst,""
WSTN,warning,true,0.0,dst,"stale_prices,zero_volume"
WT,ok,true,0.0,dst,""
WTBA,ok,true,0.0,dst,""
WTF,ok,true,0.0,dst,zero_volume
WTG,warning,true,0.0,dst,"stale_prices,zero_volume"
WTI,ok,true,0.0,dst,""
WTID,warning,true,0.0,dst,"stale_prices,zero_volume"
WTIU,warning,true,0.0,dst,"stale_prices,zero_volume"
WTM,ok,true,0.0,dst,zero_volume
WTO,warning,true,0.0,dst,zero_volume
WTRG,warning,true,0.0,dst,price_spikes
WTS,warning,true,0.0,dst,price_spikes
WTTR,warning,true,0.0,dst,price_spikes
WTW,ok,true,0.0,dst,""
WU,ok,true,0.0,dst,""
WUBA,ok,true,0.0,dst,""
WULF,warning,true,0.0,dst,"price_spikes,stale_prices,zero_volume"
WVE,ok,true,0.0,dst,""
WVVI,ok,true,0.0,dst,zero_volume
WW,warning,true,0.0,dst,"stale_prices,zero_volume"
WWD,ok,true,0.0,dst,""
WWR,ok,true,0.0,dst,""
WWW,ok,true,0.0,dst,""
WXM,warning,true,0.0,dst,"price_spikes,zero_volume"
WY,ok,true,0.0,dst,""
WYDE,warning,true,0.0,dst,"stale_prices,zero_volume"
WYFI,ok,true,0.0,dst,""
WYND,warning,true,0.0,dst,price_spikes
WYNN,ok,true,0.0,dst,""
WYY,ok,true,0.0,dst,""
XAIR,warning,true,0.0,dst,"price_spikes,zero_volume"
XBI,ok,true,0.0,dst,""
XBIO,warning,true,0.0,dst,"price_spikes,zero_volume"
XBIT,ok,true,0.0,dst,zero_volume
XBP,warning,true,0.0,dst,"price_spikes,stale_prices,zero_volume"
XCBE,warning,true,0.0,dst,"stale_prices,zero_volume"
XCRA,warning,true,0.0,dst,price_spikes
XCUR,warning,true,0.0,dst,price_spikes
XE,warning,true,88.8206,dst,"missing_bars,stale_prices,zero_volume"
XEC,ok,true,0.0,dst,""
XEL,warning,true,0.0,dst,price_spikes
XELB,ok,true,0.0,dst,zero_volume
XENE,ok,true,0.0,dst,""
XENT,ok,true,0.0,dst,""
XERS,ok,true,0.0,dst,""
XFLH,warning,true,0.0,dst,"stale_prices,zero_volume"
XFOR,warning,true,0.0,dst,price_spikes
XGN,ok,true,0.0,dst,""
XGTI,ok,true,0.0,dst,zero_volume
XHLD,ok,true,0.0,dst,""
XHR,ok,true,0.0,dst,""
XIFR,warning,true,0.0,dst,price_spikes
XINA,warning,true,0.0,dst,"price_spikes,stale_prices,zero_volume"
XIVH,warning,true,0.0,dst,"stale_prices,zero_volume"
XL,warning,true,0.0,dst,"stale_prices,zero_volume"
XLB,warning,true,0.0,dst,price_spikes
XLC,ok,true,0.0,dst,""
XLE,ok,true,0.0,dst,""
XLF,ok,true,0.0,dst,""
XLI,warning,true,0.0,dst,price_spikes
XLK,ok,true,0.0,dst,""
XLNX,ok,true,0.0,dst,""
XLO,warning,true,0.0,dst,price_spikes
XLP,warning,true,0.0,dst,price_spikes
XLRE,ok,true,0.0,dst,zero_volume
XLRN,ok,true,0.0,dst,""
XLU,warning,true,0.0,dst,price_spikes
XLV,ok,true,0.0,dst,""
XLY,warning,true,0.0,dst,price_spikes
XMAX,warning,true,0.0,dst,"price_spikes,zero_volume"
XME,ok,true,0.0,dst,""
XMTR,ok,true,0.0,dst,""
XMX,warning,true,0.0,dst,"price_spikes,stale_prices,zero_volume"
XNCR,ok,true,0.0,dst,""
XNDU,warning,true,0.0,dst,"price_spikes,zero_volume"
XOG,warning,true,0.0,dst,"stale_prices,zero_volume"
XOM,ok,true,0.0,dst,""
XOMA,ok,true,0.0,dst,""
XON,ok,true,0.0,dst,""
XOP,ok,true,0.0,dst,""
XOS,warning,true,0.0,dst,price_spikes
XOXO,ok,true,0.0,dst,""
XP,ok,true,0.0,dst,""
XPEL,ok,true,0.0,dst,""
XPER,ok,true,0.0,dst,""
XPL,ok,true,0.0,dst,""
XPLR,ok,true,0.0,dst,zero_volume
XPO,ok,true,0.0,dst,""
XPOA,ok,true,0.0,dst,""
XPOF,ok,true,0.0,dst,""
XPON,ok,true,0.0,dst,""
XPRO,ok,true,0.0,dst,""
XRAY,ok,true,0.0,dst,""
XRM,ok,true,0.0,dst,""
XRN,ok,true,0.0,dst,""
XRPN,warning,true,0.0,dst,"stale_prices,zero_volume"
XRTX,ok,true,0.0,dst,zero_volume
XRX,ok,true,0.0,dst,""
XSLL,warning,true,0.0,dst,"stale_prices,zero_volume"
XTIA,warning,true,0.0,dst,"price_spikes,zero_volume"
XTNT,ok,true,0.0,dst,zero_volume
XUSA,warning,true,0.0,dst,"price_spikes,stale_prices,zero_volume"
XVZ,warning,true,0.0,dst,"price_spikes,stale_prices,zero_volume"
XWEL,warning,true,0.0,dst,"price_spikes,zero_volume"
XXI,warning,true,0.0,dst,"price_spikes,stale_prices,zero_volume"
XXII,warning,true,0.0,dst,"price_spikes,zero_volume"
XYL,ok,true,0.0,dst,""
XYZ,ok,true,0.0,dst,""
XZO,ok,true,0.0,dst,""
YAAS,ok,true,0.0,dst,zero_volume
YAO,warning,true,0.0,dst,zero_volume
YCBD,ok,true,0.0,dst,zero_volume
YCL,warning,true,0.0,dst,"stale_prices,zero_volume"
YCOM,warning,true,0.0,dst,"stale_prices,zero_volume"
YCS,ok,true,0.0,dst,zero_volume
YCY,warning,true,0.0,dst,"stale_prices,zero_volume"
YDDL,warning,true,0.0,dst,price_spikes
YDES,ok,true,0.0,dst,""
YDKG,warning,true,0.0,dst,"price_spikes,zero_volume"
YELP,ok,true,0.0,dst,""
YESR,warning,true,0.0,dst,"price_spikes,stale_prices,zero_volume"
YETI,ok,true,0.0,dst,""
YEXT,ok,true,0.0,dst,""
YGRN,warning,true,0.0,dst,"stale_prices,zero_volume"
YHC,ok,true,0.0,dst,""
YHGJ,warning,true,0.0,dst,"price_spikes,stale_prices,zero_volume"
YHNA,warning,true,0.0,dst,"price_spikes,stale_prices,zero_volume"
YIBO,warning,true,0.0,dst,"stale_prices,zero_volume"
YJ,ok,true,0.0,dst,zero_volume
YMAT,ok,true,0.0,dst,""
YMLI,ok,true,0.0,dst,zero_volume
YOOV,ok,true,0.0,dst,""
YORW,ok,true,0.0,dst,""
YOU,ok,true,0.0,dst,""
YPF,warning,true,0.0,dst,price_spikes
YRD,ok,true,0.0,dst,""
YSS,ok,true,0.0,dst,""
YSWY,ok,true,0.0,dst,""
YSXT,ok,true,0.0,dst,zero_volume
YTRA,warning,true,0.0,dst,"price_spikes,zero_volume"
YUM,ok,true,0.0,dst,""
YUMC,ok,true,0.0,dst,""
YXT,ok,true,0.0,dst,zero_volume
YYAI,warning,true,0.0,dst,"price_spikes,zero_volume"
YYGH,ok,true,0.0,dst,zero_volume
Z,ok,true,0.0,dst,""
ZAGG,ok,true,0.0,dst,""
ZAYO,ok,true,0.0,dst,""
ZBAO,ok,true,0.0,dst,""
ZBH,ok,true,0.0,dst,""
ZBIO,warning,true,0.0,dst,"stale_prices,zero_volume"
ZBRA,ok,true,0.0,dst,""
ZCMD,warning,true,0.0,dst,"price_spikes,zero_volume"
ZD,ok,true,0.0,dst,""
ZDAI,warning,true,0.0,dst,price_spikes
ZDGE,warning,true,0.0,dst,"price_spikes,zero_volume"
ZDVSV,warning,true,0.0,"price_spikes,dst",zero_volume
ZENA,ok,true,0.0,dst,""
ZEO,warning,true,0.0,dst,"price_spikes,stale_prices,zero_volume"
ZETA,ok,true,0.0,dst,""
ZG,ok,true,0.0,dst,""
ZGN,warning,true,0.0,dst,price_spikes
ZGNX,ok,true,0.0,dst,""
ZGYH,warning,true,0.0,dst,zero_volume
ZIM,ok,true,0.0,dst,""
ZION,ok,true,0.0,dst,""
ZIP,ok,true,0.0,dst,""
ZIXI,ok,true,0.0,dst,""
ZJK,ok,true,0.0,dst,zero_volume
ZJYL,warning,true,0.0,dst,"price_spikes,zero_volume"
ZKIN,warning,true,0.0,dst,"price_spikes,zero_volume"
ZKP,warning,true,0.0,dst,"stale_prices,zero_volume"
ZM,ok,true,0.0,dst,""
ZMLP,warning,true,0.0,dst,price_spikes
ZNB,warning,true,0.0,dst,"price_spikes,stale_prices,zero_volume"
ZNGA,ok,true,0.0,dst,""
ZNTL,ok,true,0.0,dst,""
ZONE,ok,true,0.0,dst,""
ZOOZ,warning,true,0.0,dst,"price_spikes,stale_prices,zero_volume"
ZS,ok,true,0.0,dst,""
ZSL,ok,true,0.0,dst,""
ZSQR,warning,true,0.0,dst,"price_spikes,stale_prices,zero_volume"
ZSTK,ok,true,0.0,dst,""
ZTEK,ok,true,0.0,dst,""
ZTG,ok,true,0.0,dst,zero_volume
ZTS,ok,true,0.0,dst,""
ZUMZ,ok,true,0.0,dst,""
ZURA,ok,true,0.0,dst,""
ZVIA,ok,true,0.0,dst,""
ZVRA,ok,true,0.0,dst,zero_volume
ZWS,ok,true,0.0,dst,""
ZYBT,warning,true,0.0,dst,price_spikes
ZYME,ok,true,0.0,dst,""
