symbol,session_date,bars,expected_bars
A,2021-04-19,1,7
A,2022-01-24,2,7
A,2022-03-08,1,7
AABA,2018-05-02,1,7
AABA,2018-05-03,1,7
AAL,2018-05-02,1,7
AAL,2018-05-03,1,7
AAP,2021-04-19,1,7
AAP,2022-01-24,2,7
AAP,2022-03-08,1,7
AAPL,2018-05-02,1,7
AAPL,2018-05-03,1,7
ABBV,2021-04-19,1,7
ABBV,2022-01-24,2,7
ABBV,2022-03-08,1,7
ABMD,2018-05-02,1,7
ABMD,2018-05-03,1,7
ABNB,2020-12-10,3,7
ABT,2021-04-19,1,7
ABT,2022-01-24,2,7
ABT,2022-03-08,1,7
ACGL,2018-05-02,1,7
ACGL,2018-05-03,1,7
ACN,2021-04-19,1,7
ACN,2022-01-24,2,7
ACN,2022-03-08,1,7
ADBE,2018-05-02,1,7
ADBE,2018-05-03,1,7
ADI,2016-07-26,6,7
ADI,2018-05-02,1,7
ADI,2018-05-03,1,7
ADM,2021-04-19,1,7
ADM,2022-01-24,2,7
ADM,2022-03-08,1,7
ADP,2018-05-02,1,7
ADP,2018-05-03,1,7
ADSK,2018-05-02,1,7
ADSK,2018-05-03,1,7
ADT,2018-01-19,6,7
ADT,2021-04-19,1,7
ADT,2022-01-24,2,7
ADT,2022-03-08,1,7
AEE,2021-04-19,1,7
AEE,2022-01-24,2,7
AEE,2022-03-08,1,7
AES,2021-04-19,1,7
AES,2022-01-24,2,7
AES,2022-03-08,1,7
AFL,2021-04-19,1,7
AFL,2021-10-25,1,7
AFL,2022-01-24,2,7
AFL,2022-03-08,1,7
AIG,2021-04-19,1,7
AIG,2021-10-25,1,7
AIG,2022-01-24,2,7
AIG,2022-03-08,1,7
AIV,2021-04-19,1,7
AIV,2021-10-25,1,7
AIV,2022-01-24,2,7
AIV,2022-03-08,1,7
AIZ,2020-03-16,6,7
AIZ,2021-04-19,1,7
AIZ,2021-10-25,1,7
AIZ,2022-01-24,2,7
AIZ,2022-03-08,1,7
AJG,2021-04-19,1,7
AJG,2021-10-25,1,7
AJG,2022-01-24,2,7
AJG,2022-03-08,1,7
AKAM,2018-05-02,1,7
AKAM,2018-05-03,1,7
ALB,2021-04-19,1,7
ALB,2021-10-25,1,7
ALB,2022-01-24,2,7
ALB,2022-03-08,1,7
ALGN,2018-05-02,1,7
ALGN,2018-05-03,1,7
ALK,2021-04-19,1,7
ALK,2021-10-25,1,7
ALK,2022-01-24,2,7
ALK,2022-03-08,1,7
ALL,2021-04-19,1,7
ALL,2021-10-25,1,7
ALL,2022-01-24,2,7
ALL,2022-03-08,1,7
ALLE,2021-04-19,1,7
ALLE,2021-10-25,1,7
ALLE,2022-01-24,2,7
ALLE,2022-03-08,1,7
ALXN,2018-05-02,1,7
ALXN,2018-05-03,1,7
AMAT,2018-05-02,1,7
AMAT,2018-05-03,1,7
AMCR,2021-04-19,1,7
AMCR,2021-10-25,1,7
AMCR,2022-01-24,2,7
AMCR,2022-03-08,1,7
AMD,2018-05-02,1,7
AMD,2018-05-03,1,7
AME,2020-03-16,6,7
AME,2021-04-19,1,7
AME,2021-10-25,1,7
AME,2022-01-24,2,7
AME,2022-03-08,1,7
AMG,2021-04-19,1,7
AMG,2021-10-25,1,7
AMG,2022-01-24,2,7
AMG,2022-03-08,1,7
AMGN,2018-05-02,1,7
AMGN,2018-05-03,1,7
AMP,2021-04-19,1,7
AMP,2021-10-25,1,7
AMP,2022-01-24,2,7
AMP,2022-03-08,1,7
AMT,2021-04-19,1,7
AMT,2021-10-25,1,7
AMT,2022-01-24,2,7
AMT,2022-03-08,1,7
AMZN,2018-05-02,1,7
AMZN,2018-05-03,1,7
AN,2021-04-19,1,7
AN,2021-10-25,1,7
AN,2022-01-24,2,7
ANET,2020-03-16,6,7
ANET,2021-04-19,1,7
ANET,2021-10-25,1,7
ANET,2022-01-24,2,7
ANET,2022-03-08,1,7
ANSS,2018-05-02,1,7
ANSS,2018-05-03,1,7
AON,2021-04-19,1,7
AON,2021-10-25,1,7
AON,2022-01-24,2,7
AON,2022-03-08,1,7
AOS,2021-04-19,1,7
AOS,2021-10-25,1,7
AOS,2022-01-24,2,7
AOS,2022-03-08,1,7
APC,2026-02-12,4,7
APC,2026-04-27,6,7
APC,2026-07-09,6,7
APC,2026-07-24,6,7
APD,2021-04-19,1,7
APD,2021-10-25,1,7
APD,2022-01-24,2,7
APD,2022-03-08,1,7
APH,2021-04-19,1,7
APH,2021-10-25,1,7
APH,2022-01-24,2,7
APH,2022-03-08,1,7
APO,2021-04-19,1,7
APO,2021-10-25,1,7
APO,2022-01-24,2,7
APO,2022-03-08,1,7
APP,2021-04-15,4,7
APTV,2021-04-19,1,7
APTV,2021-10-25,1,7
APTV,2022-01-24,2,7
APTV,2022-03-08,1,7
ARE,2021-04-19,1,7
ARE,2021-10-25,1,7
ARE,2022-01-24,2,7
ARES,2016-01-21,6,7
ARES,2016-02-01,6,7
ARES,2016-02-10,6,7
ARES,2016-02-24,6,7
ARES,2016-04-06,6,7
ARES,2016-05-11,6,7
ARES,2016-05-12,6,7
ARES,2016-05-13,6,7
ARES,2016-06-13,5,7
ARES,2016-06-17,6,7
ARES,2016-06-22,6,7
ARES,2016-07-19,5,7
ARES,2016-08-26,6,7
ARES,2016-08-29,6,7
ARES,2016-09-15,6,7
ARES,2016-09-16,6,7
ARES,2016-10-28,4,7
ARES,2016-12-02,3,7
ARES,2016-12-05,5,7
ARES,2016-12-28,5,7
ARES,2016-12-29,5,7
ARES,2017-01-26,6,7
ARES,2017-01-27,6,7
ARES,2017-02-14,6,7
ARES,2017-02-16,6,7
ARES,2017-10-30,5,7
ARES,2017-11-28,6,7
ARES,2021-04-19,1,7
ARES,2021-10-25,1,7
ARES,2022-01-24,2,7
ARES,2022-03-08,1,7
ARGT,2016-01-06,6,7
ARGT,2016-01-12,6,7
ARGT,2016-01-13,6,7
ARGT,2016-01-14,6,7
ARGT,2016-01-25,4,7
ARGT,2016-01-26,6,7
ARGT,2016-01-27,6,7
ARGT,2016-02-02,6,7
ARGT,2016-02-03,5,7
ARGT,2016-02-05,5,7
ARGT,2016-02-10,5,7
ARGT,2016-02-11,6,7
ARGT,2016-02-12,6,7
ARGT,2016-02-18,6,7
ARGT,2016-02-19,4,7
ARGT,2016-02-23,5,7
ARGT,2016-02-24,5,7
ARGT,2016-03-14,6,7
ARGT,2016-04-27,6,7
ARGT,2016-05-12,6,7
ARGT,2016-05-17,5,7
ARGT,2016-05-18,6,7
ARGT,2016-07-14,6,7
ARGT,2016-07-15,6,7
ARGT,2016-07-27,5,7
ARGT,2016-08-09,6,7
ARGT,2016-08-11,6,7
ARGT,2016-08-29,6,7
ARGT,2016-08-31,6,7
ARGT,2016-09-15,6,7
ARGT,2016-09-20,6,7
ARGT,2016-09-21,6,7
ARGT,2016-09-22,6,7
ARGT,2016-09-28,6,7
ARGT,2016-09-30,6,7
ARGT,2016-10-07,5,7
ARGT,2016-10-14,5,7
ARGT,2016-10-17,6,7
ARGT,2016-10-25,6,7
ARGT,2016-11-01,6,7
ARGT,2016-11-08,6,7
ARGT,2016-11-15,5,7
ARGT,2016-11-18,5,7
ARGT,2016-11-23,6,7
ARGT,2016-11-29,6,7
ARGT,2016-12-01,6,7
ARGT,2016-12-02,6,7
ARGT,2016-12-09,6,7
ARGT,2016-12-27,5,7
ARGT,2016-12-29,5,7
ARGT,2016-12-30,5,7
ARGT,2017-01-03,6,7
ARGT,2017-01-12,6,7
ARGT,2017-01-30,6,7
ARGT,2017-02-01,6,7
ARGT,2017-02-22,6,7
ARGT,2017-02-28,6,7
ARGT,2017-03-08,6,7
ARGT,2017-03-15,5,7
ARGT,2017-04-25,6,7
ARGT,2017-07-07,6,7
ARGT,2017-07-28,6,7
ARGT,2017-08-17,6,7
ARGT,2017-10-11,6,7
ARGT,2017-11-21,6,7
ARGT,2017-11-27,6,7
ARGT,2018-03-29,6,7
ARGT,2018-07-31,6,7
ARGT,2018-08-22,6,7
ARGT,2018-10-03,6,7
ARGT,2018-10-15,6,7
ARGT,2018-11-06,6,7
ARGT,2018-11-07,6,7
ARGT,2018-11-19,6,7
ARGT,2018-11-30,6,7
ARGT,2018-12-03,6,7
ARGT,2018-12-07,6,7
ARGT,2018-12-12,6,7
ARGT,2018-12-13,6,7
ARGT,2019-01-08,6,7
ARGT,2019-01-10,5,7
ARGT,2019-01-15,6,7
ARGT,2019-01-28,6,7
ARGT,2019-02-15,6,7
ARGT,2019-02-28,5,7
ARGT,2019-03-05,5,7
ARGT,2019-04-03,6,7
ARGT,2019-04-12,6,7
ARGT,2019-04-30,6,7
ARGT,2019-05-07,6,7
ARGT,2019-05-31,5,7
ARGT,2019-06-04,6,7
ARGT,2019-06-18,6,7
ARGT,2019-06-20,6,7
ARGT,2019-06-25,6,7
ARGT,2019-06-26,6,7
ARGT,2019-07-02,6,7
ARGT,2019-07-25,6,7
ARGT,2019-07-31,6,7
ARGT,2019-08-06,5,7
ARGT,2019-08-07,5,7
ARGT,2019-08-26,6,7
ARGT,2019-09-20,5,7
ARGT,2019-09-27,6,7
ARGT,2019-10-14,6,7
ARGT,2019-11-11,6,7
ARGT,2020-02-05,6,7
ARGT,2020-02-06,4,7
ARGT,2020-02-07,5,7
ARGT,2020-02-10,6,7
ARGT,2020-02-18,6,7
ARGT,2020-02-27,6,7
ARGT,2020-03-02,6,7
ARGT,2020-03-03,6,7
ARGT,2020-03-04,6,7
ARGT,2020-03-26,6,7
ARGT,2020-04-01,6,7
ARGT,2020-04-02,5,7
ARGT,2020-04-03,6,7
ARGT,2020-04-14,6,7
ARGT,2020-04-16,5,7
ARGT,2020-04-17,6,7
ARGT,2020-04-21,6,7
ARGT,2020-04-22,6,7
ARGT,2020-04-24,6,7
ARGT,2020-04-27,5,7
ARGT,2020-04-29,6,7
ARGT,2020-04-30,5,7
ARGT,2020-05-01,6,7
ARGT,2020-05-05,6,7
ARGT,2020-05-21,6,7
ARGT,2020-05-22,6,7
ARGT,2020-05-28,5,7
ARGT,2020-06-12,6,7
ARGT,2020-06-29,6,7
ARGT,2020-07-01,6,7
ARGT,2020-07-09,6,7
ARGT,2020-07-10,6,7
ARGT,2020-07-16,6,7
ARGT,2020-07-17,5,7
ARGT,2020-07-20,6,7
ARGT,2020-07-22,5,7
ARGT,2020-07-24,6,7
ARGT,2020-07-27,6,7
ARGT,2020-07-28,6,7
ARGT,2020-07-30,6,7
ARGT,2020-08-05,5,7
ARGT,2020-08-06,4,7
ARGT,2020-08-11,4,7
ARGT,2020-08-12,6,7
ARGT,2020-08-13,5,7
ARGT,2020-08-14,4,7
ARGT,2020-08-17,6,7
ARGT,2020-08-18,5,7
ARGT,2020-08-19,2,7
ARGT,2020-08-21,6,7
ARGT,2020-08-24,6,7
ARGT,2020-08-25,5,7
ARGT,2020-08-26,6,7
ARGT,2020-08-27,6,7
ARGT,2020-08-28,6,7
ARGT,2020-09-01,5,7
ARGT,2020-09-02,5,7
ARGT,2020-09-08,6,7
ARGT,2020-09-09,5,7
ARGT,2020-09-10,5,7
ARGT,2020-09-14,6,7
ARGT,2020-09-15,5,7
ARGT,2020-09-21,5,7
ARGT,2020-09-22,4,7
ARGT,2020-09-24,4,7
ARGT,2020-09-25,6,7
ARGT,2020-09-28,6,7
ARGT,2020-09-29,6,7
ARGT,2020-10-02,6,7
ARGT,2020-10-05,6,7
ARGT,2020-10-06,6,7
ARGT,2020-10-07,6,7
ARGT,2020-10-08,6,7
ARGT,2020-10-09,3,7
ARGT,2020-10-12,5,7
ARGT,2020-10-13,6,7
ARGT,2020-10-14,5,7
ARGT,2020-10-15,6,7
ARGT,2020-10-16,4,7
ARGT,2020-10-20,6,7
ARGT,2020-10-21,6,7
ARGT,2020-10-27,6,7
ARGT,2020-10-28,6,7
ARGT,2020-10-29,5,7
ARGT,2020-10-30,5,7
ARGT,2020-11-02,3,7
ARGT,2020-11-03,5,7
ARGT,2020-11-04,4,7
ARGT,2020-11-09,6,7
ARGT,2020-11-10,6,7
ARGT,2020-11-12,6,7
ARGT,2020-11-13,5,7
ARGT,2020-11-16,6,7
ARGT,2020-11-17,6,7
ARGT,2020-11-18,4,7
ARGT,2020-11-19,6,7
ARGT,2020-11-20,6,7
ARGT,2020-11-24,6,7
ARGT,2020-11-25,4,7
ARGT,2020-11-30,6,7
ARGT,2020-12-02,5,7
ARGT,2020-12-07,6,7
ARGT,2020-12-08,4,7
ARGT,2020-12-09,6,7
ARGT,2020-12-10,5,7
ARGT,2020-12-11,4,7
ARGT,2020-12-14,6,7
ARGT,2020-12-15,5,7
ARGT,2020-12-18,6,7
ARGT,2020-12-22,6,7
ARGT,2020-12-23,6,7
ARGT,2020-12-24,2,4
ARGT,2020-12-28,6,7
ARGT,2020-12-30,6,7
ARGT,2020-12-31,5,7
ARGT,2021-01-04,6,7
ARGT,2021-01-11,6,7
ARGT,2021-01-12,6,7
ARGT,2021-01-15,6,7
ARGT,2021-01-20,6,7
ARGT,2021-01-22,5,7
ARGT,2021-01-27,6,7
ARGT,2021-01-29,6,7
ARGT,2021-02-03,6,7
ARGT,2021-02-04,6,7
ARGT,2021-02-05,6,7
ARGT,2021-02-08,6,7
ARGT,2021-02-09,4,7
ARGT,2021-02-11,6,7
ARGT,2021-02-16,6,7
ARGT,2021-02-18,6,7
ARGT,2021-02-24,6,7
ARGT,2021-02-25,6,7
ARGT,2021-02-26,5,7
ARGT,2021-03-03,5,7
ARGT,2021-03-05,6,7
ARGT,2021-03-08,6,7
ARGT,2021-03-09,6,7
ARGT,2021-03-10,6,7
ARGT,2021-03-11,5,7
ARGT,2021-03-12,6,7
ARGT,2021-03-16,6,7
ARGT,2021-03-17,5,7
ARGT,2021-03-18,3,7
ARGT,2021-03-19,3,7
ARGT,2021-03-22,2,7
ARGT,2021-03-26,6,7
ARGT,2021-03-29,5,7
ARGT,2021-03-30,2,7
ARGT,2021-03-31,6,7
ARGT,2021-04-01,5,7
ARGT,2021-04-06,4,7
ARGT,2021-04-07,4,7
ARGT,2021-04-08,4,7
ARGT,2021-04-12,5,7
ARGT,2021-04-13,6,7
ARGT,2021-04-14,1,7
ARGT,2021-04-15,6,7
ARGT,2021-04-16,4,7
ARGT,2021-04-19,5,7
ARGT,2021-04-20,6,7
ARGT,2021-04-21,6,7
ARGT,2021-04-23,6,7
ARGT,2021-04-26,4,7
ARGT,2021-04-27,4,7
ARGT,2021-04-28,4,7
ARGT,2021-04-29,6,7
ARGT,2021-04-30,5,7
ARGT,2021-05-03,6,7
ARGT,2021-05-04,6,7
ARGT,2021-05-05,5,7
ARGT,2021-05-06,4,7
ARGT,2021-05-07,5,7
ARGT,2021-05-10,5,7
ARGT,2021-05-11,6,7
ARGT,2021-05-13,4,7
ARGT,2021-05-14,6,7
ARGT,2021-05-17,3,7
ARGT,2021-05-19,4,7
ARGT,2021-05-21,6,7
ARGT,2021-05-24,4,7
ARGT,2021-05-25,4,7
ARGT,2021-05-26,2,7
ARGT,2021-05-27,5,7
ARGT,2021-05-28,5,7
ARGT,2021-06-03,6,7
ARGT,2021-06-04,4,7
ARGT,2021-06-08,6,7
ARGT,2021-06-09,3,7
ARGT,2021-06-10,5,7
ARGT,2021-06-11,5,7
ARGT,2021-06-14,3,7
ARGT,2021-06-15,6,7
ARGT,2021-06-16,6,7
ARGT,2021-06-18,5,7
ARGT,2021-06-21,5,7
ARGT,2021-06-22,6,7
ARGT,2021-06-23,4,7
ARGT,2021-06-24,5,7
ARGT,2021-06-25,4,7
ARGT,2021-06-28,5,7
ARGT,2021-06-29,4,7
ARGT,2021-06-30,6,7
ARGT,2021-07-01,2,7
ARGT,2021-07-02,5,7
ARGT,2021-07-06,6,7
ARGT,2021-07-07,5,7
ARGT,2021-07-08,6,7
ARGT,2021-07-09,5,7
ARGT,2021-07-12,4,7
ARGT,2021-07-13,6,7
ARGT,2021-07-14,5,7
ARGT,2021-07-15,2,7
ARGT,2021-07-16,2,7
ARGT,2021-07-19,4,7
ARGT,2021-07-20,5,7
ARGT,2021-07-21,4,7
ARGT,2021-07-22,3,7
ARGT,2021-07-23,6,7
ARGT,2021-07-26,6,7
ARGT,2021-07-27,4,7
ARGT,2021-07-28,2,7
ARGT,2021-07-29,4,7
ARGT,2021-07-30,4,7
ARGT,2021-08-02,6,7
ARGT,2021-08-03,6,7
ARGT,2021-08-04,6,7
ARGT,2021-08-09,6,7
ARGT,2021-08-10,4,7
ARGT,2021-08-11,5,7
ARGT,2021-08-12,4,7
ARGT,2021-08-13,6,7
ARGT,2021-08-18,5,7
ARGT,2021-08-19,5,7
ARGT,2021-08-23,5,7
ARGT,2021-08-25,6,7
ARGT,2021-08-26,5,7
ARGT,2021-08-27,6,7
ARGT,2021-08-31,6,7
ARGT,2021-09-03,5,7
ARGT,2021-09-07,6,7
ARGT,2021-09-14,6,7
ARGT,2021-09-15,4,7
ARGT,2021-09-16,6,7
ARGT,2021-09-17,4,7
ARGT,2021-09-21,3,7
ARGT,2021-09-23,4,7
ARGT,2021-09-24,6,7
ARGT,2021-09-27,6,7
ARGT,2021-10-01,6,7
ARGT,2021-10-08,6,7
ARGT,2021-10-12,6,7
ARGT,2021-10-13,6,7
ARGT,2021-10-14,5,7
ARGT,2021-10-15,6,7
ARGT,2021-10-18,6,7
ARGT,2021-10-20,6,7
ARGT,2021-10-21,5,7
ARGT,2021-10-22,4,7
ARGT,2021-10-26,6,7
ARGT,2021-10-27,5,7
ARGT,2021-10-29,4,7
ARGT,2021-11-01,5,7
ARGT,2021-11-02,5,7
ARGT,2021-11-03,5,7
ARGT,2021-11-04,5,7
ARGT,2021-11-08,4,7
ARGT,2021-11-09,6,7
ARGT,2021-11-10,4,7
ARGT,2021-11-11,4,7
ARGT,2021-11-12,5,7
ARGT,2021-11-15,6,7
ARGT,2021-11-17,5,7
ARGT,2021-11-18,6,7
ARGT,2021-11-19,6,7
ARGT,2021-11-22,6,7
ARGT,2021-11-24,6,7
ARGT,2021-11-30,6,7
ARGT,2021-12-02,6,7
ARGT,2021-12-03,6,7
ARGT,2021-12-06,6,7
ARGT,2021-12-09,5,7
ARGT,2021-12-10,4,7
ARGT,2021-12-14,5,7
ARGT,2021-12-15,6,7
ARGT,2021-12-21,5,7
ARGT,2021-12-22,4,7
ARGT,2021-12-23,5,7
ARGT,2021-12-27,6,7
ARGT,2021-12-29,5,7
ARGT,2021-12-30,4,7
ARGT,2021-12-31,1,7
ARGT,2022-01-03,5,7
ARGT,2022-01-04,4,7
ARGT,2022-01-05,6,7
ARGT,2022-01-06,5,7
ARGT,2022-01-07,4,7
ARGT,2022-01-10,5,7
ARGT,2022-01-11,1,7
ARGT,2022-01-12,4,7
ARGT,2022-01-13,3,7
ARGT,2022-01-14,1,7
ARGT,2022-01-18,4,7
ARGT,2022-01-19,4,7
ARGT,2022-01-21,4,7
ARGT,2022-01-24,5,7
ARGT,2022-01-25,3,7
ARGT,2022-01-26,3,7
ARGT,2022-01-27,4,7
ARGT,2022-01-28,5,7
ARGT,2022-01-31,6,7
ARGT,2022-02-01,5,7
ARGT,2022-02-02,2,7
ARGT,2022-02-03,5,7
ARGT,2022-02-04,5,7
ARGT,2022-02-07,3,7
ARGT,2022-02-08,3,7
ARGT,2022-02-09,5,7
ARGT,2022-02-10,5,7
ARGT,2022-02-11,6,7
ARGT,2022-02-14,4,7
ARGT,2022-02-15,4,7
ARGT,2022-02-16,5,7
ARGT,2022-02-17,5,7
ARGT,2022-02-18,6,7
ARGT,2022-02-22,6,7
ARGT,2022-02-24,6,7
ARGT,2022-02-25,5,7
ARGT,2022-03-01,6,7
ARGT,2022-03-02,6,7
ARGT,2022-03-04,4,7
ARGT,2022-03-07,6,7
ARGT,2022-03-08,6,7
ARGT,2022-03-09,5,7
ARGT,2022-03-10,4,7
ARGT,2022-03-11,4,7
ARGT,2022-03-14,6,7
ARGT,2022-03-15,5,7
ARGT,2022-03-16,5,7
ARGT,2022-03-18,6,7
ARGT,2022-03-22,5,7
ARGT,2022-03-23,4,7
ARGT,2022-03-24,5,7
ARGT,2022-03-25,6,7
ARGT,2022-03-28,5,7
ARGT,2022-03-29,5,7
ARGT,2022-03-30,6,7
ARGT,2022-03-31,5,7
ARGT,2022-04-04,6,7
ARGT,2022-04-05,6,7
ARGT,2022-04-06,5,7
ARGT,2022-04-07,5,7
ARGT,2022-04-08,3,7
ARGT,2022-04-11,5,7
ARGT,2022-04-12,6,7
ARGT,2022-04-13,4,7
ARGT,2022-04-14,6,7
ARGT,2022-04-18,5,7
ARGT,2022-04-19,5,7
ARGT,2022-04-20,5,7
ARGT,2022-04-22,6,7
ARGT,2022-04-25,6,7
ARGT,2022-04-26,5,7
ARGT,2022-04-28,4,7
ARGT,2022-04-29,5,7
ARGT,2022-05-02,5,7
ARGT,2022-05-03,3,7
ARGT,2022-05-04,5,7
ARGT,2022-05-05,5,7
ARGT,2022-05-06,6,7
ARGT,2022-05-09,6,7
ARGT,2022-05-12,6,7
ARGT,2022-05-13,5,7
ARGT,2022-05-16,6,7
ARGT,2022-05-18,6,7
ARGT,2022-05-19,4,7
ARGT,2022-05-20,6,7
ARGT,2022-05-23,5,7
ARGT,2022-05-24,4,7
ARGT,2022-05-25,5,7
ARGT,2022-05-26,4,7
ARGT,2022-05-27,6,7
ARGT,2022-05-31,5,7
ARGT,2022-06-03,2,7
ARGT,2022-06-06,6,7
ARGT,2022-06-07,6,7
ARGT,2022-06-09,6,7
ARGT,2022-06-10,3,7
ARGT,2022-06-14,6,7
ARGT,2022-06-15,5,7
ARGT,2022-06-16,6,7
ARGT,2022-06-17,6,7
ARGT,2022-06-21,3,7
ARGT,2022-06-22,5,7
ARGT,2022-06-24,5,7
ARGT,2022-06-27,5,7
ARGT,2022-06-29,6,7
ARGT,2022-06-30,4,7
ARGT,2022-07-01,6,7
ARGT,2022-07-05,6,7
ARGT,2022-07-06,3,7
ARGT,2022-07-07,5,7
ARGT,2022-07-08,5,7
ARGT,2022-07-12,6,7
ARGT,2022-07-13,5,7
ARGT,2022-07-14,5,7
ARGT,2022-07-15,5,7
ARGT,2022-07-18,5,7
ARGT,2022-07-19,4,7
ARGT,2022-07-20,6,7
ARGT,2022-07-21,2,7
ARGT,2022-07-22,6,7
ARGT,2022-07-25,2,7
ARGT,2022-07-26,3,7
ARGT,2022-07-27,5,7
ARGT,2022-07-28,4,7
ARGT,2022-07-29,4,7
ARGT,2022-08-02,6,7
ARGT,2022-08-03,3,7
ARGT,2022-08-04,5,7
ARGT,2022-08-05,3,7
ARGT,2022-08-08,4,7
ARGT,2022-08-09,6,7
ARGT,2022-08-10,5,7
ARGT,2022-08-11,5,7
ARGT,2022-08-12,5,7
ARGT,2022-08-15,3,7
ARGT,2022-08-16,6,7
ARGT,2022-08-17,3,7
ARGT,2022-08-18,3,7
ARGT,2022-08-19,5,7
ARGT,2022-08-23,2,7
ARGT,2022-08-24,5,7
ARGT,2022-08-25,2,7
ARGT,2022-08-26,4,7
ARGT,2022-08-29,2,7
ARGT,2022-08-30,5,7
ARGT,2022-08-31,4,7
ARGT,2022-09-01,5,7
ARGT,2022-09-02,5,7
ARGT,2022-09-06,3,7
ARGT,2022-09-07,3,7
ARGT,2022-09-09,5,7
ARGT,2022-09-12,3,7
ARGT,2022-09-13,4,7
ARGT,2022-09-14,5,7
ARGT,2022-09-15,4,7
ARGT,2022-09-16,6,7
ARGT,2022-09-19,2,7
ARGT,2022-09-20,5,7
ARGT,2022-09-21,5,7
ARGT,2022-09-22,5,7
ARGT,2022-09-23,4,7
ARGT,2022-09-27,2,7
ARGT,2022-09-28,3,7
ARGT,2022-09-29,5,7
ARGT,2022-09-30,3,7
ARGT,2022-10-03,6,7
ARGT,2022-10-04,5,7
ARGT,2022-10-05,3,7
ARGT,2022-10-06,3,7
ARGT,2022-10-07,6,7
ARGT,2022-10-10,6,7
ARGT,2022-10-11,4,7
ARGT,2022-10-12,5,7
ARGT,2022-10-13,3,7
ARGT,2022-10-14,2,7
ARGT,2022-10-17,4,7
ARGT,2022-10-18,3,7
ARGT,2022-10-19,6,7
ARGT,2022-10-20,1,7
ARGT,2022-10-21,6,7
ARGT,2022-10-24,6,7
ARGT,2022-10-25,4,7
ARGT,2022-10-26,5,7
ARGT,2022-10-27,2,7
ARGT,2022-10-28,5,7
ARGT,2022-10-31,5,7
ARGT,2022-11-01,4,7
ARGT,2022-11-02,4,7
ARGT,2022-11-03,6,7
ARGT,2022-11-04,4,7
ARGT,2022-11-07,5,7
ARGT,2022-11-08,5,7
ARGT,2022-11-09,2,7
ARGT,2022-11-10,4,7
ARGT,2022-11-11,4,7
ARGT,2022-11-14,4,7
ARGT,2022-11-15,4,7
ARGT,2022-11-16,4,7
ARGT,2022-11-17,3,7
ARGT,2022-11-18,4,7
ARGT,2022-11-21,3,7
ARGT,2022-11-22,2,7
ARGT,2022-11-23,2,7
ARGT,2022-11-25,1,4
ARGT,2022-11-28,4,7
ARGT,2022-11-29,6,7
ARGT,2022-11-30,5,7
ARGT,2022-12-01,4,7
ARGT,2022-12-02,4,7
ARGT,2022-12-05,5,7
ARGT,2022-12-06,4,7
ARGT,2022-12-07,4,7
ARGT,2022-12-08,2,7
ARGT,2022-12-09,6,7
ARGT,2022-12-12,4,7
ARGT,2022-12-13,4,7
ARGT,2022-12-14,4,7
ARGT,2022-12-15,1,7
ARGT,2022-12-16,2,7
ARGT,2022-12-20,6,7
ARGT,2022-12-23,5,7
ARGT,2022-12-27,5,7
ARGT,2023-01-03,5,7
ARGT,2023-01-04,6,7
ARGT,2023-01-10,4,7
ARGT,2023-02-07,6,7
ARGT,2023-02-16,6,7
ARGT,2023-02-21,6,7
ARGT,2023-02-22,5,7
ARGT,2023-02-23,6,7
ARGT,2023-02-27,6,7
ARGT,2023-02-28,6,7
ARGT,2023-03-02,6,7
ARGT,2023-03-03,6,7
ARGT,2023-03-14,6,7
ARGT,2023-03-16,5,7
ARGT,2023-03-17,6,7
ARGT,2023-03-21,4,7
ARGT,2023-03-22,5,7
ARGT,2023-03-23,5,7
ARGT,2023-03-24,6,7
ARGT,2023-03-28,6,7
ARGT,2023-03-30,4,7
ARGT,2023-03-31,6,7
ARGT,2023-04-03,6,7
ARGT,2023-04-04,4,7
ARGT,2023-04-05,5,7
ARGT,2023-04-06,4,7
ARGT,2023-04-10,3,7
ARGT,2023-04-11,5,7
ARGT,2023-04-12,6,7
ARGT,2023-04-14,6,7
ARGT,2023-04-19,6,7
ARGT,2023-04-21,5,7
ARGT,2023-04-24,4,7
ARGT,2023-04-25,6,7
ARGT,2023-04-26,6,7
ARGT,2023-04-27,6,7
ARGT,2023-04-28,6,7
ARGT,2023-05-01,5,7
ARGT,2023-05-02,6,7
ARGT,2023-05-04,4,7
ARGT,2023-05-05,5,7
ARGT,2023-05-15,5,7
ARGT,2023-05-16,6,7
ARGT,2023-05-18,6,7
ARGT,2023-05-19,6,7
ARGT,2023-05-23,6,7
ARGT,2023-05-24,4,7
ARGT,2023-05-26,5,7
ARGT,2023-05-31,6,7
ARGT,2023-06-01,6,7
ARGT,2023-06-02,6,7
ARGT,2023-06-05,6,7
ARGT,2023-06-07,6,7
ARGT,2023-06-28,6,7
ARGT,2023-06-29,6,7
ARGT,2023-07-11,6,7
ARGT,2023-07-31,6,7
ARGT,2023-09-14,6,7
ARGT,2023-09-20,6,7
ARGT,2023-10-06,6,7
ARGT,2023-10-09,6,7
ARGT,2023-10-13,5,7
ARGT,2023-10-20,6,7
ARGT,2023-10-24,6,7
ARGT,2023-10-27,5,7
ARGT,2023-11-03,6,7
ARGT,2023-11-07,6,7
ARGT,2023-11-09,4,7
ARGT,2023-11-10,3,7
ARGT,2023-11-15,6,7
ARGT,2023-11-16,6,7
ARGT,2024-02-20,6,7
ARGT,2024-03-15,6,7
ARGT,2024-06-03,3,7
ARKK,2016-01-04,4,7
ARKK,2016-01-05,1,7
ARKK,2016-01-06,1,7
ARKK,2016-01-07,4,7
ARKK,2016-01-08,2,7
ARKK,2016-01-11,2,7
ARKK,2016-01-12,3,7
ARKK,2016-01-13,4,7
ARKK,2016-01-14,3,7
ARKK,2016-01-15,6,7
ARKK,2016-01-19,2,7
ARKK,2016-01-20,3,7
ARKK,2016-01-21,1,7
ARKK,2016-01-22,2,7
ARKK,2016-01-25,1,7
ARKK,2016-01-26,1,7
ARKK,2016-01-27,2,7
ARKK,2016-01-28,1,7
ARKK,2016-01-29,2,7
ARKK,2016-02-01,1,7
ARKK,2016-02-02,1,7
ARKK,2016-02-03,2,7
ARKK,2016-02-04,3,7
ARKK,2016-02-05,2,7
ARKK,2016-02-08,5,7
ARKK,2016-02-09,2,7
ARKK,2016-02-10,1,7
ARKK,2016-02-11,1,7
ARKK,2016-02-12,5,7
ARKK,2016-02-16,1,7
ARKK,2016-02-17,2,7
ARKK,2016-02-18,1,7
ARKK,2016-02-19,1,7
ARKK,2016-02-22,1,7
ARKK,2016-02-23,1,7
ARKK,2016-02-24,2,7
ARKK,2016-02-25,1,7
ARKK,2016-02-26,1,7
ARKK,2016-02-29,1,7
ARKK,2016-03-01,1,7
ARKK,2016-03-02,1,7
ARKK,2016-03-03,3,7
ARKK,2016-03-04,3,7
ARKK,2016-03-07,2,7
ARKK,2016-03-08,1,7
ARKK,2016-03-09,2,7
ARKK,2016-03-10,2,7
ARKK,2016-03-11,1,7
ARKK,2016-03-14,2,7
ARKK,2016-03-15,2,7
ARKK,2016-03-16,2,7
ARKK,2016-03-17,1,7
ARKK,2016-03-18,2,7
ARKK,2016-03-21,1,7
ARKK,2016-03-22,2,7
ARKK,2016-03-24,2,7
ARKK,2016-03-29,1,7
ARKK,2016-03-30,2,7
ARKK,2016-03-31,3,7
ARKK,2016-04-04,1,7
ARKK,2016-04-05,1,7
ARKK,2016-04-06,2,7
ARKK,2016-04-07,2,7
ARKK,2016-04-08,1,7
ARKK,2016-04-12,1,7
ARKK,2016-04-13,1,7
ARKK,2016-04-14,1,7
ARKK,2016-04-15,1,7
ARKK,2016-04-18,1,7
ARKK,2016-04-19,3,7
ARKK,2016-04-20,3,7
ARKK,2016-04-21,2,7
ARKK,2016-04-22,2,7
ARKK,2016-04-25,3,7
ARKK,2016-04-26,2,7
ARKK,2016-04-27,1,7
ARKK,2016-04-28,1,7
ARKK,2016-04-29,3,7
ARKK,2016-05-02,1,7
ARKK,2016-05-03,1,7
ARKK,2016-05-04,1,7
ARKK,2016-05-05,1,7
ARKK,2016-05-06,2,7
ARKK,2016-05-09,1,7
ARKK,2016-05-10,1,7
ARKK,2016-05-11,1,7
ARKK,2016-05-12,2,7
ARKK,2016-05-13,2,7
ARKK,2016-05-16,1,7
ARKK,2016-05-17,1,7
ARKK,2016-05-18,1,7
ARKK,2016-05-19,3,7
ARKK,2016-05-20,2,7
ARKK,2016-05-23,1,7
ARKK,2016-05-24,2,7
ARKK,2016-05-25,6,7
ARKK,2016-05-26,2,7
ARKK,2016-05-27,2,7
ARKK,2016-05-31,4,7
ARKK,2016-06-01,1,7
ARKK,2016-06-02,3,7
ARKK,2016-06-03,4,7
ARKK,2016-06-06,3,7
ARKK,2016-06-08,2,7
ARKK,2016-06-09,4,7
ARKK,2016-06-10,1,7
ARKK,2016-06-13,6,7
ARKK,2016-06-14,6,7
ARKK,2016-06-15,1,7
ARKK,2016-06-16,1,7
ARKK,2016-06-17,2,7
ARKK,2016-06-21,2,7
ARKK,2016-06-22,1,7
ARKK,2016-06-23,3,7
ARKK,2016-06-24,6,7
ARKK,2016-06-27,4,7
ARKK,2016-06-28,1,7
ARKK,2016-06-29,1,7
ARKK,2016-06-30,2,7
ARKK,2016-07-01,1,7
ARKK,2016-07-05,1,7
ARKK,2016-07-06,1,7
ARKK,2016-07-07,1,7
ARKK,2016-07-08,1,7
ARKK,2016-07-11,4,7
ARKK,2016-07-12,2,7
ARKK,2016-07-13,2,7
ARKK,2016-07-14,1,7
ARKK,2016-07-15,3,7
ARKK,2016-07-18,1,7
ARKK,2016-07-19,1,7
ARKK,2016-07-20,2,7
ARKK,2016-07-21,1,7
ARKK,2016-07-22,1,7
ARKK,2016-07-25,2,7
ARKK,2016-07-26,1,7
ARKK,2016-07-27,2,7
ARKK,2016-07-28,1,7
ARKK,2016-07-29,1,7
ARKK,2016-08-01,2,7
ARKK,2016-08-02,1,7
ARKK,2016-08-03,1,7
ARKK,2016-08-04,2,7
ARKK,2016-08-05,1,7
ARKK,2016-08-08,1,7
ARKK,2016-08-09,1,7
ARKK,2016-08-10,1,7
ARKK,2016-08-11,1,7
ARKK,2016-08-12,1,7
ARKK,2016-08-16,2,7
ARKK,2016-08-17,1,7
ARKK,2016-08-18,1,7
ARKK,2016-08-19,1,7
ARKK,2016-08-22,2,7
ARKK,2016-08-23,2,7
ARKK,2016-08-24,2,7
ARKK,2016-08-25,1,7
ARKK,2016-08-26,1,7
ARKK,2016-08-29,1,7
ARKK,2016-08-30,1,7
ARKK,2016-08-31,2,7
ARKK,2016-09-01,1,7
ARKK,2016-09-02,2,7
ARKK,2016-09-06,1,7
ARKK,2016-09-07,1,7
ARKK,2016-09-08,1,7
ARKK,2016-09-09,1,7
ARKK,2016-09-13,2,7
ARKK,2016-09-14,1,7
ARKK,2016-09-15,2,7
ARKK,2016-09-19,1,7
ARKK,2016-09-20,1,7
ARKK,2016-09-21,1,7
ARKK,2016-09-22,2,7
ARKK,2016-09-23,2,7
ARKK,2016-09-26,1,7
ARKK,2016-09-27,4,7
ARKK,2016-09-28,3,7
ARKK,2016-09-29,4,7
ARKK,2016-09-30,3,7
ARKK,2016-10-03,1,7
ARKK,2016-10-04,2,7
ARKK,2016-10-05,2,7
ARKK,2016-10-06,2,7
ARKK,2016-10-07,1,7
ARKK,2016-10-10,1,7
ARKK,2016-10-11,2,7
ARKK,2016-10-12,4,7
ARKK,2016-10-13,1,7
ARKK,2016-10-14,2,7
ARKK,2016-10-17,3,7
ARKK,2016-10-18,1,7
ARKK,2016-10-19,1,7
ARKK,2016-10-20,2,7
ARKK,2016-10-21,3,7
ARKK,2016-10-24,1,7
ARKK,2016-10-25,6,7
ARKK,2016-10-26,1,7
ARKK,2016-10-27,2,7
ARKK,2016-10-28,5,7
ARKK,2016-10-31,3,7
ARKK,2016-11-01,5,7
ARKK,2016-11-02,3,7
ARKK,2016-11-03,3,7
ARKK,2016-11-04,2,7
ARKK,2016-11-07,2,7
ARKK,2016-11-08,5,7
ARKK,2016-11-09,1,7
ARKK,2016-11-10,5,7
ARKK,2016-11-11,1,7
ARKK,2016-11-14,2,7
ARKK,2016-11-15,1,7
ARKK,2016-11-17,3,7
ARKK,2016-11-18,5,7
ARKK,2016-11-21,4,7
ARKK,2016-11-22,2,7
ARKK,2016-11-23,1,7
ARKK,2016-11-25,2,4
ARKK,2016-11-28,1,7
ARKK,2016-11-29,4,7
ARKK,2016-11-30,5,7
ARKK,2016-12-01,1,7
ARKK,2016-12-02,1,7
ARKK,2016-12-05,2,7
ARKK,2016-12-06,4,7
ARKK,2016-12-07,5,7
ARKK,2016-12-08,2,7
ARKK,2016-12-09,1,7
ARKK,2016-12-12,2,7
ARKK,2016-12-13,2,7
ARKK,2016-12-14,2,7
ARKK,2016-12-15,2,7
ARKK,2016-12-16,5,7
ARKK,2016-12-19,3,7
ARKK,2016-12-20,1,7
ARKK,2016-12-21,3,7
ARKK,2016-12-22,3,7
ARKK,2016-12-23,2,7
ARKK,2016-12-27,2,7
ARKK,2016-12-28,3,7
ARKK,2016-12-29,1,7
ARKK,2016-12-30,2,7
ARKK,2017-01-03,2,7
ARKK,2017-01-04,2,7
ARKK,2017-01-05,3,7
ARKK,2017-01-06,4,7
ARKK,2017-01-10,6,7
ARKK,2017-01-11,5,7
ARKK,2017-01-12,3,7
ARKK,2017-01-13,4,7
ARKK,2017-01-17,5,7
ARKK,2017-01-19,6,7
ARKK,2017-01-20,5,7
ARKK,2017-01-23,6,7
ARKK,2017-01-24,4,7
ARKK,2017-01-25,6,7
ARKK,2017-01-26,6,7
ARKK,2017-01-27,5,7
ARKK,2017-01-30,3,7
ARKK,2017-01-31,3,7
ARKK,2017-02-02,4,7
ARKK,2017-02-03,5,7
ARKK,2017-02-06,4,7
ARKK,2017-02-07,3,7
ARKK,2017-02-08,2,7
ARKK,2017-02-09,3,7
ARKK,2017-02-14,5,7
ARKK,2017-02-15,6,7
ARKK,2017-02-16,4,7
ARKK,2017-02-17,4,7
ARKK,2017-02-21,3,7
ARKK,2017-02-22,5,7
ARKK,2017-02-27,5,7
ARKK,2017-02-28,6,7
ARKK,2017-03-01,5,7
ARKK,2017-03-02,3,7
ARKK,2017-03-03,4,7
ARKK,2017-03-06,4,7
ARKK,2017-03-07,4,7
ARKK,2017-03-08,4,7
ARKK,2017-03-09,5,7
ARKK,2017-03-10,5,7
ARKK,2017-03-13,5,7
ARKK,2017-03-14,5,7
ARKK,2017-03-15,4,7
ARKK,2017-03-16,3,7
ARKK,2017-03-17,4,7
ARKK,2017-03-20,5,7
ARKK,2017-03-22,5,7
ARKK,2017-03-23,5,7
ARKK,2017-03-24,2,7
ARKK,2017-03-27,4,7
ARKK,2017-03-28,2,7
ARKK,2017-03-29,6,7
ARKK,2017-03-31,5,7
ARKK,2017-04-03,4,7
ARKK,2017-04-04,2,7
ARKK,2017-04-05,5,7
ARKK,2017-04-06,5,7
ARKK,2017-04-07,5,7
ARKK,2017-04-10,5,7
ARKK,2017-04-11,6,7
ARKK,2017-04-12,4,7
ARKK,2017-04-13,5,7
ARKK,2017-04-19,6,7
ARKK,2017-04-21,5,7
ARKK,2017-05-03,6,7
ARNC,2020-04-01,6,7
ARNC,2021-04-19,1,7
ARNC,2021-10-25,1,7
ARNC,2022-01-24,2,7
ARNC,2022-03-08,1,7
ATO,2021-04-19,1,7
ATO,2021-10-25,1,7
ATO,2022-01-24,2,7
ATO,2022-03-08,1,7
ATVI,2018-05-02,1,7
ATVI,2018-05-03,1,7
AVB,2021-04-19,1,7
AVB,2021-10-25,1,7
AVB,2022-01-24,2,7
AVB,2022-03-08,1,7
AVGO,2018-05-02,1,7
AVGO,2018-05-03,1,7
AVY,2021-04-19,1,7
AVY,2021-10-25,1,7
AVY,2022-01-24,2,7
AVY,2022-03-08,1,7
AWK,2021-04-19,1,7
AWK,2021-10-25,1,7
AWK,2022-01-24,2,7
AWK,2022-03-08,1,7
AXON,2018-05-02,1,7
AXON,2018-05-03,1,7
AXP,2021-04-19,1,7
AXP,2022-01-24,2,7
AXP,2022-03-08,1,7
AYI,2021-04-19,1,7
AYI,2021-10-25,1,7
AYI,2022-01-24,2,7
AYI,2022-03-08,1,7
AZO,2021-04-19,1,7
AZO,2021-10-25,1,7
AZO,2022-01-24,2,7
AZO,2022-03-08,1,7
AZO,2024-08-28,6,7
AZO,2024-11-20,6,7
AZO,2024-12-26,6,7
AZO,2025-09-17,6,7
BA,2021-04-19,1,7
BA,2021-10-25,1,7
BA,2022-01-24,2,7
BA,2022-03-08,1,7
BAC,2021-04-19,1,7
BAC,2021-10-25,1,7
BAC,2022-01-24,2,7
BALL,2021-04-19,1,7
BALL,2021-10-25,1,7
BALL,2022-01-24,2,7
BALL,2022-03-08,1,7
BAX,2021-04-19,1,7
BAX,2021-10-25,1,7
BAX,2022-01-24,2,7
BAX,2022-03-08,1,7
BBBY,2018-05-02,1,7
BBBY,2018-05-03,1,7
BBT,2021-04-19,1,7
BBT,2021-10-25,1,7
BBT,2022-01-24,2,7
BBT,2022-03-08,1,7
BBWI,2021-10-25,1,7
BBWI,2022-01-24,2,7
BBWI,2022-03-08,1,7
BBY,2021-04-19,1,7
BBY,2021-10-25,1,7
BBY,2022-01-24,2,7
BBY,2022-03-08,1,7
BDX,2021-04-19,1,7
BDX,2021-10-25,1,7
BDX,2022-01-24,2,7
BDX,2022-03-08,1,7
BEN,2021-04-19,1,7
BEN,2021-10-25,1,7
BEN,2022-01-24,2,7
BEN,2022-03-08,1,7
BF.B,2021-04-19,1,7
BF.B,2021-10-25,1,7
BF.B,2022-01-24,2,7
BF.B,2022-03-08,1,7
BFH,2021-04-19,1,7
BFH,2022-01-24,2,7
BFH,2022-03-08,1,7
BG,2021-04-19,1,7
BG,2021-10-25,1,7
BG,2022-01-24,2,7
BG,2022-03-08,1,7
BHF,2017-07-17,4,7
BHF,2017-07-18,5,7
BHF,2017-07-19,4,7
BHF,2017-07-20,3,7
BHF,2017-07-21,4,7
BHF,2017-07-24,5,7
BHF,2017-07-25,2,7
BHF,2017-07-27,3,7
BHF,2017-07-28,1,7
BHF,2017-07-31,4,7
BHF,2017-08-01,6,7
BHF,2017-08-02,5,7
BHF,2017-08-03,6,7
BHF,2017-08-04,6,7
BHF,2018-05-02,1,7
BHF,2018-05-03,1,7
BIIB,2018-05-02,1,7
BIIB,2018-05-03,1,7
BIIB,2021-06-07,5,7
BIIB,2023-01-06,6,7
BIO,2021-04-19,1,7
BIO,2021-10-25,1,7
BIO,2022-01-24,2,7
BKNG,2018-05-02,1,7
BKNG,2018-05-03,1,7
BKR,2021-04-19,1,7
BKR,2021-10-25,1,7
BLDR,2018-05-02,1,7
BLDR,2018-05-03,1,7
BLDR,2021-10-25,1,7
BLDR,2022-01-24,2,7
BLDR,2022-03-08,1,7
BLK,2021-04-19,1,7
BLK,2021-10-25,1,7
BLK,2022-01-24,2,7
BLK,2022-03-08,1,7
BMY,2021-04-19,1,7
BMY,2021-10-25,1,7
BMY,2022-01-24,2,7
BMY,2022-03-08,1,7
BNO,2017-03-24,6,7
BNO,2017-08-24,6,7
BNY,2021-04-19,1,7
BNY,2021-10-25,1,7
BNY,2022-01-24,2,7
BNY,2022-03-08,1,7
BOTZ,2016-09-13,1,7
BOTZ,2016-09-16,3,7
BOTZ,2016-09-19,3,7
BOTZ,2016-09-20,1,7
BOTZ,2016-09-22,4,7
BOTZ,2016-09-26,4,7
BOTZ,2016-09-27,5,7
BOTZ,2016-09-28,5,7
BOTZ,2016-09-29,3,7
BOTZ,2016-09-30,3,7
BOTZ,2016-10-04,6,7
BOTZ,2016-10-05,5,7
BOTZ,2016-10-06,4,7
BOTZ,2016-10-07,3,7
BOTZ,2016-10-12,6,7
BOTZ,2016-10-13,4,7
BOTZ,2016-10-14,3,7
BOTZ,2016-10-17,6,7
BOTZ,2016-10-18,4,7
BOTZ,2016-10-20,3,7
BOTZ,2016-10-21,2,7
BOTZ,2016-10-24,6,7
BOTZ,2016-10-25,5,7
BOTZ,2016-10-26,3,7
BOTZ,2016-10-27,3,7
BOTZ,2016-10-28,6,7
BOTZ,2016-10-31,5,7
BOTZ,2016-11-01,3,7
BOTZ,2016-11-02,6,7
BOTZ,2016-11-03,4,7
BOTZ,2016-11-04,5,7
BOTZ,2016-11-07,4,7
BOTZ,2016-11-08,5,7
BOTZ,2016-11-09,5,7
BOTZ,2016-11-10,5,7
BOTZ,2016-11-11,4,7
BOTZ,2016-11-14,5,7
BOTZ,2016-11-15,3,7
BOTZ,2016-11-16,4,7
BOTZ,2016-11-18,4,7
BOTZ,2016-11-21,6,7
BOTZ,2016-11-22,4,7
BOTZ,2016-11-28,6,7
BOTZ,2016-11-29,6,7
BOTZ,2016-12-02,6,7
BOTZ,2016-12-06,5,7
BOTZ,2016-12-07,6,7
BOTZ,2016-12-13,5,7
BOTZ,2016-12-14,6,7
BOTZ,2016-12-15,3,7
BOTZ,2016-12-22,4,7
BOTZ,2016-12-23,5,7
BOTZ,2016-12-29,6,7
BOTZ,2017-01-12,6,7
BOTZ,2018-05-02,1,7
BOTZ,2018-05-03,1,7
BR,2021-04-19,1,7
BR,2021-10-25,1,7
BR,2022-01-24,2,7
BR,2022-03-08,1,7
BRK.B,2021-04-19,1,7
BRK.B,2021-10-25,1,7
BRK.B,2022-01-24,2,7
BRK.B,2022-03-08,1,7
BRO,2021-04-19,1,7
BRO,2021-10-25,1,7
BRO,2022-01-24,2,7
BRO,2022-03-08,1,7
BSX,2018-06-11,5,7
BSX,2021-04-19,1,7
BSX,2021-10-25,1,7
BSX,2022-01-24,2,7
BSX,2022-03-08,1,7
BWA,2021-04-19,1,7
BWA,2021-10-25,1,7
BWA,2022-01-24,2,7
BWA,2022-03-08,1,7
BX,2021-04-19,1,7
BX,2021-10-25,1,7
BX,2022-01-24,2,7
BX,2022-03-08,1,7
BXP,2021-04-19,1,7
BXP,2021-10-25,1,7
BXP,2022-01-24,2,7
BXP,2022-03-08,1,7
C,2021-04-19,1,7
C,2021-10-25,1,7
C,2022-01-24,2,7
C,2022-03-08,1,7
CA,2018-05-02,1,7
CA,2018-05-03,1,7
CA,2023-12-18,4,7
CA,2023-12-19,6,7
CA,2023-12-20,2,7
CA,2023-12-21,4,7
CA,2023-12-22,3,7
CA,2023-12-26,2,7
CA,2023-12-27,2,7
CA,2023-12-28,1,7
CA,2023-12-29,1,7
CA,2024-01-03,3,7
CA,2024-01-04,1,7
CA,2024-01-05,2,7
CA,2024-01-08,1,7
CA,2024-01-09,1,7
CA,2024-01-10,2,7
CA,2024-01-17,1,7
CA,2024-01-18,4,7
CA,2024-01-22,2,7
CA,2024-01-24,5,7
CA,2024-01-29,1,7
CA,2024-01-30,1,7
CA,2024-02-07,1,7
CA,2024-02-13,2,7
CA,2024-02-16,2,7
CA,2024-02-20,1,7
CA,2024-02-26,1,7
CA,2024-02-28,1,7
CA,2024-03-01,1,7
CA,2024-03-04,1,7
CA,2024-03-05,1,7
CA,2024-03-06,1,7
CA,2024-03-13,1,7
CA,2024-03-15,1,7
CA,2024-03-18,1,7
CA,2024-03-19,1,7
CA,2024-03-20,1,7
CA,2024-03-25,2,7
CA,2024-03-28,1,7
CA,2024-04-05,1,7
CA,2024-04-10,1,7
CA,2024-04-18,1,7
CA,2024-05-20,1,7
CA,2024-05-22,1,7
CA,2024-05-28,1,7
CA,2024-06-03,2,7
CA,2024-06-05,4,7
CA,2024-06-07,1,7
CA,2024-06-25,2,7
CA,2024-07-02,1,7
CA,2024-07-03,1,4
CA,2024-07-09,1,7
CA,2024-07-10,1,7
CA,2024-07-11,3,7
CA,2024-07-12,1,7
CA,2024-07-16,2,7
CA,2024-07-24,1,7
CA,2024-08-05,1,7
CA,2024-08-06,1,7
CA,2024-08-12,1,7
CA,2024-08-21,1,7
CA,2024-08-27,1,7
CA,2024-09-13,1,7
CA,2024-09-16,1,7
CA,2024-09-19,1,7
CA,2024-09-24,1,7
CA,2024-10-10,1,7
CA,2024-10-11,2,7
CA,2024-10-14,2,7
CA,2024-10-16,1,7
CA,2024-10-17,1,7
CA,2024-10-21,4,7
CA,2024-10-22,1,7
CA,2024-10-23,1,7
CA,2024-10-24,1,7
CA,2024-10-30,1,7
CA,2024-11-06,1,7
CA,2024-11-08,1,7
CA,2024-11-11,1,7
CA,2024-11-18,3,7
CA,2024-11-19,2,7
CA,2024-11-21,3,7
CA,2024-11-22,1,7
CA,2024-11-25,3,7
CA,2024-11-26,1,7
CA,2024-11-27,1,7
CA,2024-11-29,1,4
CA,2024-12-02,4,7
CA,2024-12-04,4,7
CA,2024-12-05,2,7
CA,2024-12-10,1,7
CA,2024-12-12,3,7
CA,2024-12-13,1,7
CA,2024-12-16,2,7
CA,2024-12-17,4,7
CA,2024-12-18,2,7
CA,2024-12-19,2,7
CA,2024-12-20,1,7
CA,2024-12-23,1,7
CA,2024-12-24,1,4
CA,2024-12-26,1,7
CA,2024-12-27,2,7
CA,2024-12-30,2,7
CA,2024-12-31,3,7
CA,2025-01-02,2,7
CA,2025-01-03,3,7
CA,2025-01-06,5,7
CA,2025-01-07,3,7
CA,2025-01-08,3,7
CA,2025-01-10,1,7
CA,2025-01-15,1,7
CA,2025-01-16,1,7
CA,2025-01-17,1,7
CA,2025-01-21,1,7
CA,2025-01-22,1,7
CA,2025-01-23,2,7
CA,2025-01-24,2,7
CA,2025-01-29,1,7
CA,2025-01-31,1,7
CA,2025-02-03,1,7
CA,2025-02-05,4,7
CA,2025-02-06,1,7
CA,2025-02-07,4,7
CA,2025-02-12,1,7
CA,2025-02-13,4,7
CA,2025-02-14,3,7
CA,2025-02-18,3,7
CA,2025-02-19,1,7
CA,2025-02-24,3,7
CA,2025-02-25,1,7
CA,2025-02-26,1,7
CA,2025-02-27,2,7
CA,2025-02-28,1,7
CA,2025-03-04,1,7
CA,2025-03-05,2,7
CA,2025-03-10,1,7
CA,2025-03-11,1,7
CA,2025-03-14,1,7
CA,2025-03-17,2,7
CA,2025-03-18,3,7
CA,2025-03-19,2,7
CA,2025-03-21,2,7
CA,2025-03-24,2,7
CA,2025-03-25,1,7
CA,2025-03-26,1,7
CA,2025-03-27,2,7
CA,2025-03-28,3,7
CA,2025-03-31,3,7
CA,2025-04-01,2,7
CA,2025-04-02,2,7
CA,2025-04-04,2,7
CA,2025-04-07,6,7
CA,2025-04-08,1,7
CA,2025-04-09,4,7
CA,2025-04-10,1,7
CA,2025-04-14,1,7
CA,2025-04-21,5,7
CA,2025-04-22,4,7
CA,2025-04-23,1,7
CA,2025-04-24,3,7
CA,2025-04-25,4,7
CA,2025-04-29,1,7
CA,2025-05-01,1,7
CA,2025-05-06,1,7
CA,2025-05-08,2,7
CA,2025-05-09,4,7
CA,2025-05-12,3,7
CA,2025-05-13,1,7
CA,2025-05-14,1,7
CA,2025-05-15,5,7
CA,2025-05-16,6,7
CA,2025-05-19,3,7
CA,2025-05-20,2,7
CA,2025-05-21,1,7
CA,2025-05-22,2,7
CA,2025-05-23,1,7
CA,2025-05-27,3,7
CA,2025-05-28,3,7
CA,2025-05-29,3,7
CA,2025-05-30,2,7
CA,2025-06-02,3,7
CA,2025-06-03,1,7
CA,2025-06-05,2,7
CA,2025-06-06,2,7
CA,2025-06-09,1,7
CA,2025-06-10,1,7
CA,2025-06-11,2,7
CA,2025-06-12,2,7
CA,2025-06-17,1,7
CA,2025-06-18,2,7
CA,2025-06-20,2,7
CA,2025-06-24,2,7
CA,2025-06-27,2,7
CA,2025-07-02,1,7
CA,2025-07-03,1,4
CA,2025-07-11,2,7
CA,2025-07-14,1,7
CA,2025-07-17,2,7
CA,2025-07-18,3,7
CA,2025-07-21,2,7
CA,2025-07-23,1,7
CA,2025-07-24,1,7
CA,2025-08-04,2,7
CA,2025-08-05,1,7
CA,2025-08-11,1,7
CA,2025-08-12,2,7
CA,2025-08-13,2,7
CA,2025-08-14,3,7
CA,2025-08-15,1,7
CA,2025-08-18,1,7
CA,2025-08-19,3,7
CA,2025-08-20,1,7
CA,2025-08-21,1,7
CA,2025-08-22,2,7
CA,2025-08-25,1,7
CA,2025-08-26,3,7
CA,2025-08-28,1,7
CA,2025-08-29,2,7
CA,2025-09-02,1,7
CA,2025-09-03,1,7
CA,2025-09-04,1,7
CA,2025-09-05,2,7
CA,2025-09-08,1,7
CA,2025-09-09,3,7
CA,2025-09-10,1,7
CA,2025-09-11,1,7
CA,2025-09-12,1,7
CA,2025-09-15,1,7
CA,2025-09-16,1,7
CA,2025-09-17,4,7
CA,2025-09-18,4,7
CA,2025-09-19,1,7
CA,2025-09-22,2,7
CA,2025-09-23,1,7
CA,2025-09-24,1,7
CA,2025-09-29,2,7
CA,2025-09-30,1,7
CA,2025-10-01,3,7
CA,2025-10-02,2,7
CA,2025-10-03,1,7
CA,2025-10-06,2,7
CA,2025-10-08,1,7
CA,2025-10-09,2,7
CA,2025-10-10,2,7
CA,2025-10-15,2,7
CA,2025-10-17,3,7
CA,2025-10-20,2,7
CA,2025-10-21,5,7
CA,2025-10-22,1,7
CA,2025-10-24,3,7
CA,2025-10-27,3,7
CA,2025-10-28,1,7
CA,2025-10-30,3,7
CA,2025-10-31,1,7
CA,2025-11-03,2,7
CA,2025-11-04,4,7
CA,2025-11-05,1,7
CA,2025-11-06,1,7
CA,2025-11-07,1,7
CA,2025-11-10,2,7
CA,2025-11-11,2,7
CA,2025-11-12,2,7
CA,2025-11-13,3,7
CA,2025-11-14,1,7
CA,2025-11-17,1,7
CA,2025-11-20,2,7
CA,2025-11-21,3,7
CA,2025-11-24,2,7
CA,2025-11-25,1,7
CA,2025-12-01,5,7
CA,2025-12-02,1,7
CA,2025-12-03,2,7
CA,2025-12-05,1,7
CA,2025-12-08,2,7
CA,2025-12-09,2,7
CA,2025-12-10,4,7
CA,2025-12-11,1,7
CA,2025-12-12,1,7
CA,2025-12-15,2,7
CA,2025-12-19,2,7
CA,2025-12-22,2,7
CA,2025-12-23,1,7
CA,2025-12-26,4,7
CA,2025-12-29,4,7
CA,2025-12-30,5,7
CA,2025-12-31,3,7
CA,2026-01-02,3,7
CA,2026-01-05,3,7
CA,2026-01-06,3,7
CA,2026-01-07,4,7
CA,2026-01-08,1,7
CA,2026-01-09,2,7
CA,2026-01-12,3,7
CA,2026-01-13,4,7
CA,2026-01-14,1,7
CA,2026-01-15,1,7
CA,2026-01-20,3,7
CA,2026-01-21,2,7
CA,2026-01-22,3,7
CA,2026-01-26,3,7
CA,2026-01-27,3,7
CA,2026-01-28,4,7
CA,2026-01-29,1,7
CA,2026-01-30,3,7
CA,2026-02-02,2,7
CA,2026-02-03,1,7
CA,2026-02-04,1,7
CA,2026-02-05,2,7
CA,2026-02-06,4,7
CA,2026-02-09,2,7
CA,2026-02-10,1,7
CA,2026-02-11,1,7
CA,2026-02-12,1,7
CA,2026-02-13,1,7
CA,2026-02-17,1,7
CA,2026-02-18,3,7
CA,2026-02-19,3,7
CA,2026-02-20,3,7
CA,2026-02-23,6,7
CA,2026-02-24,1,7
CA,2026-02-25,1,7
CA,2026-02-26,2,7
CA,2026-02-27,4,7
CA,2026-03-02,6,7
CA,2026-03-03,2,7
CA,2026-03-04,3,7
CA,2026-03-05,4,7
CA,2026-03-06,4,7
CA,2026-03-09,5,7
CA,2026-03-10,2,7
CA,2026-03-11,3,7
CA,2026-03-12,4,7
CA,2026-03-13,1,7
CA,2026-03-16,2,7
CA,2026-03-19,2,7
CA,2026-03-20,2,7
CA,2026-03-23,4,7
CA,2026-03-24,2,7
CA,2026-03-25,2,7
CA,2026-03-26,3,7
CA,2026-03-27,2,7
CA,2026-03-30,1,7
CA,2026-03-31,1,7
CA,2026-04-01,2,7
CA,2026-04-02,1,7
CA,2026-04-06,1,7
CA,2026-04-07,1,7
CA,2026-04-08,1,7
CA,2026-04-09,5,7
CA,2026-04-10,3,7
CA,2026-04-13,5,7
CA,2026-04-14,6,7
CA,2026-04-15,2,7
CA,2026-04-16,2,7
CA,2026-04-17,3,7
CA,2026-04-20,3,7
CA,2026-04-21,2,7
CA,2026-04-22,4,7
CA,2026-04-27,2,7
CA,2026-04-28,2,7
CA,2026-04-29,2,7
CA,2026-04-30,3,7
CA,2026-05-01,4,7
CA,2026-05-04,2,7
CA,2026-05-05,5,7
CA,2026-05-06,1,7
CA,2026-05-07,3,7
CAG,2021-04-19,1,7
CAG,2021-10-25,1,7
CAG,2022-01-24,2,7
CAG,2022-03-08,1,7
CAH,2021-04-19,1,7
CAH,2021-10-25,1,7
CAH,2022-01-24,2,7
CAH,2022-03-08,1,7
CAM,2025-10-06,2,7
CAM,2025-10-07,6,7
CAM,2025-10-08,6,7
CAM,2025-10-10,4,7
CAM,2025-10-13,5,7
CAM,2025-10-14,6,7
CAM,2025-10-15,3,7
CAM,2025-10-16,4,7
CAM,2025-10-17,6,7
CAM,2025-10-20,5,7
CAM,2025-10-21,6,7
CAM,2025-10-22,3,7
CAM,2025-10-23,5,7
CAM,2025-10-24,4,7
CAM,2025-10-27,5,7
CAM,2025-10-28,3,7
CAM,2025-10-29,5,7
CAM,2025-10-31,5,7
CAM,2025-11-03,2,7
CAM,2025-11-05,4,7
CAM,2025-11-07,5,7
CAM,2025-11-10,6,7
CAM,2025-11-11,4,7
CAM,2025-11-12,6,7
CAM,2025-11-13,5,7
CAM,2025-11-14,5,7
CAM,2025-11-17,3,7
CAM,2025-11-19,6,7
CAM,2025-11-21,6,7
CAM,2025-11-24,5,7
CAM,2025-11-25,6,7
CAM,2025-11-26,6,7
CAM,2025-12-02,5,7
CAM,2025-12-09,6,7
CAM,2025-12-11,4,7
CAM,2025-12-15,6,7
CAM,2025-12-18,6,7
CAM,2025-12-22,6,7
CAM,2025-12-26,5,7
CAM,2025-12-30,6,7
CAM,2025-12-31,6,7
CAM,2026-01-06,4,7
CAM,2026-01-07,6,7
CAM,2026-01-08,5,7
CAM,2026-01-12,6,7
CAM,2026-01-13,6,7
CAM,2026-01-15,5,7
CAM,2026-01-20,6,7
CAM,2026-01-21,6,7
CAM,2026-01-22,6,7
CAM,2026-01-30,6,7
CAM,2026-02-02,5,7
CAM,2026-02-03,5,7
CAM,2026-02-04,6,7
CAM,2026-02-09,6,7
CAM,2026-02-10,6,7
CAM,2026-02-25,6,7
CAM,2026-02-27,6,7
CAM,2026-03-03,6,7
CAM,2026-03-05,6,7
CAM,2026-03-10,6,7
CAM,2026-03-12,5,7
CAM,2026-03-13,6,7
CAM,2026-03-17,6,7
CAM,2026-03-18,6,7
CAM,2026-03-26,5,7
CAM,2026-03-30,5,7
CAM,2026-04-01,6,7
CAM,2026-04-09,6,7
CAM,2026-04-10,5,7
CAM,2026-04-14,6,7
CAM,2026-04-22,5,7
CAM,2026-04-29,6,7
CAM,2026-05-06,6,7
CAM,2026-05-07,6,7
CAM,2026-05-08,6,7
CAM,2026-05-18,4,7
CAM,2026-05-27,5,7
CAM,2026-06-02,6,7
CAM,2026-06-08,6,7
CAM,2026-06-18,6,7
CAM,2026-06-29,6,7
CAM,2026-07-09,6,7
CAM,2026-07-13,6,7
CAM,2026-07-17,6,7
CAM,2026-07-20,6,7
CAM,2026-07-23,6,7
CAM,2026-07-27,6,7
CAM,2026-07-29,4,7
CAM,2026-07-30,5,7
CAM,2026-07-31,5,7
CAM,2026-08-12,6,7
CAM,2026-08-13,5,7
CAM,2026-08-14,6,7
CAM,2026-08-19,5,7
CAM,2026-08-20,6,7
CAM,2026-08-24,6,7
CAM,2026-08-25,6,7
CAM,2026-08-26,6,7
CAM,2026-09-08,6,7
CAM,2026-09-18,5,7
CANE,2016-01-04,3,7
CANE,2016-01-05,2,7
CANE,2016-01-07,4,7
CANE,2016-01-08,5,7
CANE,2016-01-11,5,7
CANE,2016-01-12,2,7
CANE,2016-01-13,2,7
CANE,2016-01-14,3,7
CANE,2016-01-15,4,7
CANE,2016-01-19,4,7
CANE,2016-01-20,4,7
CANE,2016-01-21,1,7
CANE,2016-01-22,3,7
CANE,2016-01-25,1,7
CANE,2016-01-26,1,7
CANE,2016-01-27,5,7
CANE,2016-01-28,4,7
CANE,2016-01-29,3,7
CANE,2016-02-01,3,7
CANE,2016-02-02,4,7
CANE,2016-02-03,4,7
CANE,2016-02-04,3,7
CANE,2016-02-05,1,7
CANE,2016-02-08,4,7
CANE,2016-02-09,3,7
CANE,2016-02-10,3,7
CANE,2016-02-11,4,7
CANE,2016-02-16,2,7
CANE,2016-02-17,2,7
CANE,2016-02-19,2,7
CANE,2016-02-22,2,7
CANE,2016-02-23,4,7
CANE,2016-02-24,4,7
CANE,2016-02-25,2,7
CANE,2016-02-26,3,7
CANE,2016-02-29,2,7
CANE,2016-03-02,3,7
CANE,2016-03-03,5,7
CANE,2016-03-04,3,7
CANE,2016-03-07,2,7
CANE,2016-03-08,4,7
CANE,2016-03-09,2,7
CANE,2016-03-10,5,7
CANE,2016-03-11,6,7
CANE,2016-03-14,4,7
CANE,2016-03-15,4,7
CANE,2016-03-17,6,7
CANE,2016-03-18,6,7
CANE,2016-03-21,4,7
CANE,2016-03-22,2,7
CANE,2016-03-23,4,7
CANE,2016-03-28,6,7
CANE,2016-03-29,5,7
CANE,2016-03-30,2,7
CANE,2016-03-31,4,7
CANE,2016-04-01,4,7
CANE,2016-04-04,5,7
CANE,2016-04-05,2,7
CANE,2016-04-06,3,7
CANE,2016-04-07,2,7
CANE,2016-04-08,5,7
CANE,2016-04-11,3,7
CANE,2016-04-12,3,7
CANE,2016-04-13,4,7
CANE,2016-04-14,3,7
CANE,2016-04-15,6,7
CANE,2016-04-18,4,7
CANE,2016-04-19,4,7
CANE,2016-04-20,4,7
CANE,2016-04-21,3,7
CANE,2016-04-22,1,7
CANE,2016-04-25,3,7
CANE,2016-04-26,4,7
CANE,2016-04-27,5,7
CANE,2016-04-28,5,7
CANE,2016-04-29,5,7
CANE,2016-05-02,2,7
CANE,2016-05-03,4,7
CANE,2016-05-04,3,7
CANE,2016-05-05,3,7
CANE,2016-05-06,3,7
CANE,2016-05-09,2,7
CANE,2016-05-10,2,7
CANE,2016-05-11,5,7
CANE,2016-05-12,4,7
CANE,2016-05-13,1,7
CANE,2016-05-16,4,7
CANE,2016-05-17,3,7
CANE,2016-05-18,5,7
CANE,2016-05-19,4,7
CANE,2016-05-20,4,7
CANE,2016-05-23,3,7
CANE,2016-05-24,2,7
CANE,2016-05-25,3,7
CANE,2016-05-26,2,7
CANE,2016-05-27,1,7
CANE,2016-05-31,4,7
CANE,2016-06-01,1,7
CANE,2016-06-02,3,7
CANE,2016-06-03,6,7
CANE,2016-06-06,3,7
CANE,2016-06-07,3,7
CANE,2016-06-08,5,7
CANE,2016-06-09,5,7
CANE,2016-06-10,3,7
CANE,2016-06-13,3,7
CANE,2016-06-14,3,7
CANE,2016-06-15,1,7
CANE,2016-06-16,4,7
CANE,2016-06-17,1,7
CANE,2016-06-20,2,7
CANE,2016-06-21,2,7
CANE,2016-06-22,3,7
CANE,2016-06-23,2,7
CANE,2016-06-24,5,7
CANE,2016-06-27,5,7
CANE,2016-06-28,5,7
CANE,2016-06-29,6,7
CANE,2016-06-30,2,7
CANE,2016-07-01,3,7
CANE,2016-07-05,4,7
CANE,2016-07-06,3,7
CANE,2016-07-07,4,7
CANE,2016-07-08,1,7
CANE,2016-07-11,5,7
CANE,2016-07-12,4,7
CANE,2016-07-13,3,7
CANE,2016-07-14,5,7
CANE,2016-07-15,5,7
CANE,2016-07-18,3,7
CANE,2016-07-19,3,7
CANE,2016-07-20,1,7
CANE,2016-07-21,1,7
CANE,2016-07-22,2,7
CANE,2016-07-25,4,7
CANE,2016-07-26,4,7
CANE,2016-07-27,3,7
CANE,2016-07-28,1,7
CANE,2016-07-29,3,7
CANE,2016-08-01,6,7
CANE,2016-08-02,4,7
CANE,2016-08-03,2,7
CANE,2016-08-04,2,7
CANE,2016-08-08,4,7
CANE,2016-08-09,3,7
CANE,2016-08-10,3,7
CANE,2016-08-11,2,7
CANE,2016-08-12,2,7
CANE,2016-08-15,5,7
CANE,2016-08-16,6,7
CANE,2016-08-17,2,7
CANE,2016-08-18,3,7
CANE,2016-08-19,1,7
CANE,2016-08-22,6,7
CANE,2016-08-23,2,7
CANE,2016-08-24,4,7
CANE,2016-08-25,3,7
CANE,2016-08-29,2,7
CANE,2016-08-30,3,7
CANE,2016-08-31,5,7
CANE,2016-09-01,5,7
CANE,2016-09-02,4,7
CANE,2016-09-06,2,7
CANE,2016-09-08,1,7
CANE,2016-09-09,2,7
CANE,2016-09-12,4,7
CANE,2016-09-13,4,7
CANE,2016-09-14,2,7
CANE,2016-09-16,6,7
CANE,2016-09-19,4,7
CANE,2016-09-20,4,7
CANE,2016-09-21,4,7
CANE,2016-09-22,4,7
CANE,2016-09-23,2,7
CANE,2016-09-26,4,7
CANE,2016-09-27,5,7
CANE,2016-09-28,5,7
CANE,2016-09-29,4,7
CANE,2016-09-30,5,7
CANE,2016-10-03,3,7
CANE,2016-10-04,4,7
CANE,2016-10-05,4,7
CANE,2016-10-06,3,7
CANE,2016-10-07,2,7
CANE,2016-10-10,3,7
CANE,2016-10-11,5,7
CANE,2016-10-12,4,7
CANE,2016-10-13,1,7
CANE,2016-10-14,2,7
CANE,2016-10-17,1,7
CANE,2016-10-18,1,7
CANE,2016-10-19,4,7
CANE,2016-10-20,3,7
CANE,2016-10-21,2,7
CANE,2016-10-24,1,7
CANE,2016-10-25,2,7
CANE,2016-10-26,3,7
CANE,2016-10-27,3,7
CANE,2016-10-28,5,7
CANE,2016-11-01,4,7
CANE,2016-11-02,3,7
CANE,2016-11-03,1,7
CANE,2016-11-04,1,7
CANE,2016-11-07,2,7
CANE,2016-11-08,1,7
CANE,2016-11-09,3,7
CANE,2016-11-10,1,7
CANE,2016-11-15,2,7
CANE,2016-11-16,5,7
CANE,2016-11-17,4,7
CANE,2016-11-18,3,7
CANE,2016-11-21,2,7
CANE,2016-11-23,3,7
CANE,2016-11-25,2,4
CANE,2016-11-28,2,7
CANE,2016-11-29,2,7
CANE,2016-11-30,3,7
CANE,2016-12-01,4,7
CANE,2016-12-02,5,7
CANE,2016-12-05,4,7
CANE,2016-12-06,5,7
CANE,2016-12-07,2,7
CANE,2016-12-08,4,7
CANE,2016-12-09,6,7
CANE,2016-12-12,3,7
CANE,2016-12-13,3,7
CANE,2016-12-14,5,7
CANE,2016-12-15,3,7
CANE,2016-12-16,6,7
CANE,2016-12-19,3,7
CANE,2016-12-20,4,7
CANE,2016-12-21,4,7
CANE,2016-12-22,1,7
CANE,2016-12-23,4,7
CANE,2016-12-27,3,7
CANE,2016-12-28,4,7
CANE,2016-12-29,4,7
CANE,2016-12-30,3,7
CANE,2017-01-03,5,7
CANE,2017-01-04,6,7
CANE,2017-01-05,2,7
CANE,2017-01-06,1,7
CANE,2017-01-09,3,7
CANE,2017-01-10,6,7
CANE,2017-01-11,3,7
CANE,2017-01-12,3,7
CANE,2017-01-13,1,7
CANE,2017-01-17,3,7
CANE,2017-01-18,4,7
CANE,2017-01-19,4,7
CANE,2017-01-20,3,7
CANE,2017-01-23,4,7
CANE,2017-01-24,1,7
CANE,2017-01-25,3,7
CANE,2017-01-27,2,7
CANE,2017-01-30,3,7
CANE,2017-01-31,3,7
CANE,2017-02-01,3,7
CANE,2017-02-02,5,7
CANE,2017-02-03,5,7
CANE,2017-02-06,6,7
CANE,2017-02-07,3,7
CANE,2017-02-08,5,7
CANE,2017-02-09,3,7
CANE,2017-02-10,3,7
CANE,2017-02-13,3,7
CANE,2017-02-14,2,7
CANE,2017-02-15,2,7
CANE,2017-02-16,5,7
CANE,2017-02-17,3,7
CANE,2017-02-21,3,7
CANE,2017-02-22,5,7
CANE,2017-02-23,5,7
CANE,2017-02-24,2,7
CANE,2017-02-27,4,7
CANE,2017-02-28,2,7
CANE,2017-03-01,4,7
CANE,2017-03-02,3,7
CANE,2017-03-06,3,7
CANE,2017-03-07,2,7
CANE,2017-03-08,4,7
CANE,2017-03-09,3,7
CANE,2017-03-10,5,7
CANE,2017-03-13,3,7
CANE,2017-03-14,3,7
CANE,2017-03-15,3,7
CANE,2017-03-16,2,7
CANE,2017-03-17,5,7
CANE,2017-03-20,5,7
CANE,2017-03-21,5,7
CANE,2017-03-22,1,7
CANE,2017-03-23,1,7
CANE,2017-03-24,2,7
CANE,2017-03-27,3,7
CANE,2017-03-29,3,7
CANE,2017-03-30,2,7
CANE,2017-03-31,5,7
CANE,2017-04-03,5,7
CANE,2017-04-04,3,7
CANE,2017-04-05,2,7
CANE,2017-04-06,1,7
CANE,2017-04-07,3,7
CANE,2017-04-10,6,7
CANE,2017-04-11,6,7
CANE,2017-04-12,2,7
CANE,2017-04-13,3,7
CANE,2017-04-17,6,7
CANE,2017-04-20,6,7
CANE,2017-04-21,6,7
CANE,2017-04-24,3,7
CANE,2017-04-25,3,7
CANE,2017-04-27,6,7
CANE,2017-04-28,6,7
CANE,2017-05-01,6,7
CANE,2017-05-02,2,7
CANE,2017-05-03,5,7
CANE,2017-05-04,6,7
CANE,2017-05-09,6,7
CANE,2017-05-10,6,7
CANE,2017-05-11,6,7
CANE,2017-05-12,5,7
CANE,2017-05-15,3,7
CANE,2017-05-18,5,7
CANE,2017-05-19,6,7
CANE,2017-05-22,6,7
CANE,2017-05-23,4,7
CANE,2017-05-24,6,7
CANE,2017-05-25,4,7
CANE,2017-05-30,6,7
CANE,2017-06-06,6,7
CANE,2017-06-07,5,7
CANE,2017-06-08,6,7
CANE,2017-06-09,4,7
CANE,2017-06-14,5,7
CANE,2017-06-15,5,7
CANE,2017-06-16,6,7
CANE,2017-06-19,6,7
CANE,2017-06-20,6,7
CANE,2017-06-22,6,7
CANE,2017-06-23,4,7
CANE,2017-06-26,5,7
CANE,2017-06-27,5,7
CANE,2017-06-28,6,7
CANE,2017-07-05,5,7
CANE,2017-07-10,6,7
CANE,2017-07-11,6,7
CANE,2017-07-12,5,7
CANE,2017-07-13,5,7
CANE,2017-07-14,6,7
CANE,2017-07-17,6,7
CANE,2017-07-18,6,7
CANE,2017-07-20,4,7
CANE,2017-07-25,6,7
CANE,2017-07-26,5,7
CANE,2017-07-28,5,7
CANE,2017-08-01,5,7
CANE,2017-08-02,6,7
CANE,2017-08-03,6,7
CANE,2017-08-04,6,7
CANE,2017-08-07,6,7
CANE,2017-08-08,5,7
CANE,2017-08-09,5,7
CANE,2017-08-14,4,7
CANE,2017-08-17,6,7
CANE,2017-08-18,5,7
CANE,2017-08-21,5,7
CANE,2017-08-22,5,7
CANE,2017-08-28,6,7
CANE,2017-08-30,4,7
CANE,2017-08-31,5,7
CANE,2017-09-01,6,7
CANE,2017-09-05,6,7
CANE,2017-09-06,6,7
CANE,2017-09-07,6,7
CANE,2017-09-11,6,7
CANE,2017-09-12,6,7
CANE,2017-09-13,6,7
CANE,2017-09-14,5,7
CANE,2017-09-18,5,7
CANE,2017-09-19,6,7
CANE,2017-09-20,6,7
CANE,2017-09-21,6,7
CANE,2017-09-22,6,7
CANE,2017-09-25,6,7
CANE,2017-09-26,6,7
CANE,2017-09-28,6,7
CANE,2017-10-02,6,7
CANE,2017-10-03,6,7
CANE,2017-10-04,4,7
CANE,2017-10-06,5,7
CANE,2017-10-09,6,7
CANE,2017-10-10,6,7
CANE,2017-10-11,5,7
CANE,2017-10-12,4,7
CANE,2017-10-13,4,7
CANE,2017-10-16,6,7
CANE,2017-10-17,4,7
CANE,2017-10-18,2,7
CANE,2017-10-19,3,7
CANE,2017-10-20,6,7
CANE,2017-10-23,6,7
CANE,2017-10-24,5,7
CANE,2017-10-26,5,7
CANE,2017-11-01,5,7
CANE,2017-11-02,5,7
CANE,2017-11-03,4,7
CANE,2017-11-06,4,7
CANE,2017-11-07,6,7
CANE,2017-11-08,6,7
CANE,2017-11-09,6,7
CANE,2017-11-10,5,7
CANE,2017-11-13,5,7
CANE,2017-11-14,6,7
CANE,2017-11-15,6,7
CANE,2017-11-16,4,7
CANE,2017-11-20,4,7
CANE,2017-11-21,4,7
CANE,2017-11-22,6,7
CANE,2017-11-24,3,4
CANE,2017-11-28,5,7
CANE,2017-11-29,5,7
CANE,2017-11-30,5,7
CANE,2017-12-01,4,7
CANE,2017-12-04,3,7
CANE,2017-12-05,2,7
CANE,2017-12-06,6,7
CANE,2017-12-07,6,7
CANE,2017-12-08,5,7
CANE,2017-12-11,6,7
CANE,2017-12-15,5,7
CANE,2017-12-18,6,7
CANE,2017-12-19,6,7
CANE,2017-12-20,5,7
CANE,2017-12-21,5,7
CANE,2017-12-22,4,7
CANE,2017-12-27,6,7
CANE,2017-12-29,5,7
CANE,2018-01-02,6,7
CANE,2018-01-03,4,7
CANE,2018-01-04,6,7
CANE,2018-01-05,6,7
CANE,2018-01-08,5,7
CANE,2018-01-09,4,7
CANE,2018-01-10,5,7
CANE,2018-01-11,6,7
CANE,2018-01-12,5,7
CANE,2018-01-23,6,7
CANE,2018-01-29,5,7
CANE,2018-01-30,6,7
CANE,2018-01-31,6,7
CANE,2018-02-01,6,7
CANE,2018-02-02,6,7
CANE,2018-02-06,6,7
CANE,2018-02-07,4,7
CANE,2018-02-09,6,7
CANE,2018-02-12,5,7
CANE,2018-02-13,6,7
CANE,2018-02-15,6,7
CANE,2018-02-21,6,7
CANE,2018-02-22,5,7
CANE,2018-02-23,5,7
CANE,2018-02-26,5,7
CANE,2018-02-28,6,7
CANE,2018-03-02,5,7
CANE,2018-03-05,6,7
CANE,2018-03-06,5,7
CANE,2018-03-09,6,7
CANE,2018-03-13,6,7
CANE,2018-03-14,5,7
CANE,2018-03-15,6,7
CANE,2018-03-16,5,7
CANE,2018-03-19,6,7
CANE,2018-03-20,6,7
CANE,2018-03-21,6,7
CANE,2018-03-22,5,7
CANE,2018-03-23,6,7
CANE,2018-03-27,5,7
CANE,2018-03-29,6,7
CANE,2018-04-02,6,7
CANE,2018-04-03,5,7
CANE,2018-04-04,3,7
CANE,2018-04-06,6,7
CANE,2018-04-12,6,7
CANE,2018-04-13,5,7
CANE,2018-05-07,6,7
CANE,2018-05-08,6,7
CANE,2018-05-11,6,7
CANE,2018-06-18,6,7
CANE,2018-06-20,6,7
CANE,2018-06-25,6,7
CANE,2018-06-28,5,7
CANE,2018-07-02,6,7
CANE,2018-07-06,6,7
CANE,2018-07-10,6,7
CANE,2018-07-19,6,7
CANE,2018-07-20,6,7
CANE,2018-07-23,5,7
CANE,2018-07-26,6,7
CANE,2018-07-27,6,7
CANE,2018-08-02,5,7
CANE,2018-08-08,5,7
CANE,2018-08-17,6,7
CANE,2018-08-20,6,7
CANE,2018-09-04,6,7
CANE,2018-09-13,6,7
CANE,2018-09-18,6,7
CANE,2018-09-19,6,7
CANE,2018-09-21,5,7
CANE,2018-09-24,6,7
CANE,2018-09-27,6,7
CANE,2018-09-28,6,7
CANE,2018-11-01,6,7
CANE,2018-11-02,6,7
CANE,2018-11-06,6,7
CANE,2018-11-07,6,7
CANE,2018-11-09,6,7
CANE,2018-11-14,6,7
CANE,2018-11-15,4,7
CANE,2018-11-27,5,7
CANE,2018-12-06,6,7
CANE,2018-12-11,5,7
CANE,2018-12-12,6,7
CANE,2018-12-13,5,7
CANE,2018-12-14,6,7
CANE,2018-12-20,6,7
CANE,2018-12-21,6,7
CANE,2018-12-26,6,7
CANE,2019-01-03,4,7
CANE,2019-01-04,5,7
CANE,2019-01-07,6,7
CANE,2019-01-09,6,7
CANE,2019-01-14,6,7
CANE,2019-01-23,5,7
CANE,2019-01-25,6,7
CANE,2019-01-29,6,7
CANE,2019-02-01,5,7
CANE,2019-02-05,6,7
CANE,2019-02-07,6,7
CANE,2019-02-08,5,7
CANE,2019-02-12,6,7
CANE,2019-02-14,6,7
CANE,2019-02-27,6,7
CANE,2019-02-28,6,7
CANE,2019-03-08,6,7
CANE,2019-03-11,6,7
CANE,2019-03-12,6,7
CANE,2019-03-13,4,7
CANE,2019-03-19,6,7
CANE,2019-03-20,6,7
CANE,2019-03-21,5,7
CANE,2019-03-22,6,7
CANE,2019-03-25,6,7
CANE,2019-03-27,5,7
CANE,2019-04-01,6,7
CANE,2019-04-02,6,7
CANE,2019-04-04,6,7
CANE,2019-04-05,5,7
CANE,2019-04-08,5,7
CANE,2019-04-15,6,7
CANE,2019-04-16,6,7
CANE,2019-04-17,6,7
CANE,2019-04-23,6,7
CANE,2019-04-24,6,7
CANE,2019-04-25,5,7
CANE,2019-04-26,5,7
CANE,2019-04-29,6,7
CANE,2019-04-30,5,7
CANE,2019-05-01,5,7
CANE,2019-05-02,6,7
CANE,2019-05-06,6,7
CANE,2019-05-07,6,7
CANE,2019-05-09,5,7
CANE,2019-05-13,6,7
CANE,2019-05-15,6,7
CANE,2019-05-16,6,7
CANE,2019-05-20,6,7
CANE,2019-05-21,5,7
CANE,2019-05-23,6,7
CANE,2019-05-28,5,7
CANE,2019-05-30,5,7
CANE,2019-06-10,6,7
CANE,2019-06-11,6,7
CANE,2019-06-12,6,7
CANE,2019-06-13,6,7
CANE,2019-06-17,6,7
CANE,2019-06-18,6,7
CANE,2019-06-19,6,7
CANE,2019-06-20,4,7
CANE,2019-06-21,6,7
CANE,2019-06-24,5,7
CANE,2019-06-25,6,7
CANE,2019-07-01,6,7
CANE,2019-07-05,5,7
CANE,2019-07-08,3,7
CANE,2019-07-09,4,7
CANE,2019-07-11,6,7
CANE,2019-07-12,6,7
CANE,2019-07-15,6,7
CANE,2019-07-16,6,7
CANE,2019-07-17,6,7
CANE,2019-07-19,5,7
CANE,2019-07-24,6,7
CANE,2019-07-26,6,7
CANE,2019-07-29,5,7
CANE,2019-07-30,6,7
CANE,2019-08-01,6,7
CANE,2019-08-02,5,7
CANE,2019-08-05,6,7
CANE,2019-08-06,6,7
CANE,2019-08-07,6,7
CANE,2019-08-09,6,7
CANE,2019-08-12,6,7
CANE,2019-08-14,6,7
CANE,2019-08-15,4,7
CANE,2019-08-16,3,7
CANE,2019-08-19,6,7
CANE,2019-08-20,4,7
CANE,2019-08-21,5,7
CANE,2019-08-22,5,7
CANE,2019-08-23,5,7
CANE,2019-08-28,3,7
CANE,2019-09-12,6,7
CANE,2019-09-20,5,7
CANE,2019-09-26,6,7
CANE,2019-09-27,4,7
CANE,2019-10-01,6,7
CANE,2019-10-02,6,7
CANE,2019-10-04,6,7
CANE,2019-10-07,6,7
CANE,2019-10-08,6,7
CANE,2019-10-09,6,7
CANE,2019-10-11,6,7
CANE,2019-10-14,6,7
CANE,2019-10-15,5,7
CANE,2019-10-16,4,7
CANE,2019-10-17,5,7
CANE,2019-10-18,6,7
CANE,2019-10-21,6,7
CANE,2019-10-23,5,7
CANE,2019-10-24,6,7
CANE,2019-11-01,5,7
CANE,2019-11-06,6,7
CANE,2019-11-13,6,7
CANE,2019-11-14,6,7
CANE,2019-11-18,6,7
CANE,2019-11-19,5,7
CANE,2019-11-25,5,7
CANE,2019-11-26,6,7
CANE,2019-11-27,5,7
CANE,2019-12-05,6,7
CANE,2019-12-13,6,7
CANE,2019-12-20,5,7
CANE,2019-12-27,5,7
CANE,2020-01-02,6,7
CANE,2020-01-22,6,7
CANE,2020-01-23,6,7
CANE,2020-02-20,5,7
CANE,2020-02-21,6,7
CANE,2020-02-25,6,7
CANE,2020-02-26,6,7
CANE,2020-03-12,6,7
CANE,2020-03-13,6,7
CANE,2020-03-17,4,7
CANE,2020-03-24,6,7
CANE,2020-03-26,4,7
CANE,2020-03-27,6,7
CANE,2020-04-03,5,7
CANE,2020-04-08,6,7
CANE,2020-04-16,6,7
CANE,2020-05-12,6,7
CANE,2020-05-22,6,7
CANE,2020-05-29,5,7
CANE,2020-06-12,6,7
CANE,2020-06-17,5,7
CANE,2020-06-18,6,7
CANE,2020-06-22,6,7
CANE,2020-06-25,5,7
CANE,2020-07-01,6,7
CANE,2020-07-07,6,7
CANE,2020-07-10,6,7
CANE,2020-07-17,6,7
CANE,2020-07-30,6,7
CANE,2020-10-05,6,7
CANE,2020-10-16,6,7
CANE,2020-10-20,5,7
CANE,2020-10-21,5,7
CANE,2020-10-27,6,7
CANE,2020-11-06,6,7
CANE,2020-11-10,6,7
CANE,2021-02-10,6,7
CANE,2021-06-03,6,7
CANE,2021-06-04,6,7
CANE,2021-06-14,6,7
CANE,2021-07-13,6,7
CANE,2021-08-04,6,7
CANE,2021-09-09,6,7
CANE,2021-09-20,6,7
CANE,2021-09-21,6,7
CANE,2021-10-06,6,7
CANE,2021-11-24,6,7
CANE,2021-12-09,5,7
CANE,2021-12-10,6,7
CANE,2021-12-15,6,7
CANE,2021-12-22,6,7
CANE,2022-01-13,6,7
CANE,2022-01-25,6,7
CANE,2022-01-28,6,7
CANE,2022-02-10,6,7
CANE,2022-03-31,6,7
CANE,2022-07-15,6,7
CANE,2022-08-02,6,7
CANE,2022-08-23,6,7
CANE,2022-08-24,6,7
CANE,2022-08-30,5,7
CANE,2022-08-31,5,7
CANE,2022-09-08,6,7
CANE,2022-10-13,6,7
CANE,2022-11-04,6,7
CANE,2022-11-29,6,7
CANE,2022-12-01,6,7
CANE,2022-12-08,6,7
CANE,2022-12-12,6,7
CANE,2023-01-13,6,7
CANE,2023-01-18,6,7
CANE,2023-01-19,4,7
CANE,2023-02-09,6,7
CANE,2023-02-16,6,7
CANE,2023-02-17,6,7
CANE,2023-03-02,6,7
CANE,2023-03-21,6,7
CANE,2023-03-23,6,7
CANE,2023-03-27,5,7
CANE,2023-06-02,6,7
CANE,2023-06-21,6,7
CANE,2023-07-05,6,7
CANE,2023-07-06,6,7
CANE,2023-07-07,6,7
CANE,2023-07-11,6,7
CANE,2023-07-25,5,7
CANE,2023-07-27,6,7
CANE,2023-08-09,6,7
CANE,2023-08-10,6,7
CANE,2023-08-14,6,7
CANE,2023-08-17,6,7
CANE,2023-08-22,6,7
CANE,2023-09-11,6,7
CANE,2023-10-05,6,7
CANE,2023-10-11,6,7
CANE,2023-10-19,6,7
CANE,2023-11-10,6,7
CANE,2023-11-13,6,7
CANE,2023-12-19,6,7
CANE,2023-12-22,6,7
CANE,2024-01-02,6,7
CANE,2024-01-03,6,7
CANE,2024-01-08,6,7
CANE,2024-01-11,6,7
CANE,2024-01-12,6,7
CANE,2024-01-24,6,7
CANE,2024-02-02,6,7
CANE,2024-02-05,6,7
CANE,2024-02-06,6,7
CANE,2024-02-08,6,7
CANE,2024-02-13,6,7
CANE,2024-02-14,6,7
CANE,2024-02-21,6,7
CANE,2024-02-22,5,7
CANE,2024-02-23,6,7
CANE,2024-02-27,6,7
CANE,2024-02-28,6,7
CANE,2024-03-05,6,7
CANE,2024-03-07,6,7
CANE,2024-03-08,5,7
CANE,2024-03-13,6,7
CANE,2024-03-15,6,7
CANE,2024-03-20,6,7
CANE,2024-03-27,5,7
CANE,2024-04-15,6,7
CANE,2024-04-16,5,7
CANE,2024-04-19,6,7
CANE,2024-04-23,6,7
CANE,2024-04-24,5,7
CANE,2024-04-30,5,7
CANE,2024-05-08,6,7
CANE,2024-05-10,6,7
CANE,2024-05-24,6,7
CANE,2024-06-17,6,7
CANE,2024-06-18,6,7
CANE,2024-06-20,6,7
CANE,2024-06-25,6,7
CANE,2024-06-28,6,7
CANE,2024-07-17,5,7
CANE,2024-07-19,6,7
CANE,2024-07-26,6,7
CANE,2024-07-29,5,7
CANE,2024-07-31,6,7
CANE,2024-08-05,6,7
CANE,2024-08-06,5,7
CANE,2024-08-08,6,7
CANE,2024-08-09,6,7
CANE,2024-08-12,5,7
CANE,2024-08-13,5,7
CANE,2024-08-14,6,7
CANE,2024-08-22,6,7
CANE,2024-09-09,6,7
CANE,2024-09-10,6,7
CANE,2024-09-12,6,7
CANE,2024-09-26,6,7
CANE,2024-09-30,6,7
CANE,2024-10-02,6,7
CANE,2024-10-08,6,7
CANE,2024-10-11,6,7
CANE,2024-10-14,6,7
CANE,2024-10-25,6,7
CANE,2024-11-20,6,7
CANE,2024-11-22,6,7
CANE,2024-11-26,6,7
CANE,2024-12-04,6,7
CANE,2024-12-10,6,7
CANE,2024-12-11,6,7
CANE,2024-12-12,6,7
CANE,2024-12-18,6,7
CANE,2024-12-26,6,7
CANE,2024-12-27,6,7
CANE,2025-01-03,6,7
CANE,2025-01-08,5,7
CANE,2025-01-22,6,7
CANE,2025-01-31,6,7
CANE,2025-02-05,6,7
CANE,2025-02-06,6,7
CANE,2025-02-26,6,7
CANE,2025-03-07,6,7
CANE,2025-03-11,5,7
CANE,2025-03-12,6,7
CANE,2025-03-13,4,7
CANE,2025-03-27,5,7
CANE,2025-03-28,5,7
CANE,2025-04-01,6,7
CANE,2025-04-10,6,7
CANE,2025-04-11,6,7
CANE,2025-04-16,6,7
CANE,2025-04-17,5,7
CANE,2025-04-22,6,7
CANE,2025-04-24,6,7
CANE,2025-05-05,6,7
CANE,2025-05-14,6,7
CANE,2025-05-15,6,7
CANE,2025-05-16,6,7
CANE,2025-05-19,5,7
CANE,2025-05-21,6,7
CANE,2025-05-22,6,7
CANE,2025-05-23,5,7
CANE,2025-05-29,5,7
CANE,2025-06-03,6,7
CANE,2025-06-23,6,7
CANE,2025-06-25,6,7
CANE,2025-06-26,6,7
CANE,2025-07-07,6,7
CANE,2025-07-10,6,7
CANE,2025-07-14,6,7
CANE,2025-08-04,6,7
CANE,2025-08-25,6,7
CANE,2025-08-26,4,7
CANE,2025-08-27,5,7
CANE,2025-09-12,6,7
CANE,2025-10-02,6,7
CANE,2025-10-15,6,7
CANE,2025-11-11,6,7
CANE,2025-11-25,6,7
CANE,2025-12-10,6,7
CANE,2025-12-15,5,7
CANE,2026-01-29,6,7
CANE,2026-02-02,6,7
CARR,2021-04-19,1,7
CARR,2021-10-25,1,7
CARR,2022-01-24,2,7
CARR,2022-03-08,1,7
CASY,2018-05-02,1,7
CASY,2018-05-03,1,7
CAT,2021-04-19,1,7
CAT,2021-10-25,1,7
CAT,2022-01-24,2,7
CB,2021-04-19,1,7
CB,2021-10-25,1,7
CB,2022-01-24,2,7
CB,2022-03-08,1,7
CBOE,2018-05-02,1,7
CBOE,2018-05-03,1,7
CBRE,2021-04-19,1,7
CBRE,2021-10-25,1,7
CBRE,2022-01-24,2,7
CBRE,2022-03-08,1,7
CCEP,2021-04-19,1,7
CCI,2021-04-19,1,7
CCI,2021-10-25,1,7
CCI,2022-01-24,2,7
CCI,2022-03-08,1,7
CCL,2021-04-19,1,7
CCL,2021-10-25,1,7
CCL,2022-01-24,2,7
CCL,2022-03-08,1,7
CDNS,2018-05-02,1,7
CDNS,2018-05-03,1,7
CDW,2018-05-02,1,7
CDW,2018-05-03,1,7
CE,2021-04-19,1,7
CE,2021-10-25,1,7
CE,2022-01-24,2,7
CE,2022-03-08,1,7
CELG,2018-05-02,1,7
CELG,2018-05-03,1,7
CERN,2018-05-02,1,7
CERN,2018-05-03,1,7
CF,2021-04-19,1,7
CF,2021-10-25,1,7
CF,2022-01-24,2,7
CF,2022-03-08,1,7
CFG,2021-04-19,1,7
CFG,2021-10-25,1,7
CFG,2022-01-24,2,7
CFG,2022-03-08,1,7
CHD,2021-04-19,1,7
CHD,2022-01-24,2,7
CHD,2022-03-08,1,7
CHRW,2018-05-02,1,7
CHRW,2018-05-03,1,7
CHTR,2018-05-02,1,7
CHTR,2018-05-03,1,7
CI,2021-04-19,1,7
CI,2021-10-25,1,7
CI,2022-01-24,2,7
CI,2022-03-08,1,7
CIEN,2021-04-19,1,7
CIEN,2021-10-25,1,7
CIEN,2022-01-24,2,7
CIEN,2022-03-08,1,7
CINF,2018-05-02,1,7
CINF,2018-05-03,1,7
CL,2021-04-19,1,7
CL,2021-10-25,1,7
CL,2022-01-24,2,7
CL,2022-03-08,1,7
CLX,2021-04-19,1,7
CLX,2021-10-25,1,7
CLX,2022-01-24,2,7
CLX,2022-03-08,1,7
CMA,2021-04-19,1,7
CMA,2021-10-25,1,7
CMA,2022-01-24,2,7
CMA,2022-03-08,1,7
CMCSA,2018-05-02,1,7
CMCSA,2018-05-03,1,7
CME,2018-05-02,1,7
CME,2018-05-03,1,7
CMG,2021-04-19,1,7
CMG,2021-10-25,1,7
CMG,2022-01-24,2,7
CMG,2022-03-08,1,7
CMI,2021-04-19,1,7
CMI,2021-10-25,1,7
CMI,2022-01-24,2,7
CMI,2022-03-08,1,7
CMS,2021-04-19,1,7
CMS,2021-10-25,1,7
CMS,2022-01-24,2,7
CMS,2022-03-08,1,7
CNC,2021-04-19,1,7
CNC,2021-10-25,1,7
CNC,2022-01-24,2,7
CNC,2022-03-08,1,7
CNP,2021-04-19,1,7
CNP,2021-10-25,1,7
CNP,2022-01-24,2,7
CNP,2022-03-08,1,7
CNX,2021-04-19,1,7
CNX,2021-10-25,1,7
CNX,2022-01-24,2,7
CNX,2022-03-08,1,7
COF,2021-04-19,1,7
COF,2021-10-25,1,7
COF,2022-01-24,2,7
COF,2022-03-08,1,7
COG,2021-04-19,1,7
COHR,2018-05-02,1,7
COHR,2018-05-03,1,7
COIN,2021-04-14,3,7
COO,2021-04-19,1,7
COO,2021-10-25,1,7
COO,2022-01-24,2,7
COP,2021-04-19,1,7
COP,2021-10-25,1,7
COP,2022-01-24,2,7
COP,2022-03-08,1,7
COR,2021-04-19,1,7
COR,2022-01-24,2,7
COR,2022-03-08,1,7
CORN,2016-01-05,6,7
CORN,2016-01-06,6,7
CORN,2016-02-01,5,7
CORN,2016-02-11,6,7
CORN,2016-02-12,6,7
CORN,2016-02-16,6,7
CORN,2016-02-18,5,7
CORN,2016-02-19,6,7
CORN,2016-02-22,6,7
CORN,2016-03-24,6,7
CORN,2016-04-01,6,7
CORN,2016-04-08,6,7
CORN,2016-04-27,6,7
CORN,2016-05-06,6,7
CORN,2016-05-11,6,7
CORN,2017-04-24,6,7
CORN,2017-05-12,6,7
CORN,2017-10-16,6,7
CORN,2017-10-25,6,7
CORN,2018-01-10,6,7
CORN,2018-01-23,6,7
CORN,2018-07-18,6,7
CORN,2018-11-14,6,7
CORN,2018-11-19,6,7
CORN,2018-11-21,6,7
CORN,2018-11-28,6,7
CORN,2018-12-13,6,7
CORN,2018-12-14,6,7
CORN,2018-12-19,6,7
CORN,2018-12-28,6,7
CORN,2019-01-02,6,7
CORN,2019-01-18,6,7
CORN,2019-01-25,6,7
CORN,2019-02-12,6,7
CORN,2019-03-05,6,7
CORN,2019-03-14,6,7
CORN,2019-03-20,6,7
CORN,2019-10-14,6,7
CORN,2019-10-31,6,7
CORN,2019-11-08,6,7
CORN,2019-12-23,6,7
CORN,2020-05-06,6,7
CORN,2023-04-03,6,7
CORN,2023-10-16,6,7
CORN,2024-01-25,6,7
CORN,2024-02-08,6,7
CORN,2024-04-10,6,7
CORN,2024-04-19,6,7
CORN,2025-03-20,6,7
CORN,2025-03-28,6,7
CORN,2025-05-07,6,7
CORN,2025-06-03,6,7
CORN,2025-07-24,6,7
CORN,2025-12-04,6,7
COST,2018-05-02,1,7
COST,2018-05-03,1,7
COTY,2021-04-19,1,7
COTY,2021-10-25,1,7
COTY,2022-01-24,2,7
COTY,2022-03-08,1,7
CPAY,2021-04-19,1,7
CPAY,2021-10-25,1,7
CPAY,2022-03-08,1,7
CPB,2021-04-19,1,7
CPB,2021-10-25,1,7
CPB,2022-01-24,2,7
CPB,2022-03-08,1,7
CPER,2016-01-04,3,7
CPER,2016-01-06,1,7
CPER,2016-01-08,4,7
CPER,2016-01-11,2,7
CPER,2016-01-12,3,7
CPER,2016-01-13,1,7
CPER,2016-01-14,2,7
CPER,2016-01-15,1,7
CPER,2016-01-19,4,7
CPER,2016-01-20,1,7
CPER,2016-01-21,1,7
CPER,2016-01-22,2,7
CPER,2016-01-25,6,7
CPER,2016-01-26,1,7
CPER,2016-01-27,1,7
CPER,2016-02-01,1,7
CPER,2016-02-02,2,7
CPER,2016-02-04,3,7
CPER,2016-02-05,2,7
CPER,2016-02-08,3,7
CPER,2016-02-09,3,7
CPER,2016-02-10,1,7
CPER,2016-02-11,1,7
CPER,2016-02-12,2,7
CPER,2016-02-17,3,7
CPER,2016-02-18,1,7
CPER,2016-02-22,1,7
CPER,2016-02-23,4,7
CPER,2016-02-24,3,7
CPER,2016-02-29,1,7
CPER,2016-03-01,1,7
CPER,2016-03-02,4,7
CPER,2016-03-03,4,7
CPER,2016-03-07,4,7
CPER,2016-03-08,3,7
CPER,2016-03-09,2,7
CPER,2016-03-10,3,7
CPER,2016-03-11,3,7
CPER,2016-03-14,6,7
CPER,2016-03-15,5,7
CPER,2016-03-16,1,7
CPER,2016-03-17,2,7
CPER,2016-03-18,4,7
CPER,2016-03-21,2,7
CPER,2016-03-22,2,7
CPER,2016-03-23,4,7
CPER,2016-03-24,1,7
CPER,2016-03-28,1,7
CPER,2016-03-29,4,7
CPER,2016-03-30,1,7
CPER,2016-04-01,2,7
CPER,2016-04-04,1,7
CPER,2016-04-05,1,7
CPER,2016-04-06,1,7
CPER,2016-04-07,5,7
CPER,2016-04-08,1,7
CPER,2016-04-11,3,7
CPER,2016-04-12,4,7
CPER,2016-04-13,6,7
CPER,2016-04-14,2,7
CPER,2016-04-15,6,7
CPER,2016-04-18,3,7
CPER,2016-04-19,5,7
CPER,2016-04-20,5,7
CPER,2016-04-21,2,7
CPER,2016-04-22,6,7
CPER,2016-04-25,2,7
CPER,2016-04-27,1,7
CPER,2016-04-28,2,7
CPER,2016-04-29,2,7
CPER,2016-05-02,4,7
CPER,2016-05-03,1,7
CPER,2016-05-04,5,7
CPER,2016-05-05,1,7
CPER,2016-05-06,2,7
CPER,2016-05-10,2,7
CPER,2016-05-12,4,7
CPER,2016-05-13,2,7
CPER,2016-05-16,2,7
CPER,2016-05-17,2,7
CPER,2016-05-18,2,7
CPER,2016-05-19,3,7
CPER,2016-05-20,3,7
CPER,2016-05-23,2,7
CPER,2016-05-24,1,7
CPER,2016-05-25,3,7
CPER,2016-05-26,4,7
CPER,2016-05-27,2,7
CPER,2016-05-31,3,7
CPER,2016-06-01,4,7
CPER,2016-06-02,4,7
CPER,2016-06-03,5,7
CPER,2016-06-06,4,7
CPER,2016-06-07,6,7
CPER,2016-06-08,4,7
CPER,2016-06-09,3,7
CPER,2016-06-10,1,7
CPER,2016-06-17,1,7
CPER,2016-06-20,2,7
CPER,2016-06-21,2,7
CPER,2016-06-22,3,7
CPER,2016-06-23,3,7
CPER,2016-06-24,5,7
CPER,2016-06-27,3,7
CPER,2016-06-28,3,7
CPER,2016-06-29,3,7
CPER,2016-06-30,3,7
CPER,2016-07-01,3,7
CPER,2016-07-05,4,7
CPER,2016-07-06,3,7
CPER,2016-07-07,2,7
CPER,2016-07-11,3,7
CPER,2016-07-12,3,7
CPER,2016-07-13,6,7
CPER,2016-07-14,3,7
CPER,2016-07-15,2,7
CPER,2016-07-18,1,7
CPER,2016-07-19,4,7
CPER,2016-07-20,3,7
CPER,2016-07-21,3,7
CPER,2016-07-22,2,7
CPER,2016-07-25,3,7
CPER,2016-07-26,2,7
CPER,2016-07-27,5,7
CPER,2016-07-28,2,7
CPER,2016-07-29,3,7
CPER,2016-08-03,3,7
CPER,2016-08-05,3,7
CPER,2016-08-09,2,7
CPER,2016-08-10,2,7
CPER,2016-08-11,2,7
CPER,2016-08-12,3,7
CPER,2016-08-15,4,7
CPER,2016-08-16,3,7
CPER,2016-08-19,4,7
CPER,2016-08-22,2,7
CPER,2016-08-23,2,7
CPER,2016-08-24,2,7
CPER,2016-08-26,4,7
CPER,2016-08-29,3,7
CPER,2016-08-30,1,7
CPER,2016-08-31,3,7
CPER,2016-09-02,4,7
CPER,2016-09-06,2,7
CPER,2016-09-07,4,7
CPER,2016-09-08,1,7
CPER,2016-09-09,3,7
CPER,2016-09-12,3,7
CPER,2016-09-13,2,7
CPER,2016-09-15,4,7
CPER,2016-09-16,2,7
CPER,2016-09-19,1,7
CPER,2016-09-21,2,7
CPER,2016-09-22,4,7
CPER,2016-09-23,5,7
CPER,2016-09-26,2,7
CPER,2016-09-28,1,7
CPER,2016-09-29,1,7
CPER,2016-09-30,3,7
CPER,2016-10-03,2,7
CPER,2016-10-04,1,7
CPER,2016-10-05,1,7
CPER,2016-10-06,1,7
CPER,2016-10-07,1,7
CPER,2016-10-10,3,7
CPER,2016-10-13,2,7
CPER,2016-10-14,2,7
CPER,2016-10-17,1,7
CPER,2016-10-19,1,7
CPER,2016-10-20,3,7
CPER,2016-10-24,2,7
CPER,2016-10-25,5,7
CPER,2016-10-26,3,7
CPER,2016-10-27,2,7
CPER,2016-10-28,3,7
CPER,2016-10-31,4,7
CPER,2016-11-01,4,7
CPER,2016-11-02,2,7
CPER,2016-11-03,3,7
CPER,2016-11-04,2,7
CPER,2016-11-07,6,7
CPER,2016-11-08,5,7
CPER,2016-11-09,6,7
CPER,2016-11-14,6,7
CPER,2016-11-15,5,7
CPER,2016-11-16,6,7
CPER,2016-11-17,5,7
CPER,2016-11-18,4,7
CPER,2016-11-21,3,7
CPER,2016-11-22,4,7
CPER,2016-11-28,6,7
CPER,2016-11-29,6,7
CPER,2016-11-30,6,7
CPER,2016-12-02,3,7
CPER,2016-12-06,5,7
CPER,2016-12-07,3,7
CPER,2016-12-08,2,7
CPER,2016-12-12,4,7
CPER,2016-12-13,5,7
CPER,2016-12-14,6,7
CPER,2016-12-15,1,7
CPER,2016-12-19,6,7
CPER,2016-12-20,3,7
CPER,2016-12-21,1,7
CPER,2016-12-22,2,7
CPER,2016-12-23,4,7
CPER,2016-12-27,3,7
CPER,2016-12-28,2,7
CPER,2016-12-29,2,7
CPER,2016-12-30,3,7
CPER,2017-01-03,5,7
CPER,2017-01-04,4,7
CPER,2017-01-05,4,7
CPER,2017-01-06,4,7
CPER,2017-01-09,1,7
CPER,2017-01-10,5,7
CPER,2017-01-11,4,7
CPER,2017-01-12,4,7
CPER,2017-01-13,5,7
CPER,2017-01-17,6,7
CPER,2017-01-18,6,7
CPER,2017-01-19,1,7
CPER,2017-01-20,2,7
CPER,2017-01-23,6,7
CPER,2017-01-27,2,7
CPER,2017-01-30,4,7
CPER,2017-01-31,6,7
CPER,2017-02-01,5,7
CPER,2017-02-02,5,7
CPER,2017-02-03,6,7
CPER,2017-02-06,1,7
CPER,2017-02-07,3,7
CPER,2017-02-08,4,7
CPER,2017-02-09,3,7
CPER,2017-02-15,4,7
CPER,2017-02-16,4,7
CPER,2017-02-17,6,7
CPER,2017-02-21,5,7
CPER,2017-02-22,3,7
CPER,2017-02-24,4,7
CPER,2017-02-27,2,7
CPER,2017-02-28,2,7
CPER,2017-03-02,3,7
CPER,2017-03-03,5,7
CPER,2017-03-06,6,7
CPER,2017-03-07,5,7
CPER,2017-03-08,4,7
CPER,2017-03-10,5,7
CPER,2017-03-13,6,7
CPER,2017-03-14,2,7
CPER,2017-03-15,6,7
CPER,2017-03-16,4,7
CPER,2017-03-17,6,7
CPER,2017-03-21,5,7
CPER,2017-03-22,3,7
CPER,2017-03-23,4,7
CPER,2017-03-24,6,7
CPER,2017-03-27,6,7
CPER,2017-03-28,4,7
CPER,2017-03-29,3,7
CPER,2017-03-30,6,7
CPER,2017-03-31,3,7
CPER,2017-04-03,6,7
CPER,2017-04-04,3,7
CPER,2017-04-05,4,7
CPER,2017-04-06,6,7
CPER,2017-04-10,4,7
CPER,2017-04-11,4,7
CPER,2017-04-12,6,7
CPER,2017-04-17,5,7
CPER,2017-04-19,6,7
CPER,2017-04-20,2,7
CPER,2017-04-24,6,7
CPER,2017-04-25,5,7
CPER,2017-04-26,4,7
CPER,2017-04-27,3,7
CPER,2017-04-28,2,7
CPER,2017-05-02,2,7
CPER,2017-05-03,4,7
CPER,2017-05-04,4,7
CPER,2017-05-05,2,7
CPER,2017-05-08,5,7
CPER,2017-05-09,4,7
CPER,2017-05-10,3,7
CPER,2017-05-11,5,7
CPER,2017-05-12,5,7
CPER,2017-05-15,4,7
CPER,2017-05-16,3,7
CPER,2017-05-17,4,7
CPER,2017-05-18,3,7
CPER,2017-05-19,3,7
CPER,2017-05-22,2,7
CPER,2017-05-23,2,7
CPER,2017-05-24,5,7
CPER,2017-05-25,1,7
CPER,2017-05-26,3,7
CPER,2017-05-30,2,7
CPER,2017-05-31,2,7
CPER,2017-06-01,3,7
CPER,2017-06-02,2,7
CPER,2017-06-05,3,7
CPER,2017-06-06,1,7
CPER,2017-06-07,3,7
CPER,2017-06-08,2,7
CPER,2017-06-09,1,7
CPER,2017-06-12,3,7
CPER,2017-06-13,2,7
CPER,2017-06-15,2,7
CPER,2017-06-19,1,7
CPER,2017-06-21,2,7
CPER,2017-06-23,3,7
CPER,2017-06-26,1,7
CPER,2017-06-27,6,7
CPER,2017-06-28,1,7
CPER,2017-06-30,3,7
CPER,2017-07-03,2,4
CPER,2017-07-05,1,7
CPER,2017-07-06,2,7
CPER,2017-07-10,4,7
CPER,2017-07-17,3,7
CPER,2017-07-18,2,7
CPER,2017-07-20,1,7
CPER,2017-07-21,3,7
CPER,2017-07-25,3,7
CPER,2017-07-26,2,7
CPER,2017-07-27,5,7
CPER,2017-07-28,3,7
CPER,2017-07-31,4,7
CPER,2017-08-01,3,7
CPER,2017-08-02,2,7
CPER,2017-08-03,3,7
CPER,2017-08-04,2,7
CPER,2017-08-07,4,7
CPER,2017-08-08,3,7
CPER,2017-08-09,1,7
CPER,2017-08-10,4,7
CPER,2017-08-11,2,7
CPER,2017-08-14,1,7
CPER,2017-08-15,2,7
CPER,2017-08-16,6,7
CPER,2017-08-17,5,7
CPER,2017-08-18,3,7
CPER,2017-08-21,6,7
CPER,2017-08-22,5,7
CPER,2017-08-23,3,7
CPER,2017-08-24,3,7
CPER,2017-08-25,5,7
CPER,2017-08-30,5,7
CPER,2017-08-31,2,7
CPER,2017-09-01,2,7
CPER,2017-09-05,5,7
CPER,2017-09-06,5,7
CPER,2017-09-07,4,7
CPER,2017-09-08,5,7
CPER,2017-09-12,5,7
CPER,2017-09-13,6,7
CPER,2017-09-14,4,7
CPER,2017-09-15,6,7
CPER,2017-09-18,5,7
CPER,2017-09-19,2,7
CPER,2017-09-20,6,7
CPER,2017-09-21,3,7
CPER,2017-09-22,2,7
CPER,2017-09-25,4,7
CPER,2017-09-26,4,7
CPER,2017-09-27,1,7
CPER,2017-09-29,4,7
CPER,2017-10-02,1,7
CPER,2017-10-04,3,7
CPER,2017-10-05,6,7
CPER,2017-10-06,4,7
CPER,2017-10-09,1,7
CPER,2017-10-10,2,7
CPER,2017-10-11,3,7
CPER,2017-10-12,5,7
CPER,2017-10-13,3,7
CPER,2017-10-16,6,7
CPER,2017-10-17,5,7
CPER,2017-10-18,3,7
CPER,2017-10-19,2,7
CPER,2017-10-20,3,7
CPER,2017-10-23,3,7
CPER,2017-10-24,2,7
CPER,2017-10-25,1,7
CPER,2017-10-26,3,7
CPER,2017-10-27,3,7
CPER,2017-10-30,3,7
CPER,2017-10-31,1,7
CPER,2017-11-01,4,7
CPER,2017-11-02,2,7
CPER,2017-11-03,2,7
CPER,2017-11-07,3,7
CPER,2017-11-08,4,7
CPER,2017-11-10,2,7
CPER,2017-11-15,1,7
CPER,2017-11-20,3,7
CPER,2017-11-21,2,7
CPER,2017-11-22,6,7
CPER,2017-11-27,4,7
CPER,2017-11-30,4,7
CPER,2017-12-01,6,7
CPER,2017-12-04,4,7
CPER,2017-12-06,6,7
CPER,2017-12-07,4,7
CPER,2017-12-08,4,7
CPER,2017-12-11,2,7
CPER,2017-12-13,5,7
CPER,2017-12-14,1,7
CPER,2017-12-18,4,7
CPER,2017-12-19,5,7
CPER,2017-12-20,4,7
CPER,2017-12-21,6,7
CPER,2017-12-22,3,7
CPER,2017-12-26,3,7
CPER,2017-12-27,6,7
CPER,2017-12-28,6,7
CPER,2017-12-29,5,7
CPER,2018-01-02,4,7
CPER,2018-01-03,5,7
CPER,2018-01-04,5,7
CPER,2018-01-05,4,7
CPER,2018-01-08,6,7
CPER,2018-01-09,4,7
CPER,2018-01-10,3,7
CPER,2018-01-11,3,7
CPER,2018-01-12,5,7
CPER,2018-01-16,3,7
CPER,2018-01-17,6,7
CPER,2018-01-18,3,7
CPER,2018-01-19,4,7
CPER,2018-01-22,3,7
CPER,2018-01-23,4,7
CPER,2018-01-24,4,7
CPER,2018-01-25,5,7
CPER,2018-01-26,5,7
CPER,2018-01-29,2,7
CPER,2018-01-30,3,7
CPER,2018-01-31,2,7
CPER,2018-02-01,4,7
CPER,2018-02-02,6,7
CPER,2018-02-07,4,7
CPER,2018-02-08,4,7
CPER,2018-02-09,3,7
CPER,2018-02-15,4,7
CPER,2018-02-16,5,7
CPER,2018-02-27,3,7
CPER,2018-02-28,4,7
CPER,2018-03-02,5,7
CPER,2018-03-05,6,7
CPER,2018-03-06,4,7
CPER,2018-03-08,6,7
CPER,2018-03-09,6,7
CPER,2018-03-12,4,7
CPER,2018-03-14,6,7
CPER,2018-03-16,2,7
CPER,2018-03-19,3,7
CPER,2018-03-20,4,7
CPER,2018-03-26,2,7
CPER,2018-03-27,5,7
CPER,2018-03-28,4,7
CPER,2018-03-29,3,7
CPER,2018-04-02,3,7
CPER,2018-04-03,2,7
CPER,2018-04-04,2,7
CPER,2018-04-05,1,7
CPER,2018-04-06,2,7
CPER,2018-04-09,3,7
CPER,2018-04-10,5,7
CPER,2018-04-11,5,7
CPER,2018-04-12,2,7
CPER,2018-04-13,2,7
CPER,2018-04-16,2,7
CPER,2018-04-17,2,7
CPER,2018-04-18,5,7
CPER,2018-04-19,2,7
CPER,2018-04-20,5,7
CPER,2018-04-23,6,7
CPER,2018-04-24,2,7
CPER,2018-04-25,1,7
CPER,2018-04-26,2,7
CPER,2018-04-27,6,7
CPER,2018-04-30,5,7
CPER,2018-05-01,6,7
CPER,2018-05-02,2,7
CPER,2018-05-03,3,7
CPER,2018-05-04,3,7
CPER,2018-05-07,4,7
CPER,2018-05-09,2,7
CPER,2018-05-10,4,7
CPER,2018-05-11,2,7
CPER,2018-05-14,2,7
CPER,2018-05-15,1,7
CPER,2018-05-16,2,7
CPER,2018-05-17,1,7
CPER,2018-05-23,2,7
CPER,2018-05-29,5,7
CPER,2018-06-01,2,7
CPER,2018-06-06,6,7
CPER,2018-06-07,6,7
CPER,2018-06-08,6,7
CPER,2018-06-11,4,7
CPER,2018-06-12,4,7
CPER,2018-06-14,2,7
CPER,2018-06-15,3,7
CPER,2018-06-18,5,7
CPER,2018-06-19,6,7
CPER,2018-06-20,5,7
CPER,2018-06-22,6,7
CPER,2018-06-25,6,7
CPER,2018-06-26,4,7
CPER,2018-06-28,6,7
CPER,2018-06-29,4,7
CPER,2018-07-02,3,7
CPER,2018-07-10,6,7
CPER,2018-07-11,6,7
CPER,2018-07-12,5,7
CPER,2018-07-13,5,7
CPER,2018-07-16,6,7
CPER,2018-07-23,6,7
CPER,2018-07-24,6,7
CPER,2018-07-25,6,7
CPER,2018-07-26,6,7
CPER,2018-08-02,4,7
CPER,2018-08-03,3,7
CPER,2018-08-06,6,7
CPER,2018-08-08,6,7
CPER,2018-08-09,4,7
CPER,2018-08-10,5,7
CPER,2018-08-13,5,7
CPER,2018-08-14,6,7
CPER,2018-08-16,5,7
CPER,2018-08-17,5,7
CPER,2018-08-21,6,7
CPER,2018-08-22,5,7
CPER,2018-08-24,6,7
CPER,2018-08-27,5,7
CPER,2018-08-28,6,7
CPER,2018-08-29,4,7
CPER,2018-08-30,6,7
CPER,2018-08-31,4,7
CPER,2018-09-05,6,7
CPER,2018-09-10,5,7
CPER,2018-09-11,5,7
CPER,2018-09-12,5,7
CPER,2018-09-13,6,7
CPER,2018-09-14,6,7
CPER,2018-09-17,5,7
CPER,2018-09-20,4,7
CPER,2018-09-24,4,7
CPER,2018-09-25,5,7
CPER,2018-09-26,3,7
CPER,2018-09-27,5,7
CPER,2018-09-28,4,7
CPER,2018-10-01,6,7
CPER,2018-10-02,6,7
CPER,2018-10-03,6,7
CPER,2018-10-05,4,7
CPER,2018-10-08,6,7
CPER,2018-10-09,4,7
CPER,2018-10-11,6,7
CPER,2018-10-12,6,7
CPER,2018-10-15,5,7
CPER,2018-10-16,6,7
CPER,2018-10-17,3,7
CPER,2018-10-18,6,7
CPER,2018-10-19,2,7
CPER,2018-10-23,6,7
CPER,2018-10-24,4,7
CPER,2018-10-25,2,7
CPER,2018-10-26,5,7
CPER,2018-10-29,3,7
CPER,2018-10-31,6,7
CPER,2018-11-01,4,7
CPER,2018-11-06,3,7
CPER,2018-11-07,4,7
CPER,2018-11-09,4,7
CPER,2018-11-13,2,7
CPER,2018-11-14,5,7
CPER,2018-11-15,5,7
CPER,2018-11-19,2,7
CPER,2018-11-21,6,7
CPER,2018-11-26,6,7
CPER,2018-11-27,4,7
CPER,2018-11-28,4,7
CPER,2018-11-29,5,7
CPER,2018-11-30,5,7
CPER,2018-12-03,3,7
CPER,2018-12-04,6,7
CPER,2018-12-07,5,7
CPER,2018-12-10,5,7
CPER,2018-12-11,3,7
CPER,2018-12-12,3,7
CPER,2018-12-13,4,7
CPER,2018-12-17,6,7
CPER,2018-12-18,5,7
CPER,2018-12-20,6,7
CPER,2018-12-21,3,7
CPER,2018-12-24,3,4
CPER,2018-12-26,5,7
CPER,2018-12-27,3,7
CPER,2018-12-28,5,7
CPER,2018-12-31,6,7
CPER,2019-01-03,6,7
CPER,2019-01-04,4,7
CPER,2019-01-07,3,7
CPER,2019-01-08,2,7
CPER,2019-01-09,5,7
CPER,2019-01-10,5,7
CPER,2019-01-11,3,7
CPER,2019-01-14,5,7
CPER,2019-01-15,5,7
CPER,2019-01-16,6,7
CPER,2019-01-18,6,7
CPER,2019-01-22,6,7
CPER,2019-01-23,6,7
CPER,2019-01-24,4,7
CPER,2019-01-25,4,7
CPER,2019-01-28,6,7
CPER,2019-02-04,6,7
CPER,2019-02-05,6,7
CPER,2019-02-06,6,7
CPER,2019-02-07,6,7
CPER,2019-02-08,4,7
CPER,2019-02-13,5,7
CPER,2019-02-15,4,7
CPER,2019-02-27,5,7
CPER,2019-02-28,6,7
CPER,2019-03-06,6,7
CPER,2019-03-11,4,7
CPER,2019-03-13,5,7
CPER,2019-03-14,6,7
CPER,2019-03-18,3,7
CPER,2019-03-19,6,7
CPER,2019-03-20,5,7
CPER,2019-03-21,3,7
CPER,2019-03-22,6,7
CPER,2019-03-25,4,7
CPER,2019-03-26,5,7
CPER,2019-03-27,4,7
CPER,2019-03-28,2,7
CPER,2019-03-29,4,7
CPER,2019-04-01,5,7
CPER,2019-04-02,3,7
CPER,2019-04-04,4,7
CPER,2019-04-05,6,7
CPER,2019-04-08,6,7
CPER,2019-04-09,2,7
CPER,2019-04-10,3,7
CPER,2019-04-11,3,7
CPER,2019-04-15,6,7
CPER,2019-04-16,3,7
CPER,2019-04-17,6,7
CPER,2019-04-18,5,7
CPER,2019-04-23,5,7
CPER,2019-04-24,4,7
CPER,2019-04-25,6,7
CPER,2019-04-26,2,7
CPER,2019-04-29,5,7
CPER,2019-04-30,3,7
CPER,2019-05-01,6,7
CPER,2019-05-03,6,7
CPER,2019-05-07,3,7
CPER,2019-05-08,4,7
CPER,2019-05-09,3,7
CPER,2019-05-10,3,7
CPER,2019-05-13,5,7
CPER,2019-05-14,5,7
CPER,2019-05-15,5,7
CPER,2019-05-16,2,7
CPER,2019-05-17,3,7
CPER,2019-05-20,3,7
CPER,2019-05-21,3,7
CPER,2019-05-22,5,7
CPER,2019-05-23,4,7
CPER,2019-05-24,5,7
CPER,2019-05-28,5,7
CPER,2019-05-29,4,7
CPER,2019-05-30,3,7
CPER,2019-05-31,3,7
CPER,2019-06-03,4,7
CPER,2019-06-04,2,7
CPER,2019-06-05,1,7
CPER,2019-06-06,4,7
CPER,2019-06-07,5,7
CPER,2019-06-10,6,7
CPER,2019-06-11,4,7
CPER,2019-06-12,5,7
CPER,2019-06-14,5,7
CPER,2019-06-19,5,7
CPER,2019-06-20,3,7
CPER,2019-06-24,3,7
CPER,2019-06-27,2,7
CPER,2019-07-02,5,7
CPER,2019-07-08,4,7
CPER,2019-07-10,4,7
CPER,2019-07-12,5,7
CPER,2019-07-18,4,7
CPER,2019-07-19,6,7
CPER,2019-07-23,5,7
CPER,2019-07-24,2,7
CPER,2019-07-25,5,7
CPER,2019-07-26,5,7
CPER,2019-07-29,4,7
CPER,2019-07-30,4,7
CPER,2019-07-31,3,7
CPER,2019-08-01,5,7
CPER,2019-08-02,6,7
CPER,2019-08-05,6,7
CPER,2019-08-06,6,7
CPER,2019-08-07,6,7
CPER,2019-08-08,6,7
CPER,2019-08-09,5,7
CPER,2019-08-12,3,7
CPER,2019-08-13,2,7
CPER,2019-08-15,6,7
CPER,2019-08-16,6,7
CPER,2019-08-19,5,7
CPER,2019-08-21,3,7
CPER,2019-08-22,5,7
CPER,2019-08-23,6,7
CPER,2019-08-26,3,7
CPER,2019-08-27,6,7
CPER,2019-08-28,1,7
CPER,2019-08-29,3,7
CPER,2019-08-30,5,7
CPER,2019-09-03,3,7
CPER,2019-09-04,6,7
CPER,2019-09-05,5,7
CPER,2019-09-06,4,7
CPER,2019-09-09,4,7
CPER,2019-09-10,5,7
CPER,2019-09-11,4,7
CPER,2019-09-12,4,7
CPER,2019-09-13,6,7
CPER,2019-09-16,6,7
CPER,2019-09-17,4,7
CPER,2019-09-18,4,7
CPER,2019-09-19,5,7
CPER,2019-09-20,4,7
CPER,2019-09-23,4,7
CPER,2019-09-24,4,7
CPER,2019-09-25,1,7
CPER,2019-09-26,5,7
CPER,2019-09-27,5,7
CPER,2019-09-30,3,7
CPER,2019-10-01,4,7
CPER,2019-10-02,3,7
CPER,2019-10-03,4,7
CPER,2019-10-04,4,7
CPER,2019-10-07,3,7
CPER,2019-10-08,2,7
CPER,2019-10-09,2,7
CPER,2019-10-10,4,7
CPER,2019-10-11,5,7
CPER,2019-10-14,5,7
CPER,2019-10-15,4,7
CPER,2019-10-17,2,7
CPER,2019-10-18,5,7
CPER,2019-10-21,6,7
CPER,2019-10-22,5,7
CPER,2019-10-23,5,7
CPER,2019-10-24,4,7
CPER,2019-10-25,5,7
CPER,2019-10-28,3,7
CPER,2019-10-29,5,7
CPER,2019-10-30,2,7
CPER,2019-10-31,4,7
CPER,2019-11-01,5,7
CPER,2019-11-04,5,7
CPER,2019-11-05,5,7
CPER,2019-11-06,6,7
CPER,2019-11-07,5,7
CPER,2019-11-08,5,7
CPER,2019-11-11,2,7
CPER,2019-11-12,4,7
CPER,2019-11-13,4,7
CPER,2019-11-14,4,7
CPER,2019-11-15,2,7
CPER,2019-11-18,4,7
CPER,2019-11-19,4,7
CPER,2019-11-20,4,7
CPER,2019-11-21,4,7
CPER,2019-11-22,5,7
CPER,2019-11-25,3,7
CPER,2019-11-26,2,7
CPER,2019-11-27,3,7
CPER,2019-11-29,2,4
CPER,2019-12-02,2,7
CPER,2019-12-03,2,7
CPER,2019-12-04,6,7
CPER,2019-12-05,1,7
CPER,2019-12-06,6,7
CPER,2019-12-10,4,7
CPER,2019-12-12,5,7
CPER,2019-12-16,4,7
CPER,2019-12-17,6,7
CPER,2019-12-18,6,7
CPER,2019-12-19,5,7
CPER,2019-12-20,5,7
CPER,2019-12-23,4,7
CPER,2019-12-24,3,4
CPER,2019-12-26,6,7
CPER,2019-12-30,5,7
CPER,2019-12-31,2,7
CPER,2020-01-02,4,7
CPER,2020-01-03,5,7
CPER,2020-01-06,4,7
CPER,2020-01-07,3,7
CPER,2020-01-08,4,7
CPER,2020-01-09,5,7
CPER,2020-01-10,5,7
CPER,2020-01-13,6,7
CPER,2020-01-14,5,7
CPER,2020-01-15,5,7
CPER,2020-01-16,4,7
CPER,2020-01-17,4,7
CPER,2020-01-21,6,7
CPER,2020-01-22,5,7
CPER,2020-01-23,5,7
CPER,2020-01-24,6,7
CPER,2020-01-28,6,7
CPER,2020-01-31,6,7
CPER,2020-02-06,6,7
CPER,2020-02-07,6,7
CPER,2020-02-10,4,7
CPER,2020-02-13,6,7
CPER,2020-02-19,5,7
CPER,2020-02-25,6,7
CPER,2020-03-04,5,7
CPER,2020-03-05,5,7
CPER,2020-03-06,6,7
CPER,2020-03-11,4,7
CPER,2020-03-13,6,7
CPER,2020-03-16,5,7
CPER,2020-03-19,6,7
CPER,2020-03-20,5,7
CPER,2020-03-24,6,7
CPER,2020-03-27,6,7
CPER,2020-04-01,3,7
CPER,2020-04-03,4,7
CPER,2020-04-06,5,7
CPER,2020-04-07,6,7
CPER,2020-04-08,5,7
CPER,2020-04-14,6,7
CPER,2020-04-16,5,7
CPER,2020-04-22,4,7
CPER,2020-04-23,6,7
CPER,2020-04-27,6,7
CPER,2020-04-29,6,7
CPER,2020-04-30,6,7
CPER,2020-05-01,4,7
CPER,2020-05-04,6,7
CPER,2020-05-05,5,7
CPER,2020-05-06,5,7
CPER,2020-05-08,6,7
CPER,2020-05-12,5,7
CPER,2020-05-13,5,7
CPER,2020-05-14,3,7
CPER,2020-05-15,6,7
CPER,2020-05-19,6,7
CPER,2020-05-21,5,7
CPER,2020-05-22,5,7
CPER,2020-05-26,5,7
CPER,2020-05-27,5,7
CPER,2020-06-01,6,7
CPER,2020-06-02,6,7
CPER,2020-06-03,6,7
CPER,2020-06-04,4,7
CPER,2020-06-08,6,7
CPER,2020-06-12,6,7
CPER,2020-06-15,6,7
CPER,2020-06-19,6,7
CPER,2020-06-22,6,7
CPER,2020-06-23,5,7
CPER,2020-06-26,5,7
CPER,2020-06-29,6,7
CPER,2020-06-30,6,7
CPER,2020-07-01,6,7
CPER,2020-10-08,6,7
CPER,2020-10-13,6,7
CPER,2020-10-14,6,7
CPER,2020-10-19,6,7
CPER,2023-05-01,6,7
CPER,2023-08-08,6,7
CPER,2023-09-18,6,7
CPER,2023-10-11,6,7
CPER,2023-10-13,6,7
CPER,2023-10-31,6,7
CPER,2023-11-03,6,7
CPER,2023-11-10,6,7
CPER,2023-11-13,6,7
CPER,2024-01-04,6,7
CPRI,2021-04-19,1,7
CPRI,2021-10-25,1,7
CPRI,2022-01-24,2,7
CPRI,2022-03-08,1,7
CPRT,2018-05-02,1,7
CPRT,2018-05-03,1,7
CPT,2021-04-19,1,7
CPT,2021-10-25,1,7
CPT,2022-01-24,2,7
CPT,2022-03-08,1,7
CRH,2021-04-19,1,7
CRH,2021-10-25,1,7
CRH,2022-01-24,2,7
CRH,2022-03-08,1,7
CRL,2021-04-19,1,7
CRL,2021-10-25,1,7
CRL,2022-01-24,2,7
CRM,2021-04-19,1,7
CRM,2021-10-25,1,7
CRM,2022-01-24,2,7
CRM,2022-03-08,1,7
CRWD,2019-06-12,5,7
CSCO,2018-05-02,1,7
CSCO,2018-05-03,1,7
CSGP,2018-05-02,1,7
CSGP,2018-05-03,1,7
CSRA,2026-08-12,1,7
CSRA,2026-08-13,3,7
CSRA,2026-08-17,3,7
CSRA,2026-08-18,4,7
CSRA,2026-08-19,4,7
CSRA,2026-08-20,2,7
CSRA,2026-08-21,1,7
CSRA,2026-08-24,3,7
CSRA,2026-08-25,3,7
CSRA,2026-08-26,2,7
CSRA,2026-08-27,4,7
CSRA,2026-08-28,1,7
CSRA,2026-08-31,2,7
CSRA,2026-09-01,6,7
CSRA,2026-09-02,3,7
CSRA,2026-09-03,3,7
CSRA,2026-09-04,2,7
CSRA,2026-09-08,5,7
CSRA,2026-09-09,4,7
CSRA,2026-09-10,2,7
CSRA,2026-09-11,3,7
CSRA,2026-09-14,6,7
CSRA,2026-09-15,5,7
CSRA,2026-09-16,3,7
CSRA,2026-09-17,5,7
CSRA,2026-09-18,4,7
CSX,2018-05-02,1,7
CSX,2018-05-03,1,7
CTAS,2018-05-02,1,7
CTAS,2018-05-03,1,7
CTLT,2021-04-19,1,7
CTLT,2021-10-25,1,7
CTLT,2022-01-24,2,7
CTLT,2022-03-08,1,7
CTRA,2018-11-09,6,7
CTRA,2018-11-26,6,7
CTRA,2018-12-13,6,7
CTRA,2018-12-27,6,7
CTRA,2019-03-13,6,7
CTRA,2020-03-12,6,7
CTRA,2021-10-25,1,7
CTRA,2022-01-24,2,7
CTRA,2022-03-08,1,7
CTSH,2018-05-02,1,7
CTSH,2018-05-03,1,7
CTVA,2021-04-19,1,7
CTVA,2021-10-25,1,7
CTVA,2022-01-24,2,7
CTVA,2022-03-08,1,7
CTXS,2018-05-02,1,7
CTXS,2018-05-03,1,7
CVNA,2021-04-19,1,7
CVNA,2021-10-25,1,7
CVNA,2022-01-24,2,7
CVNA,2022-03-08,1,7
CVS,2021-04-19,1,7
CVS,2021-10-25,1,7
CVS,2022-01-24,2,7
CVX,2021-04-19,1,7
CVX,2021-10-25,1,7
CVX,2022-01-24,2,7
CVX,2022-03-08,1,7
CZR,2018-05-02,1,7
CZR,2018-05-03,1,7
D,2021-04-19,1,7
D,2021-10-25,1,7
D,2022-01-24,2,7
D,2022-03-08,1,7
DAL,2021-04-19,1,7
DAL,2021-10-25,1,7
DAL,2022-01-24,2,7
DAL,2022-03-08,1,7
DASH,2020-12-09,4,7
DASH,2021-04-19,1,7
DASH,2021-10-25,1,7
DASH,2022-01-24,2,7
DASH,2022-03-08,1,7
DD,2021-04-19,1,7
DD,2021-10-25,1,7
DD,2022-01-24,2,7
DD,2022-03-08,1,7
DDOG,2019-09-19,5,7
DE,2021-04-19,1,7
DE,2021-10-25,1,7
DE,2022-01-24,2,7
DE,2022-03-08,1,7
DECK,2021-04-19,1,7
DECK,2021-10-25,1,7
DECK,2022-01-24,2,7
DECK,2022-03-08,1,7
DELL,2021-04-19,1,7
DELL,2021-10-25,1,7
DELL,2022-01-24,2,7
DELL,2022-03-08,1,7
DFS,2021-04-19,1,7
DFS,2021-10-25,1,7
DFS,2022-01-24,2,7
DFS,2022-03-08,1,7
DG,2021-04-19,1,7
DG,2021-10-25,1,7
DG,2022-01-24,2,7
DGX,2021-04-19,1,7
DGX,2021-10-25,1,7
DGX,2022-01-24,2,7
DGX,2022-03-08,1,7
DHI,2021-04-19,1,7
DHI,2021-10-25,1,7
DHI,2022-01-24,2,7
DHI,2022-03-08,1,7
DHR,2021-04-19,1,7
DHR,2021-10-25,1,7
DHR,2022-01-24,2,7
DINO,2021-04-19,1,7
DINO,2021-10-25,1,7
DINO,2022-03-08,1,7
DIS,2021-04-19,1,7
DIS,2021-10-25,1,7
DIS,2022-01-24,2,7
DIS,2022-03-08,1,7
DISCA,2018-05-02,1,7
DISCA,2018-05-03,1,7
DISCK,2018-05-02,1,7
DISCK,2018-05-03,1,7
DISH,2018-05-02,1,7
DISH,2018-05-03,1,7
DLR,2021-04-19,1,7
DLR,2021-10-25,1,7
DLR,2022-01-24,2,7
DLR,2022-03-08,1,7
DLTR,2018-05-02,1,7
DLTR,2018-05-03,1,7
DNB,2020-07-01,5,7
DNB,2021-04-19,1,7
DNB,2021-10-25,1,7
DNB,2022-01-24,2,7
DNB,2022-03-08,1,7
DOC,2021-04-19,1,7
DOC,2021-10-25,1,7
DOC,2022-01-24,2,7
DOC,2022-03-08,1,7
DOV,2021-04-19,1,7
DOV,2021-10-25,1,7
DOV,2022-01-24,2,7
DOV,2022-03-08,1,7
DOW,2021-04-19,1,7
DOW,2021-10-25,1,7
DOW,2022-01-24,2,7
DOW,2022-03-08,1,7
DPZ,2021-04-19,1,7
DPZ,2021-10-25,1,7
DPZ,2022-01-24,2,7
DPZ,2022-03-08,1,7
DRE,2020-03-09,6,7
DRE,2021-04-19,1,7
DRE,2021-10-25,1,7
DRE,2022-01-24,2,7
DRE,2022-03-08,1,7
DRI,2021-04-19,1,7
DRI,2021-10-25,1,7
DRI,2022-01-24,2,7
DRI,2022-03-08,1,7
DTE,2021-04-19,1,7
DTE,2021-10-25,1,7
DTE,2022-01-24,2,7
DTE,2022-03-08,1,7
DUK,2021-04-19,1,7
DUK,2021-10-25,1,7
DUK,2022-01-24,2,7
DUK,2022-03-08,1,7
DVA,2021-04-19,1,7
DVA,2021-10-25,1,7
DVA,2022-01-24,2,7
DVA,2022-03-08,1,7
DVN,2021-04-19,1,7
DVN,2021-10-25,1,7
DVN,2022-01-24,2,7
DVN,2022-03-08,1,7
DXC,2021-04-19,1,7
DXC,2021-10-25,1,7
DXC,2022-01-24,2,7
DXC,2022-03-08,1,7
DXCM,2018-05-02,1,7
DXCM,2018-05-03,1,7
EA,2018-05-02,1,7
EA,2018-05-03,1,7
EBAY,2018-05-02,1,7
EBAY,2018-05-03,1,7
ECHO,2018-05-02,1,7
ECHO,2018-05-03,1,7
ECL,2021-04-19,1,7
ECL,2022-03-08,1,7
ED,2021-04-19,1,7
ED,2022-03-08,1,7
EFX,2021-04-19,1,7
EFX,2022-03-08,1,7
EG,2021-04-19,1,7
EG,2021-10-25,1,7
EG,2022-01-24,2,7
EG,2022-03-08,1,7
EIS,2016-01-04,5,7
EIS,2016-01-07,6,7
EIS,2016-01-19,6,7
EIS,2016-01-28,5,7
EIS,2016-01-29,5,7
EIS,2016-02-01,6,7
EIS,2016-02-05,5,7
EIS,2016-02-11,6,7
EIS,2016-02-12,6,7
EIS,2016-02-18,5,7
EIS,2016-02-22,6,7
EIS,2016-02-23,5,7
EIS,2016-02-25,4,7
EIS,2016-02-26,6,7
EIS,2016-02-29,6,7
EIS,2016-03-03,6,7
EIS,2016-03-07,6,7
EIS,2016-03-09,6,7
EIS,2016-03-11,6,7
EIS,2016-03-14,4,7
EIS,2016-03-15,6,7
EIS,2016-03-17,5,7
EIS,2016-03-18,5,7
EIS,2016-03-23,4,7
EIS,2016-03-24,6,7
EIS,2016-03-28,5,7
EIS,2016-03-29,6,7
EIS,2016-04-13,6,7
EIS,2016-04-14,5,7
EIS,2016-04-15,6,7
EIS,2016-04-20,6,7
EIS,2016-04-25,6,7
EIS,2016-04-27,6,7
EIS,2016-04-28,6,7
EIS,2016-05-02,6,7
EIS,2016-05-03,6,7
EIS,2016-05-04,6,7
EIS,2016-05-05,6,7
EIS,2016-05-09,6,7
EIS,2016-05-10,6,7
EIS,2016-05-11,6,7
EIS,2016-05-12,6,7
EIS,2016-05-13,4,7
EIS,2016-05-17,6,7
EIS,2016-05-18,5,7
EIS,2016-05-23,6,7
EIS,2016-05-25,4,7
EIS,2016-05-26,6,7
EIS,2016-06-01,6,7
EIS,2016-06-06,6,7
EIS,2016-06-07,5,7
EIS,2016-06-09,5,7
EIS,2016-06-16,6,7
EIS,2016-06-17,6,7
EIS,2016-06-21,4,7
EIS,2016-06-23,6,7
EIS,2016-06-24,6,7
EIS,2016-06-27,6,7
EIS,2016-06-29,5,7
EIS,2016-06-30,6,7
EIS,2016-07-01,6,7
EIS,2016-07-05,6,7
EIS,2016-07-06,4,7
EIS,2016-07-07,4,7
EIS,2016-07-08,5,7
EIS,2016-07-11,6,7
EIS,2016-07-12,6,7
EIS,2016-07-15,4,7
EIS,2016-07-18,6,7
EIS,2016-07-19,5,7
EIS,2016-07-20,6,7
EIS,2016-07-21,5,7
EIS,2016-07-22,3,7
EIS,2016-07-27,3,7
EIS,2016-07-28,3,7
EIS,2016-07-29,6,7
EIS,2016-08-02,5,7
EIS,2016-08-04,6,7
EIS,2016-08-05,3,7
EIS,2016-08-08,4,7
EIS,2016-08-09,3,7
EIS,2016-08-10,5,7
EIS,2016-08-11,5,7
EIS,2016-08-12,3,7
EIS,2016-08-15,5,7
EIS,2016-08-16,6,7
EIS,2016-08-17,6,7
EIS,2016-08-18,6,7
EIS,2016-08-19,4,7
EIS,2016-08-22,5,7
EIS,2016-08-23,6,7
EIS,2016-08-24,6,7
EIS,2016-08-26,6,7
EIS,2016-08-29,6,7
EIS,2016-08-30,2,7
EIS,2016-08-31,4,7
EIS,2016-09-01,6,7
EIS,2016-09-02,3,7
EIS,2016-09-07,6,7
EIS,2016-09-09,6,7
EIS,2016-09-12,6,7
EIS,2016-09-13,4,7
EIS,2016-09-14,5,7
EIS,2016-09-16,6,7
EIS,2016-09-20,6,7
EIS,2016-09-21,6,7
EIS,2016-09-22,5,7
EIS,2016-09-23,5,7
EIS,2016-09-26,3,7
EIS,2016-09-27,4,7
EIS,2016-09-28,6,7
EIS,2016-09-29,4,7
EIS,2016-09-30,5,7
EIS,2016-10-03,5,7
EIS,2016-10-04,5,7
EIS,2016-10-05,6,7
EIS,2016-10-06,5,7
EIS,2016-10-07,4,7
EIS,2016-10-10,5,7
EIS,2016-10-12,5,7
EIS,2016-10-14,3,7
EIS,2016-10-18,6,7
EIS,2016-10-19,6,7
EIS,2016-10-20,5,7
EIS,2016-10-21,5,7
EIS,2016-10-24,4,7
EIS,2016-10-25,6,7
EIS,2016-10-26,6,7
EIS,2016-10-28,4,7
EIS,2016-11-01,5,7
EIS,2016-11-02,6,7
EIS,2016-11-03,6,7
EIS,2016-11-04,5,7
EIS,2016-11-07,6,7
EIS,2016-11-09,5,7
EIS,2016-11-10,6,7
EIS,2016-11-11,6,7
EIS,2016-11-15,6,7
EIS,2016-11-16,5,7
EIS,2016-11-17,4,7
EIS,2016-11-18,5,7
EIS,2016-11-22,5,7
EIS,2016-11-23,6,7
EIS,2016-12-09,6,7
EIS,2016-12-15,5,7
EIS,2016-12-19,6,7
EIS,2016-12-20,6,7
EIS,2016-12-21,5,7
EIS,2016-12-22,6,7
EIS,2016-12-27,6,7
EIS,2016-12-29,6,7
EIS,2017-01-03,5,7
EIS,2017-01-04,5,7
EIS,2017-01-05,3,7
EIS,2017-01-12,6,7
EIS,2017-01-17,6,7
EIS,2017-01-18,5,7
EIS,2017-01-20,6,7
EIS,2017-01-25,5,7
EIS,2017-01-27,6,7
EIS,2017-01-31,6,7
EIS,2017-02-01,6,7
EIS,2017-02-06,5,7
EIS,2017-02-07,6,7
EIS,2017-02-09,6,7
EIS,2017-02-10,5,7
EIS,2017-02-21,6,7
EIS,2017-02-22,5,7
EIS,2017-02-23,5,7
EIS,2017-02-27,4,7
EIS,2017-02-28,6,7
EIS,2017-03-03,5,7
EIS,2017-03-08,6,7
EIS,2017-03-09,6,7
EIS,2017-03-10,4,7
EIS,2017-03-14,5,7
EIS,2017-03-15,6,7
EIS,2017-03-17,6,7
EIS,2017-03-20,6,7
EIS,2017-03-24,6,7
EIS,2017-03-27,6,7
EIS,2017-03-28,6,7
EIS,2017-03-29,5,7
EIS,2017-03-31,6,7
EIS,2017-04-06,5,7
EIS,2017-04-07,6,7
EIS,2017-04-12,6,7
EIS,2017-04-13,6,7
EIS,2017-04-17,6,7
EIS,2017-04-18,6,7
EIS,2017-04-20,5,7
EIS,2017-04-26,6,7
EIS,2017-04-28,5,7
EIS,2017-05-03,5,7
EIS,2017-05-08,6,7
EIS,2017-05-09,6,7
EIS,2017-05-11,6,7
EIS,2017-05-12,6,7
EIS,2017-05-16,6,7
EIS,2017-05-22,6,7
EIS,2017-05-23,5,7
EIS,2017-05-24,6,7
EIS,2017-05-25,6,7
EIS,2017-05-26,4,7
EIS,2017-05-30,5,7
EIS,2017-05-31,6,7
EIS,2017-06-01,5,7
EIS,2017-06-05,6,7
EIS,2017-06-06,5,7
EIS,2017-06-12,5,7
EIS,2017-06-13,6,7
EIS,2017-06-14,2,7
EIS,2017-06-16,4,7
EIS,2017-06-19,6,7
EIS,2017-06-21,6,7
EIS,2017-06-22,5,7
EIS,2017-06-26,4,7
EIS,2017-06-28,4,7
EIS,2017-06-30,6,7
EIS,2017-07-05,6,7
EIS,2017-07-06,4,7
EIS,2017-07-07,6,7
EIS,2017-07-10,4,7
EIS,2017-07-13,6,7
EIS,2017-07-14,6,7
EIS,2017-07-17,5,7
EIS,2017-07-19,5,7
EIS,2017-07-20,6,7
EIS,2017-07-26,6,7
EIS,2017-07-28,6,7
EIS,2017-08-01,6,7
EIS,2017-08-02,6,7
EIS,2017-08-09,6,7
EIS,2017-08-14,6,7
EIS,2017-08-16,5,7
EIS,2017-08-17,6,7
EIS,2017-08-18,5,7
EIS,2017-08-22,6,7
EIS,2017-08-24,6,7
EIS,2017-08-25,4,7
EIS,2017-08-28,6,7
EIS,2017-08-29,6,7
EIS,2017-09-06,6,7
EIS,2017-09-13,6,7
EIS,2017-09-15,5,7
EIS,2017-09-19,4,7
EIS,2017-09-20,4,7
EIS,2017-09-21,4,7
EIS,2017-09-22,3,7
EIS,2017-09-26,6,7
EIS,2017-09-28,5,7
EIS,2017-09-29,6,7
EIS,2017-10-02,6,7
EIS,2017-10-04,6,7
EIS,2017-10-05,5,7
EIS,2017-10-06,6,7
EIS,2017-10-09,5,7
EIS,2017-10-10,6,7
EIS,2017-10-11,5,7
EIS,2017-10-12,4,7
EIS,2017-10-13,6,7
EIS,2017-10-17,5,7
EIS,2017-10-18,5,7
EIS,2017-10-19,5,7
EIS,2017-10-20,6,7
EIS,2017-10-23,5,7
EIS,2017-10-24,6,7
EIS,2017-10-26,6,7
EIS,2017-10-27,5,7
EIS,2017-10-31,6,7
EIS,2017-11-03,6,7
EIS,2017-11-08,6,7
EIS,2017-11-14,6,7
EIS,2017-11-16,5,7
EIS,2017-11-21,6,7
EIS,2017-11-22,5,7
EIS,2017-11-24,3,4
EIS,2017-11-27,6,7
EIS,2017-11-29,5,7
EIS,2017-12-07,5,7
EIS,2017-12-11,6,7
EIS,2017-12-12,5,7
EIS,2017-12-20,6,7
EIS,2017-12-22,6,7
EIS,2017-12-26,6,7
EIS,2017-12-28,6,7
EIS,2017-12-29,5,7
EIS,2018-01-08,5,7
EIS,2018-01-09,5,7
EIS,2018-01-10,4,7
EIS,2018-01-11,6,7
EIS,2018-01-19,6,7
EIS,2018-01-22,5,7
EIS,2018-01-30,5,7
EIS,2018-01-31,6,7
EIS,2018-02-02,6,7
EIS,2018-02-06,6,7
EIS,2018-02-08,6,7
EIS,2018-02-09,6,7
EIS,2018-02-14,6,7
EIS,2018-02-15,6,7
EIS,2018-02-20,6,7
EIS,2018-02-21,5,7
EIS,2018-02-23,6,7
EIS,2018-02-27,5,7
EIS,2018-03-01,4,7
EIS,2018-03-02,6,7
EIS,2018-03-06,4,7
EIS,2018-03-07,6,7
EIS,2018-03-08,4,7
EIS,2018-03-09,6,7
EIS,2018-03-15,5,7
EIS,2018-03-20,5,7
EIS,2018-03-21,3,7
EIS,2018-03-22,5,7
EIS,2018-03-23,5,7
EIS,2018-03-27,6,7
EIS,2018-03-28,3,7
EIS,2018-03-29,5,7
EIS,2018-04-03,5,7
EIS,2018-04-05,6,7
EIS,2018-04-06,6,7
EIS,2018-04-09,5,7
EIS,2018-04-11,6,7
EIS,2018-04-12,4,7
EIS,2018-04-13,5,7
EIS,2018-04-17,6,7
EIS,2018-04-18,6,7
EIS,2018-04-19,6,7
EIS,2018-04-20,5,7
EIS,2018-04-23,6,7
EIS,2018-04-24,5,7
EIS,2018-04-25,5,7
EIS,2018-04-26,6,7
EIS,2018-04-27,4,7
EIS,2018-04-30,6,7
EIS,2018-05-03,5,7
EIS,2018-05-04,6,7
EIS,2018-05-07,5,7
EIS,2018-05-08,5,7
EIS,2018-05-10,5,7
EIS,2018-05-14,5,7
EIS,2018-05-16,5,7
EIS,2018-05-17,5,7
EIS,2018-05-18,6,7
EIS,2018-05-21,6,7
EIS,2018-05-22,6,7
EIS,2018-05-24,6,7
EIS,2018-05-25,5,7
EIS,2018-05-29,6,7
EIS,2018-05-30,5,7
EIS,2018-05-31,4,7
EIS,2018-06-04,6,7
EIS,2018-06-05,4,7
EIS,2018-06-08,6,7
EIS,2018-06-11,4,7
EIS,2018-06-12,6,7
EIS,2018-06-13,6,7
EIS,2018-06-19,5,7
EIS,2018-06-20,6,7
EIS,2018-06-26,6,7
EIS,2018-06-27,5,7
EIS,2018-06-28,5,7
EIS,2018-06-29,4,7
EIS,2018-07-02,5,7
EIS,2018-07-03,3,4
EIS,2018-07-06,5,7
EIS,2018-07-09,6,7
EIS,2018-07-11,5,7
EIS,2018-07-12,5,7
EIS,2018-07-13,4,7
EIS,2018-07-16,6,7
EIS,2018-07-17,6,7
EIS,2018-07-19,6,7
EIS,2018-07-20,5,7
EIS,2018-07-23,5,7
EIS,2018-07-25,6,7
EIS,2018-07-26,5,7
EIS,2018-07-27,3,7
EIS,2018-07-30,4,7
EIS,2018-08-02,6,7
EIS,2018-08-03,4,7
EIS,2018-08-06,6,7
EIS,2018-08-07,5,7
EIS,2018-08-08,4,7
EIS,2018-08-09,5,7
EIS,2018-08-10,4,7
EIS,2018-08-13,6,7
EIS,2018-08-14,5,7
EIS,2018-08-16,5,7
EIS,2018-08-22,6,7
EIS,2018-08-23,5,7
EIS,2018-08-27,6,7
EIS,2018-08-28,6,7
EIS,2018-08-29,6,7
EIS,2018-08-30,5,7
EIS,2018-09-06,5,7
EIS,2018-09-07,6,7
EIS,2018-09-10,6,7
EIS,2018-09-11,5,7
EIS,2018-09-13,2,7
EIS,2018-09-14,2,7
EIS,2018-09-19,3,7
EIS,2018-09-27,5,7
EIS,2018-10-01,6,7
EIS,2018-10-04,6,7
EIS,2018-10-11,4,7
EIS,2018-10-15,5,7
EIS,2018-10-16,5,7
EIS,2018-10-19,5,7
EIS,2018-10-22,6,7
EIS,2018-10-24,6,7
EIS,2018-10-25,6,7
EIS,2018-10-31,6,7
EIS,2018-11-06,6,7
EIS,2018-11-07,5,7
EIS,2018-11-08,6,7
EIS,2018-11-12,6,7
EIS,2018-11-13,6,7
EIS,2018-11-16,6,7
EIS,2018-11-19,6,7
EIS,2018-11-20,5,7
EIS,2018-11-21,6,7
EIS,2018-11-23,3,4
EIS,2018-11-26,6,7
EIS,2018-11-28,6,7
EIS,2018-11-29,5,7
EIS,2018-11-30,5,7
EIS,2018-12-03,5,7
EIS,2018-12-04,5,7
EIS,2018-12-07,6,7
EIS,2018-12-10,6,7
EIS,2018-12-11,6,7
EIS,2018-12-13,6,7
EIS,2018-12-14,6,7
EIS,2018-12-18,6,7
EIS,2018-12-19,5,7
EIS,2018-12-21,6,7
EIS,2019-01-03,6,7
EIS,2019-01-04,6,7
EIS,2019-01-07,6,7
EIS,2019-01-09,6,7
EIS,2019-01-11,6,7
EIS,2019-01-14,5,7
EIS,2019-01-15,6,7
EIS,2019-01-16,4,7
EIS,2019-01-17,5,7
EIS,2019-01-18,4,7
EIS,2019-01-22,6,7
EIS,2019-01-23,5,7
EIS,2019-01-25,5,7
EIS,2019-01-29,5,7
EIS,2019-01-30,5,7
EIS,2019-01-31,4,7
EIS,2019-02-01,6,7
EIS,2019-02-04,6,7
EIS,2019-02-12,6,7
EIS,2019-02-14,6,7
EIS,2019-02-15,4,7
EIS,2019-02-20,5,7
EIS,2019-02-21,6,7
EIS,2019-02-25,6,7
EIS,2019-02-26,6,7
EIS,2019-02-27,5,7
EIS,2019-02-28,4,7
EIS,2019-03-01,5,7
EIS,2019-03-04,5,7
EIS,2019-03-06,3,7
EIS,2019-03-12,6,7
EIS,2019-03-13,5,7
EIS,2019-03-14,2,7
EIS,2019-03-15,3,7
EIS,2019-03-19,6,7
EIS,2019-03-20,5,7
EIS,2019-03-21,5,7
EIS,2019-03-22,5,7
EIS,2019-03-26,3,7
EIS,2019-03-27,5,7
EIS,2019-03-28,6,7
EIS,2019-04-01,5,7
EIS,2019-04-04,4,7
EIS,2019-04-05,6,7
EIS,2019-04-08,6,7
EIS,2019-04-09,6,7
EIS,2019-04-10,6,7
EIS,2019-04-12,5,7
EIS,2019-04-17,6,7
EIS,2019-04-18,6,7
EIS,2019-04-22,5,7
EIS,2019-04-23,2,7
EIS,2019-04-24,5,7
EIS,2019-04-25,6,7
EIS,2019-04-26,4,7
EIS,2019-04-29,6,7
EIS,2019-05-01,5,7
EIS,2019-05-02,6,7
EIS,2019-05-03,5,7
EIS,2019-05-06,5,7
EIS,2019-05-07,6,7
EIS,2019-05-09,6,7
EIS,2019-05-10,5,7
EIS,2019-05-14,5,7
EIS,2019-05-17,6,7
EIS,2019-05-20,5,7
EIS,2019-05-22,5,7
EIS,2019-05-23,6,7
EIS,2019-05-28,6,7
EIS,2019-05-29,6,7
EIS,2019-05-31,6,7
EIS,2019-06-03,6,7
EIS,2019-06-04,6,7
EIS,2019-06-06,6,7
EIS,2019-06-12,5,7
EIS,2019-06-13,5,7
EIS,2019-06-17,6,7
EIS,2019-06-19,6,7
EIS,2019-06-21,4,7
EIS,2019-06-24,6,7
EIS,2019-06-26,5,7
EIS,2019-06-27,6,7
EIS,2019-06-28,5,7
EIS,2019-07-01,6,7
EIS,2019-07-02,5,7
EIS,2019-07-05,5,7
EIS,2019-07-08,6,7
EIS,2019-07-10,5,7
EIS,2019-07-11,3,7
EIS,2019-07-12,5,7
EIS,2019-07-16,6,7
EIS,2019-07-17,5,7
EIS,2019-07-18,6,7
EIS,2019-07-19,6,7
EIS,2019-07-22,6,7
EIS,2019-07-23,4,7
EIS,2019-07-24,5,7
EIS,2019-07-25,4,7
EIS,2019-07-26,5,7
EIS,2019-07-29,5,7
EIS,2019-07-30,5,7
EIS,2019-08-01,5,7
EIS,2019-08-02,6,7
EIS,2019-08-05,6,7
EIS,2019-08-06,6,7
EIS,2019-08-08,6,7
EIS,2019-08-09,5,7
EIS,2019-08-12,6,7
EIS,2019-08-15,6,7
EIS,2019-08-16,5,7
EIS,2019-08-19,5,7
EIS,2019-08-20,6,7
EIS,2019-08-21,5,7
EIS,2019-08-22,5,7
EIS,2019-08-26,6,7
EIS,2019-08-27,6,7
EIS,2019-08-28,6,7
EIS,2019-08-29,5,7
EIS,2019-08-30,4,7
EIS,2019-09-05,5,7
EIS,2019-09-06,5,7
EIS,2019-09-09,4,7
EIS,2019-09-10,4,7
EIS,2019-09-11,6,7
EIS,2019-09-12,6,7
EIS,2019-09-13,5,7
EIS,2019-09-16,6,7
EIS,2019-09-17,2,7
EIS,2019-09-18,6,7
EIS,2019-09-19,5,7
EIS,2019-09-20,5,7
EIS,2019-09-23,4,7
EIS,2019-09-24,6,7
EIS,2019-09-25,6,7
EIS,2019-09-26,5,7
EIS,2019-09-30,6,7
EIS,2019-10-02,6,7
EIS,2019-10-03,5,7
EIS,2019-10-04,3,7
EIS,2019-10-07,3,7
EIS,2019-10-08,6,7
EIS,2019-10-09,4,7
EIS,2019-10-10,4,7
EIS,2019-10-11,4,7
EIS,2019-10-14,4,7
EIS,2019-10-15,6,7
EIS,2019-10-16,3,7
EIS,2019-10-17,5,7
EIS,2019-10-18,4,7
EIS,2019-10-21,5,7
EIS,2019-10-22,4,7
EIS,2019-10-23,4,7
EIS,2019-10-24,5,7
EIS,2019-10-25,5,7
EIS,2019-10-28,4,7
EIS,2019-10-30,5,7
EIS,2019-10-31,4,7
EIS,2019-11-04,5,7
EIS,2019-11-05,6,7
EIS,2019-11-06,5,7
EIS,2019-11-07,6,7
EIS,2019-11-08,2,7
EIS,2019-11-11,4,7
EIS,2019-11-13,4,7
EIS,2019-11-14,5,7
EIS,2019-11-15,4,7
EIS,2019-11-19,4,7
EIS,2019-11-20,3,7
EIS,2019-11-21,2,7
EIS,2019-11-22,6,7
EIS,2019-11-25,5,7
EIS,2019-11-26,5,7
EIS,2019-11-29,3,4
EIS,2019-12-03,5,7
EIS,2019-12-04,5,7
EIS,2019-12-05,3,7
EIS,2019-12-09,1,7
EIS,2019-12-10,3,7
EIS,2019-12-11,4,7
EIS,2019-12-12,5,7
EIS,2019-12-13,3,7
EIS,2019-12-16,5,7
EIS,2019-12-17,5,7
EIS,2019-12-19,5,7
EIS,2019-12-26,6,7
EIS,2019-12-27,5,7
EIS,2019-12-30,3,7
EIS,2020-01-02,5,7
EIS,2020-01-06,6,7
EIS,2020-01-07,6,7
EIS,2020-01-08,6,7
EIS,2020-01-10,6,7
EIS,2020-01-14,4,7
EIS,2020-01-16,6,7
EIS,2020-01-17,5,7
EIS,2020-01-21,6,7
EIS,2020-01-22,6,7
EIS,2020-01-23,4,7
EIS,2020-01-24,4,7
EIS,2020-01-27,6,7
EIS,2020-01-28,6,7
EIS,2020-01-29,5,7
EIS,2020-01-30,6,7
EIS,2020-01-31,4,7
EIS,2020-02-04,4,7
EIS,2020-02-06,4,7
EIS,2020-02-07,2,7
EIS,2020-02-12,6,7
EIS,2020-02-13,4,7
EIS,2020-02-14,5,7
EIS,2020-03-03,6,7
EIS,2020-03-06,5,7
EIS,2020-03-20,6,7
EIS,2020-03-25,4,7
EIS,2020-03-30,5,7
EIS,2020-03-31,5,7
EIS,2020-04-02,6,7
EIS,2020-04-03,6,7
EIS,2020-04-06,6,7
EIS,2020-04-07,6,7
EIS,2020-04-08,6,7
EIS,2020-04-15,3,7
EIS,2020-04-16,3,7
EIS,2020-04-17,5,7
EIS,2020-04-22,5,7
EIS,2020-04-24,2,7
EIS,2020-04-27,6,7
EIS,2020-04-28,5,7
EIS,2020-04-29,5,7
EIS,2020-04-30,6,7
EIS,2020-05-04,5,7
EIS,2020-05-06,3,7
EIS,2020-05-12,4,7
EIS,2020-05-15,5,7
EIS,2020-05-19,3,7
EIS,2020-05-20,3,7
EIS,2020-05-21,5,7
EIS,2020-05-22,5,7
EIS,2020-05-26,6,7
EIS,2020-05-28,5,7
EIS,2020-06-01,6,7
EIS,2020-06-02,6,7
EIS,2020-06-03,5,7
EIS,2020-06-04,5,7
EIS,2020-06-08,6,7
EIS,2020-06-09,5,7
EIS,2020-06-10,2,7
EIS,2020-06-11,4,7
EIS,2020-06-16,5,7
EIS,2020-06-17,3,7
EIS,2020-06-18,1,7
EIS,2020-06-22,6,7
EIS,2020-06-23,6,7
EIS,2020-06-24,4,7
EIS,2020-06-25,5,7
EIS,2020-06-26,4,7
EIS,2020-06-29,6,7
EIS,2020-06-30,5,7
EIS,2020-07-01,6,7
EIS,2020-07-02,6,7
EIS,2020-07-06,6,7
EIS,2020-07-08,2,7
EIS,2020-07-09,6,7
EIS,2020-07-14,4,7
EIS,2020-07-15,6,7
EIS,2020-07-16,6,7
EIS,2020-07-17,6,7
EIS,2020-07-20,2,7
EIS,2020-07-21,6,7
EIS,2020-07-24,4,7
EIS,2020-07-29,6,7
EIS,2020-07-30,2,7
EIS,2020-07-31,5,7
EIS,2020-08-04,5,7
EIS,2020-08-05,4,7
EIS,2020-08-06,6,7
EIS,2020-08-07,4,7
EIS,2020-08-10,3,7
EIS,2020-08-11,6,7
EIS,2020-08-12,6,7
EIS,2020-08-14,5,7
EIS,2020-08-17,6,7
EIS,2020-08-18,5,7
EIS,2020-08-19,2,7
EIS,2020-08-20,2,7
EIS,2020-08-21,4,7
EIS,2020-08-25,5,7
EIS,2020-08-26,6,7
EIS,2020-08-27,5,7
EIS,2020-08-28,6,7
EIS,2020-08-31,4,7
EIS,2020-09-01,6,7
EIS,2020-09-04,6,7
EIS,2020-09-09,5,7
EIS,2020-09-11,6,7
EIS,2020-09-16,4,7
EIS,2020-09-17,6,7
EIS,2020-09-18,6,7
EIS,2020-09-21,3,7
EIS,2020-09-22,3,7
EIS,2020-09-23,5,7
EIS,2020-09-24,6,7
EIS,2020-09-25,5,7
EIS,2020-09-28,5,7
EIS,2020-09-29,2,7
EIS,2020-09-30,4,7
EIS,2020-10-02,5,7
EIS,2020-10-05,5,7
EIS,2020-10-06,6,7
EIS,2020-10-08,5,7
EIS,2020-10-12,4,7
EIS,2020-10-13,5,7
EIS,2020-10-14,6,7
EIS,2020-10-15,5,7
EIS,2020-10-16,5,7
EIS,2020-10-20,6,7
EIS,2020-10-21,5,7
EIS,2020-10-22,6,7
EIS,2020-10-23,2,7
EIS,2020-10-26,5,7
EIS,2020-10-27,3,7
EIS,2020-10-28,5,7
EIS,2020-10-29,4,7
EIS,2020-10-30,6,7
EIS,2020-11-02,5,7
EIS,2020-11-03,4,7
EIS,2020-11-04,5,7
EIS,2020-11-05,5,7
EIS,2020-11-09,6,7
EIS,2020-11-10,6,7
EIS,2020-11-11,6,7
EIS,2020-11-12,6,7
EIS,2020-11-13,5,7
EIS,2020-11-16,5,7
EIS,2020-11-18,2,7
EIS,2020-11-19,4,7
EIS,2020-11-20,5,7
EIS,2020-11-23,6,7
EIS,2020-11-24,6,7
EIS,2020-11-25,4,7
EIS,2020-11-27,3,4
EIS,2020-11-30,5,7
EIS,2020-12-01,6,7
EIS,2020-12-02,6,7
EIS,2020-12-03,5,7
EIS,2020-12-04,6,7
EIS,2020-12-07,5,7
EIS,2020-12-08,4,7
EIS,2020-12-09,5,7
EIS,2020-12-10,5,7
EIS,2020-12-11,3,7
EIS,2020-12-15,4,7
EIS,2020-12-16,4,7
EIS,2020-12-17,5,7
EIS,2020-12-18,5,7
EIS,2020-12-21,5,7
EIS,2020-12-22,5,7
EIS,2020-12-23,4,7
EIS,2020-12-24,3,4
EIS,2020-12-28,6,7
EIS,2020-12-29,6,7
EIS,2020-12-31,6,7
EIS,2021-01-06,6,7
EIS,2021-01-22,6,7
EIS,2021-01-26,6,7
EIS,2021-02-02,6,7
EIS,2021-02-04,6,7
EIS,2021-02-11,6,7
EIS,2021-02-12,6,7
EIS,2021-02-16,6,7
EIS,2021-02-19,6,7
EIS,2021-02-23,6,7
EIS,2021-02-24,4,7
EIS,2021-03-03,6,7
EIS,2021-03-09,6,7
EIS,2021-03-11,5,7
EIS,2021-03-17,6,7
EIS,2021-03-18,5,7
EIS,2021-03-19,5,7
EIS,2021-03-22,5,7
EIS,2021-03-23,6,7
EIS,2021-03-24,4,7
EIS,2021-03-26,6,7
EIS,2021-03-29,6,7
EIS,2021-03-31,5,7
EIS,2021-04-06,6,7
EIS,2021-04-07,6,7
EIS,2021-04-08,5,7
EIS,2021-04-09,6,7
EIS,2021-04-12,4,7
EIS,2021-04-13,6,7
EIS,2021-04-16,6,7
EIS,2021-04-19,6,7
EIS,2021-04-20,6,7
EIS,2021-04-21,6,7
EIS,2021-04-23,6,7
EIS,2021-04-28,4,7
EIS,2021-04-30,4,7
EIS,2021-05-03,6,7
EIS,2021-05-04,6,7
EIS,2021-05-05,5,7
EIS,2021-05-06,4,7
EIS,2021-05-07,5,7
EIS,2021-05-10,6,7
EIS,2021-05-17,6,7
EIS,2021-05-18,6,7
EIS,2021-05-19,6,7
EIS,2021-05-20,4,7
EIS,2021-05-24,6,7
EIS,2021-05-25,5,7
EIS,2021-05-27,6,7
EIS,2021-05-28,5,7
EIS,2021-06-01,6,7
EIS,2021-06-03,6,7
EIS,2021-06-04,2,7
EIS,2021-06-08,3,7
EIS,2021-06-09,4,7
EIS,2021-06-10,5,7
EIS,2021-06-11,5,7
EIS,2021-06-14,2,7
EIS,2021-06-16,3,7
EIS,2021-06-18,6,7
EIS,2021-06-22,6,7
EIS,2021-06-23,6,7
EIS,2021-06-24,4,7
EIS,2021-06-25,4,7
EIS,2021-06-28,5,7
EIS,2021-06-30,6,7
EIS,2021-07-01,5,7
EIS,2021-07-02,5,7
EIS,2021-07-14,5,7
EIS,2021-07-15,6,7
EIS,2021-07-21,6,7
EIS,2021-07-22,6,7
EIS,2021-07-27,5,7
EIS,2021-07-28,6,7
EIS,2021-07-29,4,7
EIS,2021-07-30,5,7
EIS,2021-08-02,5,7
EIS,2021-08-03,4,7
EIS,2021-08-04,6,7
EIS,2021-08-05,6,7
EIS,2021-08-06,6,7
EIS,2021-08-09,4,7
EIS,2021-08-12,6,7
EIS,2021-08-13,6,7
EIS,2021-08-16,5,7
EIS,2021-08-17,5,7
EIS,2021-08-18,6,7
EIS,2021-08-19,5,7
EIS,2021-08-20,6,7
EIS,2021-08-23,5,7
EIS,2021-08-24,6,7
EIS,2021-08-26,6,7
EIS,2021-08-27,5,7
EIS,2021-08-30,5,7
EIS,2021-08-31,5,7
EIS,2021-09-01,6,7
EIS,2021-09-02,5,7
EIS,2021-09-03,1,7
EIS,2021-09-07,5,7
EIS,2021-09-09,3,7
EIS,2021-09-10,4,7
EIS,2021-09-21,6,7
EIS,2021-09-24,6,7
EIS,2021-09-29,6,7
EIS,2021-10-25,5,7
EIS,2021-10-28,6,7
EIS,2021-11-05,6,7
EIS,2021-11-08,6,7
EIS,2021-11-11,6,7
EIS,2021-11-15,6,7
EIS,2021-11-17,5,7
EIS,2021-11-19,6,7
EIS,2021-12-27,6,7
EIS,2021-12-30,6,7
EIS,2021-12-31,6,7
EIS,2022-01-13,6,7
EIS,2022-02-01,6,7
EIS,2022-02-08,6,7
EIS,2022-02-28,6,7
EIS,2022-03-03,6,7
EIS,2022-03-04,6,7
EIS,2022-03-11,6,7
EIS,2022-03-14,6,7
EIS,2022-03-17,6,7
EIS,2022-03-23,4,7
EIS,2022-03-25,5,7
EIS,2022-03-28,6,7
EIS,2022-03-29,5,7
EIS,2022-03-31,5,7
EIS,2022-04-25,6,7
EIS,2022-05-11,6,7
EIS,2022-05-13,6,7
EIS,2022-05-18,6,7
EIS,2022-05-20,6,7
EIS,2022-05-23,6,7
EIS,2022-05-25,6,7
EIS,2022-05-26,6,7
EIS,2022-06-01,6,7
EIS,2022-06-03,3,7
EIS,2022-06-09,5,7
EIS,2022-06-10,5,7
EIS,2022-06-15,6,7
EIS,2022-06-17,6,7
EIS,2022-06-22,5,7
EIS,2022-06-23,5,7
EIS,2022-06-27,6,7
EIS,2022-06-28,6,7
EIS,2022-06-29,5,7
EIS,2022-06-30,4,7
EIS,2022-07-01,5,7
EIS,2022-07-05,5,7
EIS,2022-07-06,4,7
EIS,2022-07-08,6,7
EIS,2022-07-11,4,7
EIS,2022-07-12,6,7
EIS,2022-07-13,5,7
EIS,2022-07-14,5,7
EIS,2022-07-15,4,7
EIS,2022-07-18,5,7
EIS,2022-07-19,5,7
EIS,2022-07-21,6,7
EIS,2022-07-22,6,7
EIS,2022-07-25,4,7
EIS,2022-07-26,4,7
EIS,2022-07-27,4,7
EIS,2022-07-28,5,7
EIS,2022-07-29,5,7
EIS,2022-08-04,4,7
EIS,2022-08-05,6,7
EIS,2022-08-08,6,7
EIS,2022-08-09,4,7
EIS,2022-08-10,6,7
EIS,2022-08-12,5,7
EIS,2022-08-15,4,7
EIS,2022-08-16,6,7
EIS,2022-08-17,4,7
EIS,2022-08-18,3,7
EIS,2022-08-22,5,7
EIS,2022-08-23,4,7
EIS,2022-08-24,6,7
EIS,2022-08-25,4,7
EIS,2022-08-26,5,7
EIS,2022-08-30,5,7
EIS,2022-08-31,6,7
EIS,2022-09-01,5,7
EIS,2022-09-02,5,7
EIS,2022-09-06,6,7
EIS,2022-09-07,5,7
EIS,2022-09-08,3,7
EIS,2022-09-13,5,7
EIS,2022-09-14,4,7
EIS,2022-09-15,4,7
EIS,2022-09-16,5,7
EIS,2022-09-20,4,7
EIS,2022-09-21,3,7
EIS,2022-09-22,5,7
EIS,2022-09-26,6,7
EIS,2022-09-27,6,7
EIS,2022-09-28,6,7
EIS,2022-09-29,5,7
EIS,2022-09-30,5,7
EIS,2022-10-05,5,7
EIS,2022-10-06,4,7
EIS,2022-10-07,5,7
EIS,2022-10-10,5,7
EIS,2022-10-11,5,7
EIS,2022-10-12,4,7
EIS,2022-10-13,5,7
EIS,2022-10-14,4,7
EIS,2022-10-17,6,7
EIS,2022-10-18,5,7
EIS,2022-10-19,6,7
EIS,2022-10-21,4,7
EIS,2022-10-24,4,7
EIS,2022-10-25,6,7
EIS,2022-10-26,4,7
EIS,2022-10-27,3,7
EIS,2022-10-28,5,7
EIS,2022-10-31,6,7
EIS,2022-11-01,6,7
EIS,2022-11-02,5,7
EIS,2022-11-04,5,7
EIS,2022-11-07,5,7
EIS,2022-11-09,4,7
EIS,2022-11-11,2,7
EIS,2022-11-14,6,7
EIS,2022-11-16,3,7
EIS,2022-11-17,6,7
EIS,2022-11-18,4,7
EIS,2022-11-21,4,7
EIS,2022-11-22,5,7
EIS,2022-11-23,6,7
EIS,2022-11-25,2,4
EIS,2022-11-28,6,7
EIS,2022-11-29,4,7
EIS,2022-11-30,6,7
EIS,2022-12-01,5,7
EIS,2022-12-02,4,7
EIS,2022-12-05,6,7
EIS,2022-12-06,5,7
EIS,2022-12-07,5,7
EIS,2022-12-08,6,7
EIS,2022-12-12,6,7
EIS,2022-12-14,5,7
EIS,2022-12-15,6,7
EIS,2022-12-16,6,7
EIS,2022-12-19,5,7
EIS,2022-12-20,6,7
EIS,2022-12-21,6,7
EIS,2022-12-22,6,7
EIS,2022-12-23,6,7
EIS,2022-12-27,6,7
EIS,2022-12-28,6,7
EIS,2022-12-29,5,7
EIS,2023-01-04,4,7
EIS,2023-01-05,5,7
EIS,2023-01-06,6,7
EIS,2023-01-10,4,7
EIS,2023-01-11,6,7
EIS,2023-01-12,3,7
EIS,2023-01-13,6,7
EIS,2023-01-17,6,7
EIS,2023-01-18,6,7
EIS,2023-01-19,5,7
EIS,2023-01-23,4,7
EIS,2023-01-24,6,7
EIS,2023-01-25,5,7
EIS,2023-01-27,6,7
EIS,2023-01-31,5,7
EIS,2023-02-02,6,7
EIS,2023-02-03,6,7
EIS,2023-02-07,6,7
EIS,2023-02-08,6,7
EIS,2023-02-09,3,7
EIS,2023-02-13,6,7
EIS,2023-02-16,4,7
EIS,2023-02-17,4,7
EIS,2023-02-22,6,7
EIS,2023-02-23,6,7
EIS,2023-02-24,5,7
EIS,2023-02-28,6,7
EIS,2023-03-01,6,7
EIS,2023-03-02,3,7
EIS,2023-03-03,4,7
EIS,2023-03-06,3,7
EIS,2023-03-07,6,7
EIS,2023-03-08,6,7
EIS,2023-03-13,6,7
EIS,2023-03-14,6,7
EIS,2023-03-16,6,7
EIS,2023-03-17,5,7
EIS,2023-03-20,4,7
EIS,2023-03-23,6,7
EIS,2023-03-24,1,7
EIS,2023-03-27,6,7
EIS,2023-03-28,5,7
EIS,2023-03-30,5,7
EIS,2023-03-31,6,7
EIS,2023-04-03,6,7
EIS,2023-04-04,6,7
EIS,2023-04-05,5,7
EIS,2023-04-10,5,7
EIS,2023-04-11,5,7
EIS,2023-04-12,5,7
EIS,2023-04-13,6,7
EIS,2023-04-17,6,7
EIS,2023-04-18,5,7
EIS,2023-04-20,5,7
EIS,2023-04-21,6,7
EIS,2023-04-24,4,7
EIS,2023-04-26,6,7
EIS,2023-04-28,6,7
EIS,2023-05-01,4,7
EIS,2023-05-02,5,7
EIS,2023-05-03,6,7
EIS,2023-05-04,5,7
EIS,2023-05-05,4,7
EIS,2023-05-08,5,7
EIS,2023-05-09,4,7
EIS,2023-05-10,5,7
EIS,2023-05-11,5,7
EIS,2023-05-12,3,7
EIS,2023-05-15,5,7
EIS,2023-05-16,6,7
EIS,2023-05-17,6,7
EIS,2023-05-18,5,7
EIS,2023-05-19,6,7
EIS,2023-05-23,6,7
EIS,2023-05-25,5,7
EIS,2023-05-26,5,7
EIS,2023-05-30,5,7
EIS,2023-05-31,4,7
EIS,2023-06-01,5,7
EIS,2023-06-02,6,7
EIS,2023-06-05,6,7
EIS,2023-06-06,5,7
EIS,2023-06-07,5,7
EIS,2023-06-08,4,7
EIS,2023-06-09,6,7
EIS,2023-06-12,6,7
EIS,2023-06-13,6,7
EIS,2023-06-14,5,7
EIS,2023-06-15,6,7
EIS,2023-06-16,5,7
EIS,2023-06-20,5,7
EIS,2023-06-21,3,7
EIS,2023-06-22,4,7
EIS,2023-06-23,3,7
EIS,2023-06-26,5,7
EIS,2023-06-28,4,7
EIS,2023-06-30,4,7
EIS,2023-07-07,5,7
EIS,2023-07-10,5,7
EIS,2023-07-11,6,7
EIS,2023-07-12,5,7
EIS,2023-07-13,6,7
EIS,2023-07-14,6,7
EIS,2023-07-17,6,7
EIS,2023-07-19,4,7
EIS,2023-07-21,5,7
EIS,2023-08-10,6,7
EIS,2023-08-11,6,7
EIS,2023-08-30,6,7
EIS,2023-09-01,5,7
EIS,2023-09-05,5,7
EIS,2023-09-07,6,7
EIS,2023-09-08,6,7
EIS,2023-09-11,5,7
EIS,2023-09-12,6,7
EIS,2023-09-13,3,7
EIS,2023-09-14,5,7
EIS,2023-09-15,4,7
EIS,2023-09-18,4,7
EIS,2023-09-22,5,7
EIS,2023-09-25,5,7
EIS,2023-09-26,6,7
EIS,2023-09-27,3,7
EIS,2023-09-28,6,7
EIS,2023-09-29,5,7
EIS,2023-10-02,6,7
EIS,2023-10-03,6,7
EIS,2023-10-04,3,7
EIS,2023-10-05,6,7
EIS,2023-10-06,5,7
EIS,2023-10-12,6,7
EIS,2023-10-17,6,7
EIS,2023-12-05,6,7
EIS,2023-12-06,6,7
EIS,2023-12-07,6,7
EIS,2023-12-08,5,7
EIS,2023-12-13,6,7
EIS,2024-01-04,5,7
EIS,2024-01-09,5,7
EIS,2024-01-19,5,7
EIS,2024-01-23,5,7
EIS,2024-01-24,6,7
EIS,2024-01-25,6,7
EIS,2024-01-26,6,7
EIS,2024-01-30,6,7
EIS,2024-01-31,6,7
EIS,2024-02-02,6,7
EIS,2024-02-05,6,7
EIS,2024-02-06,6,7
EIS,2024-02-07,4,7
EIS,2024-02-08,6,7
EIS,2024-02-09,6,7
EIS,2024-02-12,5,7
EIS,2024-02-13,6,7
EIS,2024-02-14,5,7
EIS,2024-02-15,6,7
EIS,2024-02-16,6,7
EIS,2024-02-20,6,7
EIS,2024-02-22,5,7
EIS,2024-02-23,5,7
EIS,2024-02-26,5,7
EIS,2024-02-27,5,7
EIS,2024-02-28,4,7
EIS,2024-03-04,6,7
EIS,2024-03-06,5,7
EIS,2024-03-07,6,7
EIS,2024-03-11,6,7
EIS,2024-03-14,6,7
EIS,2024-03-18,6,7
EIS,2024-03-20,6,7
EIS,2024-03-21,4,7
EIS,2024-03-22,4,7
EIS,2024-03-25,5,7
EIS,2024-03-26,5,7
EIS,2024-03-27,5,7
EIS,2024-03-28,4,7
EIS,2024-04-01,4,7
EIS,2024-04-02,4,7
EIS,2024-04-09,5,7
EIS,2024-04-10,5,7
EIS,2024-04-18,6,7
EIS,2024-04-23,6,7
EIS,2024-04-24,4,7
EIS,2024-04-26,6,7
EIS,2024-04-29,5,7
EIS,2024-04-30,5,7
EIS,2024-05-01,6,7
EIS,2024-05-03,4,7
EIS,2024-05-08,5,7
EIS,2024-05-10,6,7
EIS,2024-05-13,6,7
EIS,2024-05-14,5,7
EIS,2024-05-22,6,7
EIS,2024-05-23,4,7
EIS,2024-05-24,6,7
EIS,2024-05-28,6,7
EIS,2024-05-29,5,7
EIS,2024-05-30,5,7
EIS,2024-05-31,6,7
EIS,2024-06-03,6,7
EIS,2024-06-06,5,7
EIS,2024-06-07,6,7
EIS,2024-06-10,6,7
EIS,2024-06-11,6,7
EIS,2024-06-13,6,7
EIS,2024-06-17,5,7
EIS,2024-06-18,5,7
EIS,2024-06-24,6,7
EIS,2024-06-25,5,7
EIS,2024-06-26,5,7
EIS,2024-06-27,5,7
EIS,2024-07-01,6,7
EIS,2024-07-08,5,7
EIS,2024-07-10,5,7
EIS,2024-07-12,6,7
EIS,2024-07-15,6,7
EIS,2024-07-16,6,7
EIS,2024-07-17,6,7
EIS,2024-07-18,5,7
EIS,2024-07-19,6,7
EIS,2024-07-22,4,7
EIS,2024-07-23,6,7
EIS,2024-07-24,4,7
EIS,2024-07-25,5,7
EIS,2024-07-26,5,7
EIS,2024-07-29,5,7
EIS,2024-07-30,6,7
EIS,2024-07-31,5,7
EIS,2024-08-06,6,7
EIS,2024-08-07,5,7
EIS,2024-08-13,5,7
EIS,2024-08-19,6,7
EIS,2024-08-20,5,7
EIS,2024-08-21,6,7
EIS,2024-08-22,5,7
EIS,2024-08-23,2,7
EIS,2024-08-26,6,7
EIS,2024-08-27,5,7
EIS,2024-08-28,4,7
EIS,2024-08-29,5,7
EIS,2024-08-30,4,7
EIS,2024-09-04,4,7
EIS,2024-09-06,6,7
EIS,2024-09-09,6,7
EIS,2024-09-10,5,7
EIS,2024-09-11,6,7
EIS,2024-09-12,5,7
EIS,2024-09-13,5,7
EIS,2024-09-16,5,7
EIS,2024-09-17,5,7
EIS,2024-09-18,6,7
EIS,2024-09-19,5,7
EIS,2024-09-20,5,7
EIS,2024-09-23,5,7
EIS,2024-09-25,5,7
EIS,2024-09-27,6,7
EIS,2024-10-03,6,7
EIS,2024-10-04,5,7
EIS,2024-10-08,6,7
EIS,2024-10-09,4,7
EIS,2024-10-10,6,7
EIS,2024-10-11,5,7
EIS,2024-10-15,5,7
EIS,2024-10-16,4,7
EIS,2024-10-21,6,7
EIS,2024-10-22,5,7
EIS,2024-10-23,6,7
EIS,2024-10-25,6,7
EIS,2024-10-29,6,7
EIS,2024-10-30,5,7
EIS,2024-10-31,6,7
EIS,2024-11-04,6,7
EIS,2024-11-05,6,7
EIS,2024-11-07,6,7
EIS,2024-11-11,6,7
EIS,2024-11-12,6,7
EIS,2024-11-14,6,7
EIS,2024-11-22,6,7
EIS,2024-11-27,6,7
EIS,2024-12-09,6,7
EIS,2024-12-11,6,7
EIS,2025-04-22,5,7
EIS,2025-04-30,6,7
EIS,2025-05-01,6,7
EIS,2025-05-02,6,7
EIS,2025-05-16,5,7
EIS,2025-05-19,6,7
EIS,2025-05-20,6,7
EIS,2025-05-22,6,7
EIS,2025-05-23,4,7
EIS,2025-05-27,6,7
EIS,2025-05-28,6,7
EIS,2025-05-30,6,7
EIS,2025-06-10,6,7
EIS,2025-06-11,6,7
EIS,2025-08-15,6,7
EIS,2025-08-27,6,7
EIS,2025-09-04,5,7
EIS,2025-09-26,6,7
EIS,2026-08-14,6,7
EIS,2026-08-24,6,7
EIS,2026-08-25,6,7
EIX,2021-04-19,1,7
EIX,2022-03-08,1,7
EL,2021-04-19,1,7
EL,2022-03-08,1,7
ELV,2021-04-19,1,7
ELV,2021-10-25,1,7
ELV,2022-01-24,2,7
ELV,2022-03-08,1,7
EMC,2023-05-15,2,7
EMC,2023-10-10,6,7
EMC,2023-10-31,6,7
EMC,2023-11-01,6,7
EMC,2024-01-11,6,7
EMC,2024-01-17,6,7
EMC,2024-01-25,5,7
EMC,2024-02-06,6,7
EMC,2024-02-07,5,7
EMC,2024-02-08,6,7
EMC,2024-02-12,6,7
EMC,2024-02-13,6,7
EMC,2024-02-27,6,7
EMC,2024-02-28,6,7
EMC,2024-02-29,6,7
EMC,2024-03-01,5,7
EMC,2024-03-04,6,7
EMC,2024-03-19,6,7
EMC,2024-03-21,4,7
EMC,2024-04-01,6,7
EMC,2024-04-02,6,7
EMC,2024-04-05,6,7
EMC,2024-04-11,6,7
EMC,2024-04-17,6,7
EMC,2024-04-23,6,7
EMC,2024-04-24,6,7
EMC,2024-04-25,6,7
EMC,2024-04-26,6,7
EMC,2024-04-29,6,7
EMC,2024-04-30,6,7
EMC,2024-05-01,6,7
EMC,2024-05-02,6,7
EMC,2024-05-03,6,7
EMC,2024-05-07,5,7
EMC,2024-05-09,5,7
EMC,2024-05-10,6,7
EMC,2024-05-13,6,7
EMC,2024-05-20,5,7
EMC,2024-05-23,5,7
EMC,2024-05-24,4,7
EMC,2024-05-28,5,7
EMC,2024-05-30,6,7
EMC,2024-05-31,6,7
EMC,2024-06-04,6,7
EMC,2024-06-06,6,7
EMC,2024-06-07,5,7
EMC,2024-06-12,6,7
EMC,2024-06-13,6,7
EMC,2024-06-14,5,7
EMC,2024-06-18,6,7
EMC,2024-06-21,5,7
EMC,2024-06-24,6,7
EMC,2024-06-27,5,7
EMC,2024-06-28,5,7
EMC,2024-07-01,5,7
EMC,2024-07-09,6,7
EMC,2024-07-10,6,7
EMC,2024-07-12,5,7
EMC,2024-07-15,6,7
EMC,2024-07-17,5,7
EMC,2024-07-18,6,7
EMC,2024-07-19,4,7
EMC,2024-07-22,6,7
EMC,2024-07-29,6,7
EMC,2024-08-05,6,7
EMC,2024-08-07,5,7
EMC,2024-08-09,6,7
EMC,2024-08-12,6,7
EMC,2024-08-13,5,7
EMC,2024-08-14,6,7
EMC,2024-08-16,6,7
EMC,2024-08-22,5,7
EMC,2024-08-23,5,7
EMC,2024-08-26,4,7
EMC,2024-08-27,6,7
EMC,2024-08-30,6,7
EMC,2024-09-04,6,7
EMC,2024-09-06,4,7
EMC,2024-09-09,6,7
EMC,2024-09-11,6,7
EMC,2024-09-12,3,7
EMC,2024-09-13,6,7
EMC,2024-09-16,6,7
EMC,2024-09-20,4,7
EMC,2024-09-23,4,7
EMC,2024-09-25,4,7
EMC,2024-09-26,6,7
EMC,2024-09-27,5,7
EMC,2024-10-03,6,7
EMC,2024-10-04,5,7
EMC,2024-10-07,6,7
EMC,2024-10-08,5,7
EMC,2024-10-09,4,7
EMC,2024-10-10,3,7
EMC,2024-10-11,5,7
EMC,2024-10-14,4,7
EMC,2024-10-15,5,7
EMC,2024-10-16,5,7
EMC,2024-10-17,6,7
EMC,2024-10-18,4,7
EMC,2024-10-21,5,7
EMC,2024-10-22,6,7
EMC,2024-10-23,6,7
EMC,2024-10-24,6,7
EMC,2024-10-28,5,7
EMC,2024-10-29,6,7
EMC,2024-10-30,4,7
EMC,2024-10-31,5,7
EMC,2024-11-01,4,7
EMC,2024-11-04,5,7
EMC,2024-11-05,4,7
EMC,2024-11-06,4,7
EMC,2024-11-07,6,7
EMC,2024-11-12,6,7
EMC,2024-11-13,6,7
EMC,2024-11-14,6,7
EMC,2024-11-15,6,7
EMC,2024-11-18,5,7
EMC,2024-11-19,4,7
EMC,2024-11-21,6,7
EMC,2024-11-22,5,7
EMC,2024-11-25,4,7
EMC,2024-11-27,6,7
EMC,2024-12-03,6,7
EMC,2024-12-04,6,7
EMC,2024-12-06,5,7
EMC,2024-12-11,6,7
EMC,2024-12-12,6,7
EMC,2024-12-13,6,7
EMC,2024-12-16,6,7
EMC,2024-12-18,5,7
EMC,2024-12-23,6,7
EMC,2024-12-26,6,7
EMC,2024-12-27,4,7
EMC,2025-01-02,4,7
EMC,2025-01-03,4,7
EMC,2025-01-07,6,7
EMC,2025-01-08,6,7
EMC,2025-01-10,6,7
EMC,2025-01-13,6,7
EMC,2025-01-14,6,7
EMC,2025-01-15,6,7
EMC,2025-01-16,6,7
EMC,2025-01-17,3,7
EMC,2025-01-22,6,7
EMC,2025-01-24,5,7
EMC,2025-01-30,6,7
EMC,2025-01-31,6,7
EMC,2025-02-03,6,7
EMC,2025-02-04,6,7
EMC,2025-02-05,6,7
EMC,2025-02-07,6,7
EMC,2025-02-10,6,7
EMC,2025-02-11,5,7
EMC,2025-02-12,5,7
EMC,2025-02-13,4,7
EMC,2025-02-18,5,7
EMC,2025-02-24,5,7
EMC,2025-02-27,6,7
EMC,2025-02-28,6,7
EMC,2025-03-05,5,7
EMC,2025-03-06,5,7
EMC,2025-03-07,6,7
EMC,2025-03-10,5,7
EMC,2025-03-11,5,7
EMC,2025-03-12,6,7
EMC,2025-03-17,6,7
EMC,2025-03-18,5,7
EMC,2025-03-19,5,7
EMC,2025-03-20,6,7
EMC,2025-03-21,5,7
EMC,2025-03-24,5,7
EMC,2025-03-25,5,7
EMC,2025-03-26,4,7
EMC,2025-03-27,6,7
EMC,2025-03-28,5,7
EMC,2025-03-31,6,7
EMC,2025-04-01,5,7
EMC,2025-04-02,5,7
EMC,2025-04-03,4,7
EMC,2025-04-04,6,7
EMC,2025-04-07,6,7
EMC,2025-04-09,6,7
EMC,2025-04-11,4,7
EMC,2025-04-14,5,7
EMC,2025-04-15,4,7
EMC,2025-04-16,6,7
EMC,2025-04-17,3,7
EMC,2025-04-21,3,7
EMC,2025-04-22,6,7
EMC,2025-04-23,4,7
EMC,2025-04-24,5,7
EMC,2025-04-25,5,7
EMC,2025-04-28,3,7
EMC,2025-04-30,3,7
EMC,2025-05-01,4,7
EMC,2025-05-02,6,7
EMC,2025-05-05,5,7
EMC,2025-05-06,4,7
EMC,2025-05-07,5,7
EMC,2025-05-08,5,7
EMC,2025-05-09,3,7
EMC,2025-05-12,6,7
EMC,2025-05-13,4,7
EMC,2025-05-14,5,7
EMC,2025-05-15,4,7
EMC,2025-05-16,5,7
EMC,2025-05-19,2,7
EMC,2025-05-20,5,7
EMC,2025-05-21,4,7
EMC,2025-05-22,6,7
EMC,2025-05-23,5,7
EMC,2025-05-27,5,7
EMC,2025-05-28,4,7
EMC,2025-06-02,4,7
EMC,2025-06-03,3,7
EMC,2025-06-04,2,7
EMC,2025-06-05,4,7
EMC,2025-06-09,3,7
EMC,2025-06-10,4,7
EMC,2025-06-11,5,7
EMC,2025-06-12,5,7
EMC,2025-06-16,5,7
EMC,2025-06-17,5,7
EMC,2025-06-20,5,7
EMC,2025-06-25,5,7
EMC,2025-06-26,6,7
EMC,2025-06-27,5,7
EMC,2025-07-01,5,7
EMC,2025-07-02,6,7
EMC,2025-07-08,3,7
EMC,2025-07-09,4,7
EMC,2025-07-10,3,7
EMC,2025-07-11,1,7
EMC,2025-07-14,4,7
EMC,2025-07-15,5,7
EMC,2025-07-16,6,7
EMC,2025-07-17,5,7
EMC,2025-07-18,3,7
EMC,2025-07-21,6,7
EMC,2025-07-22,5,7
EMC,2025-07-23,6,7
EMC,2025-07-24,6,7
EMC,2025-07-25,5,7
EMC,2025-07-28,4,7
EMC,2025-07-29,5,7
EMC,2025-07-30,6,7
EMC,2025-08-01,6,7
EMC,2025-08-05,5,7
EMC,2025-08-06,6,7
EMC,2025-08-07,4,7
EMC,2025-08-08,5,7
EMC,2025-08-11,6,7
EMC,2025-08-12,5,7
EMC,2025-08-14,6,7
EMC,2025-08-15,5,7
EMC,2025-08-18,6,7
EMC,2025-08-22,3,7
EMC,2025-08-25,3,7
EMC,2025-08-26,4,7
EMC,2025-08-27,5,7
EMC,2025-08-28,2,7
EMC,2025-08-29,3,7
EMC,2025-09-02,6,7
EMC,2025-09-03,6,7
EMC,2025-09-04,6,7
EMC,2025-09-05,6,7
EMC,2025-09-08,4,7
EMC,2025-09-09,6,7
EMC,2025-09-10,5,7
EMC,2025-09-11,6,7
EMC,2025-09-15,5,7
EMC,2025-09-16,6,7
EMC,2025-09-17,6,7
EMC,2025-09-18,6,7
EMC,2025-09-19,3,7
EMC,2025-09-22,5,7
EMC,2025-09-23,6,7
EMC,2025-09-25,4,7
EMC,2025-09-26,4,7
EMC,2025-09-29,5,7
EMC,2025-09-30,5,7
EMC,2025-10-02,5,7
EMC,2025-10-03,5,7
EMC,2025-10-06,4,7
EMC,2025-10-07,6,7
EMC,2025-10-08,6,7
EMC,2025-10-10,5,7
EMC,2025-10-13,5,7
EMC,2025-10-14,6,7
EMC,2025-10-15,4,7
EMC,2025-10-16,6,7
EMC,2025-10-17,5,7
EMC,2025-10-22,5,7
EMC,2025-10-23,6,7
EMC,2025-10-24,6,7
EMC,2025-10-27,2,7
EMC,2025-10-29,6,7
EMC,2025-11-03,5,7
EMC,2025-11-04,4,7
EMC,2025-11-06,6,7
EMC,2025-11-11,6,7
EMC,2025-11-12,6,7
EMC,2025-11-13,6,7
EMC,2025-11-14,6,7
EMC,2025-11-17,6,7
EMC,2025-11-18,5,7
EMC,2025-11-19,4,7
EMC,2025-11-21,6,7
EMC,2025-11-24,6,7
EMC,2025-11-25,6,7
EMC,2025-11-28,3,4
EMC,2025-12-01,4,7
EMC,2025-12-02,6,7
EMC,2025-12-03,6,7
EMC,2025-12-04,3,7
EMC,2025-12-05,4,7
EMC,2025-12-08,6,7
EMC,2025-12-09,6,7
EMC,2025-12-11,5,7
EMC,2025-12-12,5,7
EMC,2025-12-15,6,7
EMC,2025-12-17,5,7
EMC,2025-12-18,6,7
EMC,2025-12-22,3,7
EMC,2025-12-23,4,7
EMC,2025-12-24,3,4
EMC,2025-12-26,4,7
EMC,2025-12-30,5,7
EMC,2025-12-31,3,7
EMC,2026-01-02,6,7
EMC,2026-01-05,5,7
EMC,2026-01-09,6,7
EMC,2026-01-16,5,7
EMC,2026-01-22,6,7
EMC,2026-01-23,5,7
EMC,2026-01-27,6,7
EMC,2026-01-28,6,7
EMC,2026-01-29,6,7
EMC,2026-02-05,5,7
EMC,2026-02-06,5,7
EMC,2026-02-09,5,7
EMC,2026-02-10,6,7
EMC,2026-02-12,5,7
EMC,2026-02-23,6,7
EMC,2026-02-24,5,7
EMC,2026-02-25,5,7
EMC,2026-02-26,6,7
EMC,2026-02-27,6,7
EMC,2026-03-02,3,7
EMC,2026-03-09,5,7
EMC,2026-03-12,6,7
EMC,2026-03-13,5,7
EMC,2026-03-17,5,7
EMC,2026-03-18,2,7
EMC,2026-03-20,4,7
EMC,2026-03-23,5,7
EMC,2026-03-24,6,7
EMC,2026-03-27,6,7
EMC,2026-03-31,6,7
EMC,2026-04-02,4,7
EMC,2026-04-06,3,7
EMC,2026-04-07,5,7
EMC,2026-04-08,6,7
EMC,2026-04-09,6,7
EMC,2026-04-10,5,7
EMC,2026-04-13,4,7
EMC,2026-04-14,4,7
EMC,2026-04-15,3,7
EMC,2026-04-16,4,7
EMC,2026-04-17,4,7
EMC,2026-04-20,4,7
EMC,2026-04-21,5,7
EMC,2026-04-23,6,7
EMC,2026-04-24,6,7
EMC,2026-04-27,6,7
EMC,2026-04-28,6,7
EMC,2026-04-29,5,7
EMC,2026-04-30,5,7
EMC,2026-05-01,4,7
EMC,2026-05-05,6,7
EMC,2026-05-06,5,7
EMC,2026-05-07,5,7
EMC,2026-05-08,4,7
EMC,2026-05-11,5,7
EMC,2026-05-12,6,7
EMC,2026-05-13,5,7
EMC,2026-05-14,4,7
EMC,2026-05-15,2,7
EMC,2026-05-18,1,7
EMC,2026-05-19,2,7
EMC,2026-05-21,6,7
EMC,2026-05-22,3,7
EMC,2026-05-26,6,7
EMC,2026-05-27,6,7
EMC,2026-05-28,5,7
EMC,2026-05-29,5,7
EMC,2026-06-01,6,7
EMC,2026-06-02,5,7
EMC,2026-06-04,6,7
EMC,2026-06-05,6,7
EMC,2026-06-10,6,7
EMC,2026-06-11,4,7
EMC,2026-06-12,5,7
EMC,2026-06-15,4,7
EMC,2026-06-16,4,7
EMC,2026-06-17,6,7
EMC,2026-06-18,6,7
EMC,2026-06-22,6,7
EMC,2026-06-23,6,7
EMC,2026-06-24,3,7
EMC,2026-06-26,5,7
EMC,2026-06-29,6,7
EMC,2026-06-30,5,7
EMC,2026-07-01,6,7
EMC,2026-07-02,5,7
EMC,2026-07-06,5,7
EMC,2026-07-07,2,7
EMC,2026-07-08,5,7
EMC,2026-07-09,5,7
EMC,2026-07-10,2,7
EMC,2026-07-13,3,7
EMC,2026-07-14,3,7
EMC,2026-07-15,3,7
EMC,2026-07-16,6,7
EMC,2026-07-17,4,7
EMC,2026-07-20,6,7
EMC,2026-07-22,5,7
EMC,2026-07-23,6,7
EMC,2026-07-24,3,7
EMC,2026-07-27,6,7
EMC,2026-07-28,6,7
EMC,2026-07-29,5,7
EMC,2026-07-30,3,7
EMC,2026-07-31,4,7
EMC,2026-08-03,6,7
EMC,2026-08-04,3,7
EMC,2026-08-05,6,7
EMC,2026-08-06,2,7
EMC,2026-08-07,3,7
EMC,2026-08-10,6,7
EMC,2026-08-11,5,7
EMC,2026-08-12,4,7
EMC,2026-08-13,2,7
EMC,2026-08-14,4,7
EMC,2026-08-17,6,7
EMC,2026-08-18,5,7
EMC,2026-08-19,5,7
EMC,2026-08-20,1,7
EMC,2026-08-21,5,7
EMC,2026-08-24,3,7
EMC,2026-08-25,5,7
EMC,2026-08-27,1,7
EMC,2026-08-28,5,7
EMC,2026-08-31,4,7
EMC,2026-09-01,6,7
EMC,2026-09-02,3,7
EMC,2026-09-03,4,7
EMC,2026-09-04,6,7
EMC,2026-09-08,4,7
EMC,2026-09-09,4,7
EMC,2026-09-10,3,7
EMC,2026-09-11,5,7
EMC,2026-09-14,3,7
EMC,2026-09-15,2,7
EMC,2026-09-16,4,7
EMC,2026-09-17,3,7
EMC,2026-09-18,5,7
EME,2021-04-19,1,7
EME,2022-03-08,1,7
EMN,2021-04-19,1,7
EMN,2022-03-08,1,7
EMR,2021-04-19,1,7
EMR,2022-03-08,1,7
ENDP,2018-05-02,1,7
ENDP,2018-05-03,1,7
ENPH,2018-05-02,1,7
ENPH,2018-05-03,1,7
EOG,2021-04-19,1,7
EPAM,2021-04-19,1,7
EPAM,2021-10-25,1,7
EPAM,2022-03-08,1,7
EPOL,2016-07-25,6,7
EPOL,2016-11-03,6,7
EQIX,2018-05-02,1,7
EQIX,2018-05-03,1,7
EQR,2021-04-19,1,7
EQR,2021-10-25,1,7
EQR,2022-03-08,1,7
EQT,2021-04-19,1,7
EQT,2021-10-25,1,7
EQT,2022-03-08,1,7
ERIE,2016-07-13,6,7
ERIE,2016-07-22,6,7
ERIE,2016-07-25,5,7
ERIE,2016-08-04,5,7
ERIE,2016-08-16,6,7
ERIE,2016-08-23,6,7
ERIE,2016-10-07,6,7
ERIE,2016-11-17,6,7
ERIE,2016-12-27,6,7
ERIE,2017-01-05,6,7
ERIE,2017-01-25,6,7
ERIE,2017-01-27,5,7
ERIE,2017-02-02,6,7
ERIE,2017-02-10,6,7
ERIE,2017-02-16,6,7
ERIE,2017-04-07,5,7
ERIE,2017-04-19,6,7
ERIE,2017-04-25,6,7
ERIE,2017-05-16,6,7
ERIE,2017-05-22,6,7
ERIE,2017-05-26,5,7
ERIE,2017-07-12,6,7
ERIE,2017-07-28,6,7
ERIE,2017-07-31,6,7
ERIE,2017-08-11,5,7
ERIE,2017-08-17,5,7
ERIE,2017-08-21,6,7
ERIE,2017-08-22,6,7
ERIE,2017-08-24,6,7
ERIE,2017-09-18,5,7
ERIE,2017-09-29,6,7
ERIE,2017-11-06,6,7
ERIE,2017-11-07,6,7
ERIE,2017-11-13,6,7
ERIE,2017-11-14,6,7
ERIE,2017-11-16,5,7
ERIE,2017-12-04,5,7
ERIE,2017-12-07,6,7
ERIE,2017-12-20,5,7
ERIE,2018-01-31,6,7
ERIE,2018-04-03,6,7
ERIE,2018-04-06,6,7
ERIE,2018-04-11,6,7
ERIE,2018-04-17,6,7
ERIE,2018-04-25,6,7
ERIE,2018-05-03,1,7
ERIE,2018-05-08,6,7
ERIE,2018-05-11,6,7
ERIE,2018-06-26,6,7
ERIE,2018-07-24,6,7
ERIE,2018-07-30,6,7
ERIE,2018-07-31,6,7
ERIE,2018-08-07,4,7
ERIE,2018-08-08,5,7
ERIE,2018-08-10,5,7
ERIE,2018-08-15,5,7
ERIE,2018-08-17,6,7
ERIE,2018-08-21,5,7
ERIE,2018-08-22,5,7
ERIE,2018-08-23,5,7
ERIE,2018-08-28,5,7
ERIE,2018-08-30,6,7
ERIE,2018-09-05,6,7
ERIE,2018-09-06,6,7
ERIE,2018-09-20,6,7
ERIE,2018-09-21,6,7
ERIE,2018-09-27,6,7
ERIE,2018-10-03,6,7
ERIE,2018-10-04,6,7
ERIE,2018-10-05,5,7
ERIE,2018-11-13,5,7
ERIE,2019-01-04,6,7
ERIE,2020-07-29,6,7
ERIE,2021-02-02,6,7
ERIE,2021-08-06,6,7
ERIE,2022-08-30,6,7
ERIE,2024-04-09,6,7
ERIE,2024-04-25,6,7
ERIE,2024-05-03,5,7
ERIE,2024-05-08,6,7
ERIE,2024-05-21,6,7
ERIE,2024-05-22,6,7
ERIE,2024-06-03,6,7
ERIE,2024-06-17,5,7
ERIE,2024-06-18,6,7
ERIE,2024-07-02,6,7
ERIE,2024-07-05,6,7
ERIE,2024-07-18,6,7
ERIE,2024-07-23,6,7
ERIE,2024-08-08,6,7
ERIE,2024-08-09,6,7
ERIE,2024-08-14,6,7
ERIE,2024-08-20,6,7
ERIE,2025-03-27,6,7
ERIE,2025-08-22,6,7
ES,2021-04-19,1,7
ES,2021-10-25,1,7
ES,2022-03-08,1,7
ESRX,2018-05-02,1,7
ESRX,2018-05-03,1,7
ESS,2021-04-19,1,7
ESS,2021-10-25,1,7
ESS,2022-03-08,1,7
ETFC,2018-05-02,1,7
ETFC,2018-05-03,1,7
ETN,2021-04-19,1,7
ETN,2021-10-25,1,7
ETR,2021-04-19,1,7
ETR,2021-10-25,1,7
ETR,2022-03-08,1,7
ETSY,2018-05-02,1,7
ETSY,2018-05-03,1,7
EVRG,2021-04-19,1,7
EVRG,2021-10-25,1,7
EVRG,2022-03-08,1,7
EW,2021-04-19,1,7
EW,2021-10-25,1,7
EW,2022-03-08,1,7
EWD,2025-08-29,6,7
EWD,2025-11-11,6,7
EWD,2025-11-14,6,7
EWD,2025-12-08,6,7
EWD,2026-02-25,6,7
EWN,2016-06-08,6,7
EWN,2016-10-26,6,7
EWN,2016-11-07,6,7
EWN,2016-12-27,6,7
EWN,2017-03-15,6,7
EWN,2017-06-14,6,7
EWN,2017-10-27,6,7
EWN,2017-12-07,6,7
EWN,2020-05-01,6,7
EWN,2022-07-18,6,7
EWN,2022-08-09,6,7
EWN,2022-08-16,6,7
EWN,2022-09-14,6,7
EWN,2023-03-21,6,7
EWN,2023-03-28,6,7
EWN,2023-04-12,6,7
EWN,2023-05-15,6,7
EWN,2023-06-14,6,7
EWN,2023-08-01,6,7
EWN,2024-05-09,6,7
EWN,2024-06-28,6,7
EWN,2024-07-29,6,7
EWN,2024-08-01,6,7
EWN,2024-08-13,6,7
EWN,2024-08-15,6,7
EWN,2024-08-19,6,7
EWN,2024-08-20,6,7
EWN,2024-09-06,6,7
EWN,2024-09-12,2,7
EWN,2024-09-20,6,7
EWN,2024-09-23,6,7
EWN,2024-09-24,6,7
EWN,2024-09-25,6,7
EWN,2024-09-27,6,7
EWN,2024-10-09,5,7
EWN,2024-10-10,6,7
EWN,2024-10-11,6,7
EWN,2024-10-14,6,7
EWN,2024-10-15,6,7
EWN,2024-10-30,6,7
EWN,2024-11-04,6,7
EWN,2024-11-05,6,7
EWN,2024-11-13,6,7
EWN,2024-11-14,6,7
EWN,2024-11-19,6,7
EWN,2024-11-22,4,7
EWN,2024-11-29,3,4
EWN,2024-12-06,6,7
EWN,2024-12-10,5,7
EWN,2025-01-16,6,7
EWN,2025-02-06,6,7
EWN,2025-02-12,6,7
EWN,2025-03-21,6,7
EWN,2025-04-15,6,7
EWN,2025-04-30,6,7
EWN,2025-05-01,6,7
EWN,2025-05-05,6,7
EWN,2025-05-08,5,7
EWN,2025-05-19,6,7
EWN,2025-05-28,5,7
EWN,2025-05-29,6,7
EWN,2025-05-30,5,7
EWN,2025-06-02,6,7
EWN,2025-06-05,6,7
EWN,2025-06-06,4,7
EWN,2025-06-11,6,7
EWN,2025-06-12,3,7
EWN,2025-06-16,6,7
EWN,2025-06-18,6,7
EWN,2025-06-26,6,7
EWN,2025-06-27,6,7
EWN,2025-07-01,6,7
EWN,2025-07-03,3,4
EWN,2025-07-07,6,7
EWN,2025-07-08,6,7
EWN,2025-07-10,6,7
EWN,2025-07-15,6,7
EWN,2025-07-18,6,7
EWN,2025-07-21,5,7
EWN,2025-07-22,6,7
EWN,2025-07-25,3,7
EWN,2025-07-28,6,7
EWN,2025-07-29,6,7
EWN,2025-08-01,5,7
EWN,2025-08-05,6,7
EWN,2025-08-06,6,7
EWN,2025-08-08,6,7
EWN,2025-08-11,6,7
EWN,2025-08-13,6,7
EWN,2025-08-20,4,7
EWN,2025-08-21,5,7
EWN,2025-08-22,5,7
EWN,2025-08-26,6,7
EWN,2025-08-27,5,7
EWN,2025-08-28,3,7
EWN,2025-08-29,4,7
EWN,2025-09-02,6,7
EWN,2025-09-03,6,7
EWN,2025-09-04,6,7
EWN,2025-09-05,6,7
EWN,2025-09-08,6,7
EWN,2025-09-09,5,7
EWN,2025-09-10,6,7
EWN,2025-09-11,6,7
EWN,2025-09-16,6,7
EWN,2025-09-17,5,7
EWN,2025-09-19,6,7
EWN,2025-09-22,6,7
EWN,2025-09-23,6,7
EWN,2025-09-26,6,7
EWN,2025-09-29,6,7
EWN,2025-09-30,5,7
EWN,2025-10-06,6,7
EWN,2025-10-07,6,7
EWN,2025-10-08,5,7
EWN,2025-10-09,5,7
EWN,2025-10-13,5,7
EWN,2025-10-14,5,7
EWN,2025-10-20,6,7
EWN,2025-10-21,6,7
EWN,2025-10-22,6,7
EWN,2025-10-23,6,7
EWN,2025-10-28,4,7
EWN,2025-10-29,6,7
EWN,2025-11-18,6,7
EWN,2025-11-24,5,7
EWN,2025-11-26,5,7
EWN,2025-12-04,6,7
EWN,2025-12-09,5,7
EWN,2025-12-12,6,7
EWN,2025-12-15,6,7
EWN,2025-12-19,5,7
EWN,2025-12-23,5,7
EWN,2025-12-24,3,4
EWN,2025-12-29,6,7
EWN,2025-12-30,6,7
EWN,2025-12-31,4,7
EWN,2026-01-07,6,7
EWN,2026-01-08,6,7
EWN,2026-09-15,6,7
EXE,2020-06-09,5,7
EXPD,2018-05-02,1,7
EXPD,2018-05-03,1,7
EXPE,2018-05-02,1,7
EXPE,2018-05-03,1,7
EXR,2021-04-19,1,7
EXR,2021-10-25,1,7
EXR,2022-03-08,1,7
EZA,2024-01-30,6,7
EZA,2025-05-15,6,7
F,2021-04-19,1,7
F,2021-10-25,1,7
F,2022-03-08,1,7
FANG,2018-05-02,1,7
FANG,2018-05-03,1,7
FAST,2018-05-02,1,7
FAST,2018-05-03,1,7
FBIN,2021-04-19,1,7
FBIN,2021-10-25,1,7
FBIN,2022-03-08,1,7
FCX,2021-04-19,1,7
FCX,2021-10-25,1,7
FCX,2022-03-08,1,7
FDS,2021-04-19,1,7
FDS,2021-10-25,1,7
FDS,2022-03-08,1,7
FDX,2021-04-19,1,7
FDX,2021-10-25,1,7
FDX,2022-03-08,1,7
FE,2021-04-19,1,7
FE,2021-10-25,1,7
FE,2022-03-08,1,7
FERG,2021-03-08,1,7
FERG,2021-03-18,6,7
FERG,2021-04-14,6,7
FERG,2021-04-15,6,7
FERG,2021-04-19,1,7
FERG,2021-04-20,6,7
FERG,2021-05-24,6,7
FERG,2021-06-07,5,7
FERG,2021-06-25,6,7
FERG,2021-06-29,6,7
FERG,2021-07-12,6,7
FERG,2021-07-23,6,7
FERG,2021-07-26,6,7
FERG,2021-07-29,6,7
FERG,2021-08-05,6,7
FERG,2021-08-09,6,7
FERG,2021-08-12,6,7
FERG,2021-08-20,6,7
FERG,2021-08-25,6,7
FERG,2021-09-01,4,7
FERG,2021-09-07,5,7
FERG,2021-09-16,6,7
FERG,2021-09-24,6,7
FERG,2021-09-29,6,7
FERG,2021-10-04,6,7
FERG,2021-10-05,6,7
FERG,2021-10-06,6,7
FERG,2021-10-07,6,7
FERG,2021-10-08,6,7
FERG,2021-10-14,6,7
FERG,2021-10-18,6,7
FERG,2021-10-25,1,7
FERG,2021-10-27,6,7
FERG,2021-10-29,6,7
FERG,2021-11-01,6,7
FERG,2021-11-05,6,7
FERG,2021-11-10,6,7
FERG,2021-11-11,6,7
FERG,2021-11-16,6,7
FERG,2021-11-23,5,7
FERG,2021-11-24,6,7
FERG,2021-12-03,6,7
FERG,2021-12-08,6,7
FERG,2021-12-27,6,7
FERG,2021-12-30,6,7
FERG,2022-02-02,6,7
FERG,2022-02-15,6,7
FERG,2022-02-17,6,7
FERG,2022-03-08,1,7
FFIV,2018-05-02,1,7
FFIV,2018-05-03,1,7
FICO,2020-03-12,6,7
FICO,2021-04-19,1,7
FICO,2021-10-25,1,7
FICO,2022-03-08,1,7
FIS,2021-04-19,1,7
FIS,2021-10-25,1,7
FIS,2022-03-08,1,7
FISV,2018-05-02,1,7
FISV,2018-05-03,1,7
FITB,2018-05-02,1,7
FITB,2018-05-03,1,7
FIX,2020-03-09,6,7
FIX,2020-03-12,6,7
FIX,2021-04-19,1,7
FIX,2021-10-25,1,7
FL,2021-04-19,1,7
FL,2021-10-25,1,7
FLEX,2018-05-02,1,7
FLEX,2018-05-03,1,7
FLIR,2018-05-02,1,7
FLIR,2018-05-03,1,7
FLR,2021-04-19,1,7
FLR,2021-10-25,1,7
FLR,2022-03-08,1,7
FLS,2021-04-19,1,7
FLS,2021-10-25,1,7
FLS,2022-03-08,1,7
FMC,2021-04-19,1,7
FMC,2021-10-25,1,7
FMC,2022-03-08,1,7
FOSL,2018-05-02,1,7
FOSL,2018-05-03,1,7
FOX,2018-05-02,1,7
FOX,2018-05-03,1,7
FOXA,2018-05-02,1,7
FOXA,2018-05-03,1,7
FRC,2021-04-19,1,7
FRC,2021-10-25,1,7
FRC,2022-03-08,1,7
FRT,2020-03-09,6,7
FRT,2021-04-19,1,7
FRT,2021-10-25,1,7
FRT,2022-03-08,1,7
FSLR,2018-05-02,1,7
FSLR,2018-05-03,1,7
FTI,2021-04-19,1,7
FTI,2021-04-26,6,7
FTI,2021-10-25,1,7
FTI,2022-03-08,1,7
FTNT,2018-05-02,1,7
FTNT,2018-05-03,1,7
FTR,2018-05-02,1,7
FTR,2018-05-03,1,7
FTV,2021-04-19,1,7
FTV,2021-10-25,1,7
GAP,2021-04-19,1,7
GAP,2021-10-25,1,7
GAP,2024-08-29,6,7
GD,2021-04-19,1,7
GD,2021-10-25,1,7
GDDY,2020-03-12,6,7
GDDY,2021-04-19,1,7
GDDY,2021-10-25,1,7
GDDY,2022-03-08,1,7
GE,2021-04-19,1,7
GE,2021-10-25,1,7
GE,2022-03-08,1,7
GEHC,2022-12-15,6,7
GEHC,2022-12-16,5,7
GEHC,2022-12-21,6,7
GEN,2018-05-02,1,7
GEN,2018-05-03,1,7
GILD,2018-05-02,1,7
GILD,2018-05-03,1,7
GIS,2021-04-19,1,7
GIS,2021-10-25,1,7
GL,2021-04-19,1,7
GL,2021-10-25,1,7
GLW,2021-04-19,1,7
GLW,2021-10-25,1,7
GLW,2022-03-08,1,7
GM,2021-04-19,1,7
GM,2021-10-25,1,7
GM,2022-03-08,1,7
GME,2021-04-19,1,7
GME,2021-10-25,1,7
GME,2022-03-08,1,7
GNRC,2021-04-19,1,7
GNRC,2021-10-25,1,7
GNRC,2022-03-08,1,7
GOOG,2018-05-02,1,7
GOOG,2018-05-03,1,7
GOOGL,2018-05-02,1,7
GOOGL,2018-05-03,1,7
GPC,2021-04-19,1,7
GPC,2021-10-25,1,7
GPC,2022-03-08,1,7
GPN,2021-04-19,1,7
GPN,2021-10-25,1,7
GREK,2020-07-27,6,7
GREK,2020-07-29,6,7
GREK,2020-08-14,6,7
GREK,2020-08-21,5,7
GREK,2020-08-26,6,7
GREK,2020-09-04,6,7
GREK,2020-09-10,6,7
GREK,2020-09-17,6,7
GREK,2020-10-01,5,7
GREK,2020-10-02,6,7
GREK,2020-10-05,6,7
GREK,2020-10-14,6,7
GREK,2020-10-15,6,7
GREK,2020-10-16,2,7
GREK,2020-10-19,4,7
GREK,2020-10-20,6,7
GREK,2020-10-21,6,7
GREK,2020-10-23,5,7
GREK,2020-11-03,6,7
GREK,2020-11-05,6,7
GREK,2020-11-19,5,7
GREK,2020-11-20,6,7
GREK,2020-12-30,6,7
GREK,2021-02-04,6,7
GREK,2021-02-05,6,7
GREK,2021-02-11,6,7
GREK,2021-02-16,6,7
GREK,2021-02-19,5,7
GREK,2021-02-25,6,7
GREK,2021-03-22,6,7
GREK,2021-03-23,6,7
GREK,2021-03-25,6,7
GREK,2021-04-06,6,7
GREK,2021-04-08,5,7
GREK,2021-04-12,6,7
GREK,2021-04-16,6,7
GREK,2021-04-21,5,7
GREK,2021-04-22,6,7
GREK,2021-04-30,6,7
GREK,2021-05-10,6,7
GREK,2021-05-17,5,7
GREK,2021-05-28,5,7
GREK,2021-06-03,6,7
GREK,2021-06-15,6,7
GREK,2021-06-24,5,7
GREK,2021-06-25,6,7
GREK,2021-07-02,5,7
GREK,2021-07-07,6,7
GREK,2021-07-08,6,7
GREK,2021-07-12,6,7
GREK,2021-07-14,6,7
GREK,2021-07-16,4,7
GREK,2021-07-21,5,7
GREK,2021-07-22,5,7
GREK,2021-07-23,6,7
GREK,2021-07-26,6,7
GREK,2021-07-27,6,7
GREK,2021-07-28,6,7
GREK,2021-07-29,6,7
GREK,2021-07-30,6,7
GREK,2021-08-04,6,7
GREK,2021-08-05,6,7
GREK,2021-08-09,6,7
GREK,2021-08-10,6,7
GREK,2021-08-11,6,7
GREK,2021-08-13,4,7
GREK,2021-08-16,6,7
GREK,2021-08-17,4,7
GREK,2021-08-20,6,7
GREK,2021-08-23,6,7
GREK,2021-09-03,6,7
GREK,2021-09-07,4,7
GREK,2021-09-09,6,7
GREK,2021-09-14,6,7
GREK,2021-09-15,5,7
GREK,2021-09-22,6,7
GREK,2021-09-24,6,7
GREK,2021-09-29,6,7
GREK,2021-10-01,6,7
GREK,2021-10-05,5,7
GREK,2021-10-08,6,7
GREK,2021-10-11,5,7
GREK,2021-10-12,6,7
GREK,2021-10-13,4,7
GREK,2021-10-14,5,7
GREK,2021-10-20,6,7
GREK,2021-10-25,6,7
GREK,2021-11-04,6,7
GREK,2021-11-08,6,7
GREK,2021-11-09,6,7
GREK,2021-11-17,6,7
GREK,2021-11-19,6,7
GREK,2021-11-24,5,7
GREK,2021-11-29,5,7
GREK,2021-12-08,6,7
GREK,2021-12-10,4,7
GREK,2021-12-13,5,7
GREK,2021-12-16,6,7
GREK,2021-12-17,6,7
GREK,2021-12-22,4,7
GREK,2021-12-23,5,7
GREK,2021-12-27,6,7
GREK,2021-12-28,6,7
GREK,2022-01-27,6,7
GREK,2022-02-07,6,7
GREK,2022-02-17,6,7
GREK,2022-03-22,6,7
GREK,2022-03-25,6,7
GREK,2022-03-29,6,7
GREK,2022-03-31,6,7
GREK,2022-04-04,5,7
GREK,2022-04-11,6,7
GREK,2022-04-12,6,7
GREK,2022-04-13,5,7
GREK,2022-04-19,6,7
GREK,2022-04-29,6,7
GREK,2022-05-03,5,7
GREK,2022-05-04,6,7
GREK,2022-05-05,6,7
GREK,2022-05-17,5,7
GREK,2022-05-26,6,7
GREK,2022-05-27,3,7
GREK,2022-05-31,6,7
GREK,2022-06-01,6,7
GREK,2022-06-02,6,7
GREK,2022-06-03,5,7
GREK,2022-06-06,5,7
GREK,2022-06-07,4,7
GREK,2022-06-08,6,7
GREK,2022-06-09,6,7
GREK,2022-06-13,5,7
GREK,2022-06-15,6,7
GREK,2022-06-22,6,7
GREK,2022-06-23,6,7
GREK,2022-06-27,6,7
GREK,2022-07-01,6,7
GREK,2022-07-06,6,7
GREK,2022-07-13,6,7
GREK,2022-07-14,6,7
GREK,2022-07-15,6,7
GREK,2022-07-18,6,7
GREK,2022-07-19,6,7
GREK,2022-07-20,6,7
GREK,2022-07-21,5,7
GREK,2022-07-22,5,7
GREK,2022-07-25,6,7
GREK,2022-07-26,5,7
GREK,2022-07-27,4,7
GREK,2022-07-28,6,7
GREK,2022-07-29,6,7
GREK,2022-08-01,6,7
GREK,2022-08-03,6,7
GREK,2022-08-04,4,7
GREK,2022-08-05,6,7
GREK,2022-08-08,5,7
GREK,2022-08-09,4,7
GREK,2022-08-10,6,7
GREK,2022-08-12,6,7
GREK,2022-08-15,6,7
GREK,2022-08-16,5,7
GREK,2022-08-18,5,7
GREK,2022-08-19,5,7
GREK,2022-08-31,6,7
GREK,2022-09-06,6,7
GREK,2022-09-08,5,7
GREK,2022-09-09,6,7
GREK,2022-09-13,3,7
GREK,2022-09-14,5,7
GREK,2022-09-15,4,7
GREK,2022-09-16,6,7
GREK,2022-09-19,6,7
GREK,2022-09-20,4,7
GREK,2022-09-21,6,7
GREK,2022-09-26,6,7
GREK,2022-09-27,5,7
GREK,2022-09-28,5,7
GREK,2022-09-29,6,7
GREK,2022-09-30,3,7
GREK,2022-10-03,6,7
GREK,2022-10-04,6,7
GREK,2022-10-05,5,7
GREK,2022-10-06,6,7
GREK,2022-10-07,4,7
GREK,2022-10-12,5,7
GREK,2022-10-13,5,7
GREK,2022-10-14,6,7
GREK,2022-10-17,6,7
GREK,2022-10-18,6,7
GREK,2022-10-19,6,7
GREK,2022-10-20,6,7
GREK,2022-10-21,6,7
GREK,2022-10-24,4,7
GREK,2022-10-26,6,7
GREK,2022-10-27,4,7
GREK,2022-10-28,4,7
GREK,2022-10-31,6,7
GREK,2022-11-01,6,7
GREK,2022-11-03,5,7
GREK,2022-11-04,4,7
GREK,2022-11-07,5,7
GREK,2022-11-10,6,7
GREK,2022-11-16,5,7
GREK,2022-11-18,5,7
GREK,2022-11-21,6,7
GREK,2022-11-22,2,7
GREK,2022-11-23,5,7
GREK,2022-11-25,3,4
GREK,2022-11-29,6,7
GREK,2022-11-30,6,7
GREK,2022-12-01,5,7
GREK,2022-12-05,5,7
GREK,2022-12-12,5,7
GREK,2022-12-15,5,7
GREK,2022-12-16,6,7
GREK,2023-01-10,6,7
GREK,2023-01-11,6,7
GREK,2023-02-03,6,7
GREK,2023-02-06,5,7
GREK,2023-03-08,6,7
GREK,2023-03-09,6,7
GREK,2023-03-22,6,7
GREK,2023-03-29,4,7
GREK,2023-03-30,6,7
GREK,2023-04-18,6,7
GREK,2023-05-04,5,7
GREK,2023-05-10,6,7
GREK,2023-08-18,6,7
GREK,2023-08-22,5,7
GREK,2023-10-05,6,7
GREK,2023-11-07,6,7
GREK,2023-11-15,6,7
GREK,2023-11-16,6,7
GREK,2023-11-20,6,7
GREK,2023-11-27,5,7
GREK,2023-12-11,5,7
GREK,2024-01-02,6,7
GREK,2024-01-18,5,7
GREK,2024-01-26,5,7
GREK,2024-01-29,6,7
GREK,2024-02-08,6,7
GREK,2024-03-26,6,7
GREK,2024-04-01,6,7
GREK,2024-04-08,6,7
GREK,2024-04-18,6,7
GREK,2024-04-19,6,7
GREK,2024-04-25,6,7
GREK,2024-05-06,5,7
GREK,2024-05-09,6,7
GREK,2024-05-31,6,7
GREK,2024-06-05,6,7
GREK,2024-06-06,6,7
GREK,2024-06-07,6,7
GREK,2024-06-13,5,7
GREK,2024-06-18,5,7
GREK,2024-06-20,6,7
GREK,2024-06-25,5,7
GREK,2024-06-26,6,7
GREK,2024-07-01,6,7
GREK,2024-07-02,6,7
GREK,2024-07-05,6,7
GREK,2024-07-08,5,7
GREK,2024-07-09,5,7
GREK,2024-07-10,6,7
GREK,2024-07-12,5,7
GREK,2024-07-15,6,7
GREK,2024-07-16,6,7
GREK,2024-07-17,6,7
GREK,2024-07-18,6,7
GREK,2024-07-19,6,7
GREK,2024-07-23,5,7
GREK,2024-07-25,6,7
GREK,2024-07-26,6,7
GREK,2024-07-29,3,7
GREK,2024-07-30,5,7
GREK,2024-07-31,6,7
GREK,2024-08-06,6,7
GREK,2024-08-07,6,7
GREK,2024-08-08,6,7
GREK,2024-08-12,6,7
GREK,2024-08-13,6,7
GREK,2024-08-14,6,7
GREK,2024-08-15,6,7
GREK,2024-08-19,5,7
GREK,2024-08-20,5,7
GREK,2024-08-21,5,7
GREK,2024-08-22,4,7
GREK,2024-08-26,6,7
GREK,2024-08-27,6,7
GREK,2024-08-28,6,7
GREK,2024-08-29,6,7
GREK,2024-08-30,5,7
GREK,2024-09-04,5,7
GREK,2024-09-09,6,7
GREK,2024-09-10,4,7
GREK,2024-09-16,6,7
GREK,2024-09-17,6,7
GREK,2024-09-18,4,7
GREK,2024-09-19,4,7
GREK,2024-09-20,6,7
GREK,2024-09-25,5,7
GREK,2024-09-27,6,7
GREK,2024-10-01,5,7
GREK,2024-10-03,4,7
GREK,2024-10-07,6,7
GREK,2024-10-08,5,7
GREK,2024-10-11,5,7
GREK,2024-10-17,3,7
GREK,2024-10-18,6,7
GREK,2024-10-24,6,7
GREK,2024-10-28,5,7
GREK,2024-10-30,6,7
GREK,2024-10-31,6,7
GREK,2024-11-04,6,7
GREK,2024-11-11,6,7
GREK,2024-11-12,5,7
GREK,2024-11-21,4,7
GREK,2024-12-10,4,7
GREK,2024-12-13,6,7
GREK,2024-12-16,6,7
GREK,2024-12-18,6,7
GREK,2024-12-19,6,7
GREK,2024-12-24,3,4
GREK,2024-12-26,6,7
GREK,2025-01-10,6,7
GREK,2025-01-16,6,7
GREK,2025-01-17,4,7
GREK,2025-01-27,6,7
GREK,2025-01-28,6,7
GREK,2025-02-05,6,7
GREK,2025-02-06,6,7
GREK,2025-02-11,6,7
GREK,2025-02-18,6,7
GREK,2025-02-19,6,7
GREK,2025-02-20,6,7
GREK,2025-02-21,5,7
GREK,2025-05-09,6,7
GREK,2026-05-04,6,7
GREK,2026-06-26,5,7
GREK,2026-07-23,6,7
GREK,2026-08-12,6,7
GREK,2026-09-16,6,7
GRMN,2018-05-02,1,7
GRMN,2018-05-03,1,7
GRMN,2022-03-08,1,7
GS,2021-04-19,1,7
GS,2021-10-25,1,7
GS,2022-03-08,1,7
GSG,2016-04-26,6,7
GT,2018-05-02,1,7
GT,2018-05-03,1,7
GWW,2020-03-12,6,7
GWW,2021-04-19,1,7
GWW,2021-10-25,1,7
GWW,2022-03-08,1,7
HAL,2021-04-19,1,7
HAL,2021-10-25,1,7
HAL,2022-03-08,1,7
HAS,2018-05-02,1,7
HAS,2018-05-03,1,7
HBAN,2018-05-02,1,7
HBAN,2018-05-03,1,7
HBI,2021-04-19,1,7
HBI,2021-10-25,1,7
HBI,2022-03-08,1,7
HCA,2021-04-19,1,7
HCA,2021-10-25,1,7
HCA,2022-03-08,1,7
HD,2021-04-19,1,7
HD,2021-10-25,1,7
HD,2022-03-08,1,7
HES,2021-04-19,1,7
HES,2021-10-25,1,7
HES,2022-03-08,1,7
HIG,2021-04-19,1,7
HIG,2021-10-25,1,7
HIG,2022-03-08,1,7
HII,2020-03-12,6,7
HII,2021-04-19,1,7
HII,2021-10-25,1,7
HII,2022-03-08,1,7
HLT,2021-04-19,1,7
HLT,2021-10-25,1,7
HLT,2022-03-08,1,7
HOG,2021-04-19,1,7
HOG,2021-10-25,1,7
HOG,2022-03-08,1,7
HOLX,2018-05-02,1,7
HOLX,2018-05-03,1,7
HON,2021-04-19,1,7
HONA,2026-06-15,1,7
HONA,2026-06-16,6,7
HONA,2026-06-18,4,7
HOOD,2021-07-29,4,7
HP,2021-04-19,1,7
HP,2021-10-25,1,7
HP,2022-03-08,1,7
HPE,2021-04-19,1,7
HPE,2021-10-25,1,7
HPE,2022-03-08,1,7
HPQ,2021-04-19,1,7
HPQ,2021-10-25,1,7
HPQ,2022-03-08,1,7
HRB,2021-04-19,1,7
HRB,2021-10-25,1,7
HRB,2022-03-08,1,7
HRL,2021-04-19,1,7
HRL,2021-10-25,1,7
HSIC,2018-05-02,1,7
HSIC,2018-05-03,1,7
HSY,2016-06-30,6,7
HSY,2021-04-19,1,7
HSY,2021-10-25,1,7
HSY,2022-03-08,1,7
HUBB,2020-03-09,6,7
HUBB,2021-04-19,1,7
HUBB,2021-10-25,1,7
HUBB,2022-03-08,1,7
HUM,2021-04-19,1,7
HUM,2021-10-25,1,7
HUM,2022-03-08,1,7
HWM,2021-04-19,1,7
HWM,2021-10-25,1,7
HWM,2022-03-08,1,7
IBB,2018-05-02,1,7
IBB,2018-05-03,1,7
IBKR,2018-05-02,1,7
IBKR,2018-05-03,1,7
IBM,2021-04-19,1,7
IBM,2021-10-25,1,7
IBM,2022-03-08,1,7
ICE,2021-04-19,1,7
ICE,2021-10-25,1,7
ICE,2022-03-08,1,7
ICLN,2016-01-06,6,7
ICLN,2016-01-13,6,7
ICLN,2016-02-25,6,7
ICLN,2016-03-02,5,7
ICLN,2016-03-09,6,7
ICLN,2016-03-22,5,7
ICLN,2016-03-29,6,7
ICLN,2016-04-12,6,7
ICLN,2016-04-20,6,7
ICLN,2016-04-29,6,7
ICLN,2016-05-11,6,7
ICLN,2016-05-25,6,7
ICLN,2016-06-03,5,7
ICLN,2016-06-09,6,7
ICLN,2016-06-17,6,7
ICLN,2016-06-30,6,7
ICLN,2016-07-07,6,7
ICLN,2016-07-14,6,7
ICLN,2016-07-18,5,7
ICLN,2016-07-19,6,7
ICLN,2016-07-21,4,7
ICLN,2016-07-25,6,7
ICLN,2016-07-29,6,7
ICLN,2016-08-12,6,7
ICLN,2016-08-17,5,7
ICLN,2016-08-18,6,7
ICLN,2016-09-15,6,7
ICLN,2016-09-16,6,7
ICLN,2016-09-20,6,7
ICLN,2016-09-28,6,7
ICLN,2016-09-30,6,7
ICLN,2016-10-05,6,7
ICLN,2016-10-14,5,7
ICLN,2016-10-20,5,7
ICLN,2016-10-28,6,7
ICLN,2016-10-31,6,7
ICLN,2016-12-23,6,7
ICLN,2017-01-18,6,7
ICLN,2017-01-20,6,7
ICLN,2017-01-27,6,7
ICLN,2017-02-01,6,7
ICLN,2017-02-06,6,7
ICLN,2017-02-14,6,7
ICLN,2017-03-07,6,7
ICLN,2017-03-24,6,7
ICLN,2017-04-06,6,7
ICLN,2017-04-10,6,7
ICLN,2017-05-25,6,7
ICLN,2017-06-26,6,7
ICLN,2017-07-05,6,7
ICLN,2017-07-28,6,7
ICLN,2017-09-07,6,7
ICLN,2018-05-02,1,7
ICLN,2018-05-03,1,7
IDXX,2018-05-02,1,7
IDXX,2018-05-03,1,7
IEX,2021-04-19,1,7
IEX,2021-10-25,1,7
IEX,2022-03-08,1,7
IFF,2021-04-19,1,7
IFF,2021-10-25,1,7
IFF,2022-03-08,1,7
ILMN,2018-05-02,1,7
ILMN,2018-05-03,1,7
INCY,2018-05-02,1,7
INCY,2018-05-03,1,7
INFO,2018-05-02,1,7
INFO,2018-05-03,1,7
INFO,2021-04-19,1,7
INFO,2021-10-25,1,7
INFO,2024-10-10,5,7
INFO,2024-10-11,2,7
INFO,2024-10-14,2,7
INFO,2024-10-15,4,7
INFO,2024-10-16,4,7
INFO,2024-10-17,2,7
INFO,2024-10-29,3,7
INFO,2024-10-30,1,7
INFO,2024-11-01,3,7
INFO,2024-11-04,3,7
INFO,2024-11-05,3,7
INFO,2024-11-06,5,7
INFO,2024-11-07,2,7
INFO,2024-11-08,3,7
INFO,2024-11-11,2,7
INFO,2024-11-13,2,7
INFO,2024-11-19,3,7
INFO,2024-11-20,2,7
INFO,2024-11-21,2,7
INFO,2024-11-25,6,7
INFO,2024-11-26,1,7
INFO,2024-11-27,2,7
INFO,2024-12-02,2,7
INFO,2024-12-10,1,7
INFO,2024-12-16,1,7
INFO,2024-12-17,1,7
INFO,2024-12-18,1,7
INFO,2024-12-19,2,7
INFO,2024-12-20,1,7
INFO,2024-12-23,1,7
INFO,2024-12-24,2,4
INFO,2024-12-26,1,7
INFO,2024-12-27,3,7
INFO,2024-12-31,2,7
INFO,2025-01-02,1,7
INFO,2025-01-03,1,7
INFO,2025-01-07,1,7
INFO,2025-01-08,3,7
INFO,2025-01-10,3,7
INFO,2025-01-13,2,7
INFO,2025-01-14,5,7
INFO,2025-01-15,4,7
INFO,2025-01-16,3,7
INFO,2025-01-17,1,7
INFO,2025-01-21,1,7
INFO,2025-01-22,4,7
INFO,2025-01-23,3,7
INFO,2025-01-24,1,7
INFO,2025-01-27,1,7
INFO,2025-01-28,2,7
INFO,2025-01-29,1,7
INFO,2025-01-30,1,7
INFO,2025-01-31,1,7
INFO,2025-02-03,1,7
INFO,2025-02-04,4,7
INFO,2025-02-05,3,7
INFO,2025-02-06,3,7
INFO,2025-02-07,1,7
INFO,2025-02-11,1,7
INFO,2025-02-12,2,7
INFO,2025-02-13,1,7
INFO,2025-02-14,2,7
INFO,2025-02-18,2,7
INFO,2025-02-19,2,7
INFO,2025-02-20,2,7
INFO,2025-02-21,1,7
INFO,2025-02-24,1,7
INFO,2025-02-25,2,7
INFO,2025-02-26,1,7
INFO,2025-02-27,2,7
INFO,2025-02-28,3,7
INFO,2025-03-04,1,7
INFO,2025-03-05,5,7
INFO,2025-03-06,2,7
INFO,2025-03-10,4,7
INFO,2025-03-11,2,7
INFO,2025-03-12,2,7
INFO,2025-03-13,3,7
INFO,2025-03-14,4,7
INFO,2025-03-17,5,7
INFO,2025-03-18,2,7
INFO,2025-03-19,3,7
INFO,2025-03-20,5,7
INFO,2025-03-21,1,7
INFO,2025-03-24,2,7
INFO,2025-03-25,4,7
INFO,2025-03-26,2,7
INFO,2025-03-27,2,7
INFO,2025-03-28,4,7
INFO,2025-03-31,4,7
INFO,2025-04-01,1,7
INFO,2025-04-02,1,7
INFO,2025-04-03,4,7
INFO,2025-04-04,4,7
INFO,2025-04-07,3,7
INFO,2025-04-08,3,7
INFO,2025-04-09,4,7
INFO,2025-04-10,3,7
INFO,2025-04-11,3,7
INFO,2025-04-14,2,7
INFO,2025-04-15,3,7
INFO,2025-04-16,4,7
INFO,2025-04-17,4,7
INFO,2025-04-21,4,7
INFO,2025-04-22,2,7
INFO,2025-04-23,1,7
INFO,2025-04-24,1,7
INFO,2025-04-25,3,7
INFO,2025-04-28,2,7
INFO,2025-04-29,2,7
INFO,2025-04-30,3,7
INFO,2025-05-02,3,7
INFO,2025-05-05,2,7
INFO,2025-05-06,3,7
INFO,2025-05-07,5,7
INFO,2025-05-08,1,7
INFO,2025-05-09,1,7
INFO,2025-05-12,2,7
INFO,2025-05-13,5,7
INFO,2025-05-14,2,7
INFO,2025-05-15,3,7
INFO,2025-05-16,2,7
INFO,2025-05-19,4,7
INFO,2025-05-20,4,7
INFO,2025-05-21,4,7
INFO,2025-05-22,5,7
INFO,2025-05-23,3,7
INFO,2025-05-27,3,7
INFO,2025-05-28,2,7
INFO,2025-05-29,4,7
INFO,2025-05-30,2,7
INFO,2025-06-02,3,7
INFO,2025-06-03,1,7
INFO,2025-06-04,3,7
INFO,2025-06-05,5,7
INFO,2025-06-06,1,7
INFO,2025-06-09,2,7
INFO,2025-06-10,4,7
INFO,2025-06-11,5,7
INFO,2025-06-12,2,7
INFO,2025-06-13,1,7
INFO,2025-06-17,4,7
INFO,2025-06-18,2,7
INFO,2025-06-20,3,7
INFO,2025-06-23,4,7
INFO,2025-06-25,1,7
INFO,2025-06-26,1,7
INFO,2025-06-27,2,7
INFO,2025-06-30,2,7
INFO,2025-07-01,2,7
INFO,2025-07-02,1,7
INFO,2025-07-03,1,4
INFO,2025-07-07,2,7
INFO,2025-07-08,2,7
INFO,2025-07-09,3,7
INFO,2025-07-10,3,7
INFO,2025-07-14,4,7
INFO,2025-07-16,5,7
INFO,2025-07-17,4,7
INFO,2025-07-18,1,7
INFO,2025-07-21,3,7
INFO,2025-07-22,4,7
INFO,2025-07-23,1,7
INFO,2025-07-24,1,7
INFO,2025-07-25,1,7
INFO,2025-07-28,3,7
INFO,2025-07-29,3,7
INFO,2025-07-30,6,7
INFO,2025-07-31,3,7
INFO,2025-08-01,3,7
INFO,2025-08-04,5,7
INFO,2025-08-05,4,7
INFO,2025-08-06,4,7
INFO,2025-08-07,2,7
INFO,2025-08-08,1,7
INFO,2025-08-11,4,7
INFO,2025-08-12,2,7
INFO,2025-08-13,4,7
INFO,2025-08-14,2,7
INFO,2025-08-15,4,7
INFO,2025-08-18,5,7
INFO,2025-08-19,1,7
INFO,2025-08-20,1,7
INFO,2025-08-21,3,7
INFO,2025-08-22,5,7
INFO,2025-08-25,3,7
INFO,2025-08-26,2,7
INFO,2025-08-27,4,7
INFO,2025-08-28,4,7
INFO,2025-08-29,2,7
INFO,2025-09-02,6,7
INFO,2025-09-03,3,7
INFO,2025-09-04,3,7
INFO,2025-09-05,2,7
INFO,2025-09-08,3,7
INFO,2025-09-09,4,7
INFO,2025-09-10,3,7
INFO,2025-09-11,5,7
INFO,2025-09-12,1,7
INFO,2025-09-15,3,7
INFO,2025-09-16,2,7
INFO,2025-09-17,2,7
INFO,2025-09-18,4,7
INFO,2025-09-19,6,7
INFO,2025-09-22,1,7
INFO,2025-09-23,5,7
INFO,2025-09-24,2,7
INFO,2025-09-25,2,7
INFO,2025-09-26,1,7
INFO,2025-09-29,3,7
INFO,2025-09-30,3,7
INFO,2025-10-01,2,7
INFO,2025-10-02,2,7
INFO,2025-10-03,4,7
INFO,2025-10-06,2,7
INFO,2025-10-07,4,7
INFO,2025-10-08,3,7
INFO,2025-10-09,4,7
INFO,2025-10-10,3,7
INFO,2025-10-13,2,7
INFO,2025-10-14,4,7
INFO,2025-10-15,5,7
INFO,2025-10-16,3,7
INFO,2025-10-17,2,7
INFO,2025-10-20,5,7
INFO,2025-10-21,2,7
INFO,2025-10-22,2,7
INFO,2025-10-23,3,7
INFO,2025-10-24,5,7
INFO,2025-10-27,6,7
INFO,2025-10-28,4,7
INFO,2025-10-29,4,7
INFO,2025-10-30,4,7
INFO,2025-10-31,2,7
INFO,2025-11-03,4,7
INFO,2025-11-04,5,7
INFO,2025-11-05,3,7
INFO,2025-11-06,4,7
INFO,2025-11-07,5,7
INFO,2025-11-10,5,7
INFO,2025-11-11,2,7
INFO,2025-11-12,2,7
INFO,2025-11-13,3,7
INFO,2025-11-14,6,7
INFO,2025-11-17,3,7
INFO,2025-11-19,5,7
INFO,2025-11-20,5,7
INFO,2025-11-21,3,7
INFO,2025-11-24,1,7
INFO,2025-11-25,6,7
INFO,2025-11-26,5,7
INFO,2025-11-28,2,4
INFO,2025-12-01,4,7
INFO,2025-12-02,5,7
INFO,2025-12-03,5,7
INFO,2025-12-04,5,7
INFO,2025-12-05,3,7
INFO,2025-12-08,5,7
INFO,2025-12-09,2,7
INFO,2025-12-10,2,7
INFO,2025-12-11,4,7
INFO,2025-12-12,3,7
INFO,2025-12-15,6,7
INFO,2025-12-16,6,7
INFO,2025-12-17,5,7
INFO,2025-12-18,5,7
INFO,2025-12-19,3,7
INFO,2025-12-22,4,7
INFO,2025-12-23,2,7
INFO,2025-12-24,1,4
INFO,2025-12-26,3,7
INFO,2025-12-29,3,7
INFO,2025-12-30,4,7
INFO,2025-12-31,6,7
INFO,2026-01-02,6,7
INFO,2026-01-05,5,7
INFO,2026-01-06,4,7
INFO,2026-01-07,4,7
INFO,2026-01-09,3,7
INFO,2026-01-12,2,7
INFO,2026-01-13,6,7
INFO,2026-01-15,3,7
INFO,2026-01-16,5,7
INFO,2026-01-20,6,7
INFO,2026-01-21,6,7
INFO,2026-01-22,6,7
INFO,2026-01-26,4,7
INFO,2026-01-27,5,7
INFO,2026-01-28,5,7
INFO,2026-01-29,5,7
INFO,2026-01-30,3,7
INFO,2026-02-02,4,7
INFO,2026-02-04,5,7
INFO,2026-02-05,5,7
INFO,2026-02-06,3,7
INFO,2026-02-09,3,7
INFO,2026-02-10,6,7
INFO,2026-02-11,6,7
INFO,2026-02-12,4,7
INFO,2026-02-13,3,7
INFO,2026-02-17,5,7
INFO,2026-02-18,2,7
INFO,2026-02-19,5,7
INFO,2026-02-20,6,7
INFO,2026-02-23,4,7
INFO,2026-02-24,2,7
INFO,2026-02-25,3,7
INFO,2026-02-26,3,7
INFO,2026-02-27,5,7
INFO,2026-03-02,5,7
INFO,2026-03-03,5,7
INFO,2026-03-04,6,7
INFO,2026-03-05,5,7
INFO,2026-03-06,4,7
INFO,2026-03-09,6,7
INFO,2026-03-10,4,7
INFO,2026-03-11,2,7
INFO,2026-03-12,5,7
INFO,2026-03-13,5,7
INFO,2026-03-16,5,7
INFO,2026-03-17,4,7
INFO,2026-03-18,5,7
INFO,2026-03-20,4,7
INFO,2026-03-23,6,7
INFO,2026-03-26,5,7
INFO,2026-03-27,5,7
INFO,2026-03-31,6,7
INFO,2026-04-01,6,7
INFO,2026-04-02,4,7
INFO,2026-04-06,3,7
INFO,2026-04-07,5,7
INFO,2026-04-08,4,7
INFO,2026-04-09,4,7
INFO,2026-04-10,6,7
INFO,2026-04-13,5,7
INFO,2026-04-14,4,7
INFO,2026-04-16,6,7
INFO,2026-04-20,6,7
INFO,2026-04-21,6,7
INFO,2026-04-22,6,7
INFO,2026-04-23,6,7
INFO,2026-04-24,6,7
INFO,2026-04-27,4,7
INFO,2026-04-28,4,7
INFO,2026-04-29,5,7
INFO,2026-05-01,4,7
INFO,2026-05-04,4,7
INFO,2026-05-05,3,7
INFO,2026-05-06,3,7
INFO,2026-05-07,5,7
INFO,2026-05-08,6,7
INFO,2026-05-11,6,7
INFO,2026-05-12,4,7
INFO,2026-05-13,4,7
INFO,2026-05-14,3,7
INFO,2026-05-18,5,7
INFO,2026-05-19,4,7
INFO,2026-05-20,4,7
INFO,2026-05-22,5,7
INFO,2026-05-26,6,7
INFO,2026-05-28,6,7
INFO,2026-05-29,6,7
INFO,2026-06-01,6,7
INFO,2026-06-02,5,7
INFO,2026-06-03,6,7
INFO,2026-06-04,6,7
INFO,2026-06-08,6,7
INFO,2026-06-09,6,7
INFO,2026-06-10,6,7
INFO,2026-06-11,6,7
INFO,2026-06-15,5,7
INFO,2026-06-17,5,7
INFO,2026-06-22,6,7
INFO,2026-06-24,5,7
INFO,2026-06-25,5,7
INFO,2026-06-26,5,7
INFO,2026-06-30,3,7
INFO,2026-07-01,3,7
INFO,2026-07-02,3,7
INFO,2026-07-06,3,7
INFO,2026-07-07,4,7
INFO,2026-07-08,5,7
INFO,2026-07-09,4,7
INFO,2026-07-10,6,7
INFO,2026-07-13,5,7
INFO,2026-07-14,4,7
INFO,2026-07-15,6,7
INFO,2026-07-16,5,7
INFO,2026-07-17,5,7
INFO,2026-07-20,5,7
INFO,2026-07-21,2,7
INFO,2026-07-22,6,7
INFO,2026-07-23,6,7
INFO,2026-07-24,6,7
INFO,2026-07-28,6,7
INFO,2026-07-30,6,7
INFO,2026-07-31,6,7
INFO,2026-08-03,5,7
INFO,2026-08-04,5,7
INFO,2026-08-05,6,7
INFO,2026-08-06,4,7
INFO,2026-08-07,5,7
INFO,2026-08-10,5,7
INFO,2026-08-11,6,7
INFO,2026-08-12,4,7
INFO,2026-08-13,6,7
INFO,2026-08-18,5,7
INFO,2026-08-19,6,7
INFO,2026-08-20,6,7
INFO,2026-08-21,6,7
INFO,2026-08-24,5,7
INFO,2026-08-26,5,7
INFO,2026-08-28,6,7
INFO,2026-08-31,6,7
INFO,2026-09-01,6,7
INFO,2026-09-02,4,7
INFO,2026-09-03,4,7
INFO,2026-09-04,6,7
INFO,2026-09-08,6,7
INFO,2026-09-09,6,7
INFO,2026-09-10,5,7
INFO,2026-09-16,4,7
INFO,2026-09-17,5,7
INFO,2026-09-18,4,7
INTC,2018-05-02,1,7
INTC,2018-05-03,1,7
INTU,2018-05-02,1,7
INTU,2018-05-03,1,7
INVH,2021-04-19,1,7
INVH,2021-10-25,1,7
INVH,2022-03-08,1,7
IP,2021-04-19,1,7
IP,2021-10-25,1,7
IPG,2021-04-19,1,7
IPG,2021-10-25,1,7
IPG,2022-03-08,1,7
IPGP,2018-05-02,1,7
IPGP,2018-05-03,1,7
IQV,2018-05-16,6,7
IQV,2021-04-19,1,7
IQV,2021-10-25,1,7
IR,2017-05-12,6,7
IR,2021-04-19,1,7
IR,2021-10-25,1,7
IR,2022-03-08,1,7
IRM,2021-04-19,1,7
IRM,2021-10-25,1,7
ISRG,2018-05-02,1,7
ISRG,2018-05-03,1,7
IT,2021-04-19,1,7
IT,2021-10-25,1,7
IT,2022-03-08,1,7
ITW,2021-04-19,1,7
ITW,2021-10-25,1,7
IVZ,2021-04-19,1,7
IVZ,2021-10-25,1,7
IVZ,2022-03-08,1,7
J,2021-04-19,1,7
J,2021-10-25,1,7
JBHT,2018-05-02,1,7
JBHT,2018-05-03,1,7
JBL,2021-04-19,1,7
JBL,2021-10-25,1,7
JCI,2021-04-19,1,7
JCI,2021-10-25,1,7
JEF,2021-04-19,1,7
JEF,2021-10-25,1,7
JETS,2016-03-24,6,7
JETS,2016-04-05,6,7
JETS,2016-04-06,6,7
JETS,2016-04-08,6,7
JETS,2016-05-02,5,7
JETS,2016-05-05,6,7
JETS,2016-05-09,6,7
JETS,2016-05-16,6,7
JETS,2016-05-23,6,7
JETS,2016-05-25,6,7
JETS,2016-06-01,6,7
JETS,2016-06-03,6,7
JETS,2016-06-08,5,7
JETS,2016-06-17,6,7
JETS,2016-07-18,6,7
JETS,2016-07-28,5,7
JETS,2016-08-19,3,7
JETS,2016-08-23,6,7
JETS,2016-08-24,6,7
JETS,2016-08-26,6,7
JETS,2016-08-29,6,7
JETS,2016-08-31,6,7
JETS,2016-09-01,6,7
JETS,2016-09-06,6,7
JETS,2016-09-19,5,7
JETS,2016-09-26,6,7
JETS,2016-09-27,6,7
JETS,2016-09-28,6,7
JETS,2016-09-29,6,7
JETS,2016-10-05,6,7
JETS,2016-10-06,6,7
JETS,2016-10-07,6,7
JETS,2016-10-17,5,7
JETS,2016-10-27,6,7
JETS,2016-10-28,6,7
JETS,2016-10-31,6,7
JETS,2016-11-01,6,7
JETS,2016-11-04,6,7
JETS,2017-01-13,6,7
JETS,2017-01-20,6,7
JETS,2017-02-24,6,7
JETS,2017-03-31,6,7
JETS,2017-04-07,6,7
JETS,2017-04-18,6,7
JETS,2017-04-21,5,7
JETS,2017-05-22,6,7
JETS,2017-05-26,6,7
JETS,2017-06-08,6,7
JETS,2017-08-28,6,7
JETS,2017-11-24,3,4
JETS,2017-12-12,6,7
JETS,2017-12-19,6,7
JETS,2017-12-22,6,7
JETS,2017-12-28,6,7
JETS,2018-01-08,6,7
JETS,2018-02-13,6,7
JETS,2018-02-14,6,7
JETS,2018-02-22,5,7
JETS,2018-02-28,6,7
JETS,2018-03-01,6,7
JETS,2018-03-02,6,7
JETS,2018-03-14,6,7
JETS,2018-03-27,5,7
JETS,2018-03-28,6,7
JETS,2018-04-04,6,7
JETS,2018-04-05,6,7
JETS,2018-04-06,6,7
JETS,2018-04-09,6,7
JETS,2018-04-12,6,7
JETS,2018-04-13,5,7
JETS,2018-04-20,5,7
JETS,2018-05-02,6,7
JETS,2018-05-04,6,7
JETS,2018-05-16,6,7
JETS,2018-05-22,5,7
JETS,2018-05-23,6,7
JETS,2018-05-30,6,7
JETS,2018-05-31,6,7
JETS,2018-06-01,6,7
JETS,2018-06-06,6,7
JETS,2018-06-07,5,7
JETS,2018-06-19,6,7
JETS,2018-06-21,6,7
JETS,2018-07-03,3,4
JETS,2018-07-06,6,7
JETS,2018-07-13,6,7
JETS,2018-07-19,4,7
JETS,2018-07-20,6,7
JETS,2018-07-23,6,7
JETS,2018-07-25,6,7
JETS,2018-07-27,6,7
JETS,2018-07-31,6,7
JETS,2018-08-02,6,7
JETS,2018-08-03,5,7
JETS,2018-08-06,5,7
JETS,2018-08-07,6,7
JETS,2018-08-09,6,7
JETS,2018-08-14,5,7
JETS,2018-08-15,6,7
JETS,2018-08-16,5,7
JETS,2018-08-17,5,7
JETS,2018-08-21,6,7
JETS,2018-08-28,6,7
JETS,2018-08-30,6,7
JETS,2018-08-31,6,7
JETS,2018-09-05,5,7
JETS,2018-09-10,5,7
JETS,2018-09-11,6,7
JETS,2018-09-12,6,7
JETS,2018-09-14,5,7
JETS,2018-09-18,6,7
JETS,2018-09-26,6,7
JETS,2018-10-02,5,7
JETS,2018-10-08,6,7
JETS,2018-10-15,6,7
JETS,2018-10-22,6,7
JETS,2018-10-26,6,7
JETS,2018-10-31,6,7
JETS,2018-11-02,4,7
JETS,2018-11-05,6,7
JETS,2018-11-06,6,7
JETS,2018-11-08,6,7
JETS,2018-11-14,6,7
JETS,2018-11-15,6,7
JETS,2018-11-16,6,7
JETS,2018-11-19,5,7
JETS,2018-11-26,6,7
JETS,2018-12-04,6,7
JETS,2018-12-18,6,7
JETS,2019-01-10,6,7
JETS,2019-01-17,6,7
JETS,2019-01-18,6,7
JETS,2019-01-28,6,7
JETS,2019-02-06,6,7
JETS,2019-02-07,6,7
JETS,2019-02-08,5,7
JETS,2019-02-11,6,7
JETS,2019-02-14,6,7
JETS,2019-02-19,6,7
JETS,2019-02-22,6,7
JETS,2019-02-26,5,7
JETS,2019-03-14,6,7
JETS,2019-03-15,6,7
JETS,2019-03-18,5,7
JETS,2019-03-22,6,7
JETS,2019-04-08,6,7
JETS,2019-04-10,6,7
JETS,2019-04-11,6,7
JETS,2019-04-15,6,7
JETS,2019-04-18,6,7
JETS,2019-04-24,6,7
JETS,2019-04-26,6,7
JETS,2019-04-30,6,7
JETS,2019-05-01,6,7
JETS,2019-05-03,4,7
JETS,2019-05-06,6,7
JETS,2019-05-07,6,7
JETS,2019-05-10,5,7
JETS,2019-05-13,6,7
JETS,2019-05-15,5,7
JETS,2019-05-17,3,7
JETS,2019-05-23,6,7
JETS,2019-05-24,4,7
JETS,2019-05-28,5,7
JETS,2019-05-30,6,7
JETS,2019-06-06,5,7
JETS,2019-06-10,6,7
JETS,2019-06-11,5,7
JETS,2019-06-14,4,7
JETS,2019-06-18,6,7
JETS,2019-06-27,6,7
JETS,2019-07-01,6,7
JETS,2019-07-05,6,7
JETS,2019-07-08,6,7
JETS,2019-07-09,5,7
JETS,2019-07-19,5,7
JETS,2019-07-22,5,7
JETS,2019-07-24,5,7
JETS,2019-07-25,6,7
JETS,2019-07-26,5,7
JETS,2019-07-29,4,7
JETS,2019-07-30,6,7
JETS,2019-07-31,5,7
JETS,2019-08-02,6,7
JETS,2019-08-06,6,7
JETS,2019-08-07,6,7
JETS,2019-09-03,6,7
JETS,2019-09-04,6,7
JETS,2019-09-06,5,7
JETS,2019-09-09,6,7
JETS,2019-09-11,6,7
JETS,2019-09-17,6,7
JETS,2019-09-19,5,7
JETS,2019-09-25,6,7
JETS,2019-09-26,6,7
JETS,2019-09-27,4,7
JETS,2019-09-30,4,7
JETS,2019-10-01,6,7
JETS,2019-10-04,6,7
JETS,2019-10-08,5,7
JETS,2019-10-10,6,7
JETS,2019-10-14,5,7
JETS,2019-10-15,6,7
JETS,2019-10-17,4,7
JETS,2019-10-18,5,7
JETS,2019-10-21,6,7
JETS,2019-10-22,4,7
JETS,2019-10-23,6,7
JETS,2019-10-24,5,7
JETS,2019-10-25,6,7
JETS,2019-10-28,6,7
JETS,2019-10-31,6,7
JETS,2019-11-01,6,7
JETS,2019-11-04,6,7
JETS,2019-11-05,6,7
JETS,2019-11-06,6,7
JETS,2019-11-08,4,7
JETS,2019-11-11,6,7
JETS,2019-11-15,6,7
JETS,2019-11-18,5,7
JETS,2019-11-19,5,7
JETS,2019-11-20,6,7
JETS,2019-11-21,6,7
JETS,2019-11-25,5,7
JETS,2019-11-26,6,7
JETS,2019-11-27,5,7
JETS,2019-12-03,6,7
JETS,2019-12-04,5,7
JETS,2019-12-05,4,7
JETS,2019-12-06,4,7
JETS,2019-12-17,4,7
JETS,2019-12-18,6,7
JETS,2019-12-19,4,7
JETS,2019-12-20,6,7
JETS,2019-12-23,6,7
JETS,2019-12-24,2,4
JETS,2019-12-27,6,7
JETS,2019-12-30,6,7
JETS,2019-12-31,5,7
JETS,2020-01-02,6,7
JETS,2020-01-10,5,7
JETS,2020-01-13,6,7
JETS,2020-01-15,6,7
JETS,2020-01-16,6,7
JETS,2020-02-11,5,7
JETS,2020-02-19,6,7
JETS,2020-02-20,5,7
JETS,2020-02-21,6,7
JKHY,2018-05-02,1,7
JKHY,2018-05-03,1,7
JNJ,2021-04-19,1,7
JNJ,2021-10-25,1,7
JNPR,2021-04-19,1,7
JNPR,2021-10-25,1,7
JNPR,2022-03-08,1,7
JPM,2021-04-19,1,7
JPM,2021-10-25,1,7
JPM,2022-03-08,1,7
JWN,2021-04-19,1,7
JWN,2021-10-25,1,7
JWN,2022-03-08,1,7
K,2018-03-26,1,7
K,2021-04-19,1,7
K,2022-01-24,2,7
KEY,2021-04-19,1,7
KEY,2022-01-24,2,7
KEY,2022-03-08,1,7
KEYS,2021-04-19,1,7
KEYS,2022-01-24,2,7
KEYS,2022-03-08,1,7
KHC,2018-05-02,1,7
KHC,2018-05-03,1,7
KIM,2021-04-19,1,7
KIM,2022-01-24,2,7
KIM,2022-03-08,1,7
KKR,2021-04-19,1,7
KKR,2022-01-24,2,7
KKR,2022-03-08,1,7
KLAC,2018-05-02,1,7
KLAC,2018-05-03,1,7
KMB,2021-04-19,1,7
KMB,2022-01-24,2,7
KMB,2022-03-08,1,7
KMI,2021-04-19,1,7
KMI,2022-01-24,2,7
KMX,2021-04-19,1,7
KMX,2022-01-24,2,7
KMX,2022-03-08,1,7
KO,2021-04-19,1,7
KO,2022-01-24,2,7
KR,2021-04-19,1,7
KR,2022-01-24,2,7
KR,2022-03-08,1,7
KSA,2016-01-04,1,7
KSA,2016-01-06,3,7
KSA,2016-01-07,2,7
KSA,2016-01-11,2,7
KSA,2016-01-12,3,7
KSA,2016-01-13,2,7
KSA,2016-01-15,3,7
KSA,2016-01-19,5,7
KSA,2016-01-20,2,7
KSA,2016-01-21,4,7
KSA,2016-01-22,1,7
KSA,2016-01-25,3,7
KSA,2016-01-26,1,7
KSA,2016-01-27,1,7
KSA,2016-01-28,5,7
KSA,2016-02-02,2,7
KSA,2016-02-03,2,7
KSA,2016-02-08,1,7
KSA,2016-02-09,1,7
KSA,2016-02-12,2,7
KSA,2016-02-19,1,7
KSA,2016-02-22,1,7
KSA,2016-02-23,1,7
KSA,2016-03-01,2,7
KSA,2016-03-08,1,7
KSA,2016-03-10,1,7
KSA,2016-03-14,1,7
KSA,2016-03-24,1,7
KSA,2016-04-01,1,7
KSA,2016-04-06,1,7
KSA,2016-04-11,1,7
KSA,2016-04-12,4,7
KSA,2016-04-13,1,7
KSA,2016-04-14,3,7
KSA,2016-04-18,1,7
KSA,2016-04-19,4,7
KSA,2016-04-20,3,7
KSA,2016-04-25,4,7
KSA,2016-04-26,2,7
KSA,2016-04-27,5,7
KSA,2016-04-28,3,7
KSA,2016-04-29,3,7
KSA,2016-05-02,3,7
KSA,2016-05-03,1,7
KSA,2016-05-05,1,7
KSA,2016-05-09,1,7
KSA,2016-05-10,5,7
KSA,2016-05-11,1,7
KSA,2016-05-12,3,7
KSA,2016-05-13,1,7
KSA,2016-05-16,3,7
KSA,2016-05-17,1,7
KSA,2016-05-18,4,7
KSA,2016-05-19,2,7
KSA,2016-05-20,2,7
KSA,2016-05-24,4,7
KSA,2016-05-25,2,7
KSA,2016-05-27,1,7
KSA,2016-05-31,2,7
KSA,2016-06-01,2,7
KSA,2016-06-02,3,7
KSA,2016-06-03,2,7
KSA,2016-06-08,1,7
KSA,2016-06-09,1,7
KSA,2016-06-13,3,7
KSA,2016-06-14,2,7
KSA,2016-06-16,1,7
KSA,2016-06-17,2,7
KSA,2016-06-20,1,7
KSA,2016-06-21,2,7
KSA,2016-06-27,1,7
KSA,2016-06-28,2,7
KSA,2016-06-29,5,7
KSA,2016-06-30,6,7
KSA,2016-07-01,6,7
KSA,2016-07-05,5,7
KSA,2016-07-06,3,7
KSA,2016-07-07,6,7
KSA,2016-07-11,2,7
KSA,2016-07-12,2,7
KSA,2016-07-13,3,7
KSA,2016-07-15,4,7
KSA,2016-07-18,2,7
KSA,2016-07-19,4,7
KSA,2016-07-21,2,7
KSA,2016-07-22,1,7
KSA,2016-07-25,2,7
KSA,2016-07-27,2,7
KSA,2016-07-28,3,7
KSA,2016-08-01,3,7
KSA,2016-08-02,2,7
KSA,2016-08-03,2,7
KSA,2016-08-04,2,7
KSA,2016-08-05,1,7
KSA,2016-08-08,2,7
KSA,2016-08-09,1,7
KSA,2016-08-10,4,7
KSA,2016-08-11,4,7
KSA,2016-08-12,1,7
KSA,2016-08-15,4,7
KSA,2016-08-16,3,7
KSA,2016-08-17,1,7
KSA,2016-08-18,3,7
KSA,2016-08-19,2,7
KSA,2016-08-22,4,7
KSA,2016-08-23,1,7
KSA,2016-08-24,4,7
KSA,2016-08-25,3,7
KSA,2016-08-26,3,7
KSA,2016-08-29,4,7
KSA,2016-08-30,2,7
KSA,2016-08-31,2,7
KSA,2016-09-01,2,7
KSA,2016-09-06,3,7
KSA,2016-09-07,1,7
KSA,2016-09-08,1,7
KSA,2016-09-09,3,7
KSA,2016-09-12,1,7
KSA,2016-09-13,2,7
KSA,2016-09-14,2,7
KSA,2016-09-15,1,7
KSA,2016-09-16,1,7
KSA,2016-09-19,3,7
KSA,2016-09-20,2,7
KSA,2016-09-21,2,7
KSA,2016-09-22,4,7
KSA,2016-09-26,1,7
KSA,2016-09-27,6,7
KSA,2016-09-28,5,7
KSA,2016-09-30,1,7
KSA,2016-10-03,4,7
KSA,2016-10-04,5,7
KSA,2016-10-05,3,7
KSA,2016-10-07,3,7
KSA,2016-10-10,1,7
KSA,2016-10-11,4,7
KSA,2016-10-12,1,7
KSA,2016-10-13,2,7
KSA,2016-10-14,1,7
KSA,2016-10-17,3,7
KSA,2016-10-19,3,7
KSA,2016-10-20,6,7
KSA,2016-10-21,6,7
KSA,2016-10-24,5,7
KSA,2016-10-25,1,7
KSA,2016-10-26,3,7
KSA,2016-10-27,6,7
KSA,2016-10-28,4,7
KSA,2016-11-01,4,7
KSA,2016-11-02,2,7
KSA,2016-11-03,5,7
KSA,2016-11-04,4,7
KSA,2016-11-07,3,7
KSA,2016-11-08,5,7
KSA,2016-11-09,5,7
KSA,2016-11-10,4,7
KSA,2016-11-11,3,7
KSA,2016-11-14,5,7
KSA,2016-11-15,2,7
KSA,2016-11-16,3,7
KSA,2016-11-17,2,7
KSA,2016-11-18,1,7
KSA,2016-11-21,3,7
KSA,2016-11-22,2,7
KSA,2016-11-23,2,7
KSA,2016-11-28,4,7
KSA,2016-11-29,5,7
KSA,2016-11-30,2,7
KSA,2016-12-01,3,7
KSA,2016-12-02,6,7
KSA,2016-12-05,4,7
KSA,2016-12-06,1,7
KSA,2016-12-07,2,7
KSA,2016-12-08,1,7
KSA,2016-12-09,2,7
KSA,2016-12-12,3,7
KSA,2016-12-13,4,7
KSA,2016-12-14,3,7
KSA,2016-12-15,6,7
KSA,2016-12-19,5,7
KSA,2016-12-20,4,7
KSA,2016-12-21,4,7
KSA,2016-12-22,5,7
KSA,2016-12-23,4,7
KSA,2016-12-28,2,7
KSA,2016-12-29,5,7
KSA,2016-12-30,4,7
KSA,2017-01-03,6,7
KSA,2017-01-04,4,7
KSA,2017-01-05,6,7
KSA,2017-01-06,3,7
KSA,2017-01-09,3,7
KSA,2017-01-10,4,7
KSA,2017-01-11,6,7
KSA,2017-01-17,3,7
KSA,2017-01-18,4,7
KSA,2017-01-19,2,7
KSA,2017-01-20,5,7
KSA,2017-01-23,5,7
KSA,2017-01-24,5,7
KSA,2017-01-25,5,7
KSA,2017-01-26,6,7
KSA,2017-01-27,3,7
KSA,2017-01-30,3,7
KSA,2017-01-31,4,7
KSA,2017-02-01,1,7
KSA,2017-02-02,6,7
KSA,2017-02-03,4,7
KSA,2017-02-06,4,7
KSA,2017-02-08,5,7
KSA,2017-02-09,2,7
KSA,2017-02-10,1,7
KSA,2017-02-13,3,7
KSA,2017-02-14,4,7
KSA,2017-02-15,3,7
KSA,2017-02-16,1,7
KSA,2017-02-17,2,7
KSA,2017-02-21,4,7
KSA,2017-02-22,5,7
KSA,2017-02-23,5,7
KSA,2017-02-24,6,7
KSA,2017-02-27,3,7
KSA,2017-02-28,3,7
KSA,2017-03-01,2,7
KSA,2017-03-02,4,7
KSA,2017-03-03,3,7
KSA,2017-03-06,3,7
KSA,2017-03-07,1,7
KSA,2017-03-08,2,7
KSA,2017-03-09,2,7
KSA,2017-03-10,2,7
KSA,2017-03-13,5,7
KSA,2017-03-14,6,7
KSA,2017-03-15,3,7
KSA,2017-03-16,2,7
KSA,2017-03-17,4,7
KSA,2017-03-20,4,7
KSA,2017-03-21,3,7
KSA,2017-03-22,1,7
KSA,2017-03-23,1,7
KSA,2017-03-24,5,7
KSA,2017-03-27,1,7
KSA,2017-03-28,6,7
KSA,2017-03-29,3,7
KSA,2017-03-30,5,7
KSA,2017-03-31,3,7
KSA,2017-04-03,1,7
KSA,2017-04-04,3,7
KSA,2017-04-05,4,7
KSA,2017-04-06,3,7
KSA,2017-04-07,1,7
KSA,2017-04-10,3,7
KSA,2017-04-11,1,7
KSA,2017-04-12,2,7
KSA,2017-04-18,6,7
KSA,2017-04-19,4,7
KSA,2017-04-20,4,7
KSA,2017-04-21,4,7
KSA,2017-04-24,5,7
KSA,2017-04-25,4,7
KSA,2017-04-26,6,7
KSA,2017-04-27,3,7
KSA,2017-04-28,2,7
KSA,2017-05-01,3,7
KSA,2017-05-02,5,7
KSA,2017-05-03,2,7
KSA,2017-05-04,6,7
KSA,2017-05-05,4,7
KSA,2017-05-08,4,7
KSA,2017-05-09,2,7
KSA,2017-05-11,3,7
KSA,2017-05-12,2,7
KSA,2017-05-15,6,7
KSA,2017-05-17,6,7
KSA,2017-05-18,5,7
KSA,2017-05-19,6,7
KSA,2017-05-22,4,7
KSA,2017-05-23,4,7
KSA,2017-05-26,5,7
KSA,2017-05-30,6,7
KSA,2017-05-31,6,7
KSA,2017-06-02,6,7
KSA,2017-06-05,4,7
KSA,2017-06-06,5,7
KSA,2017-06-07,5,7
KSA,2017-06-08,5,7
KSA,2017-06-09,6,7
KSA,2017-06-12,3,7
KSA,2017-06-13,3,7
KSA,2017-06-14,5,7
KSA,2017-06-15,5,7
KSA,2017-06-16,4,7
KSA,2017-06-20,6,7
KSA,2017-06-23,6,7
KSA,2017-06-28,6,7
KSA,2017-06-30,6,7
KSA,2017-07-05,4,7
KSA,2017-07-07,6,7
KSA,2017-07-10,5,7
KSA,2017-07-11,5,7
KSA,2017-07-12,4,7
KSA,2017-07-13,5,7
KSA,2017-07-14,6,7
KSA,2017-07-17,3,7
KSA,2017-07-19,3,7
KSA,2017-07-20,4,7
KSA,2017-07-21,2,7
KSA,2017-07-24,2,7
KSA,2017-07-25,1,7
KSA,2017-07-26,2,7
KSA,2017-07-27,4,7
KSA,2017-07-28,5,7
KSA,2017-08-02,5,7
KSA,2017-08-04,4,7
KSA,2017-08-07,3,7
KSA,2017-08-08,4,7
KSA,2017-08-09,6,7
KSA,2017-08-10,6,7
KSA,2017-08-11,4,7
KSA,2017-08-14,5,7
KSA,2017-08-15,4,7
KSA,2017-08-16,4,7
KSA,2017-08-17,6,7
KSA,2017-08-18,4,7
KSA,2017-08-21,5,7
KSA,2017-08-22,5,7
KSA,2017-08-23,5,7
KSA,2017-08-24,5,7
KSA,2017-08-25,4,7
KSA,2017-08-28,4,7
KSA,2017-08-29,2,7
KSA,2017-08-30,4,7
KSA,2017-08-31,6,7
KSA,2017-09-01,4,7
KSA,2017-09-05,3,7
KSA,2017-09-06,3,7
KSA,2017-09-07,2,7
KSA,2017-09-08,3,7
KSA,2017-09-11,4,7
KSA,2017-09-12,5,7
KSA,2017-09-13,5,7
KSA,2017-09-14,4,7
KSA,2017-09-15,2,7
KSA,2017-09-18,3,7
KSA,2017-09-19,4,7
KSA,2017-09-20,6,7
KSA,2017-09-21,5,7
KSA,2017-09-22,5,7
KSA,2017-09-25,5,7
KSA,2017-09-26,5,7
KSA,2017-09-27,6,7
KSA,2017-09-28,6,7
KSA,2017-09-29,5,7
KSA,2017-10-03,2,7
KSA,2017-10-04,4,7
KSA,2017-10-05,1,7
KSA,2017-10-06,5,7
KSA,2017-10-09,5,7
KSA,2017-10-10,6,7
KSA,2017-10-12,5,7
KSA,2017-10-16,6,7
KSA,2017-10-17,5,7
KSA,2017-10-18,4,7
KSA,2017-10-20,4,7
KSA,2017-10-23,5,7
KSA,2017-10-24,6,7
KSA,2017-10-25,5,7
KSA,2017-10-26,4,7
KSA,2017-10-27,5,7
KSA,2017-10-30,5,7
KSA,2017-10-31,5,7
KSA,2017-11-01,5,7
KSA,2017-11-02,4,7
KSA,2017-11-03,5,7
KSA,2017-11-08,5,7
KSA,2017-11-10,6,7
KSA,2017-11-14,4,7
KSA,2017-11-17,6,7
KSA,2017-11-20,6,7
KSA,2017-11-21,5,7
KSA,2017-11-22,6,7
KSA,2017-11-28,4,7
KSA,2017-11-29,2,7
KSA,2017-11-30,4,7
KSA,2017-12-01,4,7
KSA,2017-12-04,4,7
KSA,2017-12-05,6,7
KSA,2017-12-06,4,7
KSA,2017-12-07,5,7
KSA,2017-12-08,6,7
KSA,2017-12-11,5,7
KSA,2017-12-12,3,7
KSA,2017-12-13,3,7
KSA,2017-12-14,5,7
KSA,2017-12-15,5,7
KSA,2017-12-18,2,7
KSA,2017-12-20,4,7
KSA,2017-12-21,5,7
KSA,2017-12-22,3,7
KSA,2017-12-26,2,7
KSA,2017-12-27,5,7
KSA,2017-12-29,5,7
KSA,2018-01-02,5,7
KSA,2018-01-03,4,7
KSA,2018-01-04,6,7
KSA,2018-01-19,5,7
KSA,2018-01-23,6,7
KSA,2018-01-24,6,7
KSA,2018-01-29,6,7
KSA,2018-02-05,6,7
KSA,2018-02-07,6,7
KSA,2018-02-08,6,7
KSA,2018-02-09,6,7
KSA,2018-02-12,6,7
KSA,2018-02-13,4,7
KSA,2018-02-20,6,7
KSA,2018-02-23,6,7
KSA,2018-03-06,6,7
KSA,2018-03-07,5,7
KSA,2018-05-07,6,7
KSA,2018-05-08,6,7
KSA,2018-05-22,6,7
KSA,2018-07-27,6,7
KSA,2018-07-30,6,7
KSA,2018-08-01,6,7
KSA,2018-08-29,5,7
KSA,2018-11-12,6,7
KSA,2018-11-16,6,7
KSA,2018-11-29,5,7
KSA,2018-12-11,6,7
KSA,2018-12-14,6,7
KSA,2019-02-15,6,7
KSA,2019-04-02,6,7
KSS,2021-04-19,1,7
KSS,2021-10-25,1,7
KSS,2022-01-24,2,7
KSU,2021-04-19,1,7
KSU,2021-10-25,1,7
KVUE,2023-05-04,4,7
L,2020-03-09,6,7
L,2021-04-19,1,7
L,2021-10-25,1,7
L,2022-01-24,2,7
L,2022-03-08,1,7
LB,2021-04-19,1,7
LB,2024-06-28,4,7
LDOS,2021-04-19,1,7
LDOS,2021-10-25,1,7
LDOS,2022-01-24,2,7
LDOS,2022-03-08,1,7
LEG,2021-04-19,1,7
LEG,2021-10-25,1,7
LEG,2022-01-24,2,7
LEN,2021-04-19,1,7
LEN,2021-10-25,1,7
LEN,2022-01-24,2,7
LH,2021-04-19,1,7
LH,2021-10-25,1,7
LH,2022-01-24,2,7
LH,2022-03-08,1,7
LHX,2021-04-19,1,7
LHX,2021-10-25,1,7
LHX,2022-01-24,2,7
LHX,2022-03-08,1,7
LII,2020-03-09,6,7
LII,2021-04-19,1,7
LII,2021-10-25,1,7
LII,2022-01-24,2,7
LII,2022-03-08,1,7
LIN,2021-04-19,1,7
LIN,2021-10-25,1,7
LIN,2022-01-24,2,7
LIN,2022-03-08,1,7
LIT,2016-01-04,5,7
LIT,2016-01-05,6,7
LIT,2016-01-08,5,7
LIT,2016-01-11,6,7
LIT,2016-01-13,6,7
LIT,2016-01-14,5,7
LIT,2016-01-20,6,7
LIT,2016-01-25,6,7
LIT,2016-01-26,6,7
LIT,2016-01-27,6,7
LIT,2016-01-28,3,7
LIT,2016-01-29,5,7
LIT,2016-02-02,5,7
LIT,2016-02-03,4,7
LIT,2016-02-10,4,7
LIT,2016-02-11,6,7
LIT,2016-02-16,6,7
LIT,2016-02-17,6,7
LIT,2016-02-18,4,7
LIT,2016-02-19,5,7
LIT,2016-02-23,6,7
LIT,2016-02-24,5,7
LIT,2016-02-25,4,7
LIT,2016-03-03,6,7
LIT,2016-03-09,6,7
LIT,2016-03-10,4,7
LIT,2016-03-11,6,7
LIT,2016-03-14,5,7
LIT,2016-03-16,6,7
LIT,2016-03-28,4,7
LIT,2016-03-29,6,7
LIT,2016-04-08,6,7
LIT,2016-10-26,6,7
LITE,2018-05-02,1,7
LITE,2018-05-03,1,7
LKQ,2018-05-02,1,7
LKQ,2018-05-03,1,7
LLL,2021-10-18,6,7
LLL,2021-10-20,6,7
LLL,2021-10-25,5,7
LLL,2021-12-09,5,7
LLL,2021-12-14,6,7
LLL,2021-12-17,6,7
LLL,2021-12-20,6,7
LLL,2021-12-22,5,7
LLL,2021-12-27,5,7
LLL,2021-12-28,6,7
LLL,2021-12-29,6,7
LLL,2021-12-31,6,7
LLL,2022-01-06,5,7
LLL,2022-01-07,4,7
LLL,2022-01-10,5,7
LLL,2022-01-11,4,7
LLL,2022-01-12,5,7
LLL,2022-01-13,6,7
LLL,2022-01-14,6,7
LLL,2022-01-19,6,7
LLL,2022-01-20,5,7
LLL,2022-01-21,6,7
LLL,2022-01-25,6,7
LLL,2022-01-26,5,7
LLL,2022-01-27,5,7
LLL,2022-01-28,4,7
LLL,2022-01-31,5,7
LLL,2022-02-01,6,7
LLL,2022-02-02,5,7
LLL,2022-02-03,6,7
LLL,2022-02-04,5,7
LLL,2022-02-07,3,7
LLL,2022-02-08,5,7
LLL,2022-02-09,4,7
LLL,2022-02-10,5,7
LLL,2022-02-11,5,7
LLL,2022-02-14,4,7
LLL,2022-02-15,6,7
LLL,2022-02-16,6,7
LLL,2022-02-18,3,7
LLL,2022-02-22,5,7
LLL,2022-02-23,4,7
LLL,2022-02-24,4,7
LLL,2022-02-25,5,7
LLL,2022-02-28,6,7
LLL,2022-03-02,4,7
LLL,2022-03-03,5,7
LLL,2022-03-04,4,7
LLL,2022-03-07,5,7
LLL,2022-03-08,5,7
LLL,2022-03-09,4,7
LLL,2022-03-10,5,7
LLL,2022-03-11,3,7
LLL,2022-03-14,6,7
LLL,2022-05-11,6,7
LLL,2022-05-18,6,7
LLL,2022-05-23,6,7
LLL,2022-07-25,6,7
LLL,2022-09-21,6,7
LLL,2022-09-29,6,7
LLL,2022-09-30,6,7
LLL,2022-10-05,6,7
LLL,2022-10-07,5,7
LLTC,2016-07-26,6,7
LLY,2021-04-19,1,7
LLY,2021-10-25,1,7
LLY,2022-01-24,2,7
LLY,2022-03-08,1,7
LMT,2021-04-19,1,7
LMT,2021-10-25,1,7
LMT,2022-01-24,2,7
LMT,2022-03-08,1,7
LNC,2021-04-19,1,7
LNC,2021-10-25,1,7
LNC,2022-01-24,2,7
LNC,2022-03-08,1,7
LOW,2021-04-19,1,7
LOW,2021-10-25,1,7
LOW,2022-01-24,2,7
LOW,2022-03-08,1,7
LRCX,2018-05-02,1,7
LRCX,2018-05-03,1,7
LULU,2018-05-02,1,7
LULU,2018-05-03,1,7
LUMN,2021-04-19,1,7
LUMN,2021-10-25,1,7
LUMN,2022-01-24,2,7
LUMN,2022-03-08,1,7
LUV,2021-04-19,1,7
LUV,2021-10-25,1,7
LUV,2022-01-24,2,7
LUV,2022-03-08,1,7
LVS,2021-04-19,1,7
LVS,2021-10-25,1,7
LVS,2022-01-24,2,7
LW,2021-04-19,1,7
LW,2021-10-25,1,7
LW,2022-01-24,2,7
LW,2022-03-08,1,7
LYB,2021-04-19,1,7
LYB,2021-10-25,1,7
LYB,2022-01-24,2,7
LYB,2022-03-08,1,7
LYV,2021-04-19,1,7
LYV,2021-10-25,1,7
LYV,2022-01-24,2,7
LYV,2022-03-08,1,7
M,2021-04-19,1,7
M,2021-10-25,1,7
M,2022-01-24,2,7
M,2022-03-08,1,7
MA,2021-04-19,1,7
MA,2021-10-25,1,7
MA,2022-01-24,2,7
MA,2022-03-08,1,7
MAA,2021-04-19,1,7
MAA,2021-10-25,1,7
MAA,2022-01-24,2,7
MAA,2022-03-08,1,7
MAC,2021-04-19,1,7
MAC,2021-10-25,1,7
MAC,2022-01-24,2,7
MAR,2018-05-02,1,7
MAR,2018-05-03,1,7
MAS,2021-04-19,1,7
MAS,2021-10-25,1,7
MAS,2022-01-24,2,7
MAS,2022-03-08,1,7
MAT,2018-05-02,1,7
MAT,2018-05-03,1,7
MCD,2017-03-01,6,7
MCD,2021-04-19,1,7
MCD,2021-10-25,1,7
MCD,2022-01-24,2,7
MCD,2022-03-08,1,7
MCHI,2018-05-02,1,7
MCHI,2018-05-03,1,7
MCHP,2018-05-02,1,7
MCHP,2018-05-03,1,7
MCK,2021-04-19,1,7
MCK,2021-10-25,1,7
MCK,2022-01-24,2,7
MCK,2022-03-08,1,7
MCO,2021-04-19,1,7
MCO,2021-10-25,1,7
MCO,2022-01-24,2,7
MDLZ,2018-05-02,1,7
MDLZ,2018-05-03,1,7
MDT,2021-04-19,1,7
MDT,2021-10-25,1,7
MDT,2022-01-24,2,7
MET,2021-04-19,1,7
MET,2021-10-25,1,7
MET,2022-01-24,2,7
META,2018-05-02,1,7
META,2018-05-03,1,7
MGM,2021-04-19,1,7
MGM,2021-10-25,1,7
MGM,2022-01-24,2,7
MGM,2022-03-08,1,7
MHK,2021-04-19,1,7
MHK,2021-10-25,1,7
MHK,2022-01-24,2,7
MHK,2022-03-08,1,7
MKC,2021-04-19,1,7
MKC,2021-10-25,1,7
MKC,2022-01-24,2,7
MKTX,2018-05-02,1,7
MKTX,2018-05-03,1,7
MLM,2021-04-19,1,7
MLM,2021-10-25,1,7
MLM,2022-01-24,2,7
MMM,2021-04-19,1,7
MMM,2021-10-25,1,7
MMM,2022-01-24,2,7
MMM,2022-03-08,1,7
MNK,2022-10-27,6,7
MNK,2022-10-31,5,7
MNK,2022-11-01,2,7
MNK,2022-11-02,5,7
MNK,2022-11-03,6,7
MNK,2022-11-04,6,7
MNK,2022-11-08,2,7
MNK,2022-11-09,5,7
MNK,2022-11-11,2,7
MNK,2022-11-14,4,7
MNK,2022-11-15,3,7
MNK,2022-11-16,6,7
MNK,2022-11-17,2,7
MNK,2022-11-18,3,7
MNK,2022-11-21,5,7
MNK,2022-11-28,6,7
MNK,2022-11-29,6,7
MNK,2022-12-01,6,7
MNK,2022-12-02,6,7
MNK,2022-12-20,5,7
MNK,2022-12-21,6,7
MNK,2022-12-22,4,7
MNK,2022-12-23,6,7
MNK,2022-12-27,4,7
MNK,2023-01-03,1,7
MNK,2023-01-04,5,7
MNK,2023-01-05,6,7
MNK,2023-01-11,6,7
MNK,2023-01-19,4,7
MNK,2023-01-20,5,7
MNK,2023-01-23,6,7
MNK,2023-01-24,5,7
MNK,2023-01-26,6,7
MNK,2023-01-27,6,7
MNK,2023-02-01,6,7
MNK,2023-02-02,6,7
MNK,2023-02-06,6,7
MNK,2023-02-08,5,7
MNK,2023-02-09,6,7
MNK,2023-02-14,5,7
MNK,2023-02-15,5,7
MNK,2023-02-16,6,7
MNK,2023-02-17,5,7
MNK,2023-02-21,6,7
MNK,2023-02-22,2,7
MNK,2023-03-02,6,7
MNK,2023-03-03,4,7
MNK,2023-03-09,6,7
MNK,2023-03-16,5,7
MNK,2023-03-17,6,7
MNK,2023-03-20,5,7
MNK,2023-03-21,5,7
MNK,2023-03-22,3,7
MNK,2023-03-24,6,7
MNK,2023-03-27,5,7
MNK,2023-03-28,5,7
MNK,2023-03-29,4,7
MNK,2023-03-31,1,7
MNK,2023-04-03,3,7
MNK,2023-04-04,5,7
MNK,2023-04-06,4,7
MNK,2023-04-11,6,7
MNK,2023-04-12,1,7
MNK,2023-04-13,4,7
MNK,2023-04-14,5,7
MNK,2023-04-17,5,7
MNK,2023-04-25,4,7
MNK,2023-04-26,6,7
MNK,2023-04-27,2,7
MNK,2023-04-28,6,7
MNK,2023-05-01,6,7
MNK,2023-05-02,5,7
MNK,2023-05-03,3,7
MNK,2023-05-04,2,7
MNK,2023-05-05,6,7
MNK,2023-05-15,4,7
MNST,2018-05-02,1,7
MNST,2018-05-03,1,7
MO,2021-04-19,1,7
MO,2021-10-25,1,7
MO,2022-01-24,2,7
MO,2022-03-08,1,7
MOH,2021-04-19,1,7
MOH,2021-10-25,1,7
MOH,2022-01-24,2,7
MOH,2022-03-08,1,7
MON,2021-03-16,1,7
MON,2021-03-17,4,7
MON,2021-03-18,3,7
MON,2021-03-19,4,7
MON,2021-03-22,6,7
MON,2021-03-23,4,7
MON,2021-03-24,4,7
MON,2021-03-25,4,7
MON,2021-03-26,1,7
MON,2021-03-29,1,7
MON,2021-03-31,2,7
MON,2021-04-01,3,7
MON,2021-04-05,1,7
MON,2021-04-06,4,7
MON,2021-04-07,5,7
MON,2021-04-08,2,7
MON,2021-04-09,1,7
MON,2021-04-12,1,7
MON,2021-04-13,2,7
MON,2021-04-14,6,7
MON,2021-04-15,1,7
MON,2021-04-16,3,7
MON,2021-04-19,3,7
MON,2021-04-21,6,7
MON,2021-04-22,5,7
MON,2021-04-23,4,7
MON,2021-04-26,2,7
MON,2021-04-28,5,7
MON,2021-04-29,4,7
MON,2021-04-30,6,7
MON,2021-05-03,6,7
MON,2021-05-04,5,7
MON,2021-05-05,6,7
MON,2021-05-07,6,7
MON,2021-05-10,3,7
MON,2021-05-11,3,7
MON,2021-05-12,4,7
MON,2021-05-13,3,7
MON,2021-05-14,3,7
MON,2021-05-17,2,7
MON,2021-05-18,4,7
MON,2021-05-19,5,7
MON,2021-05-20,3,7
MON,2021-05-21,5,7
MON,2021-05-24,5,7
MON,2021-05-25,6,7
MON,2021-05-26,4,7
MON,2021-05-28,3,7
MON,2021-06-01,6,7
MON,2021-06-02,1,7
MON,2021-06-08,3,7
MON,2021-06-09,6,7
MON,2021-06-10,4,7
MON,2021-06-11,6,7
MON,2021-06-14,4,7
MON,2021-06-16,1,7
MON,2021-06-17,3,7
MON,2021-06-21,3,7
MON,2021-06-22,2,7
MON,2021-06-23,3,7
MON,2021-06-24,4,7
MON,2021-06-25,2,7
MON,2021-06-29,4,7
MON,2021-06-30,1,7
MON,2021-07-01,5,7
MON,2021-07-06,4,7
MON,2021-07-07,3,7
MON,2021-07-08,6,7
MON,2021-07-09,2,7
MON,2021-07-12,3,7
MON,2021-07-13,6,7
MON,2021-07-14,2,7
MON,2021-07-15,3,7
MON,2021-07-16,4,7
MON,2021-07-20,1,7
MON,2021-07-21,2,7
MON,2021-07-22,1,7
MON,2021-07-23,3,7
MON,2021-07-26,3,7
MON,2021-07-27,4,7
MON,2021-07-28,2,7
MON,2021-07-29,2,7
MON,2021-07-30,3,7
MON,2021-08-02,2,7
MON,2021-08-03,2,7
MON,2021-08-04,3,7
MON,2021-08-05,1,7
MON,2021-08-06,1,7
MON,2021-08-09,1,7
MON,2021-08-11,2,7
MON,2021-08-16,2,7
MON,2021-08-17,3,7
MON,2021-08-18,1,7
MON,2021-08-20,2,7
MON,2021-08-23,2,7
MON,2021-08-25,1,7
MON,2021-08-26,1,7
MON,2021-08-30,1,7
MON,2021-08-31,5,7
MON,2021-09-01,2,7
MON,2021-09-02,2,7
MON,2021-09-07,2,7
MON,2021-09-09,2,7
MON,2021-09-10,5,7
MON,2021-09-13,2,7
MON,2021-09-14,2,7
MON,2021-09-16,4,7
MON,2021-09-17,4,7
MON,2021-09-20,1,7
MON,2021-09-22,3,7
MON,2021-09-23,4,7
MON,2021-09-27,3,7
MON,2021-09-28,5,7
MON,2021-09-29,3,7
MON,2021-10-01,4,7
MON,2021-10-04,3,7
MON,2021-10-05,2,7
MON,2021-10-06,5,7
MON,2021-10-07,3,7
MON,2021-10-08,5,7
MON,2021-10-12,5,7
MON,2021-10-13,6,7
MON,2021-10-14,4,7
MON,2021-10-15,6,7
MON,2021-10-20,4,7
MON,2021-10-22,5,7
MON,2021-10-26,4,7
MON,2021-10-27,2,7
MON,2021-10-28,2,7
MON,2021-11-01,1,7
MON,2021-11-02,5,7
MON,2021-11-04,2,7
MON,2021-11-05,2,7
MON,2021-11-08,4,7
MON,2021-11-09,4,7
MON,2021-11-10,1,7
MON,2021-11-11,3,7
MON,2021-11-12,3,7
MON,2021-11-15,1,7
MON,2021-11-17,1,7
MON,2021-11-19,1,7
MON,2021-11-22,2,7
MON,2021-11-23,3,7
MON,2021-11-26,1,4
MON,2021-11-29,5,7
MON,2021-12-01,3,7
MON,2021-12-02,5,7
MON,2021-12-03,2,7
MON,2021-12-06,3,7
MON,2021-12-07,4,7
MON,2021-12-10,3,7
MON,2021-12-13,3,7
MON,2021-12-15,2,7
MON,2021-12-17,3,7
MON,2021-12-21,1,7
MON,2021-12-22,3,7
MON,2021-12-27,1,7
MON,2021-12-28,3,7
MON,2021-12-29,4,7
MON,2021-12-30,3,7
MON,2022-01-05,2,7
MON,2022-01-06,4,7
MON,2022-01-07,2,7
MON,2022-01-10,4,7
MON,2022-01-13,1,7
MON,2022-01-14,3,7
MON,2022-01-18,3,7
MON,2022-01-20,1,7
MON,2022-01-21,1,7
MON,2022-01-24,2,7
MON,2022-01-25,3,7
MON,2022-01-26,4,7
MON,2022-01-27,2,7
MON,2022-01-28,3,7
MON,2022-02-01,4,7
MON,2022-02-02,1,7
MON,2022-02-03,1,7
MON,2022-02-04,1,7
MON,2022-02-07,4,7
MON,2022-02-08,1,7
MON,2022-02-10,1,7
MON,2022-02-11,1,7
MON,2022-02-14,3,7
MON,2022-02-17,1,7
MON,2022-02-18,2,7
MON,2022-02-22,1,7
MON,2022-02-23,1,7
MON,2022-02-24,2,7
MON,2022-02-28,3,7
MON,2022-03-01,4,7
MON,2022-03-02,1,7
MON,2022-03-03,2,7
MON,2022-03-04,2,7
MON,2022-03-07,1,7
MON,2022-03-09,1,7
MON,2022-03-10,2,7
MON,2022-03-16,2,7
MON,2022-03-17,1,7
MON,2022-03-18,5,7
MON,2022-03-21,1,7
MON,2022-03-23,3,7
MON,2022-03-24,1,7
MON,2022-03-25,1,7
MON,2022-03-28,1,7
MON,2022-03-30,1,7
MON,2022-03-31,2,7
MON,2022-04-01,3,7
MON,2022-04-04,1,7
MON,2022-04-05,2,7
MON,2022-04-06,2,7
MON,2022-04-07,2,7
MON,2022-04-08,1,7
MON,2022-04-12,1,7
MON,2022-04-13,2,7
MON,2022-04-18,3,7
MON,2022-04-20,2,7
MON,2022-04-22,3,7
MON,2022-04-25,4,7
MON,2022-04-26,3,7
MON,2022-04-27,6,7
MON,2022-04-28,4,7
MON,2022-04-29,2,7
MON,2022-05-02,4,7
MON,2022-05-03,2,7
MON,2022-05-04,2,7
MON,2022-05-05,1,7
MON,2022-05-06,1,7
MON,2022-05-09,5,7
MON,2022-05-10,5,7
MON,2022-05-11,3,7
MON,2022-05-12,2,7
MON,2022-05-13,2,7
MON,2022-05-16,2,7
MON,2022-05-17,1,7
MON,2022-05-18,1,7
MON,2022-05-19,2,7
MON,2022-05-20,2,7
MON,2022-05-27,1,7
MON,2022-05-31,1,7
MON,2022-06-01,1,7
MON,2022-06-03,1,7
MON,2022-06-06,1,7
MON,2022-06-09,1,7
MON,2022-06-10,5,7
MON,2022-06-14,1,7
MON,2022-06-15,1,7
MON,2022-06-16,4,7
MON,2022-06-17,2,7
MON,2022-06-21,2,7
MON,2022-06-22,2,7
MON,2022-06-27,4,7
MON,2022-06-28,1,7
MON,2022-06-30,5,7
MON,2022-07-01,6,7
MON,2022-07-05,1,7
MON,2022-07-08,1,7
MON,2022-07-12,4,7
MON,2022-07-13,1,7
MON,2022-07-14,3,7
MON,2022-07-18,1,7
MON,2022-07-20,1,7
MON,2022-07-22,2,7
MON,2022-07-25,2,7
MON,2022-07-27,3,7
MON,2022-07-28,2,7
MON,2022-07-29,4,7
MON,2022-08-01,2,7
MON,2022-08-02,4,7
MON,2022-08-03,6,7
MON,2022-08-08,1,7
MON,2022-08-09,1,7
MON,2022-08-10,1,7
MON,2022-08-11,2,7
MON,2022-08-12,1,7
MON,2022-08-17,2,7
MON,2022-08-18,2,7
MON,2022-08-19,1,7
MON,2022-08-25,2,7
MON,2022-08-26,1,7
MON,2022-08-29,3,7
MON,2022-08-31,1,7
MON,2022-09-02,1,7
MON,2022-09-07,1,7
MON,2022-09-08,1,7
MON,2022-09-09,2,7
MON,2022-09-14,1,7
MON,2022-09-15,1,7
MON,2022-09-19,4,7
MON,2022-09-20,2,7
MON,2022-09-21,2,7
MON,2022-09-22,1,7
MON,2022-09-23,4,7
MON,2022-09-26,1,7
MON,2022-09-28,3,7
MON,2022-09-30,1,7
MON,2022-10-03,4,7
MON,2022-10-04,4,7
MON,2022-10-06,1,7
MON,2022-10-07,2,7
MON,2022-10-12,3,7
MON,2022-10-13,2,7
MON,2022-10-17,2,7
MON,2022-10-20,1,7
MON,2022-10-21,2,7
MON,2022-10-24,2,7
MON,2022-10-25,2,7
MON,2022-10-27,1,7
MON,2022-10-28,5,7
MON,2022-10-31,6,7
MON,2022-11-04,6,7
MON,2022-11-07,6,7
MON,2022-11-08,6,7
MON,2022-11-09,6,7
MON,2022-11-10,1,7
MON,2022-11-14,3,7
MON,2022-11-22,1,7
MON,2022-11-23,2,7
MON,2022-11-25,2,4
MON,2022-11-28,3,7
MON,2022-11-29,2,7
MON,2022-11-30,2,7
MON,2022-12-01,2,7
MON,2022-12-02,1,7
MON,2022-12-05,4,7
MON,2022-12-06,6,7
MON,2022-12-07,3,7
MON,2022-12-08,3,7
MON,2022-12-09,2,7
MON,2022-12-12,4,7
MON,2022-12-13,4,7
MON,2022-12-14,5,7
MON,2022-12-15,4,7
MON,2022-12-16,4,7
MON,2022-12-19,4,7
MON,2022-12-20,4,7
MON,2022-12-21,4,7
MON,2022-12-22,5,7
MON,2022-12-23,4,7
MOS,2021-04-19,1,7
MOS,2021-10-25,1,7
MOS,2022-01-24,2,7
MOS,2022-03-08,1,7
MPC,2021-04-19,1,7
MPC,2021-10-25,1,7
MPC,2022-01-24,2,7
MPC,2022-03-08,1,7
MPWR,2018-05-02,1,7
MPWR,2018-05-03,1,7
MRK,2021-04-19,1,7
MRK,2021-10-25,1,7
MRK,2022-01-24,2,7
MRK,2022-03-08,1,7
MRNA,2018-12-07,5,7
MRO,2021-04-19,1,7
MRO,2021-10-25,1,7
MRO,2022-01-24,2,7
MRO,2022-03-08,1,7
MRSH,2021-04-19,1,7
MRSH,2021-10-25,1,7
MRSH,2022-01-24,2,7
MRVL,2018-05-02,1,7
MRVL,2018-05-03,1,7
MS,2021-04-19,1,7
MS,2021-10-25,1,7
MS,2022-01-24,2,7
MS,2022-03-08,1,7
MSCI,2021-04-19,1,7
MSCI,2021-10-25,1,7
MSCI,2022-01-24,2,7
MSCI,2022-03-08,1,7
MSFT,2018-05-02,1,7
MSFT,2018-05-03,1,7
MSI,2021-04-19,1,7
MSI,2021-10-25,1,7
MSI,2022-01-24,2,7
MSI,2022-03-08,1,7
MTB,2021-04-19,1,7
MTB,2021-10-25,1,7
MTB,2022-01-24,2,7
MTCH,2018-05-02,1,7
MTCH,2018-05-03,1,7
MTD,2019-10-09,6,7
MTD,2020-03-16,6,7
MTD,2021-04-19,1,7
MTD,2021-10-25,1,7
MTD,2022-01-24,2,7
MTD,2022-03-08,1,7
MTD,2024-09-18,6,7
MTD,2024-12-26,6,7
MTD,2025-09-11,6,7
MU,2018-05-02,1,7
MU,2018-05-03,1,7
MUR,2021-04-19,1,7
MUR,2021-10-25,1,7
MUR,2022-01-24,2,7
MUR,2022-03-08,1,7
MXIM,2018-05-02,1,7
MXIM,2018-05-03,1,7
MYL,2018-05-02,1,7
MYL,2018-05-03,1,7
NAVI,2018-05-02,1,7
NAVI,2018-05-03,1,7
NCLH,2021-04-19,1,7
NCLH,2021-10-25,1,7
NCLH,2022-01-24,2,7
NDAQ,2018-05-02,1,7
NDAQ,2018-05-03,1,7
NDSN,2018-05-02,1,7
NDSN,2018-05-03,1,7
NEE,2021-04-19,1,7
NEE,2021-10-25,1,7
NEE,2022-01-24,2,7
NEE,2022-03-08,1,7
NEM,2021-04-19,1,7
NEM,2021-10-25,1,7
NEM,2022-01-24,2,7
NFLX,2018-05-02,1,7
NFLX,2018-05-03,1,7
NFX,2026-07-07,1,7
NFX,2026-07-08,1,7
NFX,2026-07-09,1,7
NFX,2026-07-13,1,7
NFX,2026-07-14,1,7
NFX,2026-07-16,2,7
NFX,2026-07-17,4,7
NFX,2026-07-20,4,7
NFX,2026-07-21,3,7
NFX,2026-07-22,4,7
NFX,2026-07-28,2,7
NFX,2026-08-03,1,7
NFX,2026-08-04,2,7
NFX,2026-08-05,2,7
NFX,2026-08-12,1,7
NFX,2026-08-13,2,7
NFX,2026-08-14,3,7
NFX,2026-08-17,1,7
NFX,2026-08-18,4,7
NFX,2026-08-19,2,7
NFX,2026-08-26,1,7
NFX,2026-08-27,1,7
NFX,2026-08-28,1,7
NFX,2026-09-08,2,7
NFX,2026-09-10,2,7
NFX,2026-09-14,2,7
NFX,2026-09-15,1,7
NFX,2026-09-16,2,7
NFX,2026-09-18,3,7
NI,2021-04-19,1,7
NI,2021-10-25,1,7
NI,2022-01-24,2,7
NI,2022-03-08,1,7
NKE,2021-04-19,1,7
NKE,2021-10-25,1,7
NKE,2022-01-24,2,7
NKE,2022-03-08,1,7
NKTR,2018-05-02,1,7
NKTR,2018-05-03,1,7
NLSN,2021-04-19,1,7
NLSN,2021-10-25,1,7
NLSN,2022-01-24,2,7
NLSN,2022-03-08,1,7
NOC,2021-04-19,1,7
NOC,2021-10-25,1,7
NOC,2022-01-24,2,7
NOC,2022-03-08,1,7
NOV,2021-04-19,1,7
NOV,2021-10-25,1,7
NOV,2022-01-24,2,7
NOV,2022-03-08,1,7
NOW,2021-04-19,1,7
NOW,2021-10-25,1,7
NOW,2022-01-24,2,7
NOW,2022-03-08,1,7
NRG,2021-04-19,1,7
NRG,2021-10-25,1,7
NRG,2022-01-24,2,7
NSC,2021-04-19,1,7
NSC,2021-10-25,1,7
NSC,2022-01-24,2,7
NSC,2022-03-08,1,7
NTAP,2018-05-02,1,7
NTAP,2018-05-03,1,7
NTRS,2018-05-02,1,7
NTRS,2018-05-03,1,7
NUE,2021-04-19,1,7
NUE,2021-10-25,1,7
NUE,2022-01-24,2,7
NUE,2022-03-08,1,7
NVDA,2018-05-02,1,7
NVDA,2018-05-03,1,7
NVR,2021-04-19,1,7
NVR,2021-10-25,1,7
NVR,2022-01-24,2,7
NVR,2022-03-08,1,7
NWS,2018-05-02,1,7
NWS,2018-05-03,1,7
NWSA,2018-05-02,1,7
NWSA,2018-05-03,1,7
NXPI,2018-05-02,1,7
NXPI,2018-05-03,1,7
O,2021-04-19,1,7
O,2021-10-25,1,7
O,2022-01-24,2,7
O,2022-03-08,1,7
ODFL,2018-05-02,1,7
ODFL,2018-05-03,1,7
OGN,2021-10-25,1,7
OGN,2022-01-24,2,7
OGN,2022-03-08,1,7
OI,2021-04-19,1,7
OI,2021-10-25,1,7
OI,2022-01-24,2,7
OI,2022-03-08,1,7
OKE,2021-04-19,1,7
OKE,2021-10-25,1,7
OKE,2022-01-24,2,7
OMC,2021-04-19,1,7
OMC,2021-10-25,1,7
OMC,2022-01-24,2,7
OMC,2022-03-08,1,7
ON,2018-05-02,1,7
ON,2018-05-03,1,7
ORCL,2021-04-19,1,7
ORCL,2021-10-25,1,7
ORCL,2022-01-24,2,7
ORCL,2022-03-08,1,7
ORLY,2018-05-02,1,7
ORLY,2018-05-03,1,7
OTIS,2021-04-19,1,7
OTIS,2021-10-25,1,7
OTIS,2022-01-24,2,7
OTIS,2022-03-08,1,7
OXY,2021-04-19,1,7
OXY,2021-10-25,1,7
OXY,2022-01-24,2,7
OXY,2022-03-08,1,7
PALL,2016-01-26,6,7
PALL,2016-02-12,6,7
PALL,2016-02-19,6,7
PALL,2016-03-21,6,7
PALL,2016-04-11,6,7
PALL,2016-04-26,5,7
PALL,2016-05-09,6,7
PALL,2016-05-12,6,7
PALL,2016-05-16,6,7
PALL,2016-06-21,6,7
PALL,2016-07-28,6,7
PALL,2016-08-08,6,7
PALL,2016-08-26,6,7
PALL,2016-09-01,6,7
PALL,2016-09-02,6,7
PALL,2016-09-08,6,7
PALL,2016-09-09,6,7
PALL,2016-09-14,5,7
PALL,2016-09-15,6,7
PALL,2016-09-20,6,7
PALL,2016-09-21,6,7
PALL,2016-10-10,6,7
PALL,2016-10-12,6,7
PALL,2016-10-19,6,7
PALL,2016-10-20,6,7
PALL,2017-01-17,6,7
PALL,2017-01-30,6,7
PALL,2017-03-27,6,7
PALL,2017-04-07,5,7
PALL,2017-04-19,6,7
PALL,2017-04-24,6,7
PALL,2017-04-25,6,7
PALL,2017-05-01,6,7
PALL,2017-05-10,6,7
PALL,2017-05-11,6,7
PALL,2017-05-23,6,7
PALL,2017-05-25,6,7
PALL,2017-06-22,6,7
PALL,2017-07-03,3,4
PALL,2017-07-10,6,7
PALL,2017-07-13,6,7
PALL,2017-08-04,6,7
PALL,2017-08-07,6,7
PALL,2017-08-08,6,7
PALL,2017-08-14,6,7
PALL,2017-08-15,6,7
PALL,2017-08-18,6,7
PALL,2017-08-31,6,7
PALL,2017-09-25,6,7
PALL,2017-09-26,6,7
PALL,2017-10-10,6,7
PALL,2017-11-21,6,7
PALL,2017-11-22,6,7
PALL,2018-02-28,6,7
PALL,2018-03-06,6,7
PALL,2018-03-13,6,7
PALL,2018-03-14,6,7
PALL,2018-03-15,5,7
PALL,2018-03-16,6,7
PALL,2018-03-20,6,7
PALL,2018-03-21,6,7
PALL,2018-03-23,5,7
PALL,2018-03-27,5,7
PALL,2018-04-12,6,7
PALL,2018-04-19,6,7
PALL,2018-04-24,6,7
PALL,2018-04-27,6,7
PALL,2018-04-30,6,7
PALL,2018-05-02,6,7
PALL,2018-05-03,6,7
PALL,2018-05-04,6,7
PALL,2018-05-07,6,7
PALL,2018-05-08,6,7
PALL,2018-05-09,6,7
PALL,2018-05-10,6,7
PALL,2018-05-11,6,7
PALL,2018-05-14,5,7
PALL,2018-05-15,6,7
PALL,2018-05-16,6,7
PALL,2018-05-17,4,7
PALL,2018-05-18,6,7
PALL,2018-05-22,6,7
PALL,2018-05-25,5,7
PALL,2018-05-29,5,7
PALL,2018-06-05,6,7
PALL,2018-06-06,6,7
PALL,2018-06-12,6,7
PALL,2018-06-13,6,7
PALL,2018-06-25,6,7
PALL,2018-06-27,5,7
PALL,2018-06-28,5,7
PALL,2018-06-29,6,7
PALL,2018-07-09,6,7
PALL,2018-07-10,6,7
PALL,2018-07-12,5,7
PALL,2018-07-13,5,7
PALL,2018-07-17,6,7
PALL,2018-07-20,6,7
PALL,2018-07-23,6,7
PALL,2018-07-24,6,7
PALL,2018-07-26,6,7
PALL,2018-07-27,5,7
PALL,2018-07-30,5,7
PALL,2018-07-31,6,7
PALL,2018-08-01,6,7
PALL,2018-08-07,6,7
PALL,2018-08-09,5,7
PALL,2018-08-10,5,7
PALL,2018-08-22,5,7
PALL,2018-08-23,5,7
PALL,2018-08-24,5,7
PALL,2018-08-28,6,7
PALL,2018-08-29,6,7
PALL,2018-08-30,6,7
PALL,2018-09-04,6,7
PALL,2018-09-07,4,7
PALL,2018-09-10,6,7
PALL,2018-09-11,4,7
PALL,2018-09-13,5,7
PALL,2018-09-14,6,7
PALL,2018-09-17,5,7
PALL,2018-09-21,6,7
PALL,2018-09-25,5,7
PALL,2018-09-27,5,7
PALL,2018-10-16,6,7
PALL,2018-10-17,5,7
PALL,2018-10-18,6,7
PALL,2018-10-26,6,7
PALL,2018-10-31,6,7
PALL,2018-11-01,6,7
PALL,2018-11-02,6,7
PALL,2018-11-06,6,7
PALL,2018-11-07,6,7
PALL,2018-11-08,5,7
PALL,2018-11-09,6,7
PALL,2018-11-12,6,7
PALL,2018-11-16,6,7
PALL,2018-11-19,6,7
PALL,2018-11-27,5,7
PALL,2019-04-10,6,7
PALL,2019-04-22,6,7
PALL,2019-05-03,6,7
PALL,2019-05-10,6,7
PALL,2019-05-15,5,7
PALL,2019-05-16,5,7
PALL,2019-06-04,6,7
PALL,2019-06-06,6,7
PALL,2019-06-19,5,7
PALL,2019-07-01,6,7
PALL,2019-07-02,6,7
PALL,2019-07-05,6,7
PALL,2019-07-08,6,7
PALL,2019-07-09,6,7
PALL,2019-07-11,6,7
PALL,2019-07-15,6,7
PALL,2019-07-22,6,7
PALL,2019-07-24,6,7
PALL,2019-07-26,6,7
PALL,2019-07-31,6,7
PALL,2019-08-05,6,7
PALL,2019-08-15,6,7
PALL,2019-08-16,6,7
PALL,2019-08-21,6,7
PALL,2019-08-22,6,7
PALL,2019-08-27,6,7
PALL,2019-08-28,6,7
PALL,2019-09-06,6,7
PALL,2019-09-09,6,7
PALL,2019-09-10,6,7
PALL,2019-09-11,6,7
PALL,2019-10-14,6,7
PALL,2019-10-15,6,7
PALL,2019-10-18,6,7
PALL,2019-10-25,6,7
PALL,2019-11-15,6,7
PALL,2019-11-22,6,7
PALL,2019-11-27,6,7
PALL,2019-12-05,6,7
PALL,2019-12-24,3,4
PALL,2020-04-07,6,7
PALL,2020-04-15,6,7
PALL,2020-04-24,6,7
PALL,2020-05-11,6,7
PALL,2020-06-23,6,7
PALL,2020-06-25,6,7
PALL,2020-06-29,6,7
PALL,2020-07-01,6,7
PALL,2020-09-02,6,7
PALL,2020-09-29,6,7
PALL,2020-10-07,6,7
PALL,2020-10-14,6,7
PALL,2020-10-22,6,7
PALL,2020-10-26,6,7
PALL,2020-10-29,6,7
PALL,2020-11-09,6,7
PALL,2020-11-25,6,7
PALL,2020-12-14,6,7
PALL,2020-12-23,6,7
PALL,2021-01-15,6,7
PALL,2021-01-20,6,7
PALL,2021-02-09,6,7
PALL,2021-02-17,6,7
PALL,2021-03-05,6,7
PALL,2021-03-12,5,7
PALL,2021-03-24,6,7
PALL,2021-03-25,6,7
PALL,2021-03-26,6,7
PALL,2021-04-01,6,7
PALL,2021-04-22,6,7
PALL,2021-05-04,6,7
PALL,2021-05-05,6,7
PALL,2021-05-18,6,7
PALL,2021-06-10,5,7
PALL,2021-06-11,6,7
PALL,2021-06-14,6,7
PALL,2021-06-15,5,7
PALL,2021-06-29,5,7
PALL,2021-07-01,6,7
PALL,2021-07-02,4,7
PALL,2021-07-07,5,7
PALL,2021-07-09,5,7
PALL,2021-07-14,6,7
PALL,2021-07-29,6,7
PALL,2021-07-30,6,7
PALL,2021-08-03,4,7
PALL,2021-08-04,6,7
PALL,2021-08-05,6,7
PALL,2021-08-06,6,7
PALL,2021-08-10,5,7
PALL,2021-08-11,6,7
PALL,2021-08-12,6,7
PALL,2021-08-16,6,7
PALL,2021-08-24,6,7
PALL,2021-08-26,6,7
PALL,2021-10-05,6,7
PALL,2021-12-31,6,7
PALL,2022-01-13,6,7
PALL,2022-04-14,6,7
PALL,2022-05-19,6,7
PALL,2022-05-25,6,7
PALL,2022-06-01,6,7
PALL,2022-06-14,6,7
PALL,2022-06-24,6,7
PALL,2022-07-19,6,7
PALL,2022-07-26,6,7
PALL,2022-08-03,6,7
PALL,2022-08-16,6,7
PALL,2022-08-18,6,7
PALL,2022-08-19,5,7
PALL,2022-08-25,6,7
PALL,2022-08-30,6,7
PALL,2022-08-31,6,7
PALL,2022-09-07,6,7
PALL,2022-09-09,6,7
PALL,2022-09-15,6,7
PALL,2022-09-27,6,7
PALL,2022-09-28,6,7
PALL,2022-10-11,6,7
PALL,2022-10-18,6,7
PALL,2022-10-27,6,7
PALL,2022-11-28,6,7
PALL,2022-12-02,5,7
PALL,2022-12-09,6,7
PALL,2023-01-09,6,7
PALL,2023-03-15,6,7
PALL,2023-03-27,6,7
PALL,2023-04-03,6,7
PALL,2023-05-05,6,7
PALL,2023-06-05,6,7
PALL,2023-06-06,6,7
PALL,2023-06-20,6,7
PALL,2023-08-02,6,7
PALL,2023-08-09,6,7
PALL,2023-08-10,6,7
PALL,2023-08-17,6,7
PALL,2023-09-05,5,7
PALL,2023-09-06,6,7
PALL,2023-09-07,6,7
PALL,2023-10-16,6,7
PALL,2024-01-19,6,7
PALL,2024-01-22,6,7
PALL,2024-02-29,6,7
PALL,2024-07-17,6,7
PALL,2024-08-26,6,7
PALL,2025-05-14,6,7
PANW,2021-04-19,1,7
PARA,2016-01-04,4,7
PARA,2016-01-06,5,7
PARA,2016-01-07,6,7
PARA,2016-01-11,6,7
PARA,2016-01-12,5,7
PARA,2016-01-15,6,7
PARA,2016-01-19,6,7
PARA,2016-01-21,5,7
PARA,2016-01-22,5,7
PARA,2016-01-25,5,7
PARA,2016-01-26,4,7
PARA,2016-01-27,2,7
PARA,2016-01-28,5,7
PARA,2016-01-29,6,7
PARA,2016-02-01,5,7
PARA,2016-02-02,5,7
PARA,2016-02-04,5,7
PARA,2016-02-05,4,7
PARA,2016-02-08,6,7
PARA,2016-02-09,6,7
PARA,2016-02-10,6,7
PARA,2016-02-12,5,7
PARA,2016-02-16,5,7
PARA,2016-02-18,1,7
PARA,2016-02-19,5,7
PARA,2016-02-22,5,7
PARA,2016-02-25,2,7
PARA,2016-02-26,3,7
PARA,2016-03-04,5,7
PARA,2016-03-14,6,7
PARA,2016-03-16,6,7
PARA,2016-03-18,6,7
PARA,2016-03-23,3,7
PARA,2016-03-24,5,7
PARA,2016-03-28,3,7
PARA,2016-03-29,5,7
PARA,2016-03-30,5,7
PARA,2016-03-31,4,7
PARA,2016-04-01,2,7
PARA,2016-04-04,4,7
PARA,2016-04-05,1,7
PARA,2016-04-06,6,7
PARA,2016-04-07,4,7
PARA,2016-04-08,3,7
PARA,2016-04-11,3,7
PARA,2016-04-12,2,7
PARA,2016-04-13,5,7
PARA,2016-04-14,3,7
PARA,2016-04-15,4,7
PARA,2016-04-18,5,7
PARA,2016-04-19,5,7
PARA,2016-04-20,5,7
PARA,2016-04-21,1,7
PARA,2016-04-22,5,7
PARA,2016-04-25,6,7
PARA,2016-04-26,4,7
PARA,2016-04-27,1,7
PARA,2016-04-28,2,7
PARA,2016-04-29,5,7
PARA,2016-05-02,6,7
PARA,2016-05-03,2,7
PARA,2016-05-04,6,7
PARA,2016-05-05,2,7
PARA,2016-05-06,2,7
PARA,2016-05-09,6,7
PARA,2016-05-10,3,7
PARA,2016-05-11,4,7
PARA,2016-05-12,3,7
PARA,2016-05-13,2,7
PARA,2016-05-17,4,7
PARA,2016-05-18,4,7
PARA,2016-05-19,3,7
PARA,2016-05-24,2,7
PARA,2016-05-25,3,7
PARA,2016-05-26,5,7
PARA,2016-05-31,6,7
PARA,2016-06-01,3,7
PARA,2016-06-02,4,7
PARA,2016-06-03,1,7
PARA,2016-06-06,1,7
PARA,2016-06-07,4,7
PARA,2016-06-08,5,7
PARA,2016-06-09,3,7
PARA,2016-06-10,4,7
PARA,2016-06-13,1,7
PARA,2016-06-14,5,7
PARA,2016-06-16,1,7
PARA,2016-06-17,6,7
PARA,2016-06-21,4,7
PARA,2016-06-22,1,7
PARA,2016-06-23,2,7
PARA,2016-06-24,4,7
PARA,2016-06-27,4,7
PARA,2016-06-28,1,7
PARA,2016-06-29,6,7
PARA,2016-06-30,4,7
PARA,2016-07-01,4,7
PARA,2016-07-07,5,7
PARA,2016-08-22,6,7
PARA,2016-08-25,6,7
PARA,2016-08-26,6,7
PARA,2016-09-08,6,7
PARA,2016-09-16,6,7
PARA,2016-09-19,6,7
PARA,2016-09-20,6,7
PARA,2016-09-27,5,7
PARA,2016-09-29,6,7
PARA,2016-09-30,5,7
PARA,2016-10-03,6,7
PARA,2016-10-04,5,7
PARA,2016-10-05,5,7
PARA,2016-10-06,5,7
PARA,2016-10-10,5,7
PARA,2016-10-11,6,7
PARA,2016-10-12,5,7
PARA,2016-10-13,6,7
PARA,2016-10-14,6,7
PARA,2016-10-18,5,7
PARA,2016-10-19,5,7
PARA,2016-10-20,5,7
PARA,2016-10-21,3,7
PARA,2016-10-24,3,7
PARA,2016-10-26,5,7
PARA,2016-10-27,6,7
PARA,2016-10-28,3,7
PARA,2016-10-31,3,7
PARA,2016-11-01,4,7
PARA,2016-11-02,4,7
PARA,2016-11-03,4,7
PARA,2016-11-04,3,7
PARA,2016-11-07,6,7
PARA,2016-11-08,4,7
PARA,2016-11-09,3,7
PARA,2016-11-10,6,7
PARA,2016-11-15,6,7
PARA,2016-11-30,6,7
PARA,2016-12-05,5,7
PARA,2016-12-06,5,7
PARA,2016-12-07,4,7
PARA,2016-12-08,6,7
PARA,2016-12-15,5,7
PARA,2016-12-16,4,7
PARA,2016-12-20,6,7
PARA,2016-12-22,6,7
PARA,2016-12-27,6,7
PARA,2016-12-28,4,7
PARA,2016-12-29,6,7
PARA,2016-12-30,6,7
PARA,2017-01-09,6,7
PARA,2017-01-10,4,7
PARA,2017-01-12,6,7
PARA,2017-01-18,5,7
PARA,2017-01-19,6,7
PARA,2017-01-24,6,7
PARA,2017-01-26,6,7
PARA,2017-01-27,6,7
PARA,2017-01-31,6,7
PARA,2017-02-01,4,7
PARA,2017-02-03,6,7
PARA,2017-02-07,6,7
PARA,2017-02-22,5,7
PARA,2017-02-24,5,7
PARA,2017-03-06,6,7
PARA,2017-03-07,6,7
PARA,2017-03-13,6,7
PARA,2017-03-16,4,7
PARA,2017-03-17,4,7
PARA,2017-03-20,4,7
PARA,2017-03-21,6,7
PARA,2017-03-22,6,7
PARA,2017-03-23,4,7
PARA,2017-03-24,6,7
PARA,2017-03-27,4,7
PARA,2017-03-28,3,7
PARA,2017-03-29,6,7
PARA,2017-03-30,5,7
PARA,2017-03-31,6,7
PARA,2017-04-03,5,7
PARA,2017-04-04,5,7
PARA,2017-05-31,6,7
PARA,2017-06-05,6,7
PARA,2017-06-16,6,7
PARA,2017-06-20,6,7
PARA,2017-06-29,6,7
PARA,2017-07-03,3,4
PARA,2017-07-05,6,7
PARA,2017-07-06,6,7
PARA,2017-07-07,5,7
PARA,2017-07-11,5,7
PARA,2017-07-12,4,7
PARA,2017-07-17,6,7
PARA,2017-07-19,6,7
PARA,2017-07-20,5,7
PARA,2017-07-21,6,7
PARA,2017-07-26,6,7
PARA,2017-07-27,6,7
PARA,2017-07-28,4,7
PARA,2017-08-02,3,7
PARA,2017-08-03,3,7
PARA,2017-08-04,6,7
PARA,2017-08-07,5,7
PARA,2017-08-08,6,7
PARA,2017-08-10,3,7
PARA,2017-08-11,6,7
PARA,2017-08-15,6,7
PARA,2017-08-16,6,7
PARA,2017-08-18,5,7
PARA,2017-08-21,6,7
PARA,2017-08-23,3,7
PARA,2017-08-24,1,7
PARA,2017-08-25,6,7
PARA,2017-08-29,5,7
PARA,2017-09-19,5,7
PARA,2017-09-20,5,7
PARA,2017-09-22,6,7
PARA,2017-09-25,5,7
PARA,2017-09-27,6,7
PARA,2017-09-29,4,7
PARA,2017-10-02,6,7
PARA,2017-10-11,4,7
PARA,2017-10-12,6,7
PARA,2017-10-13,5,7
PARA,2017-10-16,4,7
PARA,2017-10-17,5,7
PARA,2017-10-19,5,7
PARA,2017-10-20,5,7
PARA,2017-10-23,6,7
PARA,2017-10-24,6,7
PARA,2017-10-25,6,7
PARA,2017-10-26,4,7
PARA,2017-10-27,6,7
PARA,2017-10-30,5,7
PARA,2017-10-31,6,7
PARA,2017-11-01,4,7
PARA,2017-11-02,4,7
PARA,2017-11-03,4,7
PARA,2017-11-06,6,7
PARA,2017-11-09,5,7
PARA,2017-11-24,3,4
PARA,2018-05-01,6,7
PARA,2018-05-08,6,7
PARA,2018-05-21,6,7
PARA,2018-05-25,6,7
PARA,2018-06-07,6,7
PARA,2018-06-08,6,7
PARA,2018-06-14,6,7
PARA,2018-06-15,6,7
PARA,2018-06-19,6,7
PARA,2018-06-20,4,7
PARA,2018-07-06,6,7
PARA,2021-03-03,6,7
PARA,2021-03-09,5,7
PARA,2021-03-10,6,7
PARA,2021-03-11,6,7
PARA,2021-03-16,4,7
PARA,2021-03-17,4,7
PARA,2021-03-18,5,7
PARA,2021-03-19,5,7
PARA,2021-03-22,4,7
PARA,2021-03-23,5,7
PARA,2021-03-24,4,7
PARA,2021-03-25,3,7
PARA,2021-03-26,5,7
PARA,2021-03-29,3,7
PARA,2021-03-30,1,7
PARA,2021-03-31,6,7
PARA,2021-04-06,6,7
PARA,2021-04-07,3,7
PARA,2021-04-09,5,7
PARA,2021-04-12,3,7
PARA,2021-04-13,3,7
PARA,2021-04-14,3,7
PARA,2021-04-15,5,7
PARA,2021-04-16,4,7
PARA,2021-04-19,5,7
PARA,2021-04-20,6,7
PARA,2021-04-21,6,7
PARA,2021-04-22,6,7
PARA,2021-04-23,5,7
PARA,2021-04-26,1,7
PARA,2021-04-27,5,7
PARA,2021-04-28,5,7
PARA,2021-04-30,1,7
PARA,2021-05-03,3,7
PARA,2021-05-04,5,7
PARA,2021-05-05,2,7
PARA,2021-05-06,5,7
PARA,2021-05-07,4,7
PARA,2021-05-13,2,7
PARA,2021-05-14,5,7
PARA,2021-05-17,6,7
PARA,2021-05-19,4,7
PARA,2021-05-20,4,7
PARA,2021-05-21,4,7
PARA,2021-05-24,2,7
PARA,2021-05-25,2,7
PARA,2021-05-26,3,7
PARA,2021-05-27,2,7
PARA,2021-05-28,3,7
PARA,2021-06-01,4,7
PARA,2021-06-02,2,7
PARA,2021-06-03,5,7
PARA,2021-06-04,2,7
PARA,2021-06-07,2,7
PARA,2021-06-08,2,7
PARA,2021-06-09,2,7
PARA,2021-06-10,3,7
PARA,2021-06-11,3,7
PARA,2021-06-14,6,7
PARA,2021-06-15,2,7
PARA,2021-06-16,1,7
PARA,2021-06-17,3,7
PARA,2021-06-18,3,7
PARA,2021-06-21,1,7
PARA,2021-06-22,2,7
PARA,2021-06-24,5,7
PARA,2021-06-25,5,7
PARA,2021-06-28,4,7
PARA,2021-06-29,4,7
PARA,2021-06-30,4,7
PARA,2021-07-01,4,7
PARA,2021-07-02,3,7
PARA,2021-07-06,3,7
PARA,2021-07-07,3,7
PARA,2021-07-08,2,7
PARA,2021-07-09,4,7
PARA,2021-07-12,1,7
PARA,2021-07-13,5,7
PARA,2021-07-14,2,7
PARA,2021-07-16,3,7
PARA,2021-07-19,4,7
PARA,2021-07-20,1,7
PARA,2021-07-21,3,7
PARA,2021-07-22,4,7
PARA,2021-07-23,2,7
PARA,2021-07-26,2,7
PARA,2021-07-27,1,7
PARA,2021-07-28,1,7
PARA,2021-07-29,3,7
PARA,2021-07-30,3,7
PARA,2021-08-02,2,7
PARA,2021-08-03,2,7
PARA,2021-08-04,2,7
PARA,2021-08-05,1,7
PARA,2021-08-06,2,7
PARA,2021-08-09,2,7
PARA,2021-08-11,1,7
PARA,2021-08-12,1,7
PARA,2021-08-13,3,7
PARA,2021-08-16,3,7
PARA,2021-08-17,1,7
PARA,2021-08-18,1,7
PARA,2021-08-19,1,7
PARA,2021-08-20,1,7
PARA,2021-08-23,1,7
PARA,2021-08-24,1,7
PARA,2021-08-25,1,7
PARA,2021-08-26,1,7
PARA,2021-08-30,1,7
PARA,2021-08-31,2,7
PARA,2021-09-01,1,7
PARA,2021-09-02,1,7
PARA,2021-09-03,4,7
PARA,2021-09-07,2,7
PARA,2021-09-13,1,7
PARA,2021-09-14,6,7
PARA,2021-09-15,6,7
PARA,2021-09-16,3,7
PARA,2021-09-20,5,7
PARA,2021-09-22,1,7
PARA,2021-09-23,3,7
PARA,2021-09-24,2,7
PARA,2021-09-27,2,7
PARA,2021-09-28,1,7
PARA,2021-09-29,5,7
PARA,2021-09-30,4,7
PARA,2021-10-01,4,7
PARA,2021-10-04,4,7
PARA,2021-10-05,2,7
PARA,2021-10-06,3,7
PARA,2021-10-07,4,7
PARA,2021-10-08,2,7
PARA,2021-10-11,2,7
PARA,2021-10-12,3,7
PARA,2021-10-13,5,7
PARA,2021-10-14,3,7
PARA,2021-10-15,2,7
PARA,2021-10-18,3,7
PARA,2021-10-22,5,7
PARA,2021-10-26,3,7
PARA,2021-10-27,3,7
PARA,2021-10-28,2,7
PARA,2021-10-29,2,7
PARA,2021-11-01,2,7
PARA,2021-11-02,3,7
PARA,2021-11-03,3,7
PARA,2021-11-05,2,7
PARA,2021-11-08,2,7
PARA,2021-11-10,5,7
PARA,2021-11-11,2,7
PARA,2021-11-12,2,7
PARA,2021-11-15,3,7
PARA,2021-11-16,5,7
PARA,2021-11-17,4,7
PARA,2021-11-22,3,7
PARA,2021-11-23,5,7
PARA,2021-11-26,1,4
PARA,2021-11-29,3,7
PARA,2021-11-30,3,7
PARA,2021-12-01,6,7
PARA,2021-12-02,6,7
PARA,2021-12-03,3,7
PARA,2021-12-06,1,7
PARA,2021-12-07,4,7
PARA,2021-12-08,2,7
PARA,2021-12-09,3,7
PARA,2021-12-10,3,7
PARA,2021-12-13,1,7
PARA,2021-12-14,4,7
PARA,2021-12-16,3,7
PARA,2021-12-17,4,7
PARA,2021-12-20,1,7
PARA,2021-12-28,4,7
PARA,2021-12-29,3,7
PARA,2021-12-30,1,7
PARA,2021-12-31,3,7
PARA,2022-01-04,1,7
PARA,2022-01-06,1,7
PARA,2022-01-07,3,7
PARA,2022-01-12,1,7
PARA,2022-01-19,2,7
PARA,2022-01-20,2,7
PARA,2022-01-21,2,7
PARA,2022-01-24,4,7
PARA,2022-01-25,4,7
PARA,2022-01-26,1,7
PARA,2022-01-27,4,7
PARA,2022-01-28,3,7
PARA,2022-01-31,2,7
PARA,2022-02-01,2,7
PARA,2022-02-02,1,7
PARA,2022-02-03,4,7
PARA,2022-02-04,3,7
PARA,2022-02-07,4,7
PARA,2022-02-08,1,7
PARA,2022-02-09,2,7
PARA,2022-02-10,2,7
PARA,2022-02-14,1,7
PARA,2022-02-15,1,7
PARA,2022-02-16,2,7
PARA,2022-02-17,2,7
PARA,2022-02-18,3,7
PARA,2022-02-22,3,7
PARA,2022-02-23,3,7
PARA,2022-02-24,2,7
PARA,2022-02-25,4,7
PARA,2022-02-28,1,7
PARA,2022-03-01,5,7
PARA,2022-03-02,1,7
PARA,2022-03-03,1,7
PARA,2022-03-04,1,7
PARA,2022-03-07,2,7
PARA,2022-03-09,5,7
PARA,2022-03-10,1,7
PARA,2022-03-11,2,7
PARA,2022-03-15,4,7
PARA,2022-03-16,2,7
PARA,2022-03-18,2,7
PARA,2022-03-21,5,7
PARA,2022-03-22,1,7
PARA,2022-03-25,1,7
PARA,2022-03-28,3,7
PARA,2022-03-29,3,7
PARA,2022-03-30,1,7
PARA,2022-03-31,1,7
PARA,2022-04-01,1,7
PARA,2022-04-05,4,7
PARA,2022-04-06,2,7
PARA,2022-04-07,1,7
PARA,2022-04-08,2,7
PARA,2022-04-11,3,7
PARA,2022-04-12,4,7
PARA,2022-04-14,4,7
PARA,2022-04-18,1,7
PARA,2022-04-21,3,7
PARA,2022-04-22,2,7
PARA,2022-04-25,1,7
PARA,2022-04-26,2,7
PARA,2022-04-28,1,7
PARA,2022-04-29,1,7
PARA,2022-05-02,1,7
PARA,2022-05-03,1,7
PARA,2022-05-04,2,7
PARA,2022-05-05,1,7
PARA,2022-05-09,3,7
PARA,2022-05-10,3,7
PARA,2022-05-11,4,7
PARA,2022-05-12,3,7
PARA,2022-05-13,2,7
PARA,2022-05-16,1,7
PARA,2022-05-17,3,7
PARA,2022-05-18,1,7
PARA,2022-05-19,1,7
PARA,2022-05-23,1,7
PARA,2022-05-24,2,7
PARA,2022-05-27,2,7
PARA,2022-05-31,4,7
PARA,2022-06-01,5,7
PARA,2022-06-06,2,7
PARA,2022-06-07,1,7
PARA,2022-06-09,1,7
PARA,2022-06-10,4,7
PARA,2022-06-13,5,7
PARA,2022-06-14,2,7
PARA,2022-06-15,3,7
PARA,2022-06-16,4,7
PARA,2022-06-17,3,7
PARA,2022-06-21,1,7
PARA,2022-06-22,2,7
PARA,2022-06-23,6,7
PARA,2022-06-28,2,7
PARA,2022-06-29,1,7
PARA,2022-06-30,2,7
PARA,2022-07-01,1,7
PARA,2022-07-05,5,7
PARA,2022-07-06,1,7
PARA,2022-07-07,2,7
PARA,2022-07-12,1,7
PARA,2022-07-15,1,7
PARA,2022-07-18,3,7
PARA,2022-07-19,1,7
PARA,2022-07-20,4,7
PARA,2022-07-22,3,7
PARA,2022-07-26,4,7
PARA,2022-07-27,2,7
PARA,2022-07-28,3,7
PARA,2022-07-29,2,7
PARA,2022-08-01,2,7
PARA,2022-08-02,3,7
PARA,2022-08-03,4,7
PARA,2022-08-05,1,7
PARA,2022-08-09,1,7
PARA,2022-08-10,2,7
PARA,2022-08-11,1,7
PARA,2022-08-16,2,7
PARA,2022-08-18,2,7
PARA,2022-08-22,3,7
PARA,2022-08-25,4,7
PARA,2022-08-26,3,7
PARA,2022-08-29,1,7
PARA,2022-08-30,1,7
PARA,2022-08-31,2,7
PARA,2022-09-01,2,7
PARA,2022-09-02,2,7
PARA,2022-09-07,4,7
PARA,2022-09-09,1,7
PARA,2022-09-14,1,7
PARA,2022-09-15,4,7
PARA,2022-09-16,1,7
PARA,2022-09-19,1,7
PARA,2022-09-20,5,7
PARA,2022-09-21,4,7
PARA,2022-09-22,2,7
PARA,2022-09-26,2,7
PARA,2022-09-27,1,7
PARA,2022-09-30,2,7
PARA,2022-10-03,4,7
PARA,2022-10-04,4,7
PARA,2022-10-05,4,7
PARA,2022-10-06,3,7
PARA,2022-10-10,3,7
PARA,2022-10-11,4,7
PARA,2022-10-12,5,7
PARA,2022-10-13,4,7
PARA,2022-10-17,3,7
PARA,2022-10-18,1,7
PARA,2022-10-19,2,7
PARA,2022-10-20,1,7
PARA,2022-10-21,1,7
PARA,2022-10-24,1,7
PARA,2022-10-25,2,7
PARA,2022-10-28,4,7
PARA,2022-10-31,1,7
PARA,2022-11-01,5,7
PARA,2022-11-07,1,7
PARA,2022-11-09,3,7
PARA,2022-11-10,3,7
PARA,2022-11-11,2,7
PARA,2022-11-14,1,7
PARA,2022-11-15,4,7
PARA,2022-11-22,1,7
PARA,2022-11-23,1,7
PARA,2022-11-25,1,4
PARA,2022-11-30,2,7
PARA,2022-12-01,3,7
PARA,2022-12-02,3,7
PARA,2022-12-05,1,7
PARA,2022-12-06,4,7
PARA,2022-12-07,1,7
PARA,2022-12-08,5,7
PARA,2022-12-09,5,7
PARA,2022-12-12,2,7
PARA,2022-12-13,4,7
PARA,2022-12-14,2,7
PARA,2022-12-15,2,7
PARA,2022-12-16,1,7
PARA,2022-12-19,1,7
PARA,2022-12-20,4,7
PARA,2022-12-21,2,7
PARA,2022-12-22,2,7
PARA,2022-12-23,1,7
PARA,2022-12-27,5,7
PARA,2022-12-28,1,7
PARA,2022-12-29,2,7
PARA,2022-12-30,2,7
PARA,2023-01-03,3,7
PARA,2023-01-04,2,7
PARA,2023-01-05,5,7
PARA,2023-01-06,5,7
PARA,2023-01-09,4,7
PARA,2023-01-10,1,7
PARA,2023-01-13,1,7
PARA,2023-01-23,2,7
PARA,2023-01-24,2,7
PARA,2023-01-25,3,7
PARA,2023-01-27,3,7
PARA,2023-01-31,1,7
PARA,2023-02-01,1,7
PARA,2023-02-02,1,7
PARA,2023-02-06,1,7
PARA,2023-02-08,1,7
PARA,2023-02-10,1,7
PARA,2023-02-15,1,7
PARA,2023-02-21,3,7
PARA,2023-02-22,1,7
PARA,2023-02-23,1,7
PARA,2023-02-27,2,7
PARA,2023-03-01,1,7
PARA,2023-03-02,1,7
PARA,2023-03-08,1,7
PARA,2023-03-09,3,7
PARA,2023-03-10,1,7
PARA,2023-03-13,1,7
PARA,2023-03-14,1,7
PARA,2023-03-15,2,7
PARA,2023-03-20,1,7
PARA,2023-03-27,1,7
PARA,2023-03-29,1,7
PARA,2023-03-31,1,7
PARA,2023-04-03,1,7
PARA,2023-04-04,4,7
PARA,2023-04-05,1,7
PARA,2023-04-11,1,7
PARA,2023-04-12,1,7
PARA,2023-04-19,1,7
PARA,2023-04-20,1,7
PARA,2023-04-21,2,7
PARA,2023-04-24,1,7
PARA,2023-04-25,1,7
PARA,2023-04-26,3,7
PARA,2023-04-27,1,7
PARA,2023-05-01,3,7
PARA,2023-05-02,1,7
PARA,2023-05-05,1,7
PARA,2023-05-08,6,7
PARA,2023-05-10,1,7
PARA,2023-05-11,1,7
PARA,2023-05-16,2,7
PARA,2023-05-17,3,7
PARA,2023-05-18,1,7
PARA,2023-05-19,1,7
PARA,2023-05-22,5,7
PARA,2023-05-23,2,7
PARA,2023-05-31,5,7
PARA,2023-06-01,2,7
PARA,2023-06-02,1,7
PARA,2023-06-05,1,7
PARA,2023-06-06,1,7
PARA,2023-06-12,3,7
PARA,2023-06-13,4,7
PARA,2023-06-14,3,7
PARA,2023-06-15,6,7
PARA,2023-06-16,6,7
PARA,2023-06-20,3,7
PARA,2023-06-21,1,7
PARA,2023-06-23,2,7
PARA,2023-06-27,5,7
PARA,2023-06-29,3,7
PARA,2023-07-03,3,4
PARA,2023-07-05,3,7
PARA,2023-07-06,4,7
PARA,2023-07-07,2,7
PARA,2023-07-10,4,7
PARA,2023-07-11,5,7
PARA,2023-07-12,3,7
PARA,2023-07-13,4,7
PARA,2023-07-14,2,7
PARA,2023-07-17,2,7
PARA,2023-07-18,2,7
PARA,2023-07-19,4,7
PARA,2023-07-20,1,7
PARA,2023-07-24,3,7
PARA,2023-07-25,2,7
PARA,2023-07-26,6,7
PARA,2023-07-27,4,7
PARA,2023-07-28,3,7
PARA,2023-07-31,2,7
PARA,2023-08-01,3,7
PARA,2023-08-02,1,7
PARA,2023-08-03,3,7
PARA,2023-08-04,2,7
PARA,2023-08-07,3,7
PARA,2023-08-08,3,7
PARA,2023-08-10,2,7
PARA,2023-08-11,1,7
PARA,2023-08-14,2,7
PARA,2023-08-18,1,7
PARA,2023-08-21,1,7
PARA,2023-08-22,1,7
PARA,2023-08-23,1,7
PARA,2023-08-24,3,7
PARA,2023-08-25,3,7
PARA,2023-08-28,3,7
PARA,2023-08-29,3,7
PARA,2023-08-30,1,7
PARA,2023-08-31,2,7
PARA,2023-09-01,3,7
PARA,2023-09-07,3,7
PARA,2023-09-08,1,7
PARA,2023-09-11,1,7
PARA,2023-09-12,1,7
PARA,2023-09-13,1,7
PARA,2023-09-14,1,7
PARA,2023-09-18,1,7
PARA,2023-09-19,1,7
PARA,2023-09-20,1,7
PARA,2023-09-21,2,7
PARA,2023-09-22,3,7
PARA,2023-09-25,3,7
PARA,2023-09-26,1,7
PARA,2023-09-28,3,7
PARA,2023-09-29,2,7
PARA,2023-10-02,3,7
PARA,2023-10-04,4,7
PARA,2023-10-05,2,7
PARA,2023-10-09,2,7
PARA,2023-10-10,1,7
PARA,2023-10-11,4,7
PARA,2023-10-16,1,7
PARA,2023-10-17,1,7
PARA,2023-10-18,1,7
PARA,2023-10-20,1,7
PARA,2023-10-23,1,7
PARA,2023-10-24,2,7
PARA,2023-10-25,1,7
PARA,2023-10-31,1,7
PARA,2023-11-01,1,7
PARA,2023-11-02,2,7
PARA,2023-11-03,4,7
PARA,2023-11-06,1,7
PARA,2023-11-07,1,7
PARA,2023-11-09,1,7
PARA,2023-11-10,1,7
PARA,2023-11-14,1,7
PARA,2023-11-15,2,7
PARA,2023-11-16,2,7
PARA,2023-11-20,1,7
PARA,2023-11-21,1,7
PARA,2023-11-24,1,4
PARA,2023-11-28,3,7
PARA,2023-11-29,1,7
PARA,2023-11-30,1,7
PARA,2023-12-01,3,7
PARA,2023-12-04,3,7
PARA,2023-12-05,4,7
PARA,2023-12-07,2,7
PARA,2023-12-08,3,7
PARA,2023-12-11,3,7
PARA,2023-12-12,4,7
PARA,2023-12-14,3,7
PARA,2024-02-01,6,7
PARA,2024-02-13,6,7
PARA,2024-02-14,6,7
PAYC,2021-04-19,1,7
PAYC,2021-10-25,1,7
PAYC,2022-01-24,2,7
PAYC,2022-03-08,1,7
PAYX,2018-05-02,1,7
PAYX,2018-05-03,1,7
PBCT,2018-05-02,1,7
PBCT,2018-05-03,1,7
PBI,2021-04-19,1,7
PBI,2021-10-25,1,7
PBI,2022-01-24,2,7
PCAR,2018-05-02,1,7
PCAR,2018-05-03,1,7
PCG,2020-06-26,6,7
PCG,2021-04-19,1,7
PCG,2021-10-25,1,7
PCG,2022-01-24,2,7
PCG,2022-03-08,1,7
PCL,2025-09-12,1,7
PCL,2025-09-17,1,7
PCL,2025-11-12,1,7
PCL,2025-12-08,1,7
PCL,2026-03-12,1,7
PCL,2026-04-24,1,7
PCL,2026-06-22,1,7
PCL,2026-07-06,1,7
PCL,2026-07-07,1,7
PCL,2026-07-21,1,7
PCL,2026-07-28,1,7
PCL,2026-07-30,1,7
PCL,2026-07-31,2,7
PCL,2026-08-03,1,7
PCL,2026-08-07,1,7
PCL,2026-08-10,1,7
PCL,2026-09-08,1,7
PCL,2026-09-14,1,7
PCL,2026-09-16,1,7
PCL,2026-09-18,2,7
PDCO,2018-05-02,1,7
PDCO,2018-05-03,1,7
PEG,2021-04-19,1,7
PEG,2021-10-25,1,7
PEG,2022-01-24,2,7
PEG,2022-03-08,1,7
PENN,2018-05-02,1,7
PENN,2018-05-03,1,7
PEP,2018-05-02,1,7
PEP,2018-05-03,1,7
PFE,2021-04-19,1,7
PFE,2021-10-25,1,7
PFE,2022-01-24,2,7
PFG,2018-05-02,1,7
PFG,2018-05-03,1,7
PG,2021-04-19,1,7
PG,2021-10-25,1,7
PG,2022-01-24,2,7
PG,2022-03-08,1,7
PGR,2021-04-19,1,7
PGR,2021-10-25,1,7
PGR,2022-01-24,2,7
PGR,2022-03-08,1,7
PH,2021-04-19,1,7
PH,2021-10-25,1,7
PH,2022-01-24,2,7
PH,2022-03-08,1,7
PHM,2021-04-19,1,7
PHM,2021-10-25,1,7
PHM,2022-01-24,2,7
PHM,2022-03-08,1,7
PKG,2021-04-19,1,7
PKG,2021-10-25,1,7
PKG,2022-01-24,2,7
PKG,2022-03-08,1,7
PLD,2021-04-19,1,7
PLD,2021-10-25,1,7
PLD,2022-01-24,2,7
PLD,2022-03-08,1,7
PLTR,2020-09-30,3,7
PLTR,2021-04-19,1,7
PLTR,2021-10-25,1,7
PLTR,2022-01-24,2,7
PM,2021-04-19,1,7
PM,2021-10-25,1,7
PM,2022-01-24,2,7
PM,2022-03-08,1,7
PNC,2021-04-19,1,7
PNC,2021-10-25,1,7
PNC,2022-01-24,2,7
PNR,2020-03-12,6,7
PNR,2021-04-19,1,7
PNR,2021-10-25,1,7
PNR,2022-01-24,2,7
PNR,2022-03-08,1,7
PNW,2021-04-19,1,7
PNW,2021-10-25,1,7
PNW,2022-01-24,2,7
PNW,2022-03-08,1,7
PODD,2018-05-02,1,7
PODD,2018-05-03,1,7
POM,2025-10-08,5,7
POM,2026-02-19,6,7
POM,2026-03-03,6,7
POM,2026-03-06,6,7
POM,2026-03-31,6,7
POM,2026-04-01,6,7
POM,2026-04-02,6,7
POM,2026-04-06,6,7
POM,2026-06-26,6,7
POM,2026-06-29,6,7
POM,2026-06-30,5,7
POM,2026-07-02,6,7
POM,2026-07-07,5,7
POM,2026-07-08,5,7
POM,2026-07-13,5,7
POM,2026-07-14,5,7
POM,2026-07-15,6,7
POM,2026-07-16,5,7
POM,2026-07-22,6,7
POM,2026-07-27,6,7
POM,2026-07-29,6,7
POM,2026-08-05,5,7
POM,2026-08-06,6,7
POM,2026-08-07,6,7
POM,2026-08-10,6,7
POM,2026-08-14,6,7
POM,2026-08-17,6,7
POM,2026-08-19,5,7
POM,2026-08-20,4,7
POM,2026-08-21,4,7
POM,2026-08-24,5,7
POM,2026-08-25,4,7
POM,2026-08-26,4,7
POM,2026-08-27,6,7
POM,2026-08-28,2,7
POM,2026-08-31,5,7
POM,2026-09-01,6,7
POM,2026-09-02,2,7
POM,2026-09-03,5,7
POM,2026-09-09,4,7
POM,2026-09-10,3,7
POM,2026-09-11,5,7
POM,2026-09-14,4,7
POM,2026-09-15,3,7
POM,2026-09-16,5,7
POM,2026-09-18,5,7
POOL,2018-05-02,1,7
POOL,2018-05-03,1,7
PPG,2021-04-19,1,7
PPG,2021-10-25,1,7
PPG,2022-01-24,2,7
PPG,2022-03-08,1,7
PPL,2021-04-19,1,7
PPL,2021-10-25,1,7
PPL,2022-01-24,2,7
PPL,2022-03-08,1,7
PPLT,2016-01-05,6,7
PPLT,2016-09-14,6,7
PPLT,2017-06-28,6,7
PPLT,2018-03-12,6,7
PPLT,2018-07-30,6,7
PPLT,2018-10-19,6,7
PPLT,2022-10-18,6,7
PRGO,2021-04-19,1,7
PRGO,2021-10-25,1,7
PRGO,2022-01-24,2,7
PRGO,2022-03-08,1,7
PRU,2021-04-19,1,7
PRU,2021-10-25,1,7
PRU,2022-01-24,2,7
PRU,2022-03-08,1,7
PSA,2021-04-19,1,7
PSA,2021-10-25,1,7
PSA,2022-01-24,2,7
PSA,2022-03-08,1,7
PSX,2021-04-19,1,7
PSX,2021-10-25,1,7
PSX,2022-01-24,2,7
PSX,2022-03-08,1,7
PTC,2018-05-02,1,7
PTC,2018-05-03,1,7
PVH,2021-04-19,1,7
PVH,2021-10-25,1,7
PVH,2022-01-24,2,7
PVH,2022-03-08,1,7
PWR,2021-04-19,1,7
PWR,2021-10-25,1,7
PWR,2022-01-24,2,7
PWR,2022-03-08,1,7
PX,2021-10-21,6,7
PX,2021-10-25,1,7
PX,2022-01-24,2,7
PXD,2021-04-19,1,7
PXD,2021-10-25,1,7
PXD,2022-01-24,2,7
PXD,2022-03-08,1,7
PYPL,2018-05-02,1,7
PYPL,2018-05-03,1,7
QCOM,2018-05-02,1,7
QCOM,2018-05-03,1,7
QQQ,2018-05-02,1,7
QQQ,2018-05-03,1,7
QRVO,2018-05-02,1,7
QRVO,2018-05-03,1,7
R,2021-04-19,1,7
R,2021-10-25,1,7
R,2022-01-24,2,7
R,2022-03-08,1,7
RCL,2020-03-13,6,7
RCL,2021-04-19,1,7
RCL,2021-10-25,1,7
RCL,2022-01-24,2,7
RCL,2022-03-08,1,7
RDDT,2024-03-21,3,7
REGN,2016-03-16,6,7
REGN,2016-10-28,6,7
REGN,2017-03-28,6,7
REGN,2017-10-05,5,7
REGN,2018-05-02,1,7
REGN,2018-05-03,1,7
RF,2021-04-19,1,7
RF,2021-10-25,1,7
RF,2022-01-24,2,7
RF,2022-03-08,1,7
RHI,2021-04-19,1,7
RHI,2021-10-25,1,7
RHI,2022-01-24,2,7
RIG,2021-04-19,1,7
RIG,2021-10-25,1,7
RIG,2022-01-24,2,7
RIG,2022-03-08,1,7
RJF,2021-04-19,1,7
RJF,2021-10-25,1,7
RJF,2022-01-24,2,7
RL,2021-04-19,1,7
RL,2021-10-25,1,7
RL,2022-01-24,2,7
RL,2022-03-08,1,7
RMD,2021-04-19,1,7
RMD,2021-10-25,1,7
RMD,2022-01-24,2,7
RMD,2022-03-08,1,7
ROK,2021-04-19,1,7
ROK,2021-10-25,1,7
ROK,2022-01-24,2,7
ROK,2022-03-08,1,7
ROL,2021-04-19,1,7
ROL,2021-10-25,1,7
ROL,2022-01-24,2,7
ROL,2022-03-08,1,7
ROP,2021-04-19,1,7
ROP,2021-10-25,1,7
ROP,2022-01-24,2,7
ROST,2018-05-02,1,7
ROST,2018-05-03,1,7
RRC,2021-04-19,1,7
RRC,2021-10-25,1,7
RRC,2022-01-24,2,7
RRC,2022-03-08,1,7
RSG,2021-04-19,1,7
RSG,2021-10-25,1,7
RSG,2022-01-24,2,7
RSG,2022-03-08,1,7
RTX,2021-04-19,1,7
RTX,2021-10-25,1,7
RTX,2022-01-24,2,7
RVTY,2021-04-19,1,7
RVTY,2021-10-25,1,7
RVTY,2022-01-24,2,7
RVTY,2022-03-08,1,7
SBAC,2018-05-02,1,7
SBAC,2018-05-03,1,7
SBNY,2018-05-02,1,7
SBNY,2018-05-03,1,7
SBUX,2018-05-02,1,7
SBUX,2018-05-03,1,7
SCHW,2021-04-19,1,7
SCHW,2022-01-24,2,7
SCHW,2022-01-26,6,7
SCHW,2022-03-08,1,7
SE,2017-10-20,5,7
SE,2021-04-19,1,7
SE,2022-01-24,2,7
SE,2022-01-26,6,7
SEDG,2018-05-02,1,7
SEDG,2018-05-03,1,7
SEE,2021-04-19,1,7
SEE,2022-01-24,2,7
SEE,2022-01-26,6,7
SEE,2022-03-08,1,7
SHW,2021-04-19,1,7
SHW,2022-01-24,2,7
SHW,2022-01-26,6,7
SHW,2022-03-08,1,7
SIG,2021-04-19,1,7
SIG,2022-01-24,2,7
SIG,2022-01-26,6,7
SIG,2022-03-08,1,7
SIVB,2018-05-02,1,7
SIVB,2018-05-03,1,7
SJM,2021-04-19,1,7
SJM,2021-10-25,1,7
SJM,2022-01-24,2,7
SJM,2022-01-26,6,7
SKYY,2018-05-02,1,7
SKYY,2018-05-03,1,7
SLB,2021-04-19,1,7
SLB,2021-10-25,1,7
SLB,2022-01-24,2,7
SLB,2022-01-26,6,7
SLB,2022-03-08,1,7
SLG,2021-04-19,1,7
SLG,2021-10-25,1,7
SLG,2022-01-24,2,7
SLG,2022-01-26,6,7
SLG,2022-03-08,1,7
SMCI,2018-05-02,1,7
SMCI,2018-05-03,1,7
SNA,2021-04-19,1,7
SNA,2021-10-25,1,7
SNA,2022-01-24,2,7
SNA,2022-01-26,6,7
SNA,2022-03-08,1,7
SNDK,2025-02-13,6,7
SNPS,2018-05-02,1,7
SNPS,2018-05-03,1,7
SO,2021-04-19,1,7
SO,2021-10-25,1,7
SO,2022-01-24,2,7
SO,2022-01-26,6,7
SO,2022-03-08,1,7
SOXX,2018-05-02,1,7
SOXX,2018-05-03,1,7
SOYB,2016-01-05,5,7
SOYB,2016-01-06,6,7
SOYB,2016-01-08,5,7
SOYB,2016-01-11,6,7
SOYB,2016-01-12,5,7
SOYB,2016-01-13,5,7
SOYB,2016-01-14,3,7
SOYB,2016-01-15,3,7
SOYB,2016-01-19,6,7
SOYB,2016-01-20,6,7
SOYB,2016-01-21,6,7
SOYB,2016-01-22,4,7
SOYB,2016-01-25,5,7
SOYB,2016-01-26,4,7
SOYB,2016-01-27,6,7
SOYB,2016-01-28,5,7
SOYB,2016-01-29,3,7
SOYB,2016-02-01,3,7
SOYB,2016-02-02,6,7
SOYB,2016-02-03,5,7
SOYB,2016-02-04,3,7
SOYB,2016-02-08,6,7
SOYB,2016-02-09,4,7
SOYB,2016-02-10,3,7
SOYB,2016-02-11,5,7
SOYB,2016-02-12,4,7
SOYB,2016-02-16,6,7
SOYB,2016-02-17,6,7
SOYB,2016-02-18,6,7
SOYB,2016-02-19,3,7
SOYB,2016-02-22,6,7
SOYB,2016-02-23,5,7
SOYB,2016-02-24,6,7
SOYB,2016-02-25,3,7
SOYB,2016-02-26,5,7
SOYB,2016-02-29,5,7
SOYB,2016-03-01,6,7
SOYB,2016-03-02,5,7
SOYB,2016-03-03,5,7
SOYB,2016-03-07,6,7
SOYB,2016-03-08,6,7
SOYB,2016-03-10,6,7
SOYB,2016-03-21,5,7
SOYB,2016-03-23,5,7
SOYB,2016-04-04,4,7
SOYB,2016-04-07,5,7
SOYB,2016-04-08,6,7
SOYB,2016-04-15,6,7
SOYB,2016-04-26,5,7
SOYB,2016-04-27,6,7
SOYB,2016-05-02,5,7
SOYB,2016-05-04,6,7
SOYB,2016-05-06,6,7
SOYB,2016-05-09,6,7
SOYB,2016-05-13,6,7
SOYB,2016-05-16,6,7
SOYB,2016-05-17,6,7
SOYB,2016-05-18,6,7
SOYB,2016-05-20,5,7
SOYB,2016-05-23,6,7
SOYB,2016-05-24,6,7
SOYB,2016-05-25,5,7
SOYB,2016-05-27,5,7
SOYB,2016-05-31,4,7
SOYB,2016-06-01,6,7
SOYB,2016-06-22,6,7
SOYB,2016-06-23,6,7
SOYB,2016-07-11,5,7
SOYB,2016-07-18,6,7
SOYB,2016-07-21,6,7
SOYB,2016-07-26,6,7
SOYB,2016-08-03,6,7
SOYB,2016-08-04,5,7
SOYB,2016-08-05,6,7
SOYB,2016-08-11,6,7
SOYB,2016-08-18,6,7
SOYB,2016-08-19,6,7
SOYB,2016-08-23,5,7
SOYB,2016-08-31,6,7
SOYB,2016-09-06,3,7
SOYB,2016-09-08,6,7
SOYB,2016-09-12,6,7
SOYB,2016-09-13,5,7
SOYB,2016-09-14,4,7
SOYB,2016-09-15,5,7
SOYB,2016-09-16,6,7
SOYB,2016-09-19,6,7
SOYB,2016-09-23,6,7
SOYB,2016-09-28,3,7
SOYB,2016-09-29,5,7
SOYB,2016-09-30,5,7
SOYB,2016-10-04,6,7
SOYB,2016-10-05,6,7
SOYB,2016-10-06,5,7
SOYB,2016-10-07,5,7
SOYB,2016-10-10,5,7
SOYB,2016-10-11,4,7
SOYB,2016-10-17,6,7
SOYB,2016-10-18,6,7
SOYB,2016-10-19,6,7
SOYB,2016-10-20,6,7
SOYB,2016-10-21,6,7
SOYB,2016-10-28,5,7
SOYB,2016-11-03,5,7
SOYB,2016-11-04,4,7
SOYB,2016-11-07,6,7
SOYB,2016-11-10,5,7
SOYB,2016-11-14,6,7
SOYB,2016-11-16,4,7
SOYB,2016-11-17,3,7
SOYB,2016-11-18,6,7
SOYB,2016-11-21,6,7
SOYB,2016-11-22,6,7
SOYB,2016-11-29,6,7
SOYB,2016-12-01,6,7
SOYB,2016-12-02,5,7
SOYB,2016-12-07,3,7
SOYB,2016-12-08,5,7
SOYB,2016-12-12,5,7
SOYB,2016-12-13,5,7
SOYB,2016-12-14,2,7
SOYB,2016-12-15,6,7
SOYB,2016-12-19,5,7
SOYB,2016-12-20,5,7
SOYB,2016-12-23,6,7
SOYB,2016-12-27,5,7
SOYB,2016-12-28,6,7
SOYB,2016-12-29,3,7
SOYB,2017-01-04,6,7
SOYB,2017-01-05,6,7
SOYB,2017-01-06,6,7
SOYB,2017-01-09,6,7
SOYB,2017-01-11,6,7
SOYB,2017-01-19,6,7
SOYB,2017-01-25,6,7
SOYB,2017-01-26,4,7
SOYB,2017-01-27,5,7
SOYB,2017-01-31,6,7
SOYB,2017-02-02,6,7
SOYB,2017-02-03,6,7
SOYB,2017-02-06,6,7
SOYB,2017-02-07,6,7
SOYB,2017-02-09,6,7
SOYB,2017-02-16,6,7
SOYB,2017-02-17,6,7
SOYB,2017-02-21,6,7
SOYB,2017-02-24,5,7
SOYB,2017-03-01,3,7
SOYB,2017-03-03,6,7
SOYB,2017-03-06,6,7
SOYB,2017-03-07,4,7
SOYB,2017-03-08,6,7
SOYB,2017-03-13,4,7
SOYB,2017-03-14,5,7
SOYB,2017-03-15,6,7
SOYB,2017-03-16,6,7
SOYB,2017-03-17,6,7
SOYB,2017-03-21,4,7
SOYB,2017-03-22,2,7
SOYB,2017-03-23,6,7
SOYB,2017-03-27,6,7
SOYB,2017-03-28,4,7
SOYB,2017-03-30,5,7
SOYB,2017-04-03,6,7
SOYB,2017-04-04,6,7
SOYB,2017-04-06,4,7
SOYB,2017-04-07,5,7
SOYB,2017-04-10,6,7
SOYB,2017-04-12,6,7
SOYB,2017-04-17,6,7
SOYB,2017-04-18,6,7
SOYB,2017-04-21,5,7
SOYB,2017-04-26,6,7
SOYB,2017-04-27,6,7
SOYB,2017-05-11,5,7
SOYB,2017-05-15,6,7
SOYB,2017-05-17,6,7
SOYB,2017-05-19,6,7
SOYB,2017-05-22,6,7
SOYB,2017-06-08,6,7
SOYB,2017-06-12,6,7
SOYB,2017-06-20,6,7
SOYB,2017-06-21,6,7
SOYB,2017-06-22,6,7
SOYB,2017-06-26,5,7
SOYB,2017-06-28,6,7
SOYB,2017-07-14,5,7
SOYB,2017-07-18,6,7
SOYB,2017-07-27,6,7
SOYB,2017-08-02,6,7
SOYB,2017-08-09,6,7
SOYB,2017-08-22,6,7
SOYB,2017-08-23,6,7
SOYB,2017-08-28,6,7
SOYB,2017-08-31,6,7
SOYB,2017-09-01,5,7
SOYB,2017-09-06,6,7
SOYB,2017-09-07,5,7
SOYB,2017-09-08,5,7
SOYB,2017-09-12,6,7
SOYB,2017-09-13,5,7
SOYB,2017-09-15,6,7
SOYB,2017-09-21,6,7
SOYB,2017-09-26,5,7
SOYB,2017-09-27,4,7
SOYB,2017-09-28,6,7
SOYB,2017-10-02,6,7
SOYB,2017-10-03,5,7
SOYB,2017-10-04,6,7
SOYB,2017-10-09,6,7
SOYB,2017-10-11,3,7
SOYB,2017-10-12,6,7
SOYB,2017-10-18,6,7
SOYB,2017-10-24,6,7
SOYB,2017-10-25,6,7
SOYB,2017-10-31,6,7
SOYB,2017-11-01,6,7
SOYB,2017-11-02,5,7
SOYB,2017-11-06,6,7
SOYB,2017-11-07,4,7
SOYB,2017-11-10,6,7
SOYB,2017-11-14,5,7
SOYB,2017-11-15,4,7
SOYB,2017-11-16,5,7
SOYB,2017-11-17,6,7
SOYB,2017-11-20,4,7
SOYB,2017-11-21,3,7
SOYB,2017-11-27,5,7
SOYB,2017-11-28,6,7
SOYB,2017-11-29,6,7
SOYB,2017-11-30,5,7
SOYB,2017-12-04,5,7
SOYB,2017-12-07,4,7
SOYB,2017-12-08,3,7
SOYB,2017-12-13,5,7
SOYB,2017-12-14,6,7
SOYB,2017-12-15,3,7
SOYB,2017-12-18,6,7
SOYB,2017-12-19,6,7
SOYB,2017-12-20,6,7
SOYB,2017-12-21,5,7
SOYB,2017-12-22,5,7
SOYB,2017-12-26,5,7
SOYB,2017-12-27,6,7
SOYB,2017-12-28,6,7
SOYB,2017-12-29,6,7
SOYB,2018-01-08,4,7
SOYB,2018-01-09,5,7
SOYB,2018-01-12,6,7
SOYB,2018-01-17,4,7
SOYB,2018-01-18,6,7
SOYB,2018-01-23,6,7
SOYB,2018-01-26,6,7
SOYB,2018-01-29,5,7
SOYB,2018-02-07,5,7
SOYB,2018-02-08,6,7
SOYB,2018-02-13,6,7
SOYB,2018-02-14,4,7
SOYB,2018-02-22,6,7
SOYB,2018-03-06,6,7
SOYB,2018-03-07,6,7
SOYB,2018-03-16,6,7
SOYB,2018-03-20,6,7
SOYB,2018-04-03,5,7
SOYB,2018-04-12,5,7
SOYB,2018-04-17,3,7
SOYB,2018-04-18,4,7
SOYB,2018-05-01,6,7
SOYB,2018-05-02,6,7
SOYB,2018-05-09,5,7
SOYB,2018-08-06,6,7
SOYB,2018-11-13,6,7
SOYB,2018-11-27,6,7
SOYB,2018-12-13,6,7
SOYB,2018-12-27,6,7
SOYB,2018-12-28,6,7
SOYB,2019-01-14,6,7
SOYB,2019-01-23,6,7
SOYB,2019-01-24,6,7
SOYB,2019-01-29,5,7
SOYB,2019-01-30,6,7
SOYB,2019-03-13,6,7
SOYB,2019-03-14,6,7
SOYB,2019-03-19,6,7
SOYB,2019-03-20,5,7
SOYB,2019-03-22,6,7
SOYB,2019-03-25,6,7
SOYB,2019-03-26,6,7
SOYB,2019-04-03,6,7
SOYB,2019-04-08,6,7
SOYB,2019-04-09,5,7
SOYB,2019-04-10,3,7
SOYB,2019-04-15,5,7
SOYB,2019-04-18,6,7
SOYB,2019-04-22,6,7
SOYB,2019-07-24,6,7
SOYB,2019-07-26,5,7
SOYB,2019-08-12,6,7
SOYB,2019-08-14,6,7
SOYB,2019-09-16,6,7
SOYB,2019-09-18,6,7
SOYB,2019-09-30,6,7
SOYB,2019-10-03,6,7
SOYB,2019-11-05,6,7
SOYB,2019-11-11,6,7
SOYB,2020-01-06,6,7
SOYB,2020-02-19,6,7
SOYB,2020-02-26,6,7
SOYB,2020-03-03,6,7
SOYB,2020-03-10,6,7
SOYB,2020-04-01,6,7
SOYB,2020-04-07,6,7
SOYB,2020-04-15,6,7
SOYB,2021-08-10,6,7
SOYB,2021-08-26,6,7
SOYB,2021-10-29,6,7
SOYB,2022-07-22,6,7
SOYB,2022-08-09,6,7
SOYB,2022-09-09,6,7
SOYB,2022-10-17,6,7
SOYB,2022-11-22,6,7
SOYB,2022-11-23,6,7
SOYB,2023-01-05,6,7
SOYB,2023-02-01,6,7
SOYB,2023-02-14,6,7
SOYB,2023-02-15,6,7
SOYB,2023-02-16,5,7
SOYB,2023-03-09,6,7
SOYB,2023-03-28,6,7
SOYB,2023-03-29,5,7
SOYB,2023-03-30,6,7
SOYB,2023-03-31,6,7
SOYB,2023-04-04,6,7
SOYB,2023-04-06,6,7
SOYB,2023-04-12,4,7
SOYB,2023-04-13,6,7
SOYB,2023-04-14,6,7
SOYB,2023-04-17,6,7
SOYB,2023-04-19,6,7
SOYB,2023-04-20,6,7
SOYB,2023-04-24,6,7
SOYB,2023-04-27,6,7
SOYB,2023-05-03,6,7
SOYB,2023-05-05,6,7
SOYB,2023-05-08,6,7
SOYB,2023-05-15,6,7
SOYB,2023-05-30,6,7
SOYB,2023-05-31,6,7
SOYB,2023-06-05,6,7
SOYB,2023-06-07,6,7
SOYB,2023-07-06,5,7
SOYB,2023-07-11,6,7
SOYB,2023-07-14,6,7
SOYB,2023-07-26,6,7
SOYB,2023-07-28,6,7
SOYB,2023-08-03,6,7
SOYB,2023-08-04,4,7
SOYB,2023-08-09,6,7
SOYB,2023-08-17,6,7
SOYB,2023-08-22,6,7
SOYB,2023-08-24,6,7
SOYB,2023-08-31,6,7
SOYB,2023-09-05,6,7
SOYB,2023-09-08,6,7
SOYB,2023-09-13,6,7
SOYB,2023-09-15,6,7
SOYB,2023-09-22,6,7
SOYB,2023-09-25,5,7
SOYB,2023-09-26,6,7
SOYB,2023-09-28,6,7
SOYB,2023-09-29,6,7
SOYB,2023-10-05,6,7
SOYB,2023-10-06,6,7
SOYB,2023-10-09,6,7
SOYB,2023-10-10,6,7
SOYB,2023-10-12,5,7
SOYB,2023-10-25,4,7
SOYB,2023-10-26,5,7
SOYB,2023-10-30,6,7
SOYB,2023-10-31,5,7
SOYB,2023-11-01,6,7
SOYB,2023-11-02,6,7
SOYB,2023-11-08,5,7
SOYB,2023-11-15,5,7
SOYB,2023-11-20,6,7
SOYB,2023-11-21,5,7
SOYB,2023-11-22,5,7
SOYB,2023-11-27,6,7
SOYB,2023-11-29,6,7
SOYB,2023-11-30,5,7
SOYB,2023-12-06,6,7
SOYB,2023-12-15,5,7
SOYB,2023-12-21,6,7
SOYB,2023-12-26,6,7
SOYB,2023-12-27,5,7
SOYB,2023-12-28,6,7
SOYB,2024-01-04,6,7
SOYB,2024-01-09,6,7
SOYB,2024-01-18,6,7
SOYB,2024-01-19,6,7
SOYB,2024-01-26,6,7
SOYB,2024-02-06,6,7
SOYB,2024-02-16,6,7
SOYB,2024-03-01,6,7
SOYB,2024-03-26,6,7
SOYB,2024-04-25,6,7
SOYB,2024-05-01,6,7
SOYB,2024-06-07,5,7
SOYB,2024-06-10,6,7
SOYB,2024-06-21,6,7
SOYB,2024-07-10,6,7
SOYB,2024-07-17,6,7
SOYB,2024-07-31,5,7
SOYB,2024-08-06,6,7
SOYB,2024-09-11,6,7
SOYB,2024-09-19,6,7
SOYB,2024-10-09,6,7
SOYB,2024-10-15,6,7
SOYB,2024-10-25,6,7
SOYB,2024-11-05,5,7
SOYB,2024-11-20,5,7
SOYB,2024-11-22,6,7
SOYB,2024-11-25,6,7
SOYB,2024-11-27,6,7
SOYB,2024-12-20,6,7
SOYB,2024-12-24,3,4
SOYB,2024-12-27,6,7
SOYB,2025-01-07,6,7
SOYB,2025-01-17,5,7
SOYB,2025-02-07,6,7
SOYB,2025-02-10,6,7
SOYB,2025-02-19,6,7
SOYB,2025-02-20,6,7
SOYB,2025-02-24,6,7
SOYB,2025-02-25,6,7
SOYB,2025-03-07,5,7
SOYB,2025-03-10,5,7
SOYB,2025-03-12,6,7
SOYB,2025-03-20,5,7
SOYB,2025-03-24,6,7
SOYB,2025-03-26,5,7
SOYB,2025-03-31,6,7
SOYB,2025-04-02,6,7
SOYB,2025-04-16,6,7
SOYB,2025-04-22,6,7
SOYB,2025-05-08,6,7
SOYB,2025-05-16,6,7
SOYB,2025-05-19,6,7
SOYB,2025-06-09,6,7
SOYB,2025-06-10,6,7
SOYB,2025-06-11,4,7
SOYB,2025-06-30,6,7
SOYB,2025-07-01,6,7
SOYB,2025-07-08,6,7
SOYB,2025-07-16,6,7
SOYB,2025-07-17,6,7
SOYB,2025-07-18,6,7
SOYB,2025-07-21,6,7
SOYB,2025-07-22,6,7
SOYB,2025-07-23,6,7
SOYB,2025-07-24,6,7
SOYB,2025-08-04,6,7
SOYB,2025-08-06,6,7
SOYB,2025-08-07,6,7
SOYB,2025-08-19,6,7
SOYB,2025-08-20,6,7
SOYB,2025-08-28,6,7
SOYB,2025-10-13,6,7
SOYB,2026-01-20,6,7
SOYB,2026-01-22,6,7
SOYB,2026-04-02,6,7
SOYB,2026-06-22,6,7
SOYB,2026-08-31,6,7
SPG,2021-04-19,1,7
SPG,2021-10-25,1,7
SPG,2022-01-24,2,7
SPG,2022-01-26,6,7
SPG,2022-03-08,1,7
SPGI,2021-04-19,1,7
SPGI,2021-10-25,1,7
SPGI,2022-01-24,2,7
SPGI,2022-01-26,6,7
SPLS,2026-01-16,4,7
SPLS,2026-01-20,5,7
SPLS,2026-01-21,5,7
SPLS,2026-01-23,6,7
SPLS,2026-01-30,6,7
SPLS,2026-02-02,5,7
SPLS,2026-02-03,5,7
SPLS,2026-02-04,6,7
SPLS,2026-02-05,6,7
SPLS,2026-02-06,5,7
SPLS,2026-02-10,5,7
SPLS,2026-02-11,4,7
SPLS,2026-02-12,5,7
SPLS,2026-02-13,2,7
SPLS,2026-02-17,3,7
SPLS,2026-02-18,6,7
SPLS,2026-02-19,5,7
SPLS,2026-02-20,5,7
SPLS,2026-02-25,5,7
SPLS,2026-02-26,5,7
SPLS,2026-02-27,4,7
SPLS,2026-03-02,5,7
SPLS,2026-03-03,4,7
SPLS,2026-03-04,3,7
SPLS,2026-03-05,2,7
SPLS,2026-03-06,3,7
SPLS,2026-03-09,4,7
SPLS,2026-03-10,3,7
SPLS,2026-03-12,3,7
SPLS,2026-03-13,2,7
SPLS,2026-03-16,3,7
SPLS,2026-03-17,4,7
SPLS,2026-03-19,3,7
SPLS,2026-03-20,2,7
SPLS,2026-03-23,2,7
SPLS,2026-03-24,4,7
SPLS,2026-03-25,1,7
SPLS,2026-03-26,4,7
SPLS,2026-03-27,1,7
SPLS,2026-03-30,2,7
SPLS,2026-04-01,3,7
SPLS,2026-04-02,4,7
SPLS,2026-04-06,2,7
SPLS,2026-04-07,3,7
SPLS,2026-04-08,4,7
SPLS,2026-04-09,3,7
SPLS,2026-04-10,2,7
SPLS,2026-04-13,1,7
SPLS,2026-04-14,1,7
SPLS,2026-04-15,3,7
SPLS,2026-04-16,1,7
SPLS,2026-04-17,1,7
SPLS,2026-04-20,2,7
SPLS,2026-04-21,1,7
SPLS,2026-04-22,1,7
SPLS,2026-04-23,6,7
SPLS,2026-04-24,2,7
SPLS,2026-04-27,3,7
SPLS,2026-04-28,3,7
SPLS,2026-04-29,3,7
SPLS,2026-04-30,3,7
SPLS,2026-05-01,1,7
SPLS,2026-05-04,6,7
SPLS,2026-05-05,6,7
SPLS,2026-05-06,3,7
SPLS,2026-05-07,4,7
SPLS,2026-05-08,3,7
SPLS,2026-05-11,4,7
SPLS,2026-05-12,2,7
SPLS,2026-05-13,2,7
SPLS,2026-05-14,4,7
SPLS,2026-05-15,2,7
SPLS,2026-05-18,5,7
SPLS,2026-05-19,4,7
SPLS,2026-05-20,4,7
SPLS,2026-05-21,2,7
SPLS,2026-05-22,4,7
SPLS,2026-05-26,4,7
SPLS,2026-05-27,4,7
SPLS,2026-05-28,4,7
SPLS,2026-05-29,3,7
SPLS,2026-06-01,3,7
SPLS,2026-06-02,2,7
SPLS,2026-06-03,1,7
SPLS,2026-06-04,3,7
SPLS,2026-06-05,5,7
SPLS,2026-06-08,3,7
SPLS,2026-06-09,5,7
SPLS,2026-06-10,4,7
SPLS,2026-06-11,2,7
SPLS,2026-06-12,6,7
SPLS,2026-06-15,4,7
SPLS,2026-06-17,3,7
SPLS,2026-06-18,4,7
SPLS,2026-06-22,2,7
SPLS,2026-06-23,1,7
SPLS,2026-06-24,3,7
SPLS,2026-06-25,4,7
SPLS,2026-06-26,3,7
SPLS,2026-06-29,3,7
SPLS,2026-06-30,1,7
SPLS,2026-07-01,2,7
SPLS,2026-07-02,5,7
SPLS,2026-07-06,2,7
SPLS,2026-07-07,5,7
SPLS,2026-07-08,2,7
SPLS,2026-07-09,5,7
SPLS,2026-07-10,4,7
SPLS,2026-07-13,4,7
SPLS,2026-07-14,3,7
SPLS,2026-07-15,5,7
SPLS,2026-07-16,6,7
SPLS,2026-07-17,2,7
SPLS,2026-07-20,3,7
SPLS,2026-07-21,3,7
SPLS,2026-07-22,1,7
SPLS,2026-07-23,1,7
SPLS,2026-07-24,1,7
SPLS,2026-07-27,1,7
SPLS,2026-07-29,2,7
SPLS,2026-07-30,3,7
SPLS,2026-07-31,2,7
SPLS,2026-08-03,2,7
SPLS,2026-08-04,2,7
SPLS,2026-08-05,5,7
SPLS,2026-08-06,4,7
SPLS,2026-08-10,1,7
SPLS,2026-08-11,2,7
SPLS,2026-08-12,1,7
SPLS,2026-08-13,2,7
SPLS,2026-08-14,1,7
SPLS,2026-08-17,2,7
SPLS,2026-08-18,1,7
SPLS,2026-08-19,1,7
SPLS,2026-08-20,2,7
SPLS,2026-08-21,2,7
SPLS,2026-08-24,1,7
SPLS,2026-08-25,2,7
SPLS,2026-08-26,5,7
SPLS,2026-08-27,1,7
SPLS,2026-08-28,4,7
SPLS,2026-08-31,5,7
SPLS,2026-09-02,1,7
SPLS,2026-09-03,2,7
SPLS,2026-09-04,2,7
SPLS,2026-09-08,3,7
SPLS,2026-09-10,2,7
SPLS,2026-09-11,2,7
SPLS,2026-09-16,1,7
SPLS,2026-09-17,1,7
SPLS,2026-09-18,1,7
SRCL,2018-05-02,1,7
SRCL,2018-05-03,1,7
SRE,2021-04-19,1,7
SRE,2021-10-25,1,7
SRE,2022-01-24,2,7
SRE,2022-01-26,6,7
SRE,2022-03-08,1,7
STE,2021-04-19,1,7
STE,2021-10-25,1,7
STE,2022-01-24,2,7
STE,2022-01-26,6,7
STI,2022-05-02,2,7
STI,2022-05-03,1,7
STI,2022-05-05,4,7
STI,2022-05-09,1,7
STI,2022-05-11,1,7
STI,2022-05-12,1,7
STI,2022-05-13,1,7
STI,2022-05-18,1,7
STI,2022-05-31,1,7
STI,2022-06-03,1,7
STI,2022-06-08,1,7
STI,2022-06-14,1,7
STI,2022-06-15,1,7
STI,2022-06-29,1,7
STI,2022-07-05,1,7
STI,2022-07-12,1,7
STI,2022-07-15,1,7
STI,2022-07-19,1,7
STI,2022-07-20,1,7
STI,2022-07-21,1,7
STI,2022-07-29,1,7
STI,2022-08-03,1,7
STI,2022-08-04,1,7
STI,2022-08-09,1,7
STI,2022-08-10,1,7
STI,2022-08-17,1,7
STI,2022-09-19,1,7
STI,2022-09-20,1,7
STI,2022-09-21,1,7
STI,2022-09-22,1,7
STI,2022-09-26,5,7
STI,2022-10-04,2,7
STI,2022-10-05,2,7
STI,2022-10-06,1,7
STI,2022-10-12,1,7
STI,2022-10-17,1,7
STI,2022-10-18,1,7
STI,2022-10-21,2,7
STI,2022-10-25,2,7
STI,2022-11-04,1,7
STI,2022-11-15,2,7
STI,2022-11-17,2,7
STI,2022-11-18,2,7
STI,2022-11-21,1,7
STI,2022-11-23,4,7
STI,2022-11-30,1,7
STI,2022-12-01,4,7
STI,2022-12-06,1,7
STI,2022-12-07,2,7
STI,2022-12-08,1,7
STI,2022-12-14,1,7
STI,2023-01-03,2,7
STI,2023-01-04,1,7
STI,2023-01-06,1,7
STI,2023-01-09,1,7
STI,2023-01-11,2,7
STI,2023-01-13,1,7
STI,2023-01-18,1,7
STI,2023-01-23,2,7
STI,2023-01-25,1,7
STI,2023-01-31,2,7
STI,2023-02-01,2,7
STI,2023-02-02,1,7
STI,2023-02-07,1,7
STI,2023-02-15,2,7
STI,2023-02-17,2,7
STI,2023-02-21,5,7
STI,2023-02-22,6,7
STI,2023-02-23,3,7
STI,2023-02-24,2,7
STI,2023-02-28,1,7
STI,2023-03-02,1,7
STI,2023-03-03,2,7
STI,2023-03-06,1,7
STI,2023-03-07,1,7
STI,2023-03-09,4,7
STI,2023-03-10,3,7
STI,2023-03-13,3,7
STI,2023-03-16,1,7
STI,2023-03-17,2,7
STI,2023-03-20,1,7
STI,2023-03-21,1,7
STI,2023-03-23,1,7
STI,2023-03-24,2,7
STI,2023-03-28,2,7
STI,2023-03-29,1,7
STI,2023-04-04,3,7
STI,2023-04-06,1,7
STI,2023-04-11,3,7
STI,2023-04-12,1,7
STI,2023-04-20,3,7
STI,2023-04-25,2,7
STI,2023-04-26,1,7
STI,2023-04-27,1,7
STI,2023-05-01,2,7
STI,2023-05-04,4,7
STI,2023-05-09,2,7
STI,2023-05-10,1,7
STI,2023-05-12,3,7
STI,2023-05-15,2,7
STI,2023-05-16,3,7
STI,2023-05-17,5,7
STI,2023-05-18,5,7
STI,2023-05-19,2,7
STI,2023-05-22,2,7
STI,2023-05-23,3,7
STI,2023-05-24,2,7
STI,2023-05-25,1,7
STI,2023-05-26,1,7
STI,2023-05-30,2,7
STI,2023-05-31,2,7
STI,2023-06-01,2,7
STI,2023-06-02,4,7
STI,2023-06-05,2,7
STI,2023-06-06,6,7
STI,2023-06-07,4,7
STI,2023-06-08,3,7
STI,2023-06-09,6,7
STI,2023-06-12,6,7
STI,2023-06-13,3,7
STI,2023-06-14,3,7
STI,2023-06-15,3,7
STI,2023-06-21,2,7
STI,2023-06-23,2,7
STI,2023-06-26,1,7
STI,2023-06-28,3,7
STI,2023-06-29,2,7
STI,2023-07-05,1,7
STI,2023-07-07,2,7
STI,2023-07-11,1,7
STI,2023-07-12,2,7
STI,2023-07-13,4,7
STI,2023-07-17,2,7
STI,2023-07-21,1,7
STI,2023-07-25,1,7
STI,2023-07-26,1,7
STI,2023-07-28,1,7
STI,2023-08-02,1,7
STI,2023-08-03,1,7
STI,2023-08-07,1,7
STI,2023-08-15,1,7
STI,2023-08-16,1,7
STI,2023-08-18,2,7
STI,2023-08-21,1,7
STI,2023-08-23,4,7
STI,2023-08-30,3,7
STI,2023-08-31,1,7
STI,2023-09-01,1,7
STI,2023-09-05,2,7
STI,2023-09-06,1,7
STI,2023-09-07,1,7
STI,2023-09-08,2,7
STI,2023-09-11,3,7
STI,2023-09-12,4,7
STI,2023-09-13,3,7
STI,2023-09-15,3,7
STI,2023-09-21,4,7
STI,2023-09-25,6,7
STI,2023-09-26,5,7
STI,2023-09-29,4,7
STI,2023-10-02,1,7
STI,2023-10-03,3,7
STI,2023-10-06,2,7
STI,2023-10-10,1,7
STI,2023-10-12,1,7
STI,2023-10-13,3,7
STI,2023-10-16,3,7
STI,2023-10-17,2,7
STI,2023-10-18,1,7
STI,2023-10-19,4,7
STI,2023-10-20,1,7
STI,2023-10-23,1,7
STI,2023-10-24,1,7
STI,2023-10-25,1,7
STI,2023-10-26,1,7
STI,2023-10-30,2,7
STI,2023-10-31,2,7
STI,2023-11-07,1,7
STI,2023-11-09,3,7
STI,2023-11-10,2,7
STI,2023-11-13,1,7
STI,2023-11-14,3,7
STI,2023-11-15,4,7
STI,2023-11-16,4,7
STI,2023-11-17,4,7
STI,2023-11-20,4,7
STI,2023-11-21,3,7
STI,2023-11-24,1,4
STI,2023-11-27,5,7
STI,2023-11-28,1,7
STI,2023-11-29,6,7
STI,2023-11-30,3,7
STI,2023-12-01,4,7
STI,2023-12-04,2,7
STI,2023-12-05,2,7
STI,2023-12-06,3,7
STI,2023-12-08,1,7
STI,2023-12-11,3,7
STI,2023-12-12,1,7
STI,2023-12-13,5,7
STI,2023-12-14,3,7
STI,2023-12-15,6,7
STI,2023-12-18,4,7
STI,2023-12-19,4,7
STI,2023-12-20,5,7
STI,2023-12-21,3,7
STI,2023-12-22,1,7
STI,2023-12-26,3,7
STI,2023-12-27,4,7
STI,2023-12-28,2,7
STI,2024-01-02,5,7
STI,2024-01-04,4,7
STI,2024-01-11,5,7
STI,2024-01-19,4,7
STI,2024-01-22,6,7
STI,2024-01-23,6,7
STI,2024-01-24,4,7
STI,2024-01-25,4,7
STI,2024-01-26,5,7
STI,2024-01-29,4,7
STI,2024-01-30,6,7
STI,2024-10-14,6,7
STI,2024-10-24,6,7
STI,2025-07-07,6,7
STI,2025-07-30,6,7
STI,2025-08-08,6,7
STI,2025-08-20,5,7
STI,2025-08-27,6,7
STI,2025-08-28,6,7
STI,2025-12-05,6,7
STI,2025-12-12,6,7
STI,2025-12-23,6,7
STI,2026-03-12,6,7
STI,2026-04-17,6,7
STI,2026-05-19,5,7
STI,2026-05-28,6,7
STI,2026-09-01,5,7
STLD,2018-05-02,1,7
STLD,2018-05-03,1,7
STT,2021-04-19,1,7
STT,2021-10-25,1,7
STT,2022-01-24,2,7
STT,2022-01-26,6,7
STT,2022-03-08,1,7
STX,2018-05-02,1,7
STX,2018-05-03,1,7
STZ,2021-04-19,1,7
STZ,2021-10-25,1,7
STZ,2022-01-24,2,7
STZ,2022-01-26,6,7
SW,2021-04-19,1,7
SW,2021-10-25,1,7
SW,2022-01-24,2,7
SW,2022-01-26,6,7
SW,2022-03-08,1,7
SWK,2021-04-19,1,7
SWK,2021-10-25,1,7
SWK,2022-01-24,2,7
SWK,2022-01-26,6,7
SWK,2022-03-08,1,7
SWKS,2018-05-02,1,7
SWKS,2018-05-03,1,7
SWN,2021-04-19,1,7
SWN,2021-10-25,1,7
SWN,2022-01-24,2,7
SWN,2022-01-26,6,7
SWN,2022-03-08,1,7
SYF,2021-04-19,1,7
SYF,2021-10-25,1,7
SYF,2022-01-24,2,7
SYF,2022-01-26,6,7
SYF,2022-03-08,1,7
SYK,2018-06-11,5,7
SYK,2021-04-19,1,7
SYK,2021-10-25,1,7
SYK,2022-01-24,2,7
SYK,2022-01-26,6,7
SYK,2022-03-08,1,7
SYMC,2018-05-02,1,7
SYMC,2018-05-03,1,7
SYY,2021-04-19,1,7
SYY,2021-10-25,1,7
SYY,2022-01-24,2,7
SYY,2022-01-26,6,7
T,2021-04-19,1,7
T,2021-10-25,1,7
T,2022-01-24,2,7
T,2022-01-26,6,7
T,2022-03-08,1,7
TAP,2021-04-19,1,7
TAP,2021-10-25,1,7
TAP,2022-01-24,2,7
TAP,2022-01-26,6,7
TAP,2023-10-03,5,7
TDC,2021-04-19,1,7
TDC,2021-10-25,1,7
TDC,2022-01-24,2,7
TDC,2022-01-26,6,7
TDC,2022-03-08,1,7
TDG,2021-04-19,1,7
TDG,2021-10-25,1,7
TDG,2022-01-24,2,7
TDG,2022-01-26,6,7
TDG,2022-03-08,1,7
TDY,2020-03-09,6,7
TDY,2021-04-19,1,7
TDY,2021-10-25,1,7
TDY,2022-01-24,2,7
TDY,2022-01-26,6,7
TDY,2022-03-08,1,7
TE,2020-01-10,4,7
TE,2020-01-14,1,7
TE,2020-01-15,3,7
TE,2020-01-16,5,7
TE,2020-01-17,1,7
TE,2020-01-21,2,7
TE,2020-01-22,4,7
TE,2020-01-23,1,7
TE,2020-01-24,3,7
TE,2020-01-27,3,7
TE,2020-01-28,3,7
TE,2020-01-29,3,7
TE,2020-01-30,2,7
TE,2020-01-31,5,7
TE,2020-02-03,3,7
TE,2020-02-04,2,7
TE,2020-02-06,1,7
TE,2020-02-10,3,7
TE,2020-02-11,1,7
TE,2020-02-12,5,7
TE,2020-02-13,6,7
TE,2020-02-14,3,7
TE,2020-02-18,5,7
TE,2020-02-19,1,7
TE,2020-02-20,1,7
TE,2020-02-21,5,7
TE,2020-02-25,3,7
TE,2020-02-26,5,7
TE,2020-02-27,5,7
TE,2020-02-28,4,7
TE,2020-03-02,4,7
TE,2020-03-03,1,7
TE,2020-03-04,1,7
TE,2020-03-05,2,7
TE,2020-03-06,2,7
TE,2020-03-09,3,7
TE,2020-03-10,2,7
TE,2020-03-11,6,7
TE,2020-03-12,5,7
TE,2020-03-13,3,7
TE,2020-03-16,3,7
TE,2020-03-17,6,7
TE,2020-03-18,5,7
TE,2020-03-19,3,7
TE,2020-03-20,2,7
TE,2020-03-23,3,7
TE,2020-03-24,5,7
TE,2020-03-25,4,7
TE,2020-03-26,4,7
TE,2020-03-30,1,7
TE,2020-04-01,1,7
TE,2020-04-02,6,7
TE,2020-04-03,3,7
TE,2020-04-06,6,7
TE,2020-04-08,3,7
TE,2020-04-09,1,7
TE,2020-04-13,2,7
TE,2020-04-14,2,7
TE,2020-04-15,5,7
TE,2020-04-16,2,7
TE,2020-04-17,3,7
TE,2020-04-20,2,7
TE,2020-04-21,1,7
TE,2020-04-22,1,7
TE,2020-04-24,5,7
TE,2020-04-27,3,7
TE,2020-04-28,4,7
TE,2020-04-29,4,7
TE,2020-04-30,2,7
TE,2020-05-01,3,7
TE,2020-05-04,3,7
TE,2020-05-08,6,7
TE,2020-05-12,2,7
TE,2020-05-13,1,7
TE,2020-05-14,3,7
TE,2020-05-15,2,7
TE,2020-05-20,2,7
TE,2020-05-21,1,7
TE,2020-05-22,1,7
TE,2020-05-27,2,7
TE,2020-05-28,5,7
TE,2020-05-29,4,7
TE,2020-06-01,2,7
TE,2020-06-02,5,7
TE,2020-06-03,6,7
TE,2020-06-05,1,7
TE,2020-06-09,2,7
TE,2020-06-10,4,7
TE,2020-06-11,4,7
TE,2020-06-15,2,7
TE,2020-06-16,5,7
TE,2020-06-17,3,7
TE,2020-06-18,5,7
TE,2020-06-19,2,7
TE,2020-06-22,4,7
TE,2020-06-23,3,7
TE,2020-06-24,4,7
TE,2020-06-25,4,7
TE,2020-06-26,6,7
TE,2020-06-29,3,7
TE,2020-06-30,2,7
TE,2020-07-01,1,7
TE,2020-07-06,6,7
TE,2020-07-07,2,7
TE,2020-07-08,3,7
TE,2020-07-09,5,7
TE,2020-07-10,3,7
TE,2020-07-13,6,7
TE,2020-07-14,5,7
TE,2020-07-15,2,7
TE,2020-07-16,4,7
TE,2020-07-17,5,7
TE,2020-07-20,4,7
TE,2020-07-21,4,7
TE,2020-07-23,6,7
TE,2020-07-24,5,7
TE,2020-07-28,4,7
TE,2020-07-29,4,7
TE,2020-07-30,3,7
TE,2020-07-31,6,7
TE,2020-08-03,4,7
TE,2020-08-04,2,7
TE,2020-08-05,5,7
TE,2020-08-06,1,7
TE,2020-08-07,2,7
TE,2020-08-10,3,7
TE,2020-08-13,5,7
TE,2020-08-14,2,7
TE,2020-08-17,3,7
TE,2020-08-18,3,7
TE,2020-08-19,4,7
TE,2020-08-20,4,7
TE,2020-08-21,1,7
TE,2020-08-25,2,7
TE,2020-08-26,2,7
TE,2020-08-27,2,7
TE,2020-08-28,3,7
TE,2020-08-31,3,7
TE,2020-09-01,3,7
TE,2020-09-02,5,7
TE,2020-09-03,3,7
TE,2020-09-04,3,7
TE,2020-09-08,2,7
TE,2020-09-09,5,7
TE,2020-09-10,4,7
TE,2020-09-11,4,7
TE,2020-09-14,6,7
TE,2020-09-15,2,7
TE,2020-09-16,2,7
TE,2020-09-17,2,7
TE,2020-09-18,6,7
TE,2020-09-21,5,7
TE,2020-09-23,4,7
TE,2020-09-24,1,7
TE,2020-09-25,4,7
TE,2020-09-28,4,7
TE,2020-09-29,5,7
TE,2020-09-30,5,7
TE,2020-10-01,4,7
TE,2020-10-02,3,7
TE,2020-10-05,1,7
TE,2020-10-06,5,7
TE,2020-10-07,2,7
TE,2020-10-08,1,7
TE,2020-10-09,4,7
TE,2020-10-12,2,7
TE,2020-10-13,1,7
TE,2020-10-14,2,7
TE,2020-10-15,3,7
TE,2020-10-16,2,7
TE,2020-10-19,1,7
TE,2020-10-21,4,7
TE,2020-10-22,2,7
TE,2020-10-23,1,7
TE,2020-10-26,5,7
TE,2020-10-27,1,7
TE,2020-10-28,3,7
TE,2020-10-29,5,7
TE,2020-10-30,5,7
TE,2020-11-02,5,7
TE,2020-11-03,5,7
TE,2020-11-04,2,7
TE,2020-11-05,3,7
TE,2020-11-06,1,7
TE,2020-11-09,4,7
TE,2020-11-10,2,7
TE,2020-11-12,2,7
TE,2020-11-13,1,7
TE,2020-11-16,2,7
TE,2020-11-17,2,7
TE,2020-11-18,4,7
TE,2020-11-19,4,7
TE,2020-11-20,2,7
TE,2020-11-23,4,7
TE,2020-11-24,4,7
TE,2020-11-30,2,7
TE,2020-12-01,5,7
TE,2020-12-02,5,7
TE,2020-12-03,5,7
TE,2020-12-04,6,7
TE,2020-12-07,6,7
TE,2020-12-08,5,7
TE,2020-12-09,5,7
TE,2020-12-11,5,7
TE,2020-12-14,6,7
TE,2020-12-15,6,7
TE,2020-12-16,4,7
TE,2020-12-17,3,7
TE,2020-12-18,5,7
TE,2020-12-22,5,7
TE,2020-12-23,6,7
TE,2020-12-24,3,4
TE,2021-01-06,5,7
TE,2021-01-11,6,7
TE,2021-04-19,1,7
TE,2021-10-25,1,7
TE,2022-03-08,1,7
TECH,2018-05-02,1,7
TECH,2018-05-03,1,7
TEL,2021-04-19,1,7
TEL,2021-10-25,1,7
TEL,2022-01-24,2,7
TEL,2022-01-26,6,7
TFC,2021-04-19,1,7
TFC,2021-10-25,1,7
TFC,2022-01-24,2,7
TFC,2022-01-26,6,7
TFC,2022-03-08,1,7
TFX,2021-04-19,1,7
TFX,2021-10-25,1,7
TFX,2022-01-24,2,7
TFX,2022-01-26,6,7
TGNA,2021-04-19,1,7
TGNA,2021-10-25,1,7
TGNA,2022-01-24,2,7
TGNA,2022-01-26,6,7
TGNA,2022-03-08,1,7
TGT,2021-04-19,1,7
TGT,2021-10-25,1,7
TGT,2022-01-24,2,7
TGT,2022-01-26,6,7
TGT,2022-03-08,1,7
THC,2021-04-19,1,7
THC,2021-10-25,1,7
THC,2022-01-24,2,7
THC,2022-01-26,6,7
THC,2022-03-08,1,7
THD,2017-08-15,6,7
THD,2017-12-27,6,7
THD,2018-08-09,6,7
THD,2021-08-16,6,7
THD,2022-06-29,6,7
THD,2022-07-12,6,7
THD,2022-08-05,5,7
THD,2022-08-23,6,7
THD,2022-09-21,6,7
THD,2022-10-07,5,7
THD,2022-10-24,6,7
THD,2022-11-14,6,7
THD,2022-11-18,6,7
THD,2022-11-22,6,7
THD,2022-11-23,6,7
THD,2022-12-23,6,7
THD,2023-01-20,6,7
THD,2023-06-06,6,7
THD,2023-06-22,6,7
THD,2023-07-11,6,7
THD,2023-07-26,6,7
THD,2023-08-09,6,7
THD,2023-09-06,6,7
THD,2023-09-07,6,7
THD,2023-09-08,6,7
THD,2023-12-19,6,7
THD,2023-12-27,6,7
THD,2024-02-16,6,7
THD,2024-03-15,6,7
THD,2024-03-18,6,7
THD,2024-03-21,6,7
THD,2024-05-01,6,7
THD,2024-05-09,6,7
THD,2024-05-10,6,7
THD,2024-05-13,4,7
THD,2024-05-16,6,7
THD,2024-05-29,6,7
THD,2024-06-18,6,7
THD,2024-06-26,5,7
THD,2024-06-28,6,7
THD,2024-07-08,4,7
THD,2024-07-15,6,7
THD,2024-07-23,5,7
THD,2024-07-24,5,7
THD,2024-07-25,5,7
THD,2024-07-26,6,7
THD,2024-07-30,5,7
THD,2024-07-31,6,7
THD,2024-08-12,6,7
THD,2024-08-15,5,7
THD,2024-08-19,6,7
THD,2024-08-21,5,7
THD,2024-08-23,6,7
THD,2024-08-30,6,7
THD,2024-09-11,6,7
THD,2024-09-13,6,7
THD,2024-09-16,6,7
THD,2024-11-19,6,7
THD,2024-11-22,5,7
THD,2024-12-04,5,7
THD,2024-12-06,6,7
THD,2024-12-09,6,7
THD,2024-12-10,6,7
THD,2024-12-11,5,7
THD,2024-12-13,6,7
THD,2024-12-16,6,7
THD,2024-12-18,6,7
THD,2024-12-23,6,7
THD,2025-01-02,6,7
THD,2025-01-15,6,7
THD,2025-01-17,4,7
THD,2025-01-23,4,7
THD,2025-01-27,6,7
THD,2025-01-28,5,7
THD,2025-02-03,6,7
THD,2025-02-05,6,7
THD,2025-02-12,6,7
THD,2025-02-14,6,7
THD,2025-02-24,6,7
THD,2025-03-14,6,7
THD,2025-04-21,6,7
THD,2025-04-22,6,7
THD,2025-04-29,6,7
THD,2025-05-12,6,7
THD,2025-05-15,6,7
THD,2025-05-16,6,7
THD,2025-05-28,6,7
THD,2025-06-05,6,7
THD,2025-08-08,6,7
THD,2025-08-20,6,7
THD,2025-09-09,6,7
THD,2025-10-06,6,7
THD,2025-11-11,6,7
THD,2025-11-19,6,7
THD,2025-11-25,6,7
THD,2025-12-04,5,7
THD,2025-12-18,6,7
THD,2025-12-26,6,7
THD,2026-06-30,6,7
THD,2026-07-09,6,7
THD,2026-07-14,6,7
THD,2026-07-27,6,7
THD,2026-07-30,5,7
THD,2026-08-06,6,7
THD,2026-08-10,6,7
THD,2026-08-12,6,7
THD,2026-08-27,6,7
THD,2026-09-02,5,7
THD,2026-09-09,6,7
TJX,2021-04-19,1,7
TJX,2021-10-25,1,7
TJX,2022-01-24,2,7
TJX,2022-01-26,6,7
TJX,2022-03-08,1,7
TKO,2021-04-19,1,7
TKO,2021-10-25,1,7
TKO,2022-01-24,2,7
TKO,2022-01-26,6,7
TKO,2022-03-08,1,7
TMO,2021-04-19,1,7
TMO,2021-10-25,1,7
TMO,2022-01-24,2,7
TMO,2022-01-26,6,7
TMO,2022-03-08,1,7
TMUS,2018-05-02,1,7
TMUS,2018-05-03,1,7
TNL,2021-04-19,1,7
TNL,2021-10-25,1,7
TNL,2022-01-24,2,7
TNL,2022-01-26,6,7
TNL,2022-03-08,1,7
TPL,2016-01-06,6,7
TPL,2016-01-07,4,7
TPL,2016-01-11,6,7
TPL,2016-01-25,6,7
TPL,2016-01-26,5,7
TPL,2016-01-27,6,7
TPL,2016-02-01,3,7
TPL,2016-02-04,6,7
TPL,2016-02-08,6,7
TPL,2016-02-09,6,7
TPL,2016-02-10,6,7
TPL,2016-02-11,5,7
TPL,2016-02-16,5,7
TPL,2016-02-17,6,7
TPL,2016-02-18,6,7
TPL,2016-02-19,6,7
TPL,2016-02-23,6,7
TPL,2016-02-25,6,7
TPL,2016-02-29,5,7
TPL,2016-03-01,6,7
TPL,2016-03-04,5,7
TPL,2016-03-09,5,7
TPL,2016-03-10,6,7
TPL,2016-03-14,5,7
TPL,2016-03-15,2,7
TPL,2016-03-17,6,7
TPL,2016-03-21,4,7
TPL,2016-03-23,5,7
TPL,2016-03-24,5,7
TPL,2016-03-28,5,7
TPL,2016-03-29,6,7
TPL,2016-03-30,5,7
TPL,2016-04-01,5,7
TPL,2016-04-04,2,7
TPL,2016-04-05,5,7
TPL,2016-04-06,4,7
TPL,2016-04-07,6,7
TPL,2016-04-08,6,7
TPL,2016-04-11,6,7
TPL,2016-04-13,3,7
TPL,2016-04-14,6,7
TPL,2016-04-15,6,7
TPL,2016-04-19,3,7
TPL,2016-04-21,5,7
TPL,2016-04-22,5,7
TPL,2016-04-26,6,7
TPL,2016-04-28,6,7
TPL,2016-04-29,6,7
TPL,2016-05-04,6,7
TPL,2016-05-10,6,7
TPL,2016-05-12,6,7
TPL,2016-05-13,6,7
TPL,2016-05-19,5,7
TPL,2016-05-20,6,7
TPL,2016-05-23,6,7
TPL,2016-05-24,6,7
TPL,2016-05-26,6,7
TPL,2016-05-27,6,7
TPL,2016-06-03,6,7
TPL,2016-06-09,6,7
TPL,2016-06-13,6,7
TPL,2016-06-15,6,7
TPL,2016-06-22,6,7
TPL,2016-06-28,6,7
TPL,2016-06-30,6,7
TPL,2016-07-05,3,7
TPL,2016-07-11,6,7
TPL,2016-07-12,5,7
TPL,2016-07-13,5,7
TPL,2016-07-15,5,7
TPL,2016-07-18,4,7
TPL,2016-07-19,6,7
TPL,2016-07-20,5,7
TPL,2016-07-21,6,7
TPL,2016-07-22,4,7
TPL,2016-07-25,6,7
TPL,2016-07-26,6,7
TPL,2016-07-27,6,7
TPL,2016-07-28,6,7
TPL,2016-08-05,6,7
TPL,2016-08-10,6,7
TPL,2016-08-11,6,7
TPL,2016-08-12,6,7
TPL,2016-08-16,6,7
TPL,2016-08-17,6,7
TPL,2016-08-19,6,7
TPL,2016-08-25,6,7
TPL,2016-08-30,6,7
TPL,2016-09-06,6,7
TPL,2016-09-21,6,7
TPL,2016-09-23,6,7
TPL,2016-11-14,6,7
TPL,2016-11-21,6,7
TPL,2016-11-22,6,7
TPL,2016-11-23,6,7
TPL,2016-12-06,6,7
TPL,2016-12-07,6,7
TPL,2016-12-08,6,7
TPL,2016-12-23,6,7
TPL,2017-01-09,5,7
TPL,2017-01-20,6,7
TPL,2017-01-24,6,7
TPL,2017-01-30,6,7
TPL,2017-01-31,6,7
TPL,2017-02-02,6,7
TPL,2017-02-03,6,7
TPL,2017-02-07,6,7
TPL,2017-02-13,4,7
TPL,2017-02-14,6,7
TPL,2017-02-23,6,7
TPL,2017-02-28,5,7
TPL,2017-03-02,6,7
TPL,2017-03-06,6,7
TPL,2017-03-07,6,7
TPL,2017-03-24,6,7
TPL,2017-04-03,6,7
TPL,2017-04-04,6,7
TPL,2017-04-06,6,7
TPL,2017-04-07,6,7
TPL,2017-04-12,6,7
TPL,2017-04-21,6,7
TPL,2017-04-24,6,7
TPL,2017-04-26,5,7
TPL,2017-05-08,6,7
TPL,2017-05-10,6,7
TPL,2017-05-11,6,7
TPL,2017-05-12,4,7
TPL,2017-05-15,6,7
TPL,2017-05-23,6,7
TPL,2017-05-30,6,7
TPL,2017-06-06,3,7
TPL,2017-06-09,6,7
TPL,2017-06-26,6,7
TPL,2017-06-30,6,7
TPL,2017-07-05,5,7
TPL,2017-07-06,6,7
TPL,2017-07-07,6,7
TPL,2017-07-10,6,7
TPL,2017-07-11,6,7
TPL,2017-07-12,6,7
TPL,2017-07-14,4,7
TPL,2017-07-17,6,7
TPL,2017-08-11,5,7
TPL,2017-08-30,6,7
TPL,2017-09-18,6,7
TPL,2017-09-20,6,7
TPL,2017-09-26,5,7
TPL,2017-09-28,6,7
TPL,2017-09-29,6,7
TPL,2017-10-02,6,7
TPL,2017-10-04,6,7
TPL,2017-10-05,6,7
TPL,2017-10-06,6,7
TPL,2017-10-19,6,7
TPL,2017-10-20,6,7
TPL,2017-10-23,6,7
TPL,2017-10-30,6,7
TPL,2017-11-02,6,7
TPL,2017-11-09,4,7
TPL,2017-11-13,5,7
TPL,2017-11-22,6,7
TPL,2017-12-01,6,7
TPL,2017-12-04,6,7
TPL,2017-12-05,6,7
TPL,2017-12-06,6,7
TPL,2017-12-08,6,7
TPL,2017-12-11,6,7
TPL,2017-12-12,6,7
TPL,2017-12-14,6,7
TPL,2017-12-28,6,7
TPL,2017-12-29,5,7
TPL,2018-01-26,6,7
TPL,2018-02-01,6,7
TPL,2018-02-14,6,7
TPL,2018-02-15,6,7
TPL,2018-02-21,6,7
TPL,2018-02-26,6,7
TPL,2018-02-27,6,7
TPL,2018-03-02,6,7
TPL,2018-03-06,6,7
TPL,2018-03-07,6,7
TPL,2018-03-13,6,7
TPL,2018-03-14,5,7
TPL,2018-03-15,6,7
TPL,2018-03-19,5,7
TPL,2018-04-03,6,7
TPL,2018-04-04,5,7
TPL,2018-04-25,6,7
TPL,2018-04-30,6,7
TPL,2018-05-16,6,7
TPL,2018-05-23,6,7
TPL,2018-05-24,5,7
TPL,2018-05-31,6,7
TPL,2018-06-11,6,7
TPL,2018-06-14,6,7
TPL,2018-06-21,6,7
TPL,2018-06-22,6,7
TPL,2018-06-25,6,7
TPL,2018-06-26,6,7
TPL,2018-06-27,5,7
TPL,2018-07-02,4,7
TPL,2018-07-13,6,7
TPL,2018-07-17,5,7
TPL,2018-07-18,5,7
TPL,2018-07-20,6,7
TPL,2018-07-24,6,7
TPL,2018-07-26,6,7
TPL,2018-07-31,5,7
TPL,2018-08-08,6,7
TPL,2018-08-17,5,7
TPL,2018-08-22,4,7
TPL,2018-08-24,6,7
TPL,2018-08-27,6,7
TPL,2018-08-28,6,7
TPL,2018-08-29,6,7
TPL,2018-08-31,6,7
TPL,2018-09-05,4,7
TPL,2018-09-07,6,7
TPL,2018-09-10,6,7
TPL,2018-09-12,5,7
TPL,2018-09-13,5,7
TPL,2018-09-14,5,7
TPL,2018-09-19,4,7
TPL,2018-09-25,4,7
TPL,2018-10-04,6,7
TPL,2018-10-08,6,7
TPL,2018-10-09,6,7
TPL,2018-10-15,6,7
TPL,2018-10-18,6,7
TPL,2018-11-07,6,7
TPL,2018-11-08,6,7
TPL,2018-12-13,6,7
TPL,2018-12-17,5,7
TPL,2019-01-03,6,7
TPL,2019-01-11,6,7
TPL,2019-01-14,4,7
TPL,2019-01-24,4,7
TPL,2019-02-13,6,7
TPL,2019-02-14,6,7
TPL,2019-02-27,6,7
TPL,2019-02-28,5,7
TPL,2019-03-05,5,7
TPL,2019-03-19,6,7
TPL,2019-03-21,6,7
TPL,2019-03-22,5,7
TPL,2019-04-03,5,7
TPL,2019-04-05,6,7
TPL,2019-04-16,6,7
TPL,2019-04-17,5,7
TPL,2019-04-22,6,7
TPL,2019-05-03,6,7
TPL,2019-05-06,5,7
TPL,2019-05-08,4,7
TPL,2019-05-13,4,7
TPL,2019-05-16,3,7
TPL,2019-05-17,6,7
TPL,2019-05-20,6,7
TPL,2019-05-21,4,7
TPL,2019-05-23,6,7
TPL,2019-05-24,5,7
TPL,2019-05-29,5,7
TPL,2019-05-30,5,7
TPL,2019-06-14,5,7
TPL,2019-06-17,6,7
TPL,2019-06-21,4,7
TPL,2019-06-27,6,7
TPL,2019-06-28,6,7
TPL,2019-07-03,3,4
TPL,2019-07-05,4,7
TPL,2019-07-08,6,7
TPL,2019-07-09,4,7
TPL,2019-07-10,5,7
TPL,2019-07-11,6,7
TPL,2019-07-12,5,7
TPL,2019-07-15,2,7
TPL,2019-07-16,4,7
TPL,2019-07-17,6,7
TPL,2019-07-18,5,7
TPL,2019-07-22,5,7
TPL,2019-07-23,6,7
TPL,2019-07-24,6,7
TPL,2019-07-25,6,7
TPL,2019-07-26,5,7
TPL,2019-07-30,6,7
TPL,2019-08-12,6,7
TPL,2019-08-15,6,7
TPL,2019-08-16,4,7
TPL,2019-08-19,6,7
TPL,2019-08-20,6,7
TPL,2019-08-21,5,7
TPL,2019-08-22,5,7
TPL,2019-08-23,6,7
TPL,2019-08-26,6,7
TPL,2019-08-27,6,7
TPL,2019-08-30,6,7
TPL,2019-09-09,6,7
TPL,2019-09-11,6,7
TPL,2019-09-24,6,7
TPL,2019-09-25,6,7
TPL,2019-09-26,3,7
TPL,2019-09-27,5,7
TPL,2019-09-30,6,7
TPL,2019-10-03,5,7
TPL,2019-10-11,6,7
TPL,2019-10-14,5,7
TPL,2019-10-15,6,7
TPL,2019-10-21,6,7
TPL,2019-10-22,6,7
TPL,2019-10-23,6,7
TPL,2019-10-24,5,7
TPL,2019-10-25,6,7
TPL,2019-10-30,6,7
TPL,2019-11-07,5,7
TPL,2019-11-08,5,7
TPL,2019-11-12,6,7
TPL,2019-11-15,6,7
TPL,2019-11-20,6,7
TPL,2019-11-29,2,4
TPL,2019-12-05,6,7
TPL,2019-12-06,6,7
TPL,2019-12-09,6,7
TPL,2019-12-10,6,7
TPL,2019-12-17,6,7
TPL,2019-12-27,6,7
TPL,2019-12-30,6,7
TPL,2020-01-09,6,7
TPL,2020-01-15,6,7
TPL,2020-01-16,6,7
TPL,2020-01-17,4,7
TPL,2020-01-21,6,7
TPL,2020-02-07,6,7
TPL,2020-02-11,3,7
TPL,2020-02-14,5,7
TPL,2020-02-19,5,7
TPL,2020-02-20,6,7
TPL,2020-05-08,6,7
TPL,2020-05-19,6,7
TPL,2020-06-02,6,7
TPL,2020-06-16,6,7
TPL,2020-06-17,5,7
TPL,2020-06-25,6,7
TPL,2020-06-29,6,7
TPL,2020-07-02,6,7
TPL,2020-07-08,5,7
TPL,2020-07-28,6,7
TPL,2020-07-30,6,7
TPL,2020-08-04,6,7
TPL,2020-08-06,6,7
TPL,2020-08-14,6,7
TPL,2020-08-19,6,7
TPL,2020-08-24,6,7
TPL,2020-08-31,6,7
TPL,2020-09-14,6,7
TPL,2020-09-28,6,7
TPL,2020-10-05,6,7
TPL,2020-10-06,6,7
TPL,2020-10-14,6,7
TPL,2020-10-23,5,7
TPL,2020-10-26,6,7
TPL,2020-11-11,6,7
TPL,2020-11-20,6,7
TPL,2020-12-03,6,7
TPL,2020-12-07,6,7
TPL,2020-12-11,5,7
TPL,2020-12-18,6,7
TPL,2020-12-28,5,7
TPL,2020-12-29,6,7
TPL,2020-12-31,6,7
TPL,2021-02-02,6,7
TPL,2021-04-19,1,7
TPL,2021-04-27,6,7
TPL,2021-05-26,6,7
TPL,2021-06-29,6,7
TPL,2021-07-13,6,7
TPL,2021-07-16,6,7
TPL,2021-07-22,6,7
TPL,2021-07-26,6,7
TPL,2021-07-30,6,7
TPL,2021-08-04,6,7
TPL,2021-08-05,3,7
TPL,2021-08-06,5,7
TPL,2021-08-09,6,7
TPL,2021-08-11,6,7
TPL,2021-08-12,5,7
TPL,2021-08-13,2,7
TPL,2021-08-16,6,7
TPL,2021-08-17,3,7
TPL,2021-08-18,5,7
TPL,2021-08-27,6,7
TPL,2021-08-30,6,7
TPL,2021-09-03,6,7
TPL,2021-09-23,5,7
TPL,2021-09-24,6,7
TPL,2021-10-12,6,7
TPL,2021-10-14,6,7
TPL,2021-10-15,6,7
TPL,2021-10-18,3,7
TPL,2021-10-20,5,7
TPL,2021-10-22,4,7
TPL,2021-10-25,1,7
TPL,2021-10-26,6,7
TPL,2021-10-28,5,7
TPL,2021-10-29,6,7
TPL,2021-11-02,5,7
TPL,2021-11-03,6,7
TPL,2021-11-04,5,7
TPL,2021-11-08,6,7
TPL,2021-11-18,5,7
TPL,2021-11-22,4,7
TPL,2021-12-01,6,7
TPL,2021-12-06,5,7
TPL,2021-12-07,6,7
TPL,2021-12-08,6,7
TPL,2021-12-10,4,7
TPL,2021-12-21,6,7
TPL,2021-12-22,6,7
TPL,2021-12-23,5,7
TPL,2021-12-27,6,7
TPL,2021-12-28,5,7
TPL,2021-12-29,6,7
TPL,2021-12-30,6,7
TPL,2021-12-31,6,7
TPL,2022-01-03,6,7
TPL,2022-01-06,6,7
TPL,2022-01-07,6,7
TPL,2022-01-12,5,7
TPL,2022-01-24,2,7
TPL,2022-01-26,5,7
TPL,2022-01-27,6,7
TPL,2022-01-28,6,7
TPL,2022-01-31,6,7
TPL,2022-02-02,6,7
TPL,2022-02-04,5,7
TPL,2022-02-11,6,7
TPL,2022-02-18,6,7
TPL,2022-02-22,6,7
TPL,2022-02-23,6,7
TPL,2022-03-08,1,7
TPL,2022-03-09,6,7
TPL,2022-03-22,5,7
TPL,2022-03-23,5,7
TPL,2022-03-24,6,7
TPL,2022-04-08,6,7
TPL,2022-04-13,5,7
TPL,2022-04-14,6,7
TPL,2022-04-18,5,7
TPL,2022-04-19,6,7
TPL,2022-04-20,6,7
TPL,2022-04-22,6,7
TPL,2022-04-26,6,7
TPL,2022-04-29,6,7
TPL,2022-05-05,5,7
TPL,2022-05-06,5,7
TPL,2022-05-12,6,7
TPL,2022-05-13,6,7
TPL,2022-05-16,5,7
TPL,2022-05-19,5,7
TPL,2022-05-20,6,7
TPL,2022-06-01,6,7
TPL,2022-06-09,5,7
TPL,2022-06-30,6,7
TPL,2022-07-07,6,7
TPL,2022-07-11,6,7
TPL,2022-07-21,6,7
TPL,2022-07-25,6,7
TPL,2022-07-28,6,7
TPL,2022-08-01,6,7
TPL,2022-08-10,6,7
TPL,2022-08-16,6,7
TPL,2022-08-19,6,7
TPL,2022-08-22,6,7
TPL,2022-08-26,6,7
TPL,2022-09-21,5,7
TPL,2022-09-22,6,7
TPL,2022-09-28,6,7
TPL,2022-09-29,6,7
TPL,2022-10-19,6,7
TPL,2022-10-20,6,7
TPL,2022-10-26,6,7
TPL,2022-11-23,6,7
TPL,2022-12-01,6,7
TPL,2022-12-02,6,7
TPL,2022-12-05,6,7
TPL,2022-12-06,6,7
TPL,2022-12-07,6,7
TPL,2022-12-08,6,7
TPL,2022-12-12,6,7
TPL,2022-12-14,6,7
TPL,2022-12-16,6,7
TPL,2022-12-19,6,7
TPL,2022-12-20,6,7
TPL,2022-12-22,6,7
TPL,2022-12-27,6,7
TPL,2022-12-28,6,7
TPL,2023-01-06,6,7
TPL,2023-01-10,6,7
TPL,2023-01-11,6,7
TPL,2023-01-13,2,7
TPL,2023-01-17,6,7
TPL,2023-01-18,6,7
TPL,2023-01-19,6,7
TPL,2023-01-20,6,7
TPL,2023-01-23,6,7
TPL,2023-01-24,5,7
TPL,2023-01-25,4,7
TPL,2023-01-26,6,7
TPL,2023-01-27,5,7
TPL,2023-01-31,6,7
TPL,2023-02-09,6,7
TPL,2023-02-13,5,7
TPL,2023-02-14,5,7
TPL,2023-02-16,6,7
TPL,2023-02-27,6,7
TPL,2023-03-01,6,7
TPL,2023-03-02,6,7
TPL,2023-03-06,6,7
TPL,2023-03-08,6,7
TPL,2023-03-09,6,7
TPL,2023-03-14,6,7
TPL,2023-03-22,6,7
TPL,2023-03-24,6,7
TPL,2023-04-06,6,7
TPL,2023-04-11,6,7
TPL,2023-04-13,6,7
TPL,2023-04-14,6,7
TPL,2023-04-17,5,7
TPL,2023-04-18,5,7
TPL,2023-04-21,4,7
TPL,2023-04-26,4,7
TPL,2023-04-28,6,7
TPL,2023-05-01,6,7
TPL,2023-05-02,6,7
TPL,2023-05-10,6,7
TPL,2023-05-11,5,7
TPL,2023-05-12,6,7
TPL,2023-05-18,6,7
TPL,2023-05-22,6,7
TPL,2023-05-24,6,7
TPL,2023-05-31,6,7
TPL,2023-06-02,6,7
TPL,2023-06-06,5,7
TPL,2023-06-09,5,7
TPL,2023-06-13,5,7
TPL,2023-06-15,6,7
TPL,2023-06-20,6,7
TPL,2023-06-21,5,7
TPL,2023-06-22,6,7
TPL,2023-06-27,6,7
TPL,2023-06-28,3,7
TPL,2023-06-30,3,7
TPL,2023-07-05,6,7
TPL,2023-07-06,5,7
TPL,2023-07-10,4,7
TPL,2023-07-11,5,7
TPL,2023-07-17,6,7
TPL,2023-07-18,6,7
TPL,2023-07-19,6,7
TPL,2023-07-21,5,7
TPL,2023-07-24,6,7
TPL,2023-07-26,6,7
TPL,2023-07-28,5,7
TPL,2023-08-02,6,7
TPL,2023-08-14,6,7
TPL,2023-08-16,6,7
TPL,2023-08-22,6,7
TPL,2023-08-23,4,7
TPL,2023-08-24,2,7
TPL,2023-08-28,4,7
TPL,2023-08-29,5,7
TPL,2023-08-31,6,7
TPL,2023-09-12,6,7
TPL,2023-09-13,5,7
TPL,2023-09-15,4,7
TPL,2023-09-20,6,7
TPL,2023-09-22,5,7
TPL,2023-09-25,4,7
TPL,2023-09-27,5,7
TPL,2023-10-02,6,7
TPL,2023-10-03,5,7
TPL,2023-10-04,6,7
TPL,2023-10-05,5,7
TPL,2023-10-06,6,7
TPL,2023-10-11,6,7
TPL,2023-10-16,4,7
TPL,2023-10-17,5,7
TPL,2023-10-18,5,7
TPL,2023-10-19,5,7
TPL,2023-10-25,6,7
TPL,2023-10-30,6,7
TPL,2023-10-31,6,7
TPL,2023-11-02,6,7
TPL,2023-11-10,3,7
TPL,2023-11-13,6,7
TPL,2023-11-14,5,7
TPL,2023-11-15,6,7
TPL,2023-11-16,6,7
TPL,2023-11-17,6,7
TPL,2023-11-20,6,7
TPL,2023-11-22,4,7
TPL,2023-11-27,6,7
TPL,2023-12-11,6,7
TPL,2023-12-14,6,7
TPL,2023-12-15,6,7
TPL,2023-12-19,6,7
TPL,2023-12-20,6,7
TPL,2023-12-21,6,7
TPL,2023-12-22,6,7
TPL,2023-12-26,4,7
TPL,2023-12-27,5,7
TPL,2023-12-28,5,7
TPL,2023-12-29,5,7
TPL,2024-01-03,4,7
TPL,2024-01-04,4,7
TPL,2024-01-05,6,7
TPL,2024-01-08,5,7
TPL,2024-01-11,5,7
TPL,2024-01-16,4,7
TPL,2024-01-17,6,7
TPL,2024-01-18,3,7
TPL,2024-01-19,3,7
TPL,2024-01-22,6,7
TPL,2024-01-24,4,7
TPL,2024-01-25,5,7
TPL,2024-01-26,5,7
TPL,2024-01-29,4,7
TPL,2024-01-30,6,7
TPL,2024-01-31,5,7
TPL,2024-02-05,6,7
TPL,2024-02-07,5,7
TPL,2024-02-09,5,7
TPL,2024-02-12,6,7
TPL,2024-02-13,4,7
TPL,2024-02-15,6,7
TPL,2024-02-16,6,7
TPL,2024-02-23,6,7
TPL,2024-02-26,6,7
TPL,2024-02-27,6,7
TPL,2024-02-28,5,7
TPL,2024-02-29,3,7
TPL,2024-03-01,6,7
TPL,2024-03-04,6,7
TPL,2024-03-07,5,7
TPL,2024-03-08,5,7
TPL,2024-03-14,6,7
TPL,2024-03-15,5,7
TPL,2024-03-18,6,7
TPL,2024-03-19,6,7
TPL,2024-03-20,5,7
TPL,2024-03-21,6,7
TPL,2024-03-25,3,7
TPL,2024-03-26,5,7
TPL,2024-04-22,6,7
TPL,2024-06-06,6,7
TPL,2024-06-07,6,7
TPL,2024-08-30,6,7
TPL,2024-09-13,6,7
TPL,2024-10-24,6,7
TPL,2025-02-11,6,7
TPL,2025-09-29,6,7
TPR,2021-04-19,1,7
TPR,2021-10-25,1,7
TPR,2022-01-24,2,7
TPR,2022-01-26,6,7
TPR,2022-03-08,1,7
TRGP,2021-04-19,1,7
TRGP,2021-10-25,1,7
TRGP,2022-01-24,2,7
TRGP,2022-01-26,6,7
TRGP,2022-03-08,1,7
TRIP,2018-05-02,1,7
TRIP,2018-05-03,1,7
TRMB,2018-05-02,1,7
TRMB,2018-05-03,1,7
TROW,2018-05-02,1,7
TROW,2018-05-03,1,7
TRV,2021-04-19,1,7
TRV,2021-10-25,1,7
TRV,2022-01-24,2,7
TRV,2022-01-26,6,7
TSCO,2018-05-02,1,7
TSCO,2018-05-03,1,7
TSLA,2018-05-02,1,7
TSLA,2018-05-03,1,7
TSN,2021-04-19,1,7
TSN,2021-10-25,1,7
TSN,2022-01-24,2,7
TSN,2022-01-26,6,7
TSN,2022-03-08,1,7
TT,2021-04-19,1,7
TT,2021-10-25,1,7
TT,2022-01-24,2,7
TT,2022-01-26,6,7
TT,2022-03-08,1,7
TTD,2016-09-21,6,7
TTD,2018-05-02,1,7
TTD,2018-05-03,1,7
TTWO,2018-05-02,1,7
TTWO,2018-05-03,1,7
TUR,2018-05-02,1,7
TUR,2018-05-03,1,7
TUR,2022-07-01,6,7
TUR,2024-04-11,6,7
TUR,2024-06-26,6,7
TUR,2025-06-05,6,7
TUR,2026-06-29,6,7
TUR,2026-08-27,6,7
TUR,2026-09-11,6,7
TWTR,2021-04-19,1,7
TWTR,2021-10-25,1,7
TWTR,2022-01-24,2,7
TWTR,2022-01-26,6,7
TWTR,2022-03-08,1,7
TWTR,2022-10-04,5,7
TXN,2018-05-02,1,7
TXN,2018-05-03,1,7
TXT,2021-04-19,1,7
TXT,2021-10-25,1,7
TXT,2022-01-24,2,7
TXT,2022-01-26,6,7
TYL,2021-04-19,1,7
TYL,2021-10-25,1,7
TYL,2022-01-24,2,7
TYL,2022-01-26,6,7
TYL,2022-03-08,1,7
UA,2021-04-19,1,7
UA,2021-10-25,1,7
UA,2022-01-24,2,7
UA,2022-01-26,6,7
UA,2022-03-08,1,7
UAA,2021-04-19,1,7
UAA,2021-10-25,1,7
UAA,2022-01-24,2,7
UAA,2022-01-26,6,7
UAA,2022-03-08,1,7
UBER,2019-05-10,5,7
UBER,2021-04-19,1,7
UBER,2021-10-25,1,7
UBER,2022-01-24,2,7
UBER,2022-01-26,6,7
UBER,2022-03-08,1,7
UDR,2021-04-19,1,7
UDR,2021-10-25,1,7
UDR,2022-01-24,2,7
UDR,2022-01-26,6,7
UGA,2016-10-19,6,7
UGA,2016-10-24,6,7
UGA,2017-01-12,5,7
UGA,2017-02-15,6,7
UGA,2017-02-24,6,7
UGA,2017-03-06,6,7
UGA,2017-03-22,6,7
UGA,2017-03-23,6,7
UGA,2017-03-24,4,7
UGA,2017-03-31,6,7
UGA,2017-04-03,6,7
UGA,2017-04-06,6,7
UGA,2017-05-17,6,7
UGA,2017-05-22,6,7
UGA,2017-08-09,6,7
UGA,2017-08-11,6,7
UGA,2017-08-14,6,7
UGA,2017-08-22,5,7
UGA,2017-08-23,6,7
UGA,2017-10-17,6,7
UGA,2017-11-21,6,7
UGA,2017-12-18,6,7
UGA,2017-12-19,6,7
UGA,2018-01-12,6,7
UGA,2018-01-19,6,7
UGA,2018-02-16,5,7
UGA,2018-02-21,5,7
UGA,2018-02-22,5,7
UGA,2018-02-23,6,7
UGA,2018-02-27,6,7
UGA,2018-02-28,6,7
UGA,2018-03-05,5,7
UGA,2018-03-06,3,7
UGA,2018-03-12,6,7
UGA,2018-03-14,6,7
UGA,2018-03-19,6,7
UGA,2018-03-23,6,7
UGA,2018-03-26,5,7
UGA,2018-03-27,6,7
UGA,2018-04-04,6,7
UGA,2018-04-05,4,7
UGA,2018-04-09,6,7
UGA,2018-04-12,6,7
UGA,2018-04-13,5,7
UGA,2018-04-16,6,7
UGA,2018-04-17,6,7
UGA,2018-04-18,6,7
UGA,2018-04-24,6,7
UGA,2018-04-25,6,7
UGA,2018-05-03,6,7
UGA,2018-05-04,6,7
UGA,2018-05-11,6,7
UGA,2018-05-31,6,7
UGA,2018-06-04,6,7
UGA,2018-06-05,6,7
UGA,2018-06-06,6,7
UGA,2018-06-12,6,7
UGA,2018-06-19,4,7
UGA,2018-06-21,6,7
UGA,2018-06-28,3,7
UGA,2018-07-10,4,7
UGA,2018-07-11,5,7
UGA,2018-07-12,5,7
UGA,2018-07-13,6,7
UGA,2018-07-17,6,7
UGA,2018-07-19,5,7
UGA,2018-07-25,6,7
UGA,2018-07-30,6,7
UGA,2018-07-31,5,7
UGA,2018-08-01,6,7
UGA,2018-08-02,5,7
UGA,2018-08-03,5,7
UGA,2018-08-07,6,7
UGA,2018-08-08,6,7
UGA,2018-08-09,5,7
UGA,2018-08-10,6,7
UGA,2018-08-14,5,7
UGA,2018-08-16,5,7
UGA,2018-08-20,6,7
UGA,2018-08-21,5,7
UGA,2018-08-28,6,7
UGA,2018-08-30,5,7
UGA,2018-08-31,5,7
UGA,2018-09-06,4,7
UGA,2018-09-07,5,7
UGA,2018-09-14,5,7
UGA,2018-09-17,6,7
UGA,2018-09-18,6,7
UGA,2018-09-19,5,7
UGA,2018-09-20,6,7
UGA,2018-09-24,6,7
UGA,2018-09-25,6,7
UGA,2018-09-26,6,7
UGA,2018-09-27,6,7
UGA,2018-10-01,6,7
UGA,2018-10-02,6,7
UGA,2018-10-16,6,7
UGA,2018-10-22,5,7
UGA,2018-10-30,6,7
UGA,2018-11-07,6,7
UGA,2019-01-11,6,7
UGA,2019-01-15,6,7
UGA,2019-01-16,6,7
UGA,2019-01-29,6,7
UGA,2019-02-28,6,7
UGA,2019-03-20,6,7
UGA,2019-04-08,6,7
UGA,2019-04-30,6,7
UGA,2019-05-08,5,7
UGA,2019-05-14,6,7
UGA,2019-06-07,6,7
UGA,2019-06-18,6,7
UGA,2019-06-19,4,7
UGA,2019-06-24,6,7
UGA,2019-06-27,6,7
UGA,2019-06-28,6,7
UGA,2019-07-01,6,7
UGA,2019-07-03,3,4
UGA,2019-07-05,6,7
UGA,2019-07-12,6,7
UGA,2019-07-24,6,7
UGA,2019-07-25,4,7
UGA,2019-07-26,5,7
UGA,2019-07-30,6,7
UGA,2019-07-31,6,7
UGA,2019-08-01,6,7
UGA,2019-08-02,5,7
UGA,2019-08-06,6,7
UGA,2019-08-09,6,7
UGA,2019-08-16,6,7
UGA,2019-08-19,3,7
UGA,2019-08-20,6,7
UGA,2019-08-21,5,7
UGA,2019-08-22,2,7
UGA,2019-08-26,4,7
UGA,2019-08-27,4,7
UGA,2019-08-28,5,7
UGA,2019-08-29,6,7
UGA,2019-09-06,6,7
UGA,2019-09-09,6,7
UGA,2019-09-10,6,7
UGA,2019-09-11,5,7
UGA,2019-09-12,6,7
UGA,2019-09-13,4,7
UGA,2019-09-18,6,7
UGA,2019-09-23,5,7
UGA,2019-09-24,6,7
UGA,2019-09-26,6,7
UGA,2019-09-27,5,7
UGA,2019-10-01,5,7
UGA,2019-10-03,3,7
UGA,2019-10-04,3,7
UGA,2019-10-07,6,7
UGA,2019-10-08,2,7
UGA,2019-10-09,5,7
UGA,2019-10-10,4,7
UGA,2019-10-11,6,7
UGA,2019-10-14,3,7
UGA,2019-10-15,5,7
UGA,2019-10-16,6,7
UGA,2019-10-17,6,7
UGA,2019-10-21,5,7
UGA,2019-10-22,4,7
UGA,2019-10-23,6,7
UGA,2019-10-25,6,7
UGA,2019-10-28,5,7
UGA,2019-10-29,6,7
UGA,2019-10-30,5,7
UGA,2019-11-01,6,7
UGA,2019-11-06,6,7
UGA,2019-11-07,6,7
UGA,2019-11-08,5,7
UGA,2019-11-11,4,7
UGA,2019-11-12,5,7
UGA,2019-11-13,4,7
UGA,2019-11-14,6,7
UGA,2019-11-15,5,7
UGA,2019-11-18,6,7
UGA,2019-11-19,6,7
UGA,2019-11-25,6,7
UGA,2019-11-26,5,7
UGA,2019-12-03,4,7
UGA,2019-12-04,4,7
UGA,2019-12-10,5,7
UGA,2019-12-12,6,7
UGA,2019-12-13,5,7
UGA,2019-12-16,6,7
UGA,2019-12-18,5,7
UGA,2019-12-30,6,7
UGA,2020-01-02,4,7
UGA,2020-01-07,6,7
UGA,2020-01-09,5,7
UGA,2020-01-10,3,7
UGA,2020-01-13,6,7
UGA,2020-01-14,5,7
UGA,2020-01-15,6,7
UGA,2020-01-16,4,7
UGA,2020-01-24,6,7
UGA,2020-01-29,4,7
UGA,2020-02-06,6,7
UGA,2020-02-14,6,7
UGA,2020-12-11,6,7
UGA,2021-02-10,6,7
UGA,2021-07-28,6,7
UGA,2021-09-13,6,7
UGA,2021-12-16,6,7
UGA,2022-04-20,6,7
UGA,2022-08-09,6,7
UGA,2022-11-11,6,7
UGA,2023-02-17,6,7
UGA,2023-02-21,6,7
UGA,2023-02-27,6,7
UGA,2023-04-21,6,7
UGA,2023-04-26,6,7
UGA,2023-05-01,6,7
UGA,2023-05-04,6,7
UGA,2023-05-05,6,7
UGA,2023-05-11,6,7
UGA,2023-05-18,6,7
UGA,2023-05-19,6,7
UGA,2023-06-22,6,7
UGA,2023-06-23,6,7
UGA,2023-06-26,6,7
UGA,2023-06-30,6,7
UGA,2023-07-05,5,7
UGA,2023-07-13,6,7
UGA,2023-07-21,6,7
UGA,2023-08-08,6,7
UGA,2023-08-23,6,7
UGA,2023-08-24,5,7
UGA,2023-08-30,6,7
UGA,2023-09-18,6,7
UGA,2023-10-10,6,7
UGA,2023-10-27,6,7
UGA,2023-11-10,6,7
UGA,2023-11-27,6,7
UGA,2023-11-28,6,7
UGA,2023-12-20,6,7
UGA,2023-12-26,6,7
UGA,2024-01-16,6,7
UGA,2024-01-23,6,7
UGA,2024-02-09,6,7
UGA,2024-03-12,6,7
UGA,2024-04-26,6,7
UGA,2024-06-05,6,7
UGA,2024-06-18,6,7
UGA,2024-06-26,6,7
UGA,2024-06-27,6,7
UGA,2024-07-05,6,7
UGA,2024-07-09,6,7
UGA,2024-07-15,6,7
UGA,2024-07-18,6,7
UGA,2024-07-19,6,7
UGA,2024-07-23,6,7
UGA,2024-07-26,6,7
UGA,2024-07-29,6,7
UGA,2024-08-06,6,7
UGA,2024-08-09,6,7
UGA,2024-09-18,6,7
UGA,2024-09-20,6,7
UGA,2024-09-24,6,7
UGA,2024-09-25,5,7
UGA,2024-09-26,6,7
UGA,2024-09-30,6,7
UGA,2024-10-11,6,7
UGA,2024-10-14,3,7
UGA,2024-10-15,6,7
UGA,2024-10-18,6,7
UGA,2024-10-21,5,7
UGA,2024-10-23,5,7
UGA,2024-10-24,6,7
UGA,2024-10-25,6,7
UGA,2024-10-30,6,7
UGA,2024-11-19,6,7
UGA,2024-11-25,6,7
UGA,2024-12-11,6,7
UGA,2024-12-16,6,7
UGA,2024-12-19,6,7
UGA,2024-12-26,5,7
UGA,2024-12-27,5,7
UGA,2025-01-17,6,7
UGA,2025-02-19,6,7
UGA,2025-02-25,6,7
UGA,2025-02-26,6,7
UGA,2025-02-27,6,7
UGA,2025-02-28,6,7
UGA,2025-03-10,6,7
UGA,2025-03-14,4,7
UGA,2025-03-17,6,7
UGA,2025-03-20,5,7
UGA,2025-03-21,6,7
UGA,2025-03-24,6,7
UGA,2025-03-26,6,7
UGA,2025-03-27,3,7
UGA,2025-03-28,4,7
UGA,2025-04-14,6,7
UGA,2025-04-16,5,7
UGA,2025-04-22,4,7
UGA,2025-04-28,3,7
UGA,2025-04-29,6,7
UGA,2025-05-05,6,7
UGA,2025-05-12,6,7
UGA,2025-05-14,6,7
UGA,2025-05-15,6,7
UGA,2025-05-19,6,7
UGA,2025-05-20,5,7
UGA,2025-05-21,6,7
UGA,2025-05-22,5,7
UGA,2025-05-23,5,7
UGA,2025-05-29,5,7
UGA,2025-06-16,6,7
UGA,2025-06-17,6,7
UGA,2025-07-02,5,7
UGA,2025-07-09,6,7
UGA,2025-07-14,6,7
UGA,2025-07-15,3,7
UGA,2025-07-17,5,7
UGA,2025-07-18,5,7
UGA,2025-08-05,5,7
UGA,2025-08-06,6,7
UGA,2025-08-08,6,7
UGA,2025-08-12,5,7
UGA,2025-08-13,6,7
UGA,2025-08-18,6,7
UGA,2025-08-19,6,7
UGA,2025-08-20,6,7
UGA,2025-08-21,5,7
UGA,2025-08-22,5,7
UGA,2025-08-26,6,7
UGA,2025-08-27,4,7
UGA,2025-08-28,3,7
UGA,2025-08-29,5,7
UGA,2025-09-08,6,7
UGA,2025-09-11,6,7
UGA,2025-09-12,5,7
UGA,2025-09-15,5,7
UGA,2025-09-17,6,7
UGA,2025-09-18,6,7
UGA,2025-09-19,6,7
UGA,2025-09-22,6,7
UGA,2025-09-23,6,7
UGA,2025-09-24,4,7
UGA,2025-09-25,3,7
UGA,2025-09-30,4,7
UGA,2025-10-08,6,7
UGA,2025-10-13,6,7
UGA,2025-10-14,5,7
UGA,2025-10-21,5,7
UGA,2025-10-22,5,7
UGA,2025-10-29,6,7
UGA,2025-10-30,6,7
UGA,2025-10-31,6,7
UGA,2025-11-14,6,7
UGA,2025-11-18,5,7
UGA,2025-11-26,5,7
UGA,2025-12-02,6,7
UGA,2025-12-03,5,7
UGA,2025-12-04,4,7
UGA,2025-12-05,6,7
UGA,2025-12-08,5,7
UGA,2025-12-11,6,7
UGA,2025-12-12,6,7
UGA,2025-12-15,5,7
UGA,2025-12-22,6,7
UGA,2026-01-14,5,7
UGA,2026-01-15,6,7
UGA,2026-01-21,6,7
UGA,2026-01-22,6,7
UGA,2026-01-23,6,7
UGA,2026-01-27,6,7
UGA,2026-02-10,5,7
UGA,2026-02-13,6,7
UGA,2026-02-17,5,7
UGA,2026-02-20,6,7
UGA,2026-02-23,6,7
UGA,2026-02-24,5,7
UGA,2026-02-25,5,7
UGA,2026-06-02,6,7
UGA,2026-06-23,6,7
UGA,2026-06-26,6,7
UGA,2026-06-29,6,7
UGA,2026-07-07,6,7
UGA,2026-08-25,6,7
UGA,2026-08-31,6,7
UHS,2021-04-19,1,7
UHS,2021-10-25,1,7
UHS,2022-01-24,2,7
UHS,2022-01-26,6,7
UHS,2022-03-08,1,7
ULTA,2018-05-02,1,7
ULTA,2018-05-03,1,7
UNH,2021-04-19,1,7
UNH,2021-10-25,1,7
UNH,2022-01-24,2,7
UNH,2022-01-26,6,7
UNH,2022-03-08,1,7
UNM,2021-04-19,1,7
UNM,2021-10-25,1,7
UNM,2022-01-24,2,7
UNM,2022-01-26,6,7
UNM,2022-03-08,1,7
UNP,2021-04-19,1,7
UNP,2021-10-25,1,7
UNP,2022-01-24,2,7
UNP,2022-01-26,6,7
UNP,2022-03-08,1,7
UPS,2021-04-19,1,7
UPS,2021-10-25,1,7
UPS,2022-01-24,2,7
UPS,2022-01-26,6,7
UPS,2022-03-08,1,7
URBN,2018-05-02,1,7
URBN,2018-05-03,1,7
URI,2021-04-19,1,7
URI,2021-10-25,1,7
URI,2022-01-24,2,7
URI,2022-01-26,6,7
URI,2022-03-08,1,7
USB,2021-04-19,1,7
USB,2021-10-25,1,7
USB,2022-01-24,2,7
USB,2022-01-26,6,7
USB,2022-03-08,1,7
V,2021-04-19,1,7
V,2021-10-25,1,7
V,2022-01-24,2,7
V,2022-01-26,6,7
VEEV,2021-04-19,1,7
VEEV,2021-10-25,1,7
VEEV,2022-01-24,2,7
VEEV,2022-01-26,6,7
VEEV,2022-03-08,1,7
VFC,2021-04-19,1,7
VFC,2021-10-25,1,7
VFC,2022-01-24,2,7
VFC,2022-01-26,6,7
VFC,2022-03-08,1,7
VIAB,2018-05-02,1,7
VIAB,2018-05-03,1,7
VICI,2018-02-01,6,7
VICI,2021-04-19,1,7
VICI,2021-10-25,1,7
VICI,2022-01-24,2,7
VICI,2022-01-26,6,7
VICI,2022-03-08,1,7
VLO,2021-04-19,1,7
VLO,2021-10-25,1,7
VLO,2022-01-24,2,7
VLO,2022-01-26,6,7
VMC,2021-04-19,1,7
VMC,2021-10-25,1,7
VMC,2022-01-24,2,7
VMC,2022-01-26,6,7
VMRK,2021-04-19,1,7
VMRK,2021-10-25,1,7
VMRK,2022-03-08,1,7
VNO,2021-04-19,1,7
VNO,2021-10-25,1,7
VNO,2022-01-24,2,7
VNO,2022-01-26,6,7
VNO,2022-03-08,1,7
VNT,2021-04-19,1,7
VNT,2021-10-25,1,7
VNT,2022-01-24,2,7
VNT,2022-01-26,6,7
VNT,2022-03-08,1,7
VRSK,2018-05-02,1,7
VRSK,2018-05-03,1,7
VRSN,2018-05-02,1,7
VRSN,2018-05-03,1,7
VRT,2018-07-30,5,7
VRT,2018-07-31,2,7
VRT,2018-08-01,5,7
VRT,2018-08-02,3,7
VRT,2018-08-06,3,7
VRT,2018-08-07,1,7
VRT,2018-08-09,1,7
VRT,2018-08-10,2,7
VRT,2018-08-13,3,7
VRT,2018-08-14,5,7
VRT,2018-08-16,6,7
VRT,2018-08-17,4,7
VRT,2018-08-22,5,7
VRT,2018-08-24,1,7
VRT,2018-08-27,5,7
VRT,2018-08-29,3,7
VRT,2018-08-31,2,7
VRT,2018-09-04,1,7
VRT,2018-09-05,2,7
VRT,2018-09-10,2,7
VRT,2018-09-11,3,7
VRT,2018-09-12,2,7
VRT,2018-09-14,1,7
VRT,2018-09-17,4,7
VRT,2018-09-18,2,7
VRT,2018-09-19,6,7
VRT,2018-09-20,3,7
VRT,2018-09-21,3,7
VRT,2018-09-24,2,7
VRT,2018-09-25,6,7
VRT,2018-09-26,1,7
VRT,2018-09-27,6,7
VRT,2018-09-28,4,7
VRT,2018-10-01,3,7
VRT,2018-10-02,5,7
VRT,2018-10-03,1,7
VRT,2018-10-04,5,7
VRT,2018-10-05,2,7
VRT,2018-10-08,3,7
VRT,2018-10-09,3,7
VRT,2018-10-10,3,7
VRT,2018-10-11,3,7
VRT,2018-10-12,2,7
VRT,2018-10-15,2,7
VRT,2018-10-16,3,7
VRT,2018-10-17,2,7
VRT,2018-10-18,1,7
VRT,2018-10-19,1,7
VRT,2018-10-22,6,7
VRT,2018-10-23,3,7
VRT,2018-10-24,1,7
VRT,2018-10-25,2,7
VRT,2018-10-26,2,7
VRT,2018-10-29,1,7
VRT,2018-10-30,2,7
VRT,2018-10-31,2,7
VRT,2018-11-02,3,7
VRT,2018-11-05,3,7
VRT,2018-11-06,4,7
VRT,2018-11-07,5,7
VRT,2018-11-09,3,7
VRT,2018-11-12,4,7
VRT,2018-11-13,2,7
VRT,2018-11-14,5,7
VRT,2018-11-15,5,7
VRT,2018-11-16,2,7
VRT,2018-11-19,5,7
VRT,2018-11-20,3,7
VRT,2018-11-21,6,7
VRT,2018-11-23,2,4
VRT,2018-11-26,2,7
VRT,2018-11-27,3,7
VRT,2018-11-28,2,7
VRT,2018-11-29,2,7
VRT,2018-11-30,3,7
VRT,2018-12-03,3,7
VRT,2018-12-04,1,7
VRT,2018-12-06,3,7
VRT,2018-12-07,2,7
VRT,2018-12-10,1,7
VRT,2018-12-11,3,7
VRT,2018-12-12,3,7
VRT,2018-12-13,3,7
VRT,2018-12-14,3,7
VRT,2018-12-17,2,7
VRT,2018-12-18,3,7
VRT,2018-12-19,2,7
VRT,2018-12-20,3,7
VRT,2018-12-21,1,7
VRT,2018-12-24,1,4
VRT,2018-12-26,2,7
VRT,2018-12-27,1,7
VRT,2018-12-28,5,7
VRT,2018-12-31,5,7
VRT,2019-01-02,2,7
VRT,2019-01-03,1,7
VRT,2019-01-04,3,7
VRT,2019-01-07,3,7
VRT,2019-01-08,5,7
VRT,2019-01-09,4,7
VRT,2019-01-10,6,7
VRT,2019-01-11,6,7
VRT,2019-01-14,5,7
VRT,2019-01-15,2,7
VRT,2019-01-16,3,7
VRT,2019-01-17,2,7
VRT,2019-01-18,5,7
VRT,2019-01-22,6,7
VRT,2019-01-23,1,7
VRT,2019-01-24,3,7
VRT,2019-01-25,3,7
VRT,2019-01-28,3,7
VRT,2019-01-29,4,7
VRT,2019-01-30,2,7
VRT,2019-01-31,4,7
VRT,2019-02-04,6,7
VRT,2019-02-05,5,7
VRT,2019-02-06,2,7
VRT,2019-02-07,3,7
VRT,2019-02-08,1,7
VRT,2019-02-11,2,7
VRT,2019-02-12,2,7
VRT,2019-02-13,2,7
VRT,2019-02-14,5,7
VRT,2019-02-15,6,7
VRT,2019-02-19,1,7
VRT,2019-02-21,1,7
VRT,2019-02-22,3,7
VRT,2019-02-26,2,7
VRT,2019-02-27,4,7
VRT,2019-03-01,1,7
VRT,2019-03-04,1,7
VRT,2019-03-05,4,7
VRT,2019-03-06,3,7
VRT,2019-03-07,2,7
VRT,2019-03-08,3,7
VRT,2019-03-11,3,7
VRT,2019-03-12,3,7
VRT,2019-03-13,4,7
VRT,2019-03-14,2,7
VRT,2019-03-15,2,7
VRT,2019-03-18,2,7
VRT,2019-03-20,6,7
VRT,2019-03-21,2,7
VRT,2019-03-22,3,7
VRT,2019-03-25,4,7
VRT,2019-03-26,4,7
VRT,2019-03-27,2,7
VRT,2019-03-28,3,7
VRT,2019-03-29,5,7
VRT,2019-04-01,3,7
VRT,2019-04-02,3,7
VRT,2019-04-04,5,7
VRT,2019-04-05,5,7
VRT,2019-04-08,2,7
VRT,2019-04-09,1,7
VRT,2019-04-11,2,7
VRT,2019-04-12,1,7
VRT,2019-04-15,2,7
VRT,2019-04-17,2,7
VRT,2019-04-22,5,7
VRT,2019-04-23,3,7
VRT,2019-04-24,5,7
VRT,2019-04-25,2,7
VRT,2019-04-29,3,7
VRT,2019-04-30,1,7
VRT,2019-05-01,2,7
VRT,2019-05-02,2,7
VRT,2019-05-03,2,7
VRT,2019-05-06,2,7
VRT,2019-05-07,1,7
VRT,2019-05-08,1,7
VRT,2019-05-09,1,7
VRT,2019-05-10,2,7
VRT,2019-05-13,1,7
VRT,2019-05-14,3,7
VRT,2019-05-15,2,7
VRT,2019-05-16,2,7
VRT,2019-05-20,1,7
VRT,2019-05-21,1,7
VRT,2019-05-22,4,7
VRT,2019-05-23,1,7
VRT,2019-05-24,5,7
VRT,2019-05-28,4,7
VRT,2019-05-29,4,7
VRT,2019-05-30,5,7
VRT,2019-05-31,2,7
VRT,2019-06-03,3,7
VRT,2019-06-04,4,7
VRT,2019-06-06,2,7
VRT,2019-06-07,3,7
VRT,2019-06-10,3,7
VRT,2019-06-11,1,7
VRT,2019-06-12,1,7
VRT,2019-06-13,1,7
VRT,2019-06-14,6,7
VRT,2019-06-18,4,7
VRT,2019-06-19,3,7
VRT,2019-06-20,2,7
VRT,2019-06-21,1,7
VRT,2019-06-24,4,7
VRT,2019-06-25,4,7
VRT,2019-06-26,3,7
VRT,2019-06-27,5,7
VRT,2019-06-28,4,7
VRT,2019-07-01,2,7
VRT,2019-07-02,3,7
VRT,2019-07-03,3,4
VRT,2019-07-05,1,7
VRT,2019-07-09,2,7
VRT,2019-07-10,3,7
VRT,2019-07-11,4,7
VRT,2019-07-12,4,7
VRT,2019-07-15,1,7
VRT,2019-07-17,1,7
VRT,2019-07-18,4,7
VRT,2019-07-19,3,7
VRT,2019-07-22,1,7
VRT,2019-07-24,1,7
VRT,2019-07-25,6,7
VRT,2019-07-29,4,7
VRT,2019-07-30,3,7
VRT,2019-07-31,5,7
VRT,2019-08-01,3,7
VRT,2019-08-02,3,7
VRT,2019-08-05,3,7
VRT,2019-08-06,4,7
VRT,2019-08-07,5,7
VRT,2019-08-08,5,7
VRT,2019-08-09,4,7
VRT,2019-08-13,2,7
VRT,2019-08-14,1,7
VRT,2019-08-15,2,7
VRT,2019-08-16,2,7
VRT,2019-08-19,4,7
VRT,2019-08-20,1,7
VRT,2019-08-21,1,7
VRT,2019-08-22,4,7
VRT,2019-08-23,2,7
VRT,2019-08-26,3,7
VRT,2019-08-27,2,7
VRT,2019-08-28,3,7
VRT,2019-08-29,2,7
VRT,2019-08-30,1,7
VRT,2019-09-03,5,7
VRT,2019-09-04,2,7
VRT,2019-09-05,1,7
VRT,2019-09-06,3,7
VRT,2019-09-09,5,7
VRT,2019-09-10,1,7
VRT,2019-09-11,1,7
VRT,2019-09-12,2,7
VRT,2019-09-13,5,7
VRT,2019-09-16,2,7
VRT,2019-09-17,5,7
VRT,2019-09-18,2,7
VRT,2019-09-19,3,7
VRT,2019-09-20,6,7
VRT,2019-09-23,3,7
VRT,2019-09-24,2,7
VRT,2019-09-25,3,7
VRT,2019-09-26,4,7
VRT,2019-09-27,2,7
VRT,2019-09-30,3,7
VRT,2019-10-01,3,7
VRT,2019-10-02,2,7
VRT,2019-10-03,3,7
VRT,2019-10-04,4,7
VRT,2019-10-07,3,7
VRT,2019-10-08,1,7
VRT,2019-10-09,5,7
VRT,2019-10-10,3,7
VRT,2019-10-11,1,7
VRT,2019-10-14,3,7
VRT,2019-10-16,5,7
VRT,2019-10-17,3,7
VRT,2019-10-21,2,7
VRT,2019-10-22,2,7
VRT,2019-10-23,5,7
VRT,2019-10-24,1,7
VRT,2019-10-25,6,7
VRT,2019-10-28,4,7
VRT,2019-10-30,2,7
VRT,2019-10-31,2,7
VRT,2019-11-05,2,7
VRT,2019-11-06,2,7
VRT,2019-11-08,3,7
VRT,2019-11-12,4,7
VRT,2019-11-13,1,7
VRT,2019-11-14,3,7
VRT,2019-11-15,2,7
VRT,2019-11-18,3,7
VRT,2019-11-19,1,7
VRT,2019-11-21,3,7
VRT,2019-11-22,2,7
VRT,2019-11-25,3,7
VRT,2019-11-26,2,7
VRT,2019-12-02,3,7
VRT,2019-12-04,3,7
VRT,2019-12-05,2,7
VRT,2019-12-06,2,7
VRT,2019-12-09,6,7
VRT,2021-04-19,1,7
VRT,2021-10-25,1,7
VRT,2022-01-24,2,7
VRT,2022-01-26,6,7
VRT,2022-03-08,1,7
VRTX,2018-05-02,1,7
VRTX,2018-05-03,1,7
VRTX,2019-10-21,6,7
VST,2021-04-19,1,7
VST,2021-10-25,1,7
VST,2022-01-24,2,7
VST,2022-01-26,6,7
VST,2022-03-08,1,7
VTR,2021-04-19,1,7
VTR,2021-10-25,1,7
VTR,2022-01-24,2,7
VTR,2022-01-26,6,7
VTR,2022-03-08,1,7
VZ,2021-04-19,1,7
VZ,2021-10-25,1,7
VZ,2022-01-24,2,7
VZ,2022-01-26,6,7
VZ,2022-03-08,1,7
WAB,2021-04-19,1,7
WAB,2021-10-25,1,7
WAB,2022-01-24,2,7
WAB,2022-01-26,6,7
WAT,2021-04-19,1,7
WAT,2021-10-25,1,7
WAT,2022-01-24,2,7
WAT,2022-01-26,6,7
WBA,2018-05-02,1,7
WBA,2018-05-03,1,7
WDAY,2017-01-11,6,7
WDAY,2018-05-02,1,7
WDAY,2018-05-03,1,7
WDC,2018-05-02,1,7
WDC,2018-05-03,1,7
WEAT,2016-01-05,6,7
WEAT,2016-01-14,6,7
WEAT,2016-01-20,6,7
WEAT,2016-01-21,3,7
WEAT,2016-02-03,5,7
WEAT,2016-02-12,6,7
WEAT,2016-02-17,6,7
WEAT,2016-02-18,5,7
WEAT,2016-02-24,6,7
WEAT,2016-03-10,6,7
WEAT,2016-03-15,6,7
WEAT,2016-03-22,6,7
WEAT,2016-03-29,6,7
WEAT,2016-04-04,6,7
WEAT,2016-04-08,6,7
WEAT,2016-05-04,6,7
WEAT,2016-05-20,6,7
WEAT,2016-05-23,5,7
WEAT,2016-06-01,6,7
WEAT,2016-09-23,6,7
WEAT,2017-04-04,6,7
WEAT,2017-04-13,6,7
WEAT,2017-06-05,6,7
WEAT,2017-09-22,6,7
WEAT,2018-01-22,6,7
WEAT,2018-07-18,6,7
WEAT,2018-09-14,6,7
WEAT,2018-10-10,6,7
WEAT,2018-10-31,6,7
WEAT,2018-12-28,6,7
WEAT,2019-05-07,6,7
WEAT,2019-07-16,6,7
WEAT,2019-08-15,6,7
WEAT,2019-09-25,6,7
WEAT,2019-10-03,6,7
WEAT,2019-10-04,5,7
WEAT,2019-11-01,6,7
WEAT,2019-11-05,5,7
WEAT,2019-12-13,6,7
WEC,2021-04-19,1,7
WEC,2021-10-25,1,7
WEC,2022-01-24,2,7
WEC,2022-01-26,6,7
WELL,2021-04-19,1,7
WELL,2021-10-25,1,7
WELL,2022-01-24,2,7
WELL,2022-01-26,6,7
WELL,2022-03-08,1,7
WFC,2021-04-19,1,7
WFC,2021-10-25,1,7
WFC,2022-01-24,2,7
WFC,2022-01-26,6,7
WFC,2022-03-08,1,7
WHR,2021-04-19,1,7
WHR,2021-10-25,1,7
WHR,2022-01-24,2,7
WHR,2022-01-26,6,7
WHR,2022-03-08,1,7
WM,2021-04-19,1,7
WM,2021-10-25,1,7
WM,2022-01-24,2,7
WM,2022-01-26,6,7
WM,2022-03-08,1,7
WMB,2016-07-01,6,7
WMB,2021-04-19,1,7
WMB,2021-10-25,1,7
WMB,2022-01-24,2,7
WMB,2022-01-26,6,7
WMB,2022-03-08,1,7
WMT,2021-04-19,1,7
WMT,2021-10-25,1,7
WMT,2022-01-24,2,7
WMT,2022-01-26,6,7
WMT,2022-03-08,1,7
WRB,2021-04-19,1,7
WRB,2021-10-25,1,7
WRB,2022-01-24,2,7
WRB,2022-01-26,6,7
WRB,2022-03-08,1,7
WSM,2021-04-19,1,7
WSM,2021-10-25,1,7
WSM,2022-01-24,2,7
WSM,2022-01-26,6,7
WSM,2022-03-08,1,7
WST,2020-03-12,6,7
WST,2021-04-19,1,7
WST,2021-10-25,1,7
WST,2022-01-24,2,7
WST,2022-01-26,6,7
WST,2022-03-08,1,7
WTW,2018-05-02,1,7
WTW,2018-05-03,1,7
WU,2017-01-19,6,7
WU,2021-04-19,1,7
WU,2022-01-24,2,7
WU,2022-01-26,6,7
WU,2022-03-08,1,7
WY,2021-04-19,1,7
WY,2021-10-25,1,7
WY,2022-01-24,2,7
WY,2022-01-26,6,7
WY,2022-03-08,1,7
WYNN,2018-05-02,1,7
WYNN,2018-05-03,1,7
XEC,2021-04-19,1,7
XEL,2018-05-02,1,7
XEL,2018-05-03,1,7
XL,2021-04-19,1,7
XL,2021-10-25,1,7
XL,2022-01-24,2,7
XL,2022-01-26,6,7
XLC,2018-06-19,6,7
XLNX,2018-05-02,1,7
XLNX,2018-05-03,1,7
XLRE,2016-01-04,4,7
XLRE,2016-01-05,4,7
XLRE,2016-01-06,5,7
XLRE,2016-01-07,4,7
XLRE,2016-01-08,4,7
XLRE,2016-01-11,1,7
XLRE,2016-01-12,2,7
XLRE,2016-01-13,3,7
XLRE,2016-01-14,5,7
XLRE,2016-01-15,2,7
XLRE,2016-01-19,4,7
XLRE,2016-01-20,5,7
XLRE,2016-01-21,1,7
XLRE,2016-01-22,2,7
XLRE,2016-01-26,3,7
XLRE,2016-01-27,1,7
XLRE,2016-01-28,4,7
XLRE,2016-01-29,2,7
XLRE,2016-02-01,2,7
XLRE,2016-02-02,2,7
XLRE,2016-02-03,5,7
XLRE,2016-02-04,3,7
XLRE,2016-02-05,2,7
XLRE,2016-02-08,3,7
XLRE,2016-02-09,4,7
XLRE,2016-02-10,1,7
XLRE,2016-02-11,2,7
XLRE,2016-02-12,4,7
XLRE,2016-02-17,4,7
XLRE,2016-02-18,4,7
XLRE,2016-02-19,1,7
XLRE,2016-02-22,3,7
XLRE,2016-02-23,1,7
XLRE,2016-02-24,2,7
XLRE,2016-02-25,1,7
XLRE,2016-02-26,4,7
XLRE,2016-02-29,3,7
XLRE,2016-03-01,3,7
XLRE,2016-03-02,4,7
XLRE,2016-03-03,1,7
XLRE,2016-03-04,4,7
XLRE,2016-03-07,2,7
XLRE,2016-03-08,2,7
XLRE,2016-03-09,3,7
XLRE,2016-03-10,3,7
XLRE,2016-03-11,2,7
XLRE,2016-03-14,1,7
XLRE,2016-03-15,3,7
XLRE,2016-03-16,3,7
XLRE,2016-03-17,2,7
XLRE,2016-03-21,5,7
XLRE,2016-03-22,5,7
XLRE,2016-03-23,4,7
XLRE,2016-03-24,3,7
XLRE,2016-03-28,4,7
XLRE,2016-03-31,6,7
XLRE,2016-04-01,2,7
XLRE,2016-04-04,4,7
XLRE,2016-04-05,2,7
XLRE,2016-04-06,3,7
XLRE,2016-04-07,4,7
XLRE,2016-04-08,4,7
XLRE,2016-04-11,6,7
XLRE,2016-04-12,4,7
XLRE,2016-04-13,3,7
XLRE,2016-04-14,4,7
XLRE,2016-04-15,3,7
XLRE,2016-04-18,3,7
XLRE,2016-04-19,5,7
XLRE,2016-04-20,4,7
XLRE,2016-04-21,3,7
XLRE,2016-04-22,3,7
XLRE,2016-04-25,2,7
XLRE,2016-04-26,3,7
XLRE,2016-04-27,3,7
XLRE,2016-04-28,4,7
XLRE,2016-05-02,6,7
XLRE,2016-05-03,3,7
XLRE,2016-05-04,4,7
XLRE,2016-05-05,2,7
XLRE,2016-05-06,5,7
XLRE,2016-05-09,5,7
XLRE,2016-05-10,5,7
XLRE,2016-05-11,5,7
XLRE,2016-05-12,5,7
XLRE,2016-05-13,5,7
XLRE,2016-05-16,5,7
XLRE,2016-05-17,4,7
XLRE,2016-05-18,5,7
XLRE,2016-05-19,5,7
XLRE,2016-05-20,2,7
XLRE,2016-05-23,3,7
XLRE,2016-05-24,5,7
XLRE,2016-05-25,5,7
XLRE,2016-05-26,3,7
XLRE,2016-05-27,5,7
XLRE,2016-05-31,4,7
XLRE,2016-06-01,3,7
XLRE,2016-06-02,3,7
XLRE,2016-06-03,4,7
XLRE,2016-06-06,4,7
XLRE,2016-06-07,5,7
XLRE,2016-06-08,4,7
XLRE,2016-06-09,6,7
XLRE,2016-06-10,3,7
XLRE,2016-06-13,5,7
XLRE,2016-06-14,5,7
XLRE,2016-06-15,6,7
XLRE,2016-06-16,4,7
XLRE,2016-06-20,5,7
XLRE,2016-06-21,4,7
XLRE,2016-06-22,4,7
XLRE,2016-06-23,2,7
XLRE,2016-06-24,4,7
XLRE,2016-06-27,5,7
XLRE,2016-06-28,6,7
XLRE,2016-06-30,6,7
XLRE,2016-07-01,5,7
XLRE,2016-07-05,4,7
XLRE,2016-07-06,4,7
XLRE,2016-07-08,5,7
XLRE,2016-07-13,6,7
XLRE,2016-07-14,6,7
XLRE,2016-07-15,6,7
XLRE,2016-07-18,5,7
XLRE,2016-07-19,6,7
XLRE,2016-07-22,6,7
XLRE,2016-07-25,6,7
XLRE,2016-07-26,6,7
XLRE,2016-07-27,6,7
XLRE,2016-08-03,6,7
XLRE,2016-08-05,6,7
XLRE,2016-08-08,6,7
XLRE,2016-08-12,4,7
XLRE,2016-08-19,6,7
XOM,2021-04-19,1,7
XOM,2021-10-25,1,7
XOM,2022-01-24,2,7
XOM,2022-01-26,6,7
XOM,2022-03-08,1,7
XRAY,2018-05-02,1,7
XRAY,2018-05-03,1,7
XRX,2021-04-19,1,7
XYL,2021-04-19,1,7
XYL,2021-10-25,1,7
XYL,2022-01-24,2,7
XYL,2022-01-26,6,7
XYL,2022-03-08,1,7
XYZ,2021-04-19,1,7
XYZ,2021-10-25,1,7
XYZ,2022-01-24,2,7
XYZ,2022-01-26,6,7
XYZ,2022-03-08,1,7
YUM,2021-04-19,1,7
YUM,2021-10-25,1,7
YUM,2022-01-24,2,7
YUM,2022-01-26,6,7
YUM,2022-03-08,1,7
ZBH,2021-04-19,1,7
ZBH,2021-10-25,1,7
ZBH,2022-01-24,2,7
ZBH,2022-01-26,6,7
ZBH,2022-03-08,1,7
ZBRA,2018-05-02,1,7
ZBRA,2018-05-03,1,7
ZION,2018-05-02,1,7
ZION,2018-05-03,1,7
ZTS,2021-04-19,1,7
ZTS,2021-10-25,1,7
ZTS,2022-01-24,2,7
ZTS,2022-01-26,6,7
ZTS,2022-03-08,1,7
