symbol,reason,moneta_target,boundary_date,verdict,last_date_before_gap,first_date_after_gap,gap_days,stale_bars,close_before,close_after,ratio
AKTS,trading_gap,False,2026-01-09,trim_to_boundary,2024-12-17,2026-01-09,388,0,0.0372,22.4,602.150538
GPOR,stale_run,False,2021-05-18,trim_to_boundary,2020-11-27,2021-05-17,171,117,0.1383,72.95,527.4765
LINE,stale_run,False,2024-07-25,trim_to_boundary,2016-05-24,2024-07-24,2983,2055,0.18,80.78,448.777778
CBL,stale_run,False,2021-11-02,trim_to_boundary,2020-11-03,2021-11-01,363,251,0.0894,30.0,335.57047
WW,stale_run,False,2025-07-07,trim_to_boundary,2025-05-16,2025-07-03,48,33,0.2496,40.0,160.25641
SMRT,stale_run,False,2021-02-05,trim_to_boundary,2020-08-24,2020-12-31,129,91,0.0739,11.1,150.202977
SD,stale_run,False,2016-10-04,trim_to_boundary,2016-01-07,2016-10-03,270,187,0.15,19.5,130.0
SPRB,stale_run,False,2025-09-15,trim_to_boundary,2025-04-29,2025-09-12,136,95,0.0786,9.8,124.681934
BBBY,trading_gap,False,2025-08-29,trim_to_boundary,2023-05-02,2025-08-29,850,0,0.0751,9.01,119.973369
SN,stale_run,False,2023-07-31,trim_to_boundary,2019-02-20,2023-07-28,1619,1118,0.3607,42.31,117.299695
OILU,stale_run,False,2021-11-09,trim_to_boundary,2020-03-30,2020-12-31,276,193,0.2165,25.29,116.812933
OILU,trading_gap,False,2021-11-09,trim_to_boundary,2020-12-31,2021-11-09,313,0,0.2165,25.29,116.812933
BIOA,stale_run,False,2024-09-26,trim_to_boundary,2018-02-09,2024-09-25,2420,1667,0.1599,18.31,114.509068
RELY,stale_run,False,2021-09-23,trim_to_boundary,2017-11-28,2020-12-31,1129,779,0.4341,48.45,111.610228
RELY,trading_gap,False,2021-09-23,trim_to_boundary,2020-12-31,2021-09-23,266,0,0.4341,48.45,111.610228
XOG,stale_run,False,2021-01-21,trim_to_boundary,2020-06-25,2021-01-20,209,144,0.2705,30.0,110.90573
AIM,stale_run,False,2025-06-17,trim_to_boundary,2025-04-07,2025-06-16,70,49,0.0949,10.15,106.954689
WTIU,stale_run,False,2023-02-15,trim_to_boundary,2020-04-09,2023-02-14,1041,718,0.2121,22.6718,106.892032
GDP,stale_run,False,2017-04-11,trim_to_boundary,2016-01-14,2017-04-10,452,312,0.1551,16.1,103.803997
LGCY,stale_run,False,2024-09-26,trim_to_boundary,2019-06-28,2024-09-25,1916,1320,0.0395,4.02,101.772152
ALF,stale_run,False,2024-08-01,trim_to_boundary,2022-10-25,2024-07-31,645,443,0.1111,10.02,90.189019
DBD,stale_run,False,2023-08-14,trim_to_boundary,2023-05-30,2023-08-11,73,52,0.25,20.57,82.28
QH,stale_run,False,2026-05-29,trim_to_boundary,2026-04-06,2026-05-28,52,38,0.094,7.73,82.234043
DCTH,stale_run,False,2020-05-01,trim_to_boundary,2017-09-15,2020-04-30,958,660,0.0999,7.66,76.676677
VAL,stale_run,False,2021-05-03,trim_to_boundary,2020-08-17,2021-04-30,256,178,0.33,23.7,71.818182
CBK,trading_gap,False,2025-10-02,trim_to_boundary,2019-04-17,2025-10-02,2360,0,0.349,24.0,68.767908
REE,stale_run,False,2021-07-23,trim_to_boundary,2016-02-29,2021-07-22,1970,1360,4.53,306.3,67.615894
RPRX,stale_run,False,2020-06-16,trim_to_boundary,2018-02-01,2019-12-31,698,482,0.67,44.5,66.41791
NES,stale_run,False,2017-10-12,trim_to_boundary,2016-01-20,2017-10-11,630,437,0.2584,15.12,58.513932
PARA,stale_run,False,2021-02-12,trim_to_boundary,2018-07-12,2021-02-11,945,652,2060.0,101500.0,49.271845
BURU,stale_run,False,2026-09-14,trim_to_boundary,2024-06-14,2024-08-01,48,33,18.62,858.28,46.094522
CORZ,stale_run,False,2024-01-24,trim_to_boundary,2023-01-03,2024-01-23,385,265,0.0751,3.44,45.805593
OBE,stale_run,False,2022-01-31,trim_to_boundary,2020-04-02,2022-01-28,666,461,0.163,7.43,45.582822
REED,trading_gap,False,2025-12-05,trim_to_boundary,2024-12-31,2025-12-05,339,0,0.0698,3.17,45.415473
SEV,trading_gap,False,2025-10-16,trim_to_boundary,2023-07-20,2025-10-16,819,0,0.207,8.0,38.647343
AVIR,trading_gap,False,2020-10-30,trim_to_boundary,2019-12-31,2020-10-30,304,0,0.8225,30.34,36.887538
PKD,stale_run,False,2019-04-03,trim_to_boundary,2018-12-13,2019-04-02,110,75,0.431,15.5,35.962877
DXLG,stale_run,False,2021-09-08,trim_to_boundary,2020-12-22,2021-09-07,259,178,0.2126,6.74,31.702728
ADPT,stale_run,False,2019-06-27,trim_to_boundary,2017-04-20,2018-12-31,620,428,1.41,40.3,28.58156
RSLS,stale_run,False,2021-06-16,trim_to_boundary,2018-12-31,2021-06-15,897,619,18828.25,456750.0,24.25876
PMTS,stale_run,False,2021-08-05,trim_to_boundary,2020-01-17,2021-08-04,565,390,0.799,18.4281,23.063955
GLF,stale_run,False,2017-11-16,trim_to_boundary,2017-04-11,2017-11-15,218,153,0.3357,7.26,21.626452
MNK,stale_run,False,2022-10-27,trim_to_boundary,2020-10-12,2022-10-26,744,515,0.75,15.9,21.2
ACI,stale_run,False,2020-06-26,trim_to_boundary,2016-01-11,2019-12-31,1450,1001,0.8325,15.45,18.558559
ALPS,trading_gap,False,2025-10-31,trim_to_boundary,2023-07-20,2025-10-31,834,0,0.1425,2.56,17.964912
SMHD,trading_gap,False,2026-08-04,trim_to_boundary,2020-03-20,2026-08-04,2328,0,2.37,41.617,17.559916
AI,trading_gap,False,2020-12-09,trim_to_boundary,2019-12-31,2020-12-09,344,0,5.57,92.49,16.605027
GRO,stale_run,False,2024-11-27,trim_to_boundary,2016-11-03,2024-11-26,2945,2029,0.849,13.51,15.912839
QTI,trading_gap,False,2026-01-28,trim_to_boundary,2025-01-27,2026-01-28,366,0,0.3951,5.99,15.160719
CAPN,stale_run,False,2024-10-24,trim_to_boundary,2017-05-12,2024-10-23,2721,1875,0.7,9.95,14.214286
NINE,stale_run,False,2026-03-31,trim_to_boundary,2026-02-02,2026-03-30,56,40,0.5863,8.2,13.986014
BTU,stale_run,False,2017-04-04,trim_to_boundary,2016-04-13,2017-04-03,355,246,2.07,27.25,13.164251
CRC,stale_run,False,2020-10-28,trim_to_boundary,2020-07-16,2020-10-27,103,73,1.18,15.0,12.711864
SI,trading_gap,False,2025-07-31,trim_to_boundary,2023-05-10,2025-07-31,813,0,1.25,15.05,12.04
PN,stale_run,False,2025-03-04,trim_to_boundary,2017-11-24,2025-03-03,2656,1826,7.2,80.6,11.194444
SNOW,stale_run,True,2020-09-16,trim_to_boundary,2017-08-01,2019-12-31,882,609,23.75,253.93,10.691789
SNOW,trading_gap,True,2020-09-16,trim_to_boundary,2019-12-31,2020-09-16,260,0,23.75,253.93,10.691789
ATAI,stale_run,False,2021-06-18,trim_to_boundary,2019-10-17,2021-06-17,609,420,1.83,19.45,10.628415
JAN,trading_gap,False,2026-03-20,trim_to_boundary,2024-07-12,2026-03-20,616,0,2.23,23.6,10.58296
PTN,trading_gap,False,2025-11-12,trim_to_boundary,2024-12-31,2025-11-12,316,0,1.11,11.04,9.945946
TLN,stale_run,False,2024-07-10,trim_to_boundary,2016-12-06,2023-12-29,2579,1778,14.0,127.5,9.107143
LIFE,trading_gap,False,2026-01-29,trim_to_boundary,2024-06-04,2026-01-29,604,0,1.9,16.85,8.868421
LINK,stale_run,False,2021-03-25,trim_to_boundary,2019-02-15,2021-03-24,768,530,1.233,10.5,8.515815
DO,stale_run,False,2022-03-30,trim_to_boundary,2020-04-27,2022-03-29,701,486,0.9384,7.5,7.992327
OIL,stale_run,False,2020-07-29,trim_to_boundary,2018-04-13,2018-11-15,216,152,1.522,11.79,7.746386
PAPL,trading_gap,False,2025-07-22,trim_to_boundary,2024-12-31,2025-07-22,203,0,0.452,3.5,7.743363
FRSH,stale_run,False,2021-09-22,trim_to_boundary,2019-05-23,2020-12-31,588,407,6.45,47.55,7.372093
FRSH,trading_gap,False,2021-09-22,trim_to_boundary,2020-12-31,2021-09-22,265,0,6.45,47.55,7.372093
TDW,trading_gap,False,2017-08-01,trim_to_boundary,2016-12-30,2017-08-01,214,0,3.41,25.0,7.331378
AT,trading_gap,False,2026-09-15,trim_to_boundary,2021-05-14,2026-09-15,1950,0,3.02,20.0261,6.631159
TIL,stale_run,False,2021-03-19,trim_to_boundary,2018-05-01,2020-12-31,975,674,80.0,528.8,6.61
VRM,stale_run,False,2025-02-20,trim_to_boundary,2024-12-02,2025-02-19,79,53,5.01,31.0,6.187625
RAIN,stale_run,False,2025-01-02,trim_to_boundary,2024-01-26,2024-12-31,340,235,1.21,7.3,6.033058
FIG,trading_gap,False,2025-07-31,trim_to_boundary,2024-12-31,2025-07-31,212,0,20.65,115.5,5.59322
MOBI,trading_gap,False,2026-05-08,trim_to_boundary,2016-11-16,2026-05-08,3460,0,2.14,11.75,5.490654
S,stale_run,False,2021-06-30,trim_to_boundary,2020-04-01,2020-12-31,274,191,8.62,42.5,4.930394
SHNY,stale_run,False,2023-02-22,trim_to_boundary,2018-09-25,2023-02-21,1610,1109,0.5,2.457,4.914
SPLS,trading_gap,False,2026-01-16,trim_to_boundary,2017-09-12,2026-01-16,3048,0,10.25,50.0066,4.878693
OIL,stale_run,False,2020-07-29,trim_to_boundary,2020-04-27,2020-07-28,92,65,2.66,12.63,4.74812
PSIX,stale_run,False,2024-12-26,trim_to_boundary,2017-04-19,2023-12-29,2445,1687,6.29,29.49,4.688394
PSIX,trading_gap,False,2024-12-26,trim_to_boundary,2023-12-29,2024-12-26,363,0,6.29,29.49,4.688394
JONE,trading_gap,False,2026-09-03,trim_to_boundary,2018-11-26,2026-09-03,2838,0,2.13,9.84,4.619718
VIA,trading_gap,False,2025-09-12,trim_to_boundary,2024-06-13,2025-09-12,456,0,10.995,49.51,4.502956
DBGI,stale_run,False,2025-08-20,trim_to_boundary,2024-12-18,2025-08-19,244,166,98.8,442.56,4.479352
MGN,trading_gap,False,2025-09-26,trim_to_boundary,2016-09-13,2025-09-26,3300,0,33.9,145.5,4.292035
IBTA,stale_run,False,2024-04-18,trim_to_boundary,2021-12-01,2024-04-17,868,597,25.35,103.25,4.072978
TGEN,trading_gap,False,2025-05-06,trim_to_boundary,2020-06-18,2025-05-06,1783,0,0.8138,3.2462,3.988941
GORO,trading_gap,False,2026-07-20,trim_to_boundary,2025-12-31,2026-07-20,201,0,0.828,3.29,3.97343
SG,trading_gap,False,2021-11-18,trim_to_boundary,2020-12-31,2021-11-18,322,0,12.5,49.5,3.96
CHK,stale_run,False,2021-02-10,trim_to_boundary,2020-06-29,2021-02-09,225,156,11.85,44.99,3.796624
EXE,stale_run,False,2021-02-10,trim_to_boundary,2020-06-29,2021-02-09,225,156,11.85,44.99,3.796624
STXS,stale_run,False,2019-09-06,trim_to_boundary,2016-08-04,2019-09-05,1127,777,0.92,3.34,3.630435
GV,stale_run,False,2022-05-17,trim_to_boundary,2020-12-30,2021-12-31,366,254,105.0,375.0,3.571429
FLY,trading_gap,False,2025-08-07,trim_to_boundary,2021-08-02,2025-08-07,1466,0,17.03,60.35,3.543746
SIC,trading_gap,False,2026-08-17,trim_to_boundary,2021-10-20,2026-08-17,1762,0,14.49,49.8334,3.439158
AVIR,stale_run,False,2020-10-30,trim_to_boundary,2018-02-14,2019-12-31,685,473,9.048,30.34,3.353227
RDUS,stale_run,False,2023-09-01,trim_to_boundary,2022-08-15,2023-08-31,381,264,10.08,32.47,3.22123
FIG,stale_run,False,2025-07-31,trim_to_boundary,2017-12-27,2022-05-16,1601,1104,7.85,24.9423,3.177363
CIVI,stale_run,False,2021-11-02,trim_to_boundary,2019-03-08,2021-11-01,969,670,17.76,56.12,3.15991
XE,trading_gap,False,2026-04-24,trim_to_boundary,2017-09-05,2026-04-24,3153,0,9.7344,29.2,2.999671
OSIR,stale_run,False,2018-08-01,trim_to_boundary,2017-03-14,2018-07-31,504,349,3.86,11.05,2.862694
BEBE,trading_gap,False,2026-02-06,trim_to_boundary,2017-12-15,2026-02-06,2975,0,3.75,9.95,2.653333
IOT,stale_run,False,2021-12-15,trim_to_boundary,2017-07-03,2020-12-31,1277,882,9.4,24.7,2.62766
IOT,trading_gap,False,2021-12-15,trim_to_boundary,2020-12-31,2021-12-15,349,0,9.4,24.7,2.62766
CART,stale_run,False,2023-09-19,trim_to_boundary,2020-01-02,2023-09-18,1355,934,13.05,33.7,2.582375
SES,stale_run,False,2022-02-04,trim_to_boundary,2020-05-18,2022-02-03,626,434,2.77,7.08,2.555957
KELYB,stale_run,False,2020-08-11,trim_to_boundary,2020-07-22,2020-08-10,19,14,15.01,38.28,2.5503
HCP,stale_run,False,2021-12-09,trim_to_boundary,2019-11-05,2021-12-08,764,528,35.78,85.19,2.380939
MSP,stale_run,False,2020-10-21,trim_to_boundary,2018-10-08,2020-10-20,743,513,11.48,27.1,2.360627
ARCI,trading_gap,False,2026-03-16,trim_to_boundary,2019-09-10,2026-03-16,2379,0,4.27,9.85,2.306792
FG,stale_run,False,2022-12-01,trim_to_boundary,2020-06-02,2022-11-30,911,631,8.39,19.13,2.280095
MNTN,stale_run,False,2025-05-22,trim_to_boundary,2024-11-29,2025-05-21,173,118,11.65,26.36,2.262661
BRAC,stale_run,False,2022-02-23,trim_to_boundary,2019-08-12,2022-02-22,925,639,4.45,9.83,2.208989
CMD,stale_run,False,2016-12-05,trim_to_boundary,2016-08-25,2016-12-02,99,70,37.8,82.49,2.182275
AGC,stale_run,False,2020-12-01,trim_to_boundary,2018-08-27,2020-11-30,826,570,5.69,11.89,2.089631
GRAB,pre_listing_padding,True,2020-12-01,trim_to_boundary,2018-08-27,2020-11-30,826,570,5.69,11.89,2.089631
FGMC,stale_run,False,2025-02-11,trim_to_boundary,2023-08-28,2025-02-10,532,365,4.82,9.65,2.002075
ASTI,stale_run,False,2022-08-24,trim_to_boundary,2016-02-25,2022-01-28,2164,1494,6000000.0,1200.0,0.0002
ISRL,stale_run,False,2026-09-01,trim_to_boundary,2025-12-04,2026-08-31,270,185,12.4,24.6697,1.989492
LLL,stale_run,False,2021-10-13,trim_to_boundary,2019-07-01,2021-10-12,834,577,245.17,3.28,0.013378
FIEE,trading_gap,False,2025-06-02,trim_to_boundary,2023-06-15,2025-06-02,718,0,201.23,4.66,0.023158
MDXG,stale_run,False,2020-11-04,trim_to_boundary,2018-11-08,2020-11-03,726,500,3.66,7.23,1.97541
ASTI,stale_run,False,2022-08-24,trim_to_boundary,2022-01-31,2022-08-23,204,142,6000000.0,181904.0,0.030317
BURU,trading_gap,False,2026-09-14,trim_to_boundary,2025-12-31,2026-09-14,257,0,31.78,1.35,0.04248
CNL,stale_run,False,2024-07-22,trim_to_boundary,2016-04-14,2023-12-29,2815,1942,55.36,2.77,0.050036
CNL,trading_gap,False,2024-07-22,trim_to_boundary,2023-12-29,2024-07-22,206,0,55.36,2.77,0.050036
IBO,stale_run,False,2024-10-04,trim_to_boundary,2018-04-09,2024-10-03,2369,1634,24.84,1.2701,0.051131
NRGU,stale_run,False,2025-02-20,trim_to_boundary,2024-07-25,2025-02-19,209,143,502.48,26.1206,0.051983
BEAT,trading_gap,False,2021-11-11,trim_to_boundary,2020-12-31,2021-11-11,315,0,72.08,4.69,0.065067
ATHN,stale_run,False,2021-05-07,trim_to_boundary,2019-02-12,2021-05-06,814,563,134.99,9.61,0.07119
PX,stale_run,False,2021-10-21,trim_to_boundary,2018-10-31,2021-10-20,1085,748,164.5,12.08,0.073435
SERV,stale_run,False,2024-04-18,trim_to_boundary,2020-10-05,2023-12-29,1180,815,40.91,3.11,0.076021
MON,stale_run,False,2021-03-16,trim_to_boundary,2018-06-07,2021-03-15,1012,697,127.95,9.7852,0.076477
ALTI,pre_listing_padding,False,2021-04-27,trim_to_boundary,2017-12-29,2021-04-26,1214,835,5.075,9.7454,1.920276
ISRL,stale_run,False,2026-09-01,trim_to_boundary,2019-10-25,2023-02-27,1221,840,121.65,10.16,0.083518
NUTR,trading_gap,False,2025-08-15,trim_to_boundary,2017-08-22,2025-08-15,2915,0,41.8,3.91,0.093541
FGL,stale_run,False,2024-10-23,trim_to_boundary,2017-12-01,2024-10-22,2517,1733,311000.0,31600.0,0.101608
RMSG,stale_run,False,2024-11-20,trim_to_boundary,2024-09-16,2024-11-19,64,47,37.0001,3.76,0.101621
KOR,stale_run,False,2020-08-12,trim_to_boundary,2018-09-25,2020-08-11,686,473,26.9401,2.78,0.103192
MB,trading_gap,False,2025-04-10,trim_to_boundary,2019-02-14,2025-04-10,2247,0,36.46,4.1,0.112452
LCAHU,stale_run,False,2021-03-25,trim_to_boundary,2020-12-30,2021-03-24,84,58,85.5,9.85,0.115205
AMLX,stale_run,False,2022-01-07,trim_to_boundary,2018-04-20,2021-12-31,1351,933,9.61,18.07,1.880333
JDZG,stale_run,False,2026-07-31,trim_to_boundary,2026-06-05,2026-07-30,55,38,50.0,6.01,0.1202
JEM,trading_gap,False,2025-06-09,trim_to_boundary,2018-04-06,2025-06-09,2621,0,7008.0,924.0,0.131849
CUB,stale_run,False,2024-08-09,trim_to_boundary,2021-05-25,2024-08-08,1171,807,75.0,9.98,0.133067
DYN,stale_run,False,2020-09-17,trim_to_boundary,2018-04-09,2019-12-31,631,437,12.81,23.9,1.86573
DYN,trading_gap,False,2020-09-17,trim_to_boundary,2019-12-31,2020-09-17,261,0,12.81,23.9,1.86573
GMM,stale_run,False,2023-10-10,trim_to_boundary,2017-10-16,2023-10-09,2184,1505,28076.25,3825.0,0.136236
CAMP,trading_gap,False,2024-10-11,trim_to_boundary,2023-12-29,2024-10-11,287,0,5.773,10.72,1.85692
NRGD,stale_run,False,2025-02-20,trim_to_boundary,2024-07-25,2025-02-19,209,143,828.79,119.4,0.144065
IHS,stale_run,False,2021-10-14,trim_to_boundary,2016-07-13,2020-12-31,1632,1127,117.25,17.0,0.144989
IHS,trading_gap,False,2021-10-14,trim_to_boundary,2020-12-31,2021-10-14,287,0,117.25,17.0,0.144989
BMR,stale_run,False,2023-02-28,trim_to_boundary,2016-01-28,2023-02-27,2587,1783,23.81,3.65,0.153297
IPAS,stale_run,False,2018-11-23,trim_to_boundary,2018-11-07,2018-11-21,14,11,1.17,2.16,1.846154
GRI,stale_run,False,2021-02-10,trim_to_boundary,2020-01-02,2020-12-31,364,253,62920821.6,9772089.6,0.155308
SUPX,pre_listing_padding,False,2024-04-17,trim_to_boundary,2017-06-27,2024-04-16,2485,1712,25.02,4.06,0.16227
BID,trading_gap,False,2026-07-20,trim_to_boundary,2019-10-02,2026-07-20,2483,0,56.99,9.84,0.172662
CTW,trading_gap,False,2025-08-06,trim_to_boundary,2018-08-20,2025-08-06,2543,0,25.391,4.44,0.174865
DNB,stale_run,False,2020-07-01,trim_to_boundary,2019-02-08,2020-06-30,508,351,144.95,25.35,0.174888
POM,trading_gap,False,2025-10-08,trim_to_boundary,2016-03-23,2025-10-08,3486,0,407.34,72.54,0.178082
FSBC,stale_run,False,2021-05-05,trim_to_boundary,2020-05-01,2020-12-31,244,170,13.36,24.25,1.81512
INFO,stale_run,False,2024-10-10,trim_to_boundary,2022-02-28,2024-10-09,954,658,108.61,20.133,0.18537
SEZL,stale_run,False,2023-09-14,trim_to_boundary,2023-08-18,2023-09-13,26,18,13.51,2.635,0.195041
CCXI,trading_gap,False,2026-02-09,trim_to_boundary,2022-10-19,2026-02-09,1209,0,51.99,10.26,0.197346
AXG,pre_listing_padding,False,2023-09-07,trim_to_boundary,2018-10-22,2023-09-06,1780,1226,30.5,6.08,0.199344
SWIN,stale_run,False,2023-09-07,trim_to_boundary,2018-10-22,2023-09-06,1780,1226,30.5,6.08,0.199344
ZBIO,stale_run,False,2024-09-13,trim_to_boundary,2020-03-30,2024-09-12,1627,1122,10.09,18.15,1.798811
FB,trading_gap,False,2025-06-26,trim_to_boundary,2022-06-08,2025-06-26,1114,0,196.64,39.91,0.20296
HAO,stale_run,False,2024-01-26,trim_to_boundary,2020-02-18,2024-01-25,1437,992,1608320.0,337920.0,0.210107
NSR,stale_run,False,2021-08-31,trim_to_boundary,2017-08-08,2021-08-30,1483,1023,33.5,7.05,0.210448
AVX,trading_gap,False,2021-07-08,trim_to_boundary,2020-03-27,2021-07-08,468,0,11696400.0,2489400.0,0.212835
MARA,trading_gap,True,2017-10-30,trim_to_boundary,2016-12-30,2017-10-30,304,0,27.52,6.4,0.232558
BOLD,stale_run,False,2024-03-28,trim_to_boundary,2020-01-15,2024-03-27,1533,1057,59.97,14.25,0.237619
APC,trading_gap,False,2026-02-12,trim_to_boundary,2019-08-08,2026-02-12,2380,0,72.77,17.55,0.241171
TNDM,trading_gap,False,2017-10-10,trim_to_boundary,2016-12-30,2017-10-10,284,0,21.5,5.305,0.246744
AIB,trading_gap,False,2026-03-17,trim_to_boundary,2024-05-08,2026-03-17,678,0,11.73,2.9,0.247229
SEV,stale_run,False,2025-10-16,trim_to_boundary,2017-09-28,2021-11-16,1510,1042,21.97,38.2,1.738735
ELOX,stale_run,False,2026-06-09,trim_to_boundary,2023-10-16,2025-03-21,522,359,42.02,11.01,0.262018
ELOX,trading_gap,False,2026-06-09,trim_to_boundary,2025-03-21,2026-06-09,445,0,42.02,11.01,0.262018
ANTX,stale_run,False,2022-03-25,trim_to_boundary,2018-05-01,2021-12-31,1340,926,56.86,15.4,0.270841
SMCI,stale_run,False,2020-01-14,trim_to_boundary,2018-08-23,2020-01-13,508,349,1.565,2.7,1.72524
AENT,pre_listing_padding,False,2021-03-24,trim_to_boundary,2020-02-14,2021-03-23,403,278,34.64,9.75,0.281467
LB,stale_run,False,2024-06-28,trim_to_boundary,2021-08-03,2024-06-27,1059,730,79.92,23.15,0.289665
TW,stale_run,False,2019-04-04,trim_to_boundary,2016-01-05,2018-12-31,1091,753,123.0,35.81,0.291138
CTRA,stale_run,True,2021-10-04,trim_to_boundary,2021-02-04,2021-10-01,239,167,13.34,22.77,1.706897
ADT,stale_run,False,2018-01-19,trim_to_boundary,2016-05-02,2018-01-18,626,433,41.98,12.39,0.295141
WLTH,trading_gap,False,2025-12-12,trim_to_boundary,2023-06-12,2025-12-12,914,0,8.325,14.19,1.704505
XL,stale_run,False,2020-12-22,trim_to_boundary,2018-09-12,2020-12-21,831,574,57.59,17.52,0.304219
WOOF,stale_run,False,2021-01-14,trim_to_boundary,2017-09-12,2020-12-31,1206,833,92.98,29.4,0.316197
LION,stale_run,False,2024-05-14,trim_to_boundary,2019-07-01,2021-12-08,891,617,30.97,9.91,0.319987
SMX,pre_listing_padding,False,2021-12-09,trim_to_boundary,2019-07-01,2021-12-08,891,617,813275902749.86,260237784832.13,0.319987
IPW,stale_run,False,2021-05-12,trim_to_boundary,2017-07-25,2021-05-11,1386,870,38445.84,12398.4,0.32249
IPDN,stale_run,False,2020-06-24,trim_to_boundary,2019-11-27,2020-06-23,209,143,546.0,912.0,1.67033
VELO,trading_gap,False,2025-08-19,trim_to_boundary,2022-12-20,2025-08-19,973,0,10.02,3.36,0.335329
SAIL,stale_run,False,2025-02-13,trim_to_boundary,2022-08-16,2025-02-12,911,626,65.24,22.0,0.337216
NCI,stale_run,False,2024-04-23,trim_to_boundary,2019-10-11,2024-04-22,1655,1139,1119.6,380.0,0.339407
MWG,stale_run,False,2023-04-03,trim_to_boundary,2016-07-20,2023-03-31,2445,1687,257.0,88.7,0.345136
CTV,stale_run,False,2021-12-01,trim_to_boundary,2020-08-07,2021-11-30,480,332,25.16,8.75,0.347774
NPT,trading_gap,False,2025-10-22,trim_to_boundary,2016-04-08,2025-10-22,3484,0,13.7,4.91,0.358394
KTWO,trading_gap,False,2026-02-25,trim_to_boundary,2018-11-08,2026-02-25,2666,0,27.5,9.87,0.358909
NCT,trading_gap,False,2025-03-28,trim_to_boundary,2016-12-28,2025-03-28,3012,0,2612.5,4281.25,1.638756
TIG,stale_run,False,2020-07-16,trim_to_boundary,2018-07-26,2020-07-15,720,496,41.98,15.51,0.369462
BYAH,pre_listing_padding,False,2024-12-27,trim_to_boundary,2018-10-04,2024-12-26,2275,1567,4400.0,1628.0,0.37
PHH,stale_run,False,2024-12-27,trim_to_boundary,2018-10-04,2024-12-26,2275,1567,11.0,4.07,0.37
TOP,stale_run,False,2023-05-30,trim_to_boundary,2023-05-15,2023-05-26,11,10,31.9,51.85,1.625392
DRVN,stale_run,False,2021-01-15,trim_to_boundary,2016-04-12,2020-12-31,1724,1191,16.45,26.69,1.622492
CAM,trading_gap,False,2025-10-06,trim_to_boundary,2016-04-01,2025-10-06,3475,0,66.01,25.02,0.379033
OUST,pre_listing_padding,False,2020-10-09,trim_to_boundary,2017-06-26,2020-10-08,1200,829,253.9,97.0,0.38204
DWIN,stale_run,False,2021-01-29,trim_to_boundary,2020-02-18,2021-01-28,345,240,25.99,10.0,0.384763
LCA,stale_run,False,2021-05-18,trim_to_boundary,2020-12-30,2021-05-17,138,95,25.49,9.815,0.385053
KELYB,stale_run,False,2020-08-11,trim_to_boundary,2016-08-19,2016-10-03,45,31,17.23,27.8,1.613465
AIB,stale_run,False,2026-03-17,trim_to_boundary,2017-08-31,2022-02-22,1636,1127,25.31,9.82,0.387989
DJT,pre_listing_padding,False,2021-09-30,trim_to_boundary,2018-04-16,2021-09-29,1262,872,25.6333,9.95,0.388167
EE,stale_run,False,2022-04-13,trim_to_boundary,2020-07-30,2021-12-31,519,360,68.4,26.85,0.392544
WTID,stale_run,False,2023-02-15,trim_to_boundary,2020-03-26,2023-02-14,1055,728,17.05,27.382,1.605982
CTAA,trading_gap,False,2026-04-16,trim_to_boundary,2021-02-12,2026-04-16,1889,0,25.06,9.89,0.394653
OIO,pre_listing_padding,False,2023-08-04,trim_to_boundary,2020-02-18,2023-08-03,1262,872,96.36,38.49,0.39944
ESGL,stale_run,False,2023-08-04,trim_to_boundary,2020-02-18,2023-08-03,1262,872,32.1199,12.83,0.399441
SE,stale_run,True,2017-10-20,trim_to_boundary,2017-02-27,2017-10-19,234,165,40.68,16.26,0.399705
FUSE,trading_gap,False,2025-10-23,trim_to_boundary,2021-09-22,2025-10-23,1492,0,10.0,4.0,0.4
GRAF,stale_run,False,2024-08-16,trim_to_boundary,2020-09-30,2024-08-15,1415,975,24.75,9.99,0.403636
APUS,stale_run,False,2026-05-05,trim_to_boundary,2026-04-06,2026-05-04,28,21,18.8,30.0,1.595745
CLDI,pre_listing_padding,False,2021-11-01,trim_to_boundary,2020-04-13,2021-10-29,564,393,46336.13,18777.6,0.405247
TCRX,stale_run,False,2021-07-16,trim_to_boundary,2018-10-05,2021-07-15,1014,565,25.09,10.5,0.418493
ISLE,stale_run,False,2021-03-29,trim_to_boundary,2017-05-02,2021-03-26,1424,983,22.98,9.7,0.422106
INST,stale_run,False,2021-07-22,trim_to_boundary,2020-03-24,2021-07-21,484,335,49.0,20.98,0.428163
LION,stale_run,False,2024-05-14,trim_to_boundary,2023-03-08,2024-05-13,432,298,6.44,10.1,1.568323
UN,trading_gap,False,2026-07-07,trim_to_boundary,2020-11-27,2026-07-07,2048,0,60.5,26.2239,0.433453
RENT,stale_run,False,2021-10-27,trim_to_boundary,2016-02-01,2020-12-31,1795,1240,889.4,385.8,0.433776
RENT,trading_gap,False,2021-10-27,trim_to_boundary,2020-12-31,2021-10-27,300,0,889.4,385.8,0.433776
DDC,stale_run,False,2023-11-17,trim_to_boundary,2017-11-02,2023-11-16,2205,1520,356.0,155.25,0.436096
VIA,stale_run,False,2025-09-12,trim_to_boundary,2019-12-05,2021-08-09,613,422,130.55,57.15,0.437763
WBX,pre_listing_padding,False,2021-04-19,trim_to_boundary,2020-11-27,2021-04-16,140,96,470.0,206.0,0.438298
SZZL,trading_gap,False,2025-05-23,trim_to_boundary,2024-02-27,2025-05-23,451,0,22.5,9.91,0.440444
ANGI,trading_gap,False,2017-10-02,trim_to_boundary,2016-12-30,2017-10-02,276,0,82.3,127.6,1.550425
INHD,stale_run,False,2026-07-31,trim_to_boundary,2026-06-09,2026-07-30,51,36,39.49,18.0,0.455812
RGC,stale_run,False,2021-07-16,trim_to_boundary,2018-03-01,2020-12-31,1036,716,0.605,0.2763,0.456694
MBLY,stale_run,True,2022-10-26,trim_to_boundary,2017-09-01,2022-10-25,1880,1296,62.67,28.97,0.462263
EDTX,stale_run,False,2021-02-12,trim_to_boundary,2020-03-31,2021-02-11,317,220,21.06,10.24,0.48623
EMCG,stale_run,False,2022-09-30,trim_to_boundary,2020-05-28,2022-09-29,854,591,19.9963,9.98,0.499092
CAI,trading_gap,False,2025-06-18,trim_to_boundary,2021-11-22,2025-06-18,1304,0,56.0,28.0,0.5
DERM,stale_run,False,2021-11-12,trim_to_boundary,2020-02-20,2020-12-31,315,220,18.75,9.5,0.506667
DERM,trading_gap,False,2021-11-12,trim_to_boundary,2020-12-31,2021-11-12,316,0,18.75,9.5,0.506667
RUBI,trading_gap,False,2025-08-04,trim_to_boundary,2020-06-30,2025-08-04,1861,0,6.67,3.4,0.509745
HCAC,trading_gap,False,2026-01-27,trim_to_boundary,2020-12-21,2026-01-27,1863,0,19.49,9.94,0.510005
NVX,stale_run,False,2022-02-02,trim_to_boundary,2016-11-07,2022-02-01,1912,1318,149.5,222.5,1.488294
NIQ,trading_gap,False,2025-07-23,trim_to_boundary,2023-06-23,2025-07-23,761,0,12.87,19.01,1.477078
INR,stale_run,False,2025-01-31,trim_to_boundary,2020-03-30,2025-01-30,1767,1217,40.02,21.07,0.526487
NFX,trading_gap,False,2026-07-07,trim_to_boundary,2019-02-13,2026-07-07,2701,0,17.07,25.1348,1.472455
JAGX,trading_gap,False,2017-08-16,trim_to_boundary,2016-12-30,2017-08-16,229,0,44403187500.0,23441906250.0,0.527933
BNKD,stale_run,False,2025-02-20,trim_to_boundary,2024-07-25,2025-02-19,209,143,91.15,133.96,1.469665
ASTC,trading_gap,False,2017-10-16,trim_to_boundary,2016-12-30,2017-10-16,290,0,225.0,121.8,0.541333
MDA,trading_gap,False,2026-03-12,trim_to_boundary,2017-10-09,2026-03-12,3076,0,56.14,30.8,0.548628
OILD,stale_run,False,2021-11-09,trim_to_boundary,2020-03-30,2020-12-31,276,193,453.2,250.1,0.551853
OILD,trading_gap,False,2021-11-09,trim_to_boundary,2020-12-31,2021-11-09,313,0,453.2,250.1,0.551853
AMOD,pre_listing_padding,False,2021-10-26,trim_to_boundary,2021-02-10,2021-10-25,257,179,720.0,400.0,0.555556
GURE,trading_gap,False,2025-12-05,trim_to_boundary,2024-12-31,2025-12-05,339,0,5.675,8.19,1.443172
RTL,stale_run,False,2022-02-15,trim_to_boundary,2020-05-21,2022-02-14,634,438,14.7599,8.37,0.567077
CA,stale_run,False,2023-12-15,trim_to_boundary,2018-11-05,2023-12-14,1865,1286,44.44,25.225,0.567619
NRGZ,stale_run,False,2020-06-05,trim_to_boundary,2020-05-19,2020-06-04,16,12,51.0148,28.99,0.568266
ASPC,stale_run,False,2025-01-03,trim_to_boundary,2022-08-04,2025-01-02,882,607,6.9501,9.95,1.431634
MR,stale_run,False,2019-03-01,trim_to_boundary,2016-03-04,2019-02-28,1091,752,27.94,16.02,0.573372
TBRG,stale_run,False,2024-03-04,trim_to_boundary,2019-07-12,2024-03-01,1694,1168,13.31,7.67,0.576258
SKIL,pre_listing_padding,False,2019-07-26,trim_to_boundary,2016-09-23,2019-07-25,1035,713,342.8,198.0,0.577596
CLBR,stale_run,False,2026-03-27,trim_to_boundary,2025-07-16,2026-03-26,253,176,17.24,10.07,0.584107
ITG,trading_gap,False,2026-07-01,trim_to_boundary,2019-02-28,2026-07-01,2680,0,30.23,17.71,0.585842
BIOS,stale_run,False,2022-01-28,trim_to_boundary,2020-02-03,2022-01-27,724,502,16.72,9.8,0.586124
LWAC,trading_gap,False,2025-08-15,trim_to_boundary,2021-08-25,2025-08-15,1451,0,16.98,9.99,0.588339
KELYB,stale_run,False,2020-08-11,trim_to_boundary,2020-03-25,2020-04-16,22,16,10.52,14.7901,1.405903
HWH,stale_run,False,2023-08-25,trim_to_boundary,2023-08-07,2023-08-24,17,14,38.6,54.25,1.40544
DCT,padding_only,False,,frozen_removed,2018-08-22,2020-08-13,722,498,66.28,40.0,0.6035
SENEB,padding_only,False,,frozen_removed,2016-01-20,2016-02-09,20,15,32.1973,44.8799,1.393903
EDR,padding_only,False,,frozen_removed,2018-09-20,2021-04-28,951,655,41.49,25.2,0.607375
LNZA,pre_listing_padding,False,2021-09-24,trim_to_boundary,2021-02-05,2021-09-23,230,160,1627.0,989.99,0.608476
NRGZ,padding_only,False,2020-06-05,trim_to_boundary,2020-09-04,2020-09-23,19,13,39.1,54.33,1.389514
CODX,padding_only,False,,frozen_removed,2026-01-14,2026-03-10,55,38,2.36,3.24,1.372881
BNKZ,padding_only,False,,frozen_removed,2020-02-10,2020-02-27,17,13,32.31,44.0,1.361807
BNKU,padding_only,False,,frozen_removed,2024-07-25,2025-02-19,209,143,36.13,23.2061,0.642294
YGRN,padding_only,False,,frozen_removed,2020-11-05,2020-12-03,28,20,63.2859,40.71,0.643271
NATL,padding_only,False,,frozen_removed,2016-11-11,2023-10-16,2530,1742,32.51,21.34,0.656413
TDAC,padding_only,False,,frozen_removed,2021-11-01,2025-02-12,1199,824,15.14,10.01,0.661162
IMTE,padding_only,False,,frozen_removed,2017-10-06,2017-11-21,46,33,7.5,10.0,1.333333
ORGO,padding_only,False,,frozen_removed,2018-10-31,2018-12-14,44,31,10.15,13.44,1.324138
CBNK,padding_only,False,,frozen_removed,2016-10-24,2018-09-25,701,484,18.82,12.8,0.680128
TRMD,padding_only,False,,frozen_removed,2019-02-04,2019-03-18,42,30,5.85,7.6999,1.316222
PAAC,padding_only,False,2016-02-03,trim_to_boundary,2017-08-21,2019-06-20,668,461,7.45,9.8,1.315436
ARYA,padding_only,False,,frozen_removed,2020-07-02,2020-08-06,35,25,15.15,10.44,0.689109
RDIB,padding_only,False,,frozen_removed,2019-11-13,2019-12-27,44,31,24.1004,31.51,1.307447
BNKO,padding_only,False,,frozen_removed,2020-02-14,2020-02-28,14,10,67.87,47.52,0.700162
YGRN,padding_only,False,,frozen_removed,2020-10-06,2020-10-29,23,18,52.0,67.59,1.299808
MLTI,padding_only,False,,frozen_removed,2020-04-13,2020-05-22,39,30,15.51,20.14,1.298517
SPIR,pre_listing_padding,False,2020-11-03,trim_to_boundary,2018-07-23,2020-11-02,833,576,109.6,77.6,0.708029
LBTYB,padding_only,False,,frozen_removed,2016-02-10,2016-04-11,61,42,31.34,40.42,1.289726
BNKO,padding_only,False,,frozen_removed,2019-10-10,2019-11-05,26,19,49.58,63.68,1.284389
SLNG,padding_only,False,,frozen_removed,2019-10-03,2021-04-28,573,395,6.23,7.9828,1.281348
URR,padding_only,False,,frozen_removed,2020-01-28,2020-02-18,21,15,23.0,16.5826,0.720983
CLBR,padding_only,False,2026-03-27,trim_to_boundary,2023-07-20,2024-01-10,174,121,13.89,10.08,0.725702
PEW,pre_listing_padding,False,2024-01-11,trim_to_boundary,2023-07-20,2024-01-10,174,121,13.89,10.08,0.725702
BNKO,padding_only,False,,frozen_removed,2020-04-06,2020-04-28,22,16,23.05,29.35,1.273319
RDIB,padding_only,False,,frozen_removed,2018-02-01,2018-05-04,92,65,27.66,20.1,0.726681
NRGO,padding_only,False,,frozen_removed,2020-02-10,2020-02-28,18,14,38.89,28.45,0.731551
SCOM,padding_only,False,,frozen_removed,2019-06-07,2019-07-11,34,24,33.46,24.66,0.736999
WSO.B,padding_only,False,,frozen_removed,2022-06-28,2022-08-15,48,34,243.89,305.03,1.250687
MMV,padding_only,False,,frozen_removed,2018-11-12,2021-06-07,938,645,13.1093,9.85,0.751375
NRGZ,padding_only,False,2020-06-05,trim_to_boundary,2020-01-08,2020-02-07,30,22,42.18,52.53,1.245377
ACT,padding_only,False,,frozen_removed,2020-11-02,2021-09-15,317,130,27.0441,20.49,0.757651
PAY,padding_only,False,,frozen_removed,2018-08-20,2020-12-31,864,597,23.03,28.61,1.242293
UCOM,padding_only,False,,frozen_removed,2019-08-26,2019-09-11,16,12,44.9978,55.78,1.239616
ARRY,padding_only,False,,frozen_removed,2019-07-30,2019-12-31,154,108,47.85,36.45,0.761755
LCAHU,padding_only,False,2021-03-25,trim_to_boundary,2018-11-12,2019-05-06,175,119,39.42,30.03,0.761796
PRME,padding_only,False,,frozen_removed,2019-09-16,2022-10-19,1129,781,20.165,15.37,0.762212
TAP.A,padding_only,False,,frozen_removed,2020-01-24,2020-02-12,19,14,64.6763,80.0,1.236929
LBTYB,padding_only,False,,frozen_removed,2017-01-06,2017-01-27,21,15,32.3217,39.8,1.231371
YGRN,padding_only,False,,frozen_removed,2020-08-03,2020-10-05,63,45,50.65,62.35,1.230997
NEUP,padding_only,False,,frozen_removed,2022-05-13,2022-06-10,28,20,8.45,6.5,0.769231
SAMA,padding_only,False,,frozen_removed,2020-12-18,2021-11-26,343,237,12.75,9.81,0.769412
VXZ,padding_only,False,,frozen_removed,2018-01-24,2018-02-13,20,15,67.8,83.32,1.228909
WSO.B,padding_only,False,,frozen_removed,2026-05-15,2026-06-01,17,11,453.37,350.0,0.771996
NRGO,padding_only,False,,frozen_removed,2020-01-10,2020-01-31,21,15,50.35,38.89,0.772393
MIR,pre_listing_padding,False,2020-08-20,trim_to_boundary,2020-02-10,2020-08-19,191,134,12.88,9.95,0.772516
FTNW,padding_only,False,,frozen_removed,2019-05-15,2019-06-14,30,22,1.24,0.96,0.774194
BIO.B,padding_only,False,,frozen_removed,2025-03-03,2025-03-28,25,20,312.05,241.99,0.775485
WSO.B,padding_only,False,,frozen_removed,2026-03-16,2026-04-24,39,29,367.54,450.0,1.224357
OWL,pre_listing_padding,False,2020-12-14,trim_to_boundary,2018-08-23,2020-12-11,841,581,13.15,10.2,0.775665
ARMH,padding_only,False,,frozen_removed,2016-09-06,2025-03-13,3110,2142,6.777,5.262,0.77645
KELYB,padding_only,False,2020-08-11,trim_to_boundary,2017-09-21,2017-11-01,41,30,23.0,28.0,1.217391
RAND,padding_only,False,,frozen_removed,2019-01-09,2019-01-24,15,11,22.23,27.0,1.214575
ITMR,padding_only,False,,frozen_removed,2019-04-05,2019-04-22,17,11,11.84,9.36,0.790541
JSYNU,padding_only,False,,frozen_removed,2018-07-17,2018-08-14,28,21,9.02,10.9,1.208426
MTUL,padding_only,False,,frozen_removed,2021-02-17,2021-03-09,20,15,26.43,20.9299,0.791899
BIO.B,padding_only,False,,frozen_removed,2023-05-10,2023-06-01,22,16,467.95,371.1,0.793033
MUDS,padding_only,False,,frozen_removed,2020-06-01,2021-01-28,241,168,12.65,10.05,0.794466
DFVS,padding_only,False,,frozen_removed,2019-12-31,2020-02-24,55,37,27.14,21.6745,0.798618
NRGZ,padding_only,False,2020-06-05,trim_to_boundary,2019-08-29,2019-09-24,26,18,61.28,49.07,0.800751
DISCB,padding_only,False,,frozen_removed,2018-12-20,2019-01-04,15,10,33.5,40.16,1.198806
SENEB,padding_only,False,,frozen_removed,2020-10-05,2020-10-16,11,10,35.04,42.0,1.19863
FOXX,pre_listing_padding,False,2022-08-08,trim_to_boundary,2021-06-22,2022-08-05,409,284,8.39,10.0453,1.197294
IMTE,padding_only,False,,frozen_removed,2018-04-09,2018-04-20,11,10,3.0,2.42,0.806667
DTUL,padding_only,False,,frozen_removed,2020-05-13,2020-06-05,23,17,90.05,72.83,0.808773
USV,padding_only,False,,frozen_removed,2018-07-19,2018-09-06,49,35,22.17,17.94,0.809202
DFVL,padding_only,False,,frozen_removed,2020-04-17,2020-05-27,40,28,81.4401,65.91,0.809306
SCOM,padding_only,False,,frozen_removed,2019-03-22,2019-04-29,38,26,34.1,27.6,0.809384
YGRN,padding_only,False,,frozen_removed,2020-05-13,2020-06-04,22,16,55.77,45.21,0.810651
LBTYB,padding_only,False,,frozen_removed,2019-01-16,2019-02-04,19,13,21.7332,25.8406,1.188992
BIO.B,padding_only,False,,frozen_removed,2022-08-09,2022-09-19,41,29,539.02,437.43,0.811528
EEH,padding_only,False,,frozen_removed,2020-03-03,2020-04-02,30,23,22.8,18.5154,0.812079
LCA,padding_only,False,2021-05-18,trim_to_boundary,2019-06-06,2019-06-21,15,12,11.94,9.7,0.812395
YGRN,padding_only,False,,frozen_removed,2020-06-11,2020-06-24,13,10,42.66,50.65,1.187295
AMUB,padding_only,False,,frozen_removed,2016-04-07,2016-11-22,229,161,16.36,19.4215,1.187133
YGRN,padding_only,False,,frozen_removed,2020-04-20,2020-05-11,21,16,68.57,55.77,0.813329
BIO.B,padding_only,False,,frozen_removed,2022-11-28,2023-03-17,109,76,391.16,464.1,1.186471
SENEB,padding_only,False,,frozen_removed,2023-08-17,2023-09-06,20,14,41.0,48.64,1.186341
JSYNU,padding_only,False,,frozen_removed,2018-05-29,2018-07-16,48,34,9.02,10.7,1.186253
PAVM,padding_only,False,,frozen_removed,2016-09-21,2016-10-10,19,14,6502.5,5296.5,0.814533
FISK,padding_only,False,,frozen_removed,2022-06-02,2022-06-22,20,14,8.1399,6.64,0.815735
JSYNU,padding_only,False,,frozen_removed,2018-04-18,2018-05-24,36,27,11.05,9.02,0.81629
NXEOU,padding_only,False,,frozen_removed,2017-09-19,2017-10-02,13,10,6.76,8.0,1.183432
LCA,padding_only,False,2021-05-18,trim_to_boundary,2018-11-16,2019-06-05,201,136,11.94,9.75,0.816583
NRGU,padding_only,False,2025-02-20,trim_to_boundary,2019-12-10,2020-01-02,23,16,856.6,1013.4,1.183049
KELYB,padding_only,False,2020-08-11,trim_to_boundary,2017-11-02,2017-12-08,36,26,23.0,27.2,1.182609
BIO.B,padding_only,False,,frozen_removed,2026-08-03,2026-08-19,16,13,309.374,365.08,1.18006
NRGD,padding_only,False,2025-02-20,trim_to_boundary,2020-01-09,2020-01-29,20,14,103975.0,122692.5,1.180019
EEH,padding_only,False,,frozen_removed,2020-05-22,2020-07-20,59,40,20.17,23.79,1.179474
TMH,padding_only,False,,frozen_removed,2017-02-06,2025-03-13,2957,2037,43.5,51.2865,1.179
FNGZ,padding_only,False,,frozen_removed,2018-09-24,2018-10-09,15,12,47.91,56.4737,1.178746
SENEB,padding_only,False,,frozen_removed,2026-05-28,2026-06-11,14,11,143.57,169.16,1.178241
ICON,padding_only,False,,frozen_removed,2021-08-04,2023-12-29,877,606,630.0,740.0,1.174603
KELYB,padding_only,False,2020-08-11,trim_to_boundary,2018-02-07,2018-06-26,139,97,29.07,24.0,0.825593
ELLO,padding_only,False,,frozen_removed,2023-01-04,2023-01-18,14,10,14.91,17.5074,1.174205
BTBT,padding_only,False,,frozen_removed,2019-11-05,2020-03-24,140,96,0.3996,0.33,0.825826
TAP.A,padding_only,False,,frozen_removed,2020-11-25,2020-12-22,27,19,60.51,50.0,0.82631
NRGU,padding_only,False,2025-02-20,trim_to_boundary,2019-05-23,2019-06-06,14,10,961.2,795.8,0.827923
MOG.B,padding_only,False,,frozen_removed,2020-06-18,2020-07-02,14,11,65.01,54.0,0.830641
STPP,padding_only,False,2016-01-19,trim_to_boundary,2020-06-23,2020-07-13,20,14,25.0,20.78,0.8312
CALC,padding_only,False,,frozen_removed,2023-03-30,2023-06-13,75,52,25.0,29.2,1.168
BTMD,padding_only,False,,frozen_removed,2022-07-20,2022-08-26,37,28,3.81,4.45,1.167979
BNKZ,padding_only,False,,frozen_removed,2019-08-26,2019-09-11,16,12,50.57,42.08,0.832114
NSEC,padding_only,False,,frozen_removed,2020-07-16,2020-08-06,21,16,14.6,12.15,0.832192
BIO.B,padding_only,False,,frozen_removed,2025-02-13,2025-02-28,15,11,319.37,265.82,0.832326
MTAL,padding_only,False,,frozen_removed,2025-10-13,2026-04-13,182,125,12.21,10.17,0.832924
UDBI,padding_only,False,,frozen_removed,2018-11-07,2018-12-19,42,29,33.76,28.1647,0.834262
MLPB,padding_only,False,,frozen_removed,2016-04-06,2016-06-07,62,44,24.38,28.414,1.165463
WSO.B,padding_only,False,,frozen_removed,2022-03-01,2022-03-16,15,12,259.38,302.28,1.165394
ARKO,pre_listing_padding,False,2019-07-23,trim_to_boundary,2019-06-07,2019-07-22,45,31,11.85,9.9,0.835443
HYAC,padding_only,False,,frozen_removed,2019-03-20,2019-07-22,124,86,11.85,9.9,0.835443
ADV,pre_listing_padding,False,2019-09-09,trim_to_boundary,2017-07-10,2019-09-06,788,545,296.0,247.5,0.836149
LTL,padding_only,False,,frozen_removed,2019-01-02,2019-01-22,20,14,7.998,9.306,1.163541
FISK,padding_only,False,,frozen_removed,2026-07-06,2026-07-29,23,18,5.61,4.7,0.83779
GRSH,padding_only,False,,frozen_removed,2016-11-07,2018-10-30,722,499,11.48,9.62,0.837979
KNAB,padding_only,False,2019-04-18,trim_to_boundary,2020-04-29,2020-05-12,13,10,47.045,54.5675,1.1599
BIO.B,padding_only,False,,frozen_removed,2022-06-03,2022-06-16,13,10,553.22,465.0,0.840534
PNRG,padding_only,False,,frozen_removed,2016-02-08,2016-03-17,38,28,41.0,34.5,0.841463
SENEB,padding_only,False,,frozen_removed,2023-01-17,2023-02-13,27,20,64.62,54.42,0.842154
WSO.B,padding_only,False,,frozen_removed,2024-04-24,2024-07-24,91,63,424.75,491.75,1.15774
TAP.A,padding_only,False,,frozen_removed,2023-01-30,2023-03-09,38,28,65.5,55.21,0.842901
BIO.B,padding_only,False,,frozen_removed,2023-03-20,2023-05-03,44,32,404.66,467.95,1.156403
DOW,padding_only,True,,frozen_removed,2017-09-01,2019-04-01,577,396,66.65,56.25,0.843961
NXEOU,padding_only,False,,frozen_removed,2018-10-04,2018-10-30,26,19,13.0,11.0,0.846154
ELLO,padding_only,False,,frozen_removed,2018-02-22,2018-03-12,18,13,8.41,9.7,1.153389
KELYB,padding_only,False,2020-08-11,trim_to_boundary,2016-12-12,2016-12-28,16,12,21.25,24.5,1.152941
KNAB,padding_only,False,2019-04-18,trim_to_boundary,2019-11-21,2020-02-27,98,66,42.25,48.64,1.151243
BIO.B,padding_only,False,,frozen_removed,2023-09-29,2023-10-18,19,14,373.7847,317.26,0.848777
DTUL,padding_only,False,,frozen_removed,2018-12-11,2019-05-30,170,117,54.728,62.9099,1.149501
MAYS,padding_only,False,,frozen_removed,2017-10-24,2017-11-15,22,17,47.0,40.0,0.851064
IFED,padding_only,False,,frozen_removed,2022-10-24,2022-11-10,17,14,24.9467,28.6573,1.148741
BNKZ,padding_only,False,,frozen_removed,2019-10-11,2019-10-29,18,13,44.51,37.89,0.851269
MOG.B,padding_only,False,,frozen_removed,2020-07-23,2020-08-07,15,12,54.0,62.0,1.148148
VG,padding_only,False,,frozen_removed,2022-07-21,2025-01-23,917,630,20.99,24.0,1.143402
AMUB,padding_only,False,,frozen_removed,2019-10-03,2019-11-07,35,26,15.63,13.39,0.856686
SRL,padding_only,False,,frozen_removed,2026-05-13,2026-07-07,55,37,6.125,5.25,0.857143
UJB,padding_only,False,,frozen_removed,2016-02-12,2016-02-26,14,10,45.0971,51.53,1.142646
KELYB,padding_only,False,2020-08-11,trim_to_boundary,2016-08-03,2016-08-17,14,11,20.0732,17.23,0.858358
SENEB,padding_only,False,,frozen_removed,2023-02-14,2023-03-07,21,15,64.87,55.72,0.858949
OBAS,padding_only,False,,frozen_removed,2017-06-14,2017-07-11,27,19,10.0,8.6,0.86
FISK,padding_only,False,,frozen_removed,2025-07-22,2025-08-11,20,15,8.14,7.01,0.861179
SENEB,padding_only,False,,frozen_removed,2017-05-30,2017-07-03,34,25,38.9999,33.6,0.861541
AMUB,padding_only,False,,frozen_removed,2018-11-29,2018-12-21,22,16,15.65,13.4838,0.861585
SENEB,padding_only,False,,frozen_removed,2020-07-06,2020-07-17,11,10,33.0,37.56,1.138182
LBTYB,padding_only,False,,frozen_removed,2023-02-27,2023-03-13,14,11,21.46,18.5,0.862069
DISCB,padding_only,False,,frozen_removed,2017-11-28,2017-12-19,21,16,21.5,24.45,1.137209
UAG,padding_only,False,,frozen_removed,2020-02-24,2020-03-13,18,15,15.9668,13.778,0.862916
GDC,padding_only,False,,frozen_removed,2018-03-28,2018-05-11,44,32,34800.0,30037.5,0.863147
SENEB,padding_only,False,,frozen_removed,2026-03-26,2026-04-09,14,10,145.12,164.98,1.136852
LBTYB,padding_only,False,,frozen_removed,2023-04-21,2023-05-22,31,22,19.84,17.13,0.863407
BNKZ,padding_only,False,,frozen_removed,2020-09-09,2020-09-22,13,10,26.1,29.66,1.136398
ELLO,padding_only,False,,frozen_removed,2023-05-11,2023-05-30,19,13,14.8,16.8,1.135135
SENEB,padding_only,False,,frozen_removed,2016-02-29,2016-03-18,18,15,33.74,38.275,1.13441
EMC,padding_only,False,,frozen_removed,2016-09-07,2023-05-12,2438,1682,29.05,25.15,0.865749
DISCB,padding_only,False,,frozen_removed,2019-01-22,2019-02-21,30,22,35.0,30.3087,0.865963
DFVL,padding_only,False,,frozen_removed,2018-12-13,2019-05-30,168,115,61.53,69.72,1.133106
HVT.A,padding_only,False,,frozen_removed,2023-06-23,2023-07-10,17,11,28.25,32.0,1.132743
TAP.A,padding_only,False,,frozen_removed,2023-06-06,2023-06-30,24,18,61.62,69.78,1.132425
MOG.B,padding_only,False,,frozen_removed,2023-11-03,2023-11-17,14,11,118.3701,133.98,1.131874
PNRG,padding_only,False,,frozen_removed,2016-01-05,2016-01-19,14,10,48.37,42.0,0.868307
MOG.B,padding_only,False,,frozen_removed,2022-01-31,2022-03-04,32,24,74.25,84.0,1.131313
CNSP,padding_only,False,,frozen_removed,2020-05-04,2020-05-27,23,17,2484000.0,2160000.0,0.869565
HVT.A,padding_only,False,,frozen_removed,2025-06-16,2025-07-07,21,14,19.48,22.0,1.129363
DISCB,padding_only,False,,frozen_removed,2019-03-01,2019-03-21,20,15,31.0,35.0,1.129032
BIO.B,padding_only,False,,frozen_removed,2026-07-13,2026-07-31,18,15,298.5,337.0,1.128978
BIO.B,padding_only,False,,frozen_removed,2021-02-24,2021-03-19,23,18,664.95,579.3782,0.871311
KNAB,padding_only,False,2019-04-18,trim_to_boundary,2020-11-19,2020-12-16,27,19,36.15,31.5,0.871369
WSO.B,padding_only,False,,frozen_removed,2025-09-09,2025-10-17,38,29,434.825,379.35,0.87242
HYAC,padding_only,False,,frozen_removed,2022-05-27,2023-09-14,475,326,9.02,10.17,1.127494
RMIX,pre_listing_padding,False,2023-09-15,trim_to_boundary,2022-05-27,2023-09-14,475,326,9.02,10.17,1.127494
BIO.B,padding_only,False,,frozen_removed,2025-09-22,2025-10-20,28,21,284.875,321.12,1.127231
HVT.A,padding_only,False,,frozen_removed,2020-07-17,2020-08-07,21,16,14.28,16.07,1.12535
CDRO,pre_listing_padding,False,2021-01-27,trim_to_boundary,2020-03-13,2021-01-26,319,220,9.1,10.24,1.125275
DDMX,padding_only,False,,frozen_removed,2020-03-13,2021-01-26,319,220,9.1,10.24,1.125275
NXEOU,padding_only,False,,frozen_removed,2018-05-04,2018-05-17,13,10,12.0,10.5,0.875
PNRG,padding_only,False,,frozen_removed,2018-01-30,2018-02-12,13,10,56.0,49.0,0.875
MOG.B,padding_only,False,,frozen_removed,2024-08-09,2024-08-23,14,11,173.7505,195.46,1.124946
NRGU,padding_only,False,2025-02-20,trim_to_boundary,2019-06-10,2019-07-01,21,16,795.8,895.0,1.124654
SENEB,padding_only,False,,frozen_removed,2020-05-13,2020-06-10,28,20,36.55,32.0,0.875513
KPFS,padding_only,False,,frozen_removed,2019-04-22,2019-05-10,18,15,4.04,3.5376,0.875644
OILX,padding_only,False,,frozen_removed,2017-02-13,2017-03-13,28,20,33.06,28.95,0.875681
SENEB,padding_only,False,,frozen_removed,2020-11-09,2020-11-20,11,10,38.25,43.0,1.124183
NRGD,padding_only,False,2025-02-20,trim_to_boundary,2019-12-13,2020-01-08,26,17,103975.0,91075.0,0.875932
BIO.B,padding_only,False,,frozen_removed,2023-11-07,2023-11-28,21,15,273.0,306.87,1.124066
NRGZ,padding_only,False,2020-06-05,trim_to_boundary,2020-07-09,2020-09-03,56,41,36.42,40.93,1.123833
MLPB,padding_only,False,,frozen_removed,2018-02-21,2018-03-19,26,19,24.1094,21.135,0.876629
NRGZ,padding_only,False,2020-06-05,trim_to_boundary,2019-10-11,2019-11-05,25,18,51.99,45.65,0.878053
TAP.A,padding_only,False,,frozen_removed,2025-03-28,2025-05-05,38,26,65.82,57.84,0.87876
BTYS,padding_only,False,,frozen_removed,2020-02-07,2020-02-28,21,15,50.67,44.54,0.879021
SENEB,padding_only,False,,frozen_removed,2024-11-25,2024-12-19,24,18,71.26,79.8,1.119843
HAHA,padding_only,False,,frozen_removed,2018-06-14,2018-06-27,13,10,31.839,28.03,0.880367
TAP.A,padding_only,False,,frozen_removed,2021-08-17,2021-09-17,31,23,63.38,55.8,0.880404
XINA,padding_only,False,,frozen_removed,2017-07-25,2017-09-07,44,32,21.78,24.3782,1.119293
INR,padding_only,False,2025-01-31,trim_to_boundary,2018-08-14,2018-09-06,23,17,44.13,38.87,0.880807
TRMD,padding_only,False,,frozen_removed,2020-02-24,2020-03-09,14,11,8.06,7.1,0.880893
ULBR,pre_listing_padding,False,2017-09-27,trim_to_boundary,2017-08-29,2017-09-26,28,20,23.66,26.47,1.118766
LBTYB,padding_only,False,,frozen_removed,2018-02-06,2018-03-07,29,21,37.9,33.4,0.881266
BBAI,pre_listing_padding,False,2021-04-05,trim_to_boundary,2019-11-26,2021-04-01,492,339,11.15,9.83,0.881614
HVT.A,padding_only,False,,frozen_removed,2020-06-24,2020-07-09,15,11,16.16,14.25,0.881807
AMUB,padding_only,False,,frozen_removed,2016-01-08,2016-01-22,14,10,16.94,14.94,0.881936
DFVL,padding_only,False,,frozen_removed,2020-05-28,2020-07-01,34,25,81.4401,71.84,0.882121
KELYB,padding_only,False,2020-08-11,trim_to_boundary,2019-09-23,2019-10-31,38,29,26.59,23.4638,0.882429
RDIB,padding_only,False,,frozen_removed,2016-09-16,2016-09-29,13,10,16.99,15.0,0.882872
DISCB,padding_only,False,,frozen_removed,2019-12-10,2019-12-23,13,10,37.26,41.6,1.116479
SIM,padding_only,False,,frozen_removed,2026-02-26,2026-04-07,40,28,30.8,34.35,1.11526
UBN,padding_only,False,,frozen_removed,2017-04-05,2017-04-20,15,11,6.89,7.68,1.114659
YCOM,padding_only,False,,frozen_removed,2020-02-03,2020-02-26,23,17,25.33,28.23,1.114489
YCOM,padding_only,False,,frozen_removed,2020-07-24,2020-08-20,27,20,17.17,15.22,0.88643
USV,padding_only,False,,frozen_removed,2018-06-15,2018-07-18,33,23,22.17,19.658,0.886694
BNKU,padding_only,False,,frozen_removed,2019-06-28,2019-07-12,14,10,49.15,54.71,1.113123
PLUT,padding_only,False,,frozen_removed,2026-08-11,2026-08-24,13,10,2.92,2.5899,0.886952
HVT.A,padding_only,False,,frozen_removed,2023-09-26,2023-10-16,20,15,31.7,28.13,0.887382
UBM,padding_only,False,,frozen_removed,2017-12-15,2018-01-02,18,11,17.06,18.98,1.112544
AGM.A,padding_only,False,,frozen_removed,2022-10-27,2022-11-16,20,15,100.27,111.55,1.112496
MAYS,padding_only,False,,frozen_removed,2017-09-26,2017-10-23,27,20,45.0,39.95,0.887778
WSO.B,padding_only,False,,frozen_removed,2025-03-17,2025-04-29,43,31,503.71,447.21,0.887832
DEWJ,padding_only,False,,frozen_removed,2018-10-12,2018-10-25,13,10,30.141,26.78,0.888491
BELFA,padding_only,False,,frozen_removed,2018-11-08,2018-11-23,15,11,20.6,18.31,0.888835
BIO.B,padding_only,False,,frozen_removed,2024-08-02,2024-09-10,39,27,294.23,326.74,1.110492
MLPB,padding_only,False,,frozen_removed,2018-10-11,2019-01-11,92,63,23.8631,21.2299,0.889654
OBAS,padding_only,False,,frozen_removed,2021-09-24,2021-10-22,28,21,11.24,10.0,0.88968
DISCB,padding_only,False,,frozen_removed,2019-11-25,2019-12-09,14,10,34.0,37.75,1.110294
LSVX,padding_only,False,,frozen_removed,2016-07-15,2016-08-18,34,25,24.95,27.7,1.11022
BIO.B,padding_only,False,,frozen_removed,2025-04-21,2025-05-12,21,16,225.29,250.08,1.110036
NRGO,padding_only,False,,frozen_removed,2019-06-07,2019-07-01,24,17,42.36,47.0,1.109537
UBN,padding_only,False,,frozen_removed,2016-09-08,2016-09-28,20,15,6.2199,6.9,1.109343
QULL,padding_only,False,2021-03-25,trim_to_boundary,2023-03-01,2023-03-14,13,10,25.914,23.0976,0.891317
RDIB,padding_only,False,,frozen_removed,2017-04-07,2017-07-06,90,62,17.16,19.0001,1.107232
KELYB,padding_only,False,2020-08-11,trim_to_boundary,2019-08-05,2019-09-06,32,24,28.0,25.0,0.892857
SENEB,padding_only,False,,frozen_removed,2018-03-20,2018-04-17,28,20,33.6,30.0,0.892857
MAYS,padding_only,False,,frozen_removed,2023-01-13,2023-01-31,18,12,46.51,41.53,0.892926
KELYB,padding_only,False,2020-08-11,trim_to_boundary,2018-07-06,2018-07-26,20,15,21.6,23.9,1.106481
SENEB,padding_only,False,,frozen_removed,2020-04-15,2020-04-30,15,12,36.2,40.04,1.106077
MOG.B,padding_only,False,,frozen_removed,2019-08-29,2019-09-12,14,10,79.54,87.95,1.105733
SENEB,padding_only,False,,frozen_removed,2022-08-23,2022-09-08,16,12,54.5,48.75,0.894495
NSEC,padding_only,False,,frozen_removed,2019-01-17,2019-01-31,14,10,12.54,11.22,0.894737
BIO.B,padding_only,False,,frozen_removed,2025-07-23,2025-09-18,57,41,257.75,284.875,1.105238
MAYS,padding_only,False,,frozen_removed,2020-02-06,2020-02-21,15,11,34.0799,30.5,0.894956
INR,padding_only,False,2025-01-31,trim_to_boundary,2019-01-15,2019-02-21,37,26,44.0,39.3806,0.895014
MAYS,padding_only,False,,frozen_removed,2022-07-08,2022-07-22,14,11,42.5,46.95,1.104706
AMLX,padding_only,False,2022-01-07,trim_to_boundary,2018-03-08,2018-04-05,28,20,10.61,9.5,0.895382
AMUB,padding_only,False,,frozen_removed,2018-09-24,2018-11-26,63,45,17.471,15.65,0.89577
BIO.B,padding_only,False,,frozen_removed,2021-06-08,2021-06-25,17,14,579.6,640.0,1.10421
TAP.A,padding_only,False,,frozen_removed,2017-05-09,2017-06-07,29,21,94.0,84.23,0.896064
RDIB,padding_only,False,,frozen_removed,2019-08-30,2019-09-27,28,20,22.65,25.0,1.103753
OILX,padding_only,False,,frozen_removed,2018-04-05,2018-04-24,19,14,35.48,39.15,1.103439
INR,padding_only,False,2025-01-31,trim_to_boundary,2018-07-20,2018-08-02,13,10,40.0,44.13,1.10325
RDIB,padding_only,False,,frozen_removed,2017-08-17,2017-08-30,13,10,19.05,21.016,1.103202
VIIZ,padding_only,False,,frozen_removed,2016-02-19,2016-03-14,24,17,180.5,161.9,0.896953
QULL,padding_only,False,2021-03-25,trim_to_boundary,2022-12-06,2022-12-21,15,12,24.6903,22.1544,0.897292
WSO.B,padding_only,False,,frozen_removed,2021-02-09,2021-03-03,22,16,262.89,235.94,0.897486
LTL,padding_only,False,,frozen_removed,2020-11-16,2020-12-04,18,14,9.353,10.31,1.10232
AMUB,padding_only,False,,frozen_removed,2018-08-07,2018-08-20,13,10,16.89,18.61,1.101835
WSO.B,padding_only,False,,frozen_removed,2021-10-07,2021-10-20,13,10,266.85,294.0,1.101743
LBTYB,padding_only,False,,frozen_removed,2019-07-02,2019-07-26,24,18,25.06,27.6,1.101357
DTYL,padding_only,False,,frozen_removed,2019-03-20,2019-04-12,23,18,72.66,80.0,1.101018
SIM,padding_only,False,,frozen_removed,2025-08-13,2025-09-05,23,17,27.79,25.0,0.899604
GDEV,padding_only,False,,frozen_removed,2022-02-28,2023-03-15,380,263,63.8,57.4,0.899687
KELYB,padding_only,False,2020-08-11,trim_to_boundary,2018-12-04,2019-02-14,72,49,22.43,24.68,1.100312
PNRG,padding_only,False,,frozen_removed,2016-10-14,2016-10-28,14,11,58.0,52.19,0.899828
CMD,padding_only,False,2016-12-05,trim_to_boundary,2016-05-13,2016-06-13,31,21,39.67,35.7,0.899924
HVT.A,padding_only,False,,frozen_removed,2023-08-02,2023-08-21,19,14,34.83,31.35,0.900086
BIO.B,padding_only,False,,frozen_removed,2025-05-13,2025-07-10,58,40,234.41,257.75,1.099569
AMUB,padding_only,False,,frozen_removed,2018-06-22,2018-08-06,45,31,16.62,18.2704,1.099302
OILX,padding_only,False,,frozen_removed,2017-10-24,2017-11-09,16,13,29.72,32.6657,1.099115
DGICB,padding_only,False,,frozen_removed,2018-03-22,2018-04-05,14,10,14.15,15.55,1.09894
TAP.A,padding_only,False,,frozen_removed,2026-05-26,2026-06-15,20,15,41.41,45.5,1.098768
VXZ,padding_only,False,,frozen_removed,2018-04-25,2018-05-09,14,11,85.28,76.86,0.901266
GNAF,padding_only,False,,frozen_removed,2018-09-19,2018-10-10,21,16,50.16,55.1046,1.098577
WSO.B,padding_only,False,,frozen_removed,2024-01-25,2024-03-25,60,42,390.85,429.35,1.098503
YCOM,padding_only,False,,frozen_removed,2019-06-11,2019-08-01,51,37,33.96,30.6199,0.901646
DM,padding_only,False,,frozen_removed,2019-01-28,2020-12-09,681,473,171.9,188.8,1.098313
MLPB,padding_only,False,,frozen_removed,2017-12-07,2018-01-09,33,22,23.46,25.766,1.098295
MLPB,padding_only,False,,frozen_removed,2016-10-05,2017-02-08,126,87,27.5,30.2,1.098182
BIO.B,padding_only,False,,frozen_removed,2020-06-26,2020-07-14,18,12,452.4,496.61,1.097723
UBM,padding_only,False,,frozen_removed,2016-06-14,2016-07-12,28,20,11.79,12.94,1.09754
FISK,padding_only,False,,frozen_removed,2025-07-02,2025-07-21,19,13,8.14,7.35,0.902948
BDCZ,padding_only,False,,frozen_removed,2017-07-13,2017-08-25,43,32,22.1,24.24,1.096833
WLYB,padding_only,False,,frozen_removed,2023-02-03,2023-02-17,14,11,49.19,44.44,0.903436
DTYL,padding_only,False,,frozen_removed,2016-10-19,2016-12-20,62,44,81.59,73.72,0.903542
DISCB,padding_only,False,,frozen_removed,2018-08-07,2018-08-28,21,16,31.05,28.055,0.903543
KELYB,padding_only,False,2020-08-11,trim_to_boundary,2019-11-07,2019-11-29,22,16,23.4638,21.2066,0.903801
DGICB,padding_only,False,,frozen_removed,2018-05-01,2018-05-14,13,10,13.0,14.25,1.096154
WSO.B,padding_only,False,,frozen_removed,2024-11-21,2025-01-03,43,29,519.7,469.95,0.904272
UAG,padding_only,False,,frozen_removed,2018-05-29,2018-06-26,28,21,18.3902,16.63,0.904286
BIO.B,padding_only,False,,frozen_removed,2022-05-04,2022-06-01,28,20,505.0,553.22,1.095485
HVT.A,padding_only,False,,frozen_removed,2016-10-19,2016-11-01,13,10,17.5266,19.2,1.095478
RMG.U,padding_only,False,,frozen_removed,2020-03-25,2020-04-17,23,17,29.25,32.04,1.095385
PNRG,padding_only,False,,frozen_removed,2017-03-08,2017-03-24,16,13,52.0,47.05,0.904808
MOG.B,padding_only,False,,frozen_removed,2024-05-31,2024-07-15,45,30,172.9697,189.43,1.095163
RDIB,padding_only,False,,frozen_removed,2019-05-03,2019-06-14,42,30,26.8,24.25,0.904851
UCIB,padding_only,False,,frozen_removed,2018-08-31,2019-01-02,124,84,15.019,13.59,0.904854
KNAB,padding_only,False,2019-04-18,trim_to_boundary,2019-08-26,2019-09-11,16,12,51.25,46.38,0.904976
URR,padding_only,False,,frozen_removed,2020-04-06,2020-04-20,14,10,14.04,15.373,1.094943
QADB,padding_only,False,,frozen_removed,2020-06-29,2020-07-20,21,15,30.23,27.37,0.905392
UCIB,padding_only,False,,frozen_removed,2019-01-25,2019-02-15,21,16,13.59,14.8733,1.09443
DFVS,padding_only,False,,frozen_removed,2020-06-03,2020-07-30,57,41,13.03,11.8,0.905602
GRMY,padding_only,False,,frozen_removed,2018-07-27,2018-10-11,76,54,22.55,20.44,0.90643
AGM.A,padding_only,False,,frozen_removed,2022-06-07,2022-06-22,15,11,102.6,93.0,0.906433
YCOM,padding_only,False,,frozen_removed,2019-10-08,2019-11-18,41,30,30.46,27.61,0.906435
MBRX,padding_only,False,,frozen_removed,2020-05-04,2020-05-27,23,17,2407.5,2182.5,0.906542
WSO.B,padding_only,False,,frozen_removed,2021-03-24,2021-04-14,21,15,255.38,279.12,1.09296
HVT.A,padding_only,False,,frozen_removed,2020-04-13,2020-05-12,29,22,13.34,14.58,1.092954
WSO.B,padding_only,False,,frozen_removed,2022-11-28,2022-12-21,23,18,284.97,258.5,0.907113
NRGO,padding_only,False,,frozen_removed,2019-07-18,2019-08-01,14,11,49.65,45.0399,0.907148
HMG,padding_only,False,,frozen_removed,2018-02-13,2018-03-02,17,13,14.0001,15.3,1.092849
TAP.A,padding_only,False,,frozen_removed,2020-07-09,2020-08-20,42,31,55.5101,50.4,0.907943
SLN,padding_only,False,,frozen_removed,2021-04-07,2021-04-22,15,12,24.6,22.3402,0.908138
BIO.B,padding_only,False,,frozen_removed,2020-12-01,2020-12-14,13,10,540.45,590.05,1.091775
UBN,padding_only,False,,frozen_removed,2017-10-19,2017-11-03,15,12,7.1,7.75,1.091549
HVT.A,padding_only,False,,frozen_removed,2025-11-11,2025-12-09,28,20,22.76,24.84,1.091388
EDOM,padding_only,False,,frozen_removed,2017-04-13,2017-05-03,20,14,25.31,27.6151,1.091075
BNKO,padding_only,False,,frozen_removed,2019-07-17,2019-08-07,21,16,53.49,48.63,0.909142
BIO.B,padding_only,False,,frozen_removed,2021-04-12,2021-04-28,16,13,579.3782,631.85,1.090566
HEUS,padding_only,False,,frozen_removed,2016-11-17,2016-12-01,14,10,25.73,23.4,0.909444
RDIB,padding_only,False,,frozen_removed,2017-12-29,2018-01-18,20,13,22.15,24.15,1.090293
TRMD,padding_only,False,,frozen_removed,2019-11-01,2019-11-14,13,10,9.55,8.6883,0.90977
TAP.A,padding_only,False,,frozen_removed,2023-08-09,2023-09-05,27,19,72.0,65.51,0.909861
ULBR,padding_only,False,2017-09-27,trim_to_boundary,2017-10-20,2017-11-17,28,21,26.47,28.85,1.089913
MOG.B,padding_only,False,,frozen_removed,2023-04-11,2023-04-27,16,13,99.9,90.94,0.91031
RTL,padding_only,False,2022-02-15,trim_to_boundary,2018-12-27,2019-01-10,14,10,23.85,25.9793,1.089279
KELYB,padding_only,False,2020-08-11,trim_to_boundary,2019-03-29,2019-06-27,90,63,23.4,25.4868,1.089179
MLPB,padding_only,False,,frozen_removed,2016-01-11,2016-01-27,16,12,24.04,21.91,0.911398
EEH,padding_only,False,,frozen_removed,2021-03-11,2021-04-05,25,17,26.84,29.2144,1.088465
MACQ,padding_only,False,,frozen_removed,2018-07-26,2021-04-19,998,687,10.9327,9.9656,0.911541
DISCB,padding_only,False,,frozen_removed,2018-10-03,2018-10-16,13,10,33.5003,36.46,1.088348
BIO.B,padding_only,False,,frozen_removed,2018-09-18,2018-10-22,34,25,297.6692,271.5,0.912086
ULBR,padding_only,False,2017-09-27,trim_to_boundary,2019-03-05,2019-03-21,16,13,33.0,30.0998,0.912115
AMUB,padding_only,False,,frozen_removed,2017-08-07,2017-08-18,11,10,18.7,17.0572,0.91215
CHAC,padding_only,False,,frozen_removed,2019-07-01,2019-07-16,15,11,9.79,10.65,1.087845
OPHC,padding_only,False,,frozen_removed,2016-07-11,2016-07-25,14,11,4.22,3.85,0.912322
NRGZ,padding_only,False,2020-06-05,trim_to_boundary,2019-09-25,2019-10-08,13,10,58.0,52.92,0.912414
DGICB,padding_only,False,,frozen_removed,2020-06-26,2020-07-10,14,10,11.3,12.2875,1.087389
SENEB,padding_only,False,,frozen_removed,2019-02-12,2019-03-11,27,19,29.3,26.74,0.912628
SENEB,padding_only,False,,frozen_removed,2016-03-31,2016-04-22,22,17,37.8,34.5101,0.912966
MLPB,padding_only,False,,frozen_removed,2018-01-24,2018-02-16,23,18,26.402,24.1094,0.913166
NXEOU,padding_only,False,,frozen_removed,2018-11-21,2018-12-07,16,11,9.95,9.088,0.913367
DTYL,padding_only,False,,frozen_removed,2016-12-21,2017-01-18,28,18,81.8,74.72,0.913447
DISCB,padding_only,False,,frozen_removed,2016-10-20,2016-11-22,33,24,26.0,28.25,1.086538
FNCF,padding_only,False,,frozen_removed,2016-09-29,2016-11-09,41,30,25.964,28.196,1.085965
HVT.A,padding_only,False,,frozen_removed,2016-07-19,2016-08-01,13,10,18.51,20.1,1.0859
MOG.B,padding_only,False,,frozen_removed,2023-12-05,2023-12-19,14,11,133.98,145.48,1.085834
BIO.B,padding_only,False,,frozen_removed,2020-10-07,2020-10-21,14,11,530.0,575.48,1.085811
UBM,padding_only,False,,frozen_removed,2016-05-02,2016-05-17,15,12,12.6992,11.61,0.914231
GTYH,padding_only,False,,frozen_removed,2016-11-21,2016-12-19,28,20,10.15,11.02,1.085714
HVT.A,padding_only,False,,frozen_removed,2024-05-07,2024-05-28,21,15,29.53,27.0,0.914324
INTG,padding_only,False,,frozen_removed,2017-05-18,2017-06-06,19,13,28.5,26.0625,0.914474
TAP.A,padding_only,False,,frozen_removed,2024-03-27,2024-04-25,29,21,67.7,61.9358,0.914857
UBN,padding_only,False,,frozen_removed,2018-04-03,2018-05-03,30,23,8.42,9.1349,1.084905
AMUB,padding_only,False,,frozen_removed,2017-10-30,2017-11-29,30,22,17.95,16.4275,0.915181
UBN,padding_only,False,,frozen_removed,2016-07-29,2016-09-07,40,28,6.25,6.78,1.0848
DULL,padding_only,False,,frozen_removed,2017-09-26,2023-02-21,1974,1360,1389.0,1271.35,0.915299
SCDL,padding_only,False,,frozen_removed,2023-06-28,2023-07-12,14,10,29.3103,31.7874,1.084513
BIO.B,padding_only,False,,frozen_removed,2026-05-27,2026-06-22,26,18,267.43,290.0,1.084396
RDIB,padding_only,False,,frozen_removed,2017-11-30,2017-12-20,20,15,23.1503,21.2,0.915755
UCIB,padding_only,False,,frozen_removed,2018-06-19,2018-07-17,28,20,16.2055,14.8406,0.915776
SENEB,padding_only,False,,frozen_removed,2018-08-03,2018-08-24,21,16,28.05,30.4,1.083779
MAYS,padding_only,False,,frozen_removed,2021-07-02,2021-07-22,20,14,34.14,37.0,1.083773
KELYB,padding_only,False,2020-08-11,trim_to_boundary,2017-04-03,2017-04-25,22,16,20.3,22.0001,1.083749
SENEB,padding_only,False,,frozen_removed,2020-01-13,2020-01-28,15,11,36.5,39.55,1.083562
TWLVU,padding_only,False,,frozen_removed,2024-04-30,2024-06-07,38,28,10.91,10.0,0.91659
MLPB,padding_only,False,,frozen_removed,2017-04-17,2017-05-03,16,13,29.41,26.9601,0.916698
NRGO,padding_only,False,,frozen_removed,2019-09-05,2019-10-08,33,24,39.15,42.41,1.083269
MLPB,padding_only,False,,frozen_removed,2019-12-02,2019-12-19,17,14,17.94,19.43,1.083055
AMUB,padding_only,False,,frozen_removed,2019-11-08,2019-11-21,13,10,14.39,13.1956,0.916998
BIO.B,padding_only,False,,frozen_removed,2016-11-16,2016-12-01,15,11,163.0,176.5,1.082822
RDIB,padding_only,False,,frozen_removed,2018-12-13,2019-02-07,56,38,27.51,25.25,0.917848
DGICB,padding_only,False,,frozen_removed,2019-03-04,2019-03-20,16,13,12.95,11.8862,0.917853
BNKO,padding_only,False,,frozen_removed,2020-08-19,2020-09-02,14,11,27.495,29.72,1.080924
MOG.B,padding_only,False,,frozen_removed,2019-03-06,2019-03-21,15,12,91.53,84.13,0.919152
HOML,padding_only,False,,frozen_removed,2018-08-23,2018-09-10,18,12,45.01,41.395,0.919685
MAYS,padding_only,False,,frozen_removed,2023-06-30,2023-07-21,21,15,49.33,45.37,0.919724
OBAS,padding_only,False,,frozen_removed,2019-08-15,2019-08-28,13,10,13.0,11.9595,0.919962
ULBR,padding_only,False,2017-09-27,trim_to_boundary,2019-04-30,2019-05-14,14,11,30.5359,28.1,0.920228
HOML,padding_only,False,,frozen_removed,2017-08-07,2017-08-30,23,18,37.9166,34.9,0.920441
WSO.B,padding_only,False,,frozen_removed,2022-09-14,2022-09-30,16,13,286.51,263.77,0.920631
DGICB,padding_only,False,,frozen_removed,2017-03-03,2017-03-16,13,10,15.75,17.0,1.079365
EEH,padding_only,False,,frozen_removed,2020-07-21,2020-08-12,22,17,21.44,23.14,1.079291
HGSD,padding_only,False,,frozen_removed,2016-02-08,2016-03-11,32,24,18.42,19.88,1.079262
DGICB,padding_only,False,,frozen_removed,2019-01-29,2019-02-28,30,22,12.0,12.95,1.079167
USV,padding_only,False,,frozen_removed,2018-12-20,2019-01-17,28,19,17.9,19.305,1.078492
DLBR,padding_only,False,,frozen_removed,2018-02-12,2018-03-16,32,24,19.37,17.855,0.921786
HVT.A,padding_only,False,,frozen_removed,2017-11-07,2017-11-22,15,12,24.95,23.0,0.921844
TAP.A,padding_only,False,,frozen_removed,2016-03-01,2016-03-15,14,11,86.12,92.85,1.078147
HVT.A,padding_only,False,,frozen_removed,2026-03-20,2026-04-13,24,16,22.115,23.84,1.078001
DEZU,padding_only,False,,frozen_removed,2016-01-25,2016-02-08,14,11,22.84,21.0587,0.92201
EEH,padding_only,False,,frozen_removed,2019-03-12,2019-05-03,52,38,18.9,20.3714,1.077852
HVT.A,padding_only,False,,frozen_removed,2024-03-13,2024-04-16,34,24,32.92,30.36,0.922236
BIO.B,padding_only,False,,frozen_removed,2018-02-08,2018-02-28,20,14,246.3,265.45,1.077751
NRGD,padding_only,False,2025-02-20,trim_to_boundary,2019-09-26,2019-10-09,13,10,118350.0,127550.0,1.077736
FNGZ,padding_only,False,,frozen_removed,2018-10-12,2018-10-26,14,11,56.8395,61.25,1.077596
KNAB,padding_only,False,2019-04-18,trim_to_boundary,2019-10-10,2019-10-30,20,15,48.37,44.62,0.922473
BWMCU,padding_only,False,,frozen_removed,2020-01-22,2020-02-11,20,15,21.07,22.7,1.077361
ULBR,padding_only,False,2017-09-27,trim_to_boundary,2017-12-08,2018-01-11,34,23,29.537,31.82,1.077293
OVLC,padding_only,False,,frozen_removed,2017-10-04,2017-11-29,56,40,28.295,30.48,1.077222
UBC,padding_only,False,,frozen_removed,2018-02-28,2018-03-22,22,17,20.1,18.55,0.922886
DFVS,padding_only,False,,frozen_removed,2016-05-31,2016-06-17,17,14,26.6,24.55,0.922932
KELYB,padding_only,False,2020-08-11,trim_to_boundary,2019-06-28,2019-07-12,14,10,23.4,25.2,1.076923
BDCZ,padding_only,False,,frozen_removed,2016-11-03,2016-12-23,50,36,20.9299,22.529,1.076403
EEH,padding_only,False,,frozen_removed,2019-06-10,2019-09-04,86,61,20.52,22.0865,1.07634
HVT.A,padding_only,False,,frozen_removed,2025-07-22,2025-08-06,15,12,20.86,22.45,1.076222
BIO.B,padding_only,False,,frozen_removed,2026-04-07,2026-04-21,14,11,278.25,299.45,1.07619
WSO.B,padding_only,False,,frozen_removed,2020-06-19,2020-07-16,27,19,179.75,193.4,1.075939
BNKO,padding_only,False,,frozen_removed,2020-07-13,2020-08-06,24,19,26.39,28.39,1.075786
OILX,padding_only,False,,frozen_removed,2019-06-11,2019-06-24,13,10,32.07,34.5,1.075772
NYAX,padding_only,False,,frozen_removed,2022-12-16,2022-12-30,14,10,21.0,19.4091,0.924243
MLPB,padding_only,False,,frozen_removed,2018-07-19,2018-09-12,55,39,23.0739,24.8146,1.07544
EVER,padding_only,False,,frozen_removed,2017-06-09,2018-06-27,383,265,19.49,18.02,0.924577
HAHA,padding_only,False,,frozen_removed,2017-05-15,2017-06-16,32,24,26.95,28.98,1.075325
DGICB,padding_only,False,,frozen_removed,2016-08-16,2016-08-31,15,12,14.88,16.0,1.075269
URR,padding_only,False,,frozen_removed,2019-06-24,2019-07-15,21,15,16.5223,15.28,0.924811
HVT.A,padding_only,False,,frozen_removed,2023-09-01,2023-09-25,24,16,31.35,29.0,0.92504
DFVS,padding_only,False,,frozen_removed,2019-05-13,2019-06-03,21,15,30.02,27.77,0.92505
UJB,padding_only,False,,frozen_removed,2016-06-10,2016-06-28,18,13,59.86,55.374,0.925058
KELYB,padding_only,False,2020-08-11,trim_to_boundary,2019-12-30,2020-01-23,24,17,21.35,19.75,0.925059
RDIB,padding_only,False,,frozen_removed,2020-06-29,2020-07-14,15,11,15.75,16.93,1.074921
BNKO,padding_only,False,,frozen_removed,2019-06-07,2019-07-12,35,25,49.95,53.69,1.074875
RDIB,padding_only,False,,frozen_removed,2016-08-01,2016-08-26,25,20,14.7,13.6,0.92517
CMD,padding_only,False,2016-12-05,trim_to_boundary,2016-03-16,2016-04-11,26,18,45.25,41.89,0.925746
WSO.B,padding_only,False,,frozen_removed,2024-01-03,2024-01-23,20,14,422.2,390.85,0.925746
WSO.B,padding_only,False,,frozen_removed,2025-08-05,2025-09-08,34,24,434.825,402.56,0.925798
YCOM,padding_only,False,,frozen_removed,2019-09-04,2019-09-17,13,10,31.5,29.1637,0.925832
DLBR,padding_only,False,,frozen_removed,2018-05-31,2018-06-15,15,12,18.39,17.027,0.925884
NVA,padding_only,False,,frozen_removed,2026-06-03,2026-06-16,13,10,7.02,6.5,0.925926
DEZU,padding_only,False,,frozen_removed,2016-12-16,2016-12-30,14,10,22.57,24.2381,1.073908
DFVL,padding_only,False,,frozen_removed,2020-01-28,2020-02-27,30,22,73.83,79.2706,1.073691
YCOM,padding_only,False,,frozen_removed,2019-09-24,2019-10-07,13,10,29.1637,31.31,1.073595
MLPR,padding_only,False,,frozen_removed,2020-07-17,2020-08-05,19,14,20.41,21.9068,1.073337
HAHA,padding_only,False,,frozen_removed,2016-06-24,2016-07-18,24,16,24.24,26.0,1.072607
USML,padding_only,False,,frozen_removed,2023-03-16,2023-03-29,13,10,25.4567,27.3019,1.072484
JPEH,padding_only,False,,frozen_removed,2017-02-13,2017-04-21,67,48,25.0651,26.88,1.072407
AMUB,padding_only,False,,frozen_removed,2019-06-26,2019-10-02,98,69,15.51,14.39,0.927789
RDIB,padding_only,False,,frozen_removed,2019-06-19,2019-07-02,13,10,24.25,26.0,1.072165
WSO.B,padding_only,False,,frozen_removed,2025-05-29,2025-06-26,28,20,471.49,437.48,0.927867
KELYB,padding_only,False,2020-08-11,trim_to_boundary,2020-02-06,2020-02-20,14,10,17.66,18.9268,1.071733
TAP.A,padding_only,False,,frozen_removed,2024-06-17,2024-07-01,14,10,56.2505,60.28,1.071635
KELYB,padding_only,False,2020-08-11,trim_to_boundary,2017-06-07,2017-06-23,16,13,23.75,22.05,0.928421
MLPB,padding_only,False,,frozen_removed,2018-04-11,2018-07-11,91,64,21.536,23.0739,1.071411
MOG.B,padding_only,False,,frozen_removed,2025-04-30,2025-05-23,23,18,169.2,181.2305,1.071102
KELYB,padding_only,False,2020-08-11,trim_to_boundary,2018-08-07,2018-08-29,22,17,25.89,24.05,0.92893
YGRN,padding_only,False,,frozen_removed,2019-08-26,2019-09-11,16,12,54.93,51.0312,0.929022
RDIB,padding_only,False,,frozen_removed,2019-09-30,2019-10-11,11,10,22.65,24.25,1.07064
WSO.B,padding_only,False,,frozen_removed,2022-04-01,2022-04-19,18,12,310.6,288.71,0.929524
LBTYB,padding_only,False,,frozen_removed,2023-06-20,2023-07-06,16,12,16.62,17.79,1.070397
INR,padding_only,False,2025-01-31,trim_to_boundary,2019-10-28,2019-11-20,23,18,64.465,69.0,1.070348
SENEB,padding_only,False,,frozen_removed,2019-03-15,2019-04-08,24,17,27.5,25.57,0.929818
TAP.A,padding_only,False,,frozen_removed,2017-11-08,2017-11-28,20,14,85.85,79.84,0.929994
URR,padding_only,False,,frozen_removed,2018-07-26,2018-08-10,15,12,17.957,16.7,0.929999
BIO.B,padding_only,False,,frozen_removed,2018-06-29,2018-07-23,24,16,285.75,305.7,1.069816
PRME,padding_only,False,,frozen_removed,2016-09-23,2016-10-10,17,12,21.14,19.6662,0.930284
DLBR,padding_only,False,,frozen_removed,2018-06-18,2018-07-17,29,21,18.39,17.1099,0.930392
HVT.A,padding_only,False,,frozen_removed,2020-09-01,2020-10-06,35,25,21.32,22.8,1.069418
DISCB,padding_only,False,,frozen_removed,2017-04-13,2017-05-03,20,14,29.55,27.5,0.930626
MLPB,padding_only,False,,frozen_removed,2019-06-17,2019-09-05,80,57,22.12,20.59,0.930832
KPFS,padding_only,False,,frozen_removed,2019-03-25,2019-04-17,23,18,4.34,4.04,0.930876
NRGO,padding_only,False,,frozen_removed,2019-11-08,2019-12-09,31,21,50.02,46.58,0.931228
HGSD,padding_only,False,,frozen_removed,2016-07-06,2016-07-26,20,15,20.42,21.82,1.06856
OGCP,padding_only,False,,frozen_removed,2025-01-15,2025-02-03,19,13,9.5,8.8512,0.931705
WSO.B,padding_only,False,,frozen_removed,2022-08-17,2022-09-06,20,14,305.03,284.2,0.931712
DXR,padding_only,False,,frozen_removed,2017-06-09,2017-06-26,17,12,7.03,6.55,0.931721
SENEB,padding_only,False,,frozen_removed,2017-10-24,2017-11-17,24,19,35.95,33.5,0.93185
SBM,padding_only,False,,frozen_removed,2021-01-04,2021-01-15,11,10,62.61,58.35,0.93196
BIO.B,padding_only,False,,frozen_removed,2017-12-07,2017-12-27,20,14,255.6,238.25,0.932121
NRGO,padding_only,False,,frozen_removed,2019-10-17,2019-11-05,19,14,45.17,48.23,1.067744
MLPB,padding_only,False,,frozen_removed,2019-09-24,2019-10-09,15,12,21.4,19.96,0.93271
QULL,padding_only,False,2021-03-25,trim_to_boundary,2023-02-14,2023-02-28,14,10,25.2478,23.551,0.932794
EEH,padding_only,False,,frozen_removed,2018-09-19,2018-10-11,22,17,21.17,19.75,0.932924
SIM,padding_only,False,,frozen_removed,2023-08-25,2023-09-12,18,12,35.12,32.78,0.933371
NEN,padding_only,False,,frozen_removed,2024-12-12,2024-12-26,14,10,82.7,77.2,0.933495
SLXN,padding_only,False,,frozen_removed,2024-06-03,2024-06-18,15,12,15457.5,16483.5,1.066376
URR,padding_only,False,,frozen_removed,2016-10-06,2016-10-19,13,10,17.755,16.58,0.933821
EEH,padding_only,False,,frozen_removed,2020-10-23,2020-11-23,31,22,24.025,25.61,1.065973
BNKZ,padding_only,False,,frozen_removed,2019-06-03,2019-06-26,23,18,51.81,48.4,0.934183
NRDY,pre_listing_padding,False,2020-11-27,trim_to_boundary,2017-03-13,2020-11-25,1353,936,155.72,145.5,0.934369
BRPM,padding_only,False,,frozen_removed,2020-02-18,2021-04-12,419,290,10.38,9.7,0.934489
AMUB,padding_only,False,,frozen_removed,2017-06-12,2017-07-21,39,29,20.0625,18.7492,0.93454
BDCZ,padding_only,False,,frozen_removed,2018-09-14,2018-10-11,27,20,20.8,19.44,0.934615
MAYS,padding_only,False,,frozen_removed,2025-05-16,2025-06-18,33,23,37.55,40.0,1.065246
UAG,padding_only,False,,frozen_removed,2020-06-01,2020-07-01,30,23,13.82,14.72,1.065123
MLPS,padding_only,False,,frozen_removed,2018-05-02,2018-05-16,14,11,12.76,11.93,0.934953
DLBR,padding_only,False,,frozen_removed,2018-10-29,2018-12-06,38,27,16.42,17.4856,1.064896
BIO.B,padding_only,False,,frozen_removed,2021-04-30,2021-05-17,17,12,631.85,590.9,0.93519
LBTYB,padding_only,False,,frozen_removed,2020-08-13,2020-08-26,13,10,23.48,25.0,1.064736
MOG.B,padding_only,False,,frozen_removed,2019-09-19,2019-10-09,20,15,86.6,81.0,0.935335
MTUL,padding_only,False,,frozen_removed,2022-08-22,2022-09-21,30,22,15.9726,14.9401,0.935358
URR,padding_only,False,,frozen_removed,2019-10-22,2019-11-04,13,10,23.3,21.8,0.935622
DTUL,padding_only,False,,frozen_removed,2018-06-01,2018-10-17,138,97,58.48,54.728,0.935841
UCIB,padding_only,False,,frozen_removed,2017-07-31,2017-11-01,93,67,14.01,14.908,1.064097
YGRN,padding_only,False,,frozen_removed,2020-01-08,2020-01-27,19,13,49.11,52.25,1.063938
TAP.A,padding_only,False,,frozen_removed,2019-09-04,2019-10-07,33,24,61.0,64.8953,1.063857
OBAS,padding_only,False,,frozen_removed,2020-09-23,2020-10-06,13,10,11.75,11.0,0.93617
JPEH,padding_only,False,,frozen_removed,2016-07-07,2016-10-17,102,72,25.117,26.72,1.063821
WLYB,padding_only,False,,frozen_removed,2023-05-04,2023-05-24,20,15,36.6,34.27,0.936339
LFAC,padding_only,False,,frozen_removed,2021-01-08,2022-01-11,368,255,10.53,9.86,0.936372
UBM,padding_only,False,,frozen_removed,2016-03-29,2016-04-28,30,23,11.9407,12.6992,1.063522
BIO.B,padding_only,False,,frozen_removed,2017-08-07,2017-08-18,11,10,225.0,210.7108,0.936492
DTUL,padding_only,False,,frozen_removed,2016-11-09,2016-12-13,34,24,66.312,62.103,0.936527
DISCB,padding_only,False,,frozen_removed,2019-09-27,2019-10-11,14,11,33.745,35.8842,1.063393
DBUK,padding_only,False,,frozen_removed,2018-04-05,2018-04-23,18,13,20.201,21.48,1.063314
BDCZ,padding_only,False,,frozen_removed,2018-01-26,2018-02-08,13,10,20.375,19.085,0.936687
HEUS,padding_only,False,,frozen_removed,2016-02-09,2016-02-25,16,12,22.15,23.5462,1.063034
MTUL,padding_only,False,,frozen_removed,2023-06-07,2023-06-27,20,14,14.7674,15.698,1.063017
YCOM,padding_only,False,,frozen_removed,2019-02-01,2019-02-25,24,16,39.41,36.9299,0.937069
HVT.A,padding_only,False,,frozen_removed,2018-05-04,2018-05-17,13,10,19.1,20.3,1.062827
BIO.B,padding_only,False,,frozen_removed,2021-10-18,2021-11-03,16,13,738.1,784.4,1.062729
BIO.B,padding_only,False,,frozen_removed,2016-12-02,2016-12-22,20,15,171.5,182.25,1.062682
BIO.B,padding_only,False,,frozen_removed,2017-02-16,2017-03-13,25,17,189.15,201.0,1.062649
LBTYB,padding_only,False,,frozen_removed,2016-10-27,2016-12-02,36,26,32.005,30.0,0.937354
UBG,padding_only,False,,frozen_removed,2017-09-18,2017-10-04,16,13,34.2,32.06,0.937427
DFVS,padding_only,False,,frozen_removed,2020-05-07,2020-06-02,26,18,14.4,13.5,0.9375
DEZU,padding_only,False,,frozen_removed,2016-11-21,2016-12-15,24,18,22.46,23.86,1.062333
FUD,padding_only,False,,frozen_removed,2018-06-25,2018-07-10,15,11,17.11,16.0435,0.937668
BIO.B,padding_only,False,,frozen_removed,2021-08-06,2021-09-07,32,22,762.8,810.1,1.062008
DTUL,padding_only,False,,frozen_removed,2016-08-17,2016-11-08,83,59,67.98,63.765,0.937996
OILX,padding_only,False,,frozen_removed,2017-12-15,2017-12-29,14,10,32.6,34.62,1.061963
DFVL,padding_only,False,,frozen_removed,2019-07-10,2019-09-04,56,40,71.08,75.48,1.061902
URR,padding_only,False,,frozen_removed,2019-04-02,2019-04-24,22,16,17.05,16.0,0.938416
MAYS,padding_only,False,,frozen_removed,2024-04-23,2024-06-03,41,29,46.0865,43.25,0.938453
TAP.A,padding_only,False,,frozen_removed,2025-05-06,2025-05-22,16,13,59.24,55.6,0.938555
WDRW,padding_only,False,,frozen_removed,2016-03-11,2016-04-06,26,18,205.0,217.58,1.061366
HOML,padding_only,False,,frozen_removed,2018-07-12,2018-07-31,19,14,44.5,41.77,0.938652
BIO.B,padding_only,False,,frozen_removed,2021-11-29,2021-12-17,18,15,769.8879,722.9102,0.938981
TWLVU,padding_only,False,,frozen_removed,2024-01-31,2024-04-15,75,52,11.32,10.63,0.939046
HEUS,padding_only,False,,frozen_removed,2016-03-01,2016-04-15,45,33,23.5462,24.98,1.060893
MOG.B,padding_only,False,,frozen_removed,2021-11-08,2021-11-22,14,11,83.3554,78.285,0.939171
EEH,padding_only,False,,frozen_removed,2018-11-09,2018-11-23,14,10,20.0601,18.84,0.939178
UBM,padding_only,False,,frozen_removed,2016-01-28,2016-03-01,33,23,11.36,12.05,1.060739
BIO.B,padding_only,False,,frozen_removed,2019-05-02,2019-06-04,33,23,306.49,287.9187,0.939407
IFED,padding_only,False,,frozen_removed,2024-01-24,2024-02-07,14,11,32.8846,34.8707,1.060396
MLPB,padding_only,False,,frozen_removed,2017-08-22,2017-09-05,14,10,23.64,25.065,1.060279
BERN,padding_only,False,,frozen_removed,2019-04-01,2019-04-17,16,13,27.056,28.68,1.060024
TAP.A,padding_only,False,,frozen_removed,2025-09-30,2025-10-23,23,18,50.0,47.0,0.94
LBTYB,padding_only,False,,frozen_removed,2022-05-03,2022-05-24,21,16,22.5401,23.89,1.059889
RDIB,padding_only,False,,frozen_removed,2016-01-20,2016-02-03,14,11,13.03,12.25,0.940138
GYRO,padding_only,False,,frozen_removed,2020-05-27,2020-06-15,19,14,16.04,17.0,1.05985
USAG,padding_only,False,,frozen_removed,2016-12-30,2017-01-17,18,11,18.17,19.2557,1.059752
DFVS,padding_only,False,,frozen_removed,2018-05-14,2018-05-25,11,10,36.81,34.62,0.940505
HVT.A,padding_only,False,,frozen_removed,2025-05-14,2025-06-12,29,21,20.71,19.48,0.940608
SENEB,padding_only,False,,frozen_removed,2017-12-11,2017-12-28,17,13,32.1,34.0,1.05919
JPEH,padding_only,False,,frozen_removed,2016-12-12,2016-12-30,18,14,26.72,25.145,0.941055
SENEB,padding_only,False,,frozen_removed,2022-03-21,2022-04-11,21,16,51.0,54.0,1.058824
SCDL,padding_only,False,,frozen_removed,2025-11-07,2025-11-24,17,12,36.4967,38.6361,1.058619
DFVS,padding_only,False,,frozen_removed,2018-05-30,2018-06-12,13,10,34.62,36.6487,1.058599
UBN,padding_only,False,,frozen_removed,2017-11-30,2018-01-02,33,22,7.7841,8.2393,1.058478
DTYL,padding_only,False,,frozen_removed,2019-02-01,2019-03-13,40,28,77.17,72.66,0.941558
KELYB,padding_only,False,2020-08-11,trim_to_boundary,2018-10-02,2018-10-19,17,14,24.0,22.6,0.941667
SENEB,padding_only,False,,frozen_removed,2022-01-20,2022-02-14,25,18,47.11,49.8571,1.058312
DFVL,padding_only,False,,frozen_removed,2016-09-06,2016-12-07,92,66,69.64,65.58,0.9417
MOG.B,padding_only,False,,frozen_removed,2022-07-05,2022-08-08,34,25,79.8,84.45,1.058271
TAP.A,padding_only,False,,frozen_removed,2019-02-15,2019-03-05,18,12,63.0,66.67,1.058254
ADV,padding_only,False,2019-09-09,trim_to_boundary,2019-12-20,2020-01-07,18,11,257.5,272.5,1.058252
MLPB,padding_only,False,,frozen_removed,2017-10-13,2017-11-02,20,15,24.91,23.46,0.94179
RDIB,padding_only,False,,frozen_removed,2016-03-28,2016-04-14,17,14,12.37,11.65,0.941795
DFVL,padding_only,False,,frozen_removed,2016-08-11,2016-09-01,21,16,73.94,69.64,0.941845
WSO.B,padding_only,False,,frozen_removed,2023-09-22,2023-10-05,13,10,367.15,388.5,1.058151
AMUB,padding_only,False,,frozen_removed,2017-12-01,2017-12-15,14,11,16.4275,17.38,1.057982
APLM,padding_only,False,,frozen_removed,2025-09-18,2025-10-14,26,19,18.4331,19.5,1.05788
DISCB,padding_only,False,,frozen_removed,2018-10-29,2018-11-19,21,16,32.0,33.85,1.057813
WSO.B,padding_only,False,,frozen_removed,2021-05-13,2021-08-09,88,61,292.01,275.15,0.942262
XE,padding_only,False,2026-04-24,trim_to_boundary,2017-03-22,2017-04-07,16,13,12.197,12.9,1.057637
LBTYB,padding_only,False,,frozen_removed,2022-12-15,2023-01-03,19,12,19.6531,20.781,1.05739
UBG,padding_only,False,,frozen_removed,2016-12-28,2017-01-11,14,10,28.95,30.6106,1.057361
HVT.A,padding_only,False,,frozen_removed,2018-11-13,2018-11-28,15,11,20.8101,22.0,1.057179
FLAT,padding_only,False,,frozen_removed,2019-07-31,2019-08-27,27,20,66.8303,70.651,1.05717
MTUL,padding_only,False,,frozen_removed,2021-03-17,2021-04-01,15,12,21.78,23.0216,1.057006
AGM.A,padding_only,False,,frozen_removed,2016-12-19,2017-01-06,18,13,61.5,58.0,0.943089
WSO.B,padding_only,False,,frozen_removed,2025-11-10,2025-12-02,22,16,366.13,345.38,0.943326
UTLF,padding_only,False,,frozen_removed,2016-09-29,2016-10-14,15,12,26.19,24.71,0.94349
UBN,padding_only,False,,frozen_removed,2018-03-12,2018-03-29,17,14,7.9697,8.42,1.056501
WSO.B,padding_only,False,,frozen_removed,2019-08-16,2019-08-29,13,10,155.25,164.02,1.05649
DISCB,padding_only,False,,frozen_removed,2019-10-14,2019-11-01,18,15,33.745,35.6497,1.056444
DLBR,padding_only,False,,frozen_removed,2018-04-02,2018-05-22,50,37,18.292,17.2659,0.943904
MTUL,padding_only,False,,frozen_removed,2023-09-27,2023-10-13,16,13,14.8107,15.6406,1.056034
WSO.B,padding_only,False,,frozen_removed,2018-07-10,2018-07-24,14,11,183.26,173.0,0.944014
GYRO,padding_only,False,,frozen_removed,2020-09-21,2020-10-06,15,12,17.4889,16.51,0.944027
DISCB,padding_only,False,,frozen_removed,2019-03-28,2019-04-11,14,11,32.77,34.6041,1.055969
NBIS,padding_only,False,,frozen_removed,2022-02-28,2024-08-19,903,622,18.94,20.0,1.055966
DFVS,padding_only,False,,frozen_removed,2020-03-30,2020-04-14,15,11,13.77,13.0,0.944081
UCIB,padding_only,False,,frozen_removed,2019-05-20,2019-06-07,18,14,14.93,14.0971,0.944213
KNAB,padding_only,False,2019-04-18,trim_to_boundary,2019-06-05,2019-07-12,37,27,50.42,47.61,0.944268
HYAC,padding_only,False,,frozen_removed,2020-12-23,2021-04-27,125,85,9.52,10.05,1.055672
EEH,padding_only,False,,frozen_removed,2021-01-13,2021-03-09,55,38,28.42,26.84,0.944405
UBM,padding_only,False,,frozen_removed,2017-06-08,2017-07-11,33,23,14.11,14.89,1.05528
UCIB,padding_only,False,,frozen_removed,2017-06-26,2017-07-13,17,13,13.209,12.48,0.94481
HVT.A,padding_only,False,,frozen_removed,2025-08-15,2025-09-04,20,14,22.3,23.53,1.055157
AVAT,pre_listing_padding,False,2025-02-03,trim_to_boundary,2023-06-20,2025-01-31,591,407,10.53,9.95,0.944919
DISCB,padding_only,False,,frozen_removed,2018-08-29,2018-09-17,19,13,30.0,31.65,1.055
LBTYB,padding_only,False,,frozen_removed,2022-01-05,2022-01-20,15,11,28.25,26.7,0.945133
SBM,padding_only,False,,frozen_removed,2017-01-17,2017-02-10,24,19,109.34,103.35,0.945217
GIX.U,padding_only,False,,frozen_removed,2020-05-18,2020-06-02,15,11,10.42,10.9907,1.05477
UCOM,padding_only,False,,frozen_removed,2019-02-15,2019-03-05,18,12,42.73,45.07,1.054762
MAYS,padding_only,False,,frozen_removed,2024-07-17,2024-08-26,40,29,45.79,43.29,0.945403
TAP.A,padding_only,False,,frozen_removed,2020-08-26,2020-10-14,49,35,55.0,52.0,0.945455
EEH,padding_only,False,,frozen_removed,2021-12-07,2022-01-12,36,26,31.8015,33.5354,1.054523
HMG,padding_only,False,,frozen_removed,2020-05-20,2020-06-03,14,10,10.4317,11.0,1.054478
EEH,padding_only,False,,frozen_removed,2021-04-15,2021-05-07,22,17,29.4526,31.045,1.054067
WLYB,padding_only,False,,frozen_removed,2023-08-04,2023-08-18,14,11,33.85,35.68,1.054062
JSYNU,padding_only,False,,frozen_removed,2018-03-13,2018-04-06,24,18,11.1,10.5,0.945946
DGICB,padding_only,False,,frozen_removed,2018-07-11,2018-07-30,19,14,13.45,12.7233,0.94597
MLPB,padding_only,False,,frozen_removed,2017-06-30,2017-08-11,42,30,26.48,25.0499,0.945993
KNAB,padding_only,False,2019-04-18,trim_to_boundary,2020-08-05,2020-09-11,37,27,43.19,40.86,0.946052
DTUL,padding_only,False,,frozen_removed,2017-09-13,2017-11-27,75,53,64.71,61.24,0.946376
LBTYB,padding_only,False,,frozen_removed,2019-05-14,2019-05-28,14,10,26.14,24.74,0.946442
UDBI,padding_only,False,,frozen_removed,2018-01-22,2018-02-07,16,13,32.67,30.9271,0.946651
USV,padding_only,False,,frozen_removed,2017-07-20,2017-08-09,20,15,20.85,21.96,1.053237
HVT.A,padding_only,False,,frozen_removed,2018-10-01,2018-10-16,15,12,22.244,21.06,0.946772
BIO.B,padding_only,False,,frozen_removed,2020-05-21,2020-06-05,15,11,475.29,450.0,0.94679
MOG.B,padding_only,False,,frozen_removed,2018-05-07,2018-05-18,11,10,81.51,85.84,1.053122
SCOM,padding_only,False,,frozen_removed,2019-07-22,2019-08-05,14,11,26.21,27.6,1.053033
HVT.A,padding_only,False,,frozen_removed,2018-06-28,2018-07-23,25,17,21.7,20.55,0.947005
IWFL,padding_only,False,,frozen_removed,2023-06-27,2023-07-12,15,11,25.0023,26.3266,1.052967
AMUB,padding_only,False,,frozen_removed,2017-04-18,2017-06-09,52,38,20.0625,19.0,0.94704
KELYB,padding_only,False,2020-08-11,trim_to_boundary,2017-12-19,2018-01-09,21,14,28.5,27.0,0.947368
RDIB,padding_only,False,,frozen_removed,2017-08-02,2017-08-16,14,11,19.0,20.0,1.052632
LBTYB,padding_only,False,,frozen_removed,2019-11-15,2019-12-26,41,28,24.0,22.74,0.9475
DEWJ,padding_only,False,,frozen_removed,2018-04-13,2018-04-30,17,12,28.2,29.68,1.052482
BERN,padding_only,False,,frozen_removed,2019-01-17,2019-02-05,19,13,25.93,27.29,1.052449
MAYS,padding_only,False,,frozen_removed,2024-06-04,2024-06-20,16,12,43.51,45.79,1.052402
DFVL,padding_only,False,,frozen_removed,2020-09-17,2020-10-06,19,14,85.69,81.2,0.947602
XINA,padding_only,False,,frozen_removed,2016-12-09,2016-12-28,19,13,21.83,20.69,0.947778
USAG,padding_only,False,,frozen_removed,2017-02-10,2017-02-28,18,12,19.45,18.435,0.947815
DEWJ,padding_only,False,,frozen_removed,2016-10-31,2016-12-06,36,26,23.78,25.02,1.052145
EUFL,padding_only,False,,frozen_removed,2019-01-10,2019-01-28,18,12,26.1,27.46,1.052107
SCOR,padding_only,False,,frozen_removed,2017-02-08,2018-05-31,477,330,457.2,481.0,1.052056
HEUS,padding_only,False,,frozen_removed,2018-06-08,2018-07-02,24,17,31.56,29.92,0.948035
TAP.A,padding_only,False,,frozen_removed,2024-08-07,2024-08-26,19,14,58.0,55.01,0.948448
BNKZ,padding_only,False,,frozen_removed,2019-12-12,2020-01-10,29,20,33.21,31.5,0.948509
TWLVU,padding_only,False,,frozen_removed,2019-04-10,2020-12-31,631,437,10.49,9.95,0.948522
NXEOU,padding_only,False,,frozen_removed,2018-07-17,2018-08-01,15,12,9.75,9.25,0.948718
VXZ,padding_only,False,,frozen_removed,2018-05-11,2018-06-20,40,28,76.86,72.94,0.948998
UCIB,padding_only,False,,frozen_removed,2016-09-30,2016-12-06,67,47,13.55,14.24,1.050923
BIO.B,padding_only,False,,frozen_removed,2016-04-12,2016-04-27,15,12,136.27,143.19,1.050782
OSRH,padding_only,False,,frozen_removed,2025-01-06,2025-01-21,15,10,11.35,11.925,1.050661
SENEB,padding_only,False,,frozen_removed,2025-04-30,2025-05-14,14,11,89.5,94.02,1.050503
FISK,padding_only,False,,frozen_removed,2022-02-15,2022-03-08,21,15,9.5199,9.04,0.94959
AEMD,padding_only,False,,frozen_removed,2020-02-07,2020-02-21,14,10,103200.0,98000.0,0.949612
USV,padding_only,False,,frozen_removed,2019-02-12,2019-03-12,28,20,20.25,19.23,0.94963
EMBU,padding_only,False,,frozen_removed,2018-06-15,2018-07-03,18,13,20.45,19.42,0.949633
DEZU,padding_only,False,,frozen_removed,2019-04-02,2019-04-15,13,10,26.6299,27.97,1.050323
KELYB,padding_only,False,2020-08-11,trim_to_boundary,2017-08-29,2017-09-19,21,15,21.9,23.0,1.050228
WSO.B,padding_only,False,,frozen_removed,2019-01-07,2019-02-01,25,19,141.66,148.77,1.050191
RDIB,padding_only,False,,frozen_removed,2019-07-11,2019-07-25,14,11,22.56,23.69,1.050089
KELYB,padding_only,False,2020-08-11,trim_to_boundary,2017-02-13,2017-03-24,39,29,23.0,21.8499,0.949996
HOML,padding_only,False,,frozen_removed,2018-05-29,2018-06-12,14,11,49.5252,52.0,1.049971
USAG,padding_only,False,,frozen_removed,2017-12-26,2018-01-22,27,18,16.06,16.8625,1.049969
RDIB,padding_only,False,,frozen_removed,2016-02-04,2016-03-03,28,20,13.03,12.38,0.950115
DGICB,padding_only,False,,frozen_removed,2016-02-02,2016-02-17,15,11,13.64,14.32,1.049853
JBK,padding_only,False,,frozen_removed,2021-04-08,2021-04-30,22,17,28.91,30.3499,1.049806
EEH,padding_only,False,,frozen_removed,2021-05-20,2021-06-10,21,15,29.53,30.9999,1.049776
AGM.A,padding_only,False,,frozen_removed,2020-10-08,2020-11-03,26,19,59.32,56.37,0.95027
RTL,padding_only,False,2022-02-15,trim_to_boundary,2019-08-20,2019-09-10,21,15,27.0086,28.35,1.049666
BNKO,padding_only,False,,frozen_removed,2020-01-15,2020-02-12,28,20,71.4,67.87,0.95056
MOG.B,padding_only,False,,frozen_removed,2023-02-22,2023-03-16,22,17,100.4665,95.5,0.950566
MLPS,padding_only,False,,frozen_removed,2017-11-07,2017-11-24,17,13,12.76,13.389,1.049295
GRMY,padding_only,False,,frozen_removed,2018-05-11,2018-05-25,14,11,24.3996,23.1995,0.950815
CMD,padding_only,False,2016-12-05,trim_to_boundary,2016-06-14,2016-07-07,23,17,39.37,37.44,0.950978
MAYS,padding_only,False,,frozen_removed,2016-02-29,2016-03-16,16,13,49.58,51.9999,1.048808
AMUB,padding_only,False,,frozen_removed,2017-01-03,2017-01-24,21,15,19.9,20.8709,1.048789
USV,padding_only,False,,frozen_removed,2017-01-12,2017-01-26,14,10,21.0,22.024,1.048762
XINA,padding_only,False,,frozen_removed,2017-04-17,2017-04-28,11,10,22.24,21.1586,0.951376
EDTX,padding_only,False,2021-02-12,trim_to_boundary,2023-04-11,2023-04-25,14,11,10.7,11.22,1.048598
UBG,padding_only,False,,frozen_removed,2018-06-07,2018-06-26,19,14,33.1617,31.553,0.951489
UTLF,padding_only,False,,frozen_removed,2017-07-28,2017-08-24,27,20,26.4854,27.77,1.048502
XINA,padding_only,False,,frozen_removed,2016-03-04,2016-03-17,13,10,20.21,21.19,1.048491
JPEH,padding_only,False,,frozen_removed,2018-09-24,2018-10-15,21,16,29.279,27.86,0.951535
DGICB,padding_only,False,,frozen_removed,2020-08-12,2020-09-02,21,16,12.3973,12.9922,1.047986
USV,padding_only,False,,frozen_removed,2016-06-09,2016-06-24,15,12,22.415,23.489,1.047914
WSO.B,padding_only,False,,frozen_removed,2016-05-27,2016-06-17,21,15,129.17,135.35,1.047844
NEN,padding_only,False,,frozen_removed,2025-01-23,2025-02-10,18,13,83.0,79.04,0.952289
HAHA,padding_only,False,,frozen_removed,2016-07-20,2016-08-11,22,17,26.0,27.2399,1.047688
OGCP,padding_only,False,,frozen_removed,2025-02-11,2025-02-28,17,13,9.45,9.0,0.952381
RDIB,padding_only,False,,frozen_removed,2021-02-17,2021-03-03,14,11,21.0,20.0,0.952381
OILD,padding_only,False,2021-11-09,trim_to_boundary,2016-09-07,2017-03-24,198,138,968.0,1014.0,1.047521
DTUL,padding_only,False,,frozen_removed,2017-12-11,2018-01-24,44,30,61.24,58.33,0.952482
MLPZ,padding_only,False,,frozen_removed,2016-11-21,2016-12-09,18,14,51.001,53.41,1.047234
DLBR,padding_only,False,,frozen_removed,2017-12-28,2018-01-17,20,13,21.1954,20.195,0.952801
WSO.B,padding_only,False,,frozen_removed,2017-05-08,2017-06-08,31,23,139.3,145.8673,1.047145
DEZU,padding_only,False,,frozen_removed,2019-08-02,2019-08-15,13,10,27.17,25.89,0.952889
MLPB,padding_only,False,,frozen_removed,2019-01-25,2019-03-06,40,28,21.2299,22.23,1.047108
UPV,padding_only,False,,frozen_removed,2021-03-10,2021-03-30,20,15,56.19,58.8352,1.047076
FNGZ,padding_only,False,,frozen_removed,2018-08-21,2018-09-05,15,11,47.45,49.68,1.046997
UCIB,padding_only,False,,frozen_removed,2017-11-02,2017-11-17,15,12,14.1,14.762,1.04695
SENEB,padding_only,False,,frozen_removed,2018-04-25,2018-05-15,20,15,28.8,27.45,0.953125
AMUB,padding_only,False,,frozen_removed,2018-02-15,2018-03-08,21,15,17.185,16.38,0.953157
RDIB,padding_only,False,,frozen_removed,2017-09-11,2017-10-26,45,34,21.016,22.0,1.046821
EAGLU,padding_only,False,,frozen_removed,2017-11-30,2018-01-11,42,29,10.5,10.01,0.953333
WSO.B,padding_only,False,,frozen_removed,2026-06-02,2026-07-06,34,23,403.83,385.0,0.953371
MATR,padding_only,False,,frozen_removed,2023-10-24,2023-11-16,23,18,19.1416,20.0337,1.046605
HOML,padding_only,False,,frozen_removed,2018-10-29,2018-11-16,18,15,25.4,26.5802,1.046465
DLBR,padding_only,False,,frozen_removed,2018-09-20,2018-10-25,35,26,17.22,16.42,0.953542
MAYS,padding_only,False,,frozen_removed,2024-11-21,2024-12-06,15,11,42.0001,43.95,1.046426
KNAB,padding_only,False,2019-04-18,trim_to_boundary,2019-09-24,2019-10-07,13,10,46.38,48.53,1.046356
SEGG,padding_only,False,,frozen_removed,2023-05-26,2023-06-14,19,13,381.5,363.86,0.953761
SENEB,padding_only,False,,frozen_removed,2023-12-13,2024-01-02,20,13,51.4,53.77,1.046109
LBDC,padding_only,False,,frozen_removed,2019-02-07,2019-02-22,15,11,14.1,14.75,1.046099
LBDC,padding_only,False,,frozen_removed,2016-08-18,2016-08-31,13,10,18.14,18.976,1.046086
OILX,padding_only,False,,frozen_removed,2017-03-21,2017-04-04,14,11,29.55,30.91,1.046024
UTLF,padding_only,False,,frozen_removed,2016-11-29,2016-12-12,13,10,24.1,25.2061,1.045896
INTG,padding_only,False,,frozen_removed,2017-04-21,2017-05-16,25,18,27.25,28.5,1.045872
FLLA,padding_only,False,,frozen_removed,2018-10-26,2018-11-13,18,13,25.86,24.68,0.95437
WSO.B,padding_only,False,,frozen_removed,2025-05-09,2025-05-28,19,13,471.49,450.0,0.954421
GRMY,padding_only,False,,frozen_removed,2018-11-28,2018-12-13,15,11,19.75,18.85,0.95443
DTYL,padding_only,False,,frozen_removed,2017-12-08,2018-01-26,49,33,77.05,73.55,0.954575
DISCB,padding_only,False,,frozen_removed,2019-11-05,2019-11-20,15,12,35.6497,37.2597,1.045162
SENEB,padding_only,False,,frozen_removed,2024-06-28,2024-07-26,28,20,57.41,60.0,1.045114
BIO.B,padding_only,False,,frozen_removed,2020-01-17,2020-02-03,17,11,380.3,363.17,0.954957
KELYB,padding_only,False,2020-08-11,trim_to_boundary,2019-02-15,2019-03-06,19,13,22.01,23.0,1.04498
HVT.A,padding_only,False,,frozen_removed,2025-01-02,2025-01-29,27,18,22.2897,23.2916,1.044949
SIM,padding_only,False,,frozen_removed,2024-09-30,2024-10-14,14,11,27.595,28.835,1.044936
SENEB,padding_only,False,,frozen_removed,2021-10-18,2021-11-02,15,12,51.25,53.55,1.044878
UCIB,padding_only,False,,frozen_removed,2018-05-24,2018-06-18,25,17,16.2055,15.48,0.955231
URR,padding_only,False,,frozen_removed,2019-07-16,2019-08-01,16,13,15.86,15.15,0.955233
DEZU,padding_only,False,,frozen_removed,2016-07-11,2016-08-02,22,17,21.33,22.2848,1.044763
SENEB,padding_only,False,,frozen_removed,2025-03-31,2025-04-11,11,10,90.99,86.92,0.95527
EEH,padding_only,False,,frozen_removed,2019-11-27,2020-01-07,41,27,21.7669,22.74,1.044705
HVT.A,padding_only,False,,frozen_removed,2019-02-28,2019-03-14,14,11,24.16,23.08,0.955298
MLPB,padding_only,False,,frozen_removed,2019-10-11,2019-10-30,19,14,19.96,19.07,0.955411
BIO.B,padding_only,False,,frozen_removed,2020-09-21,2020-10-05,14,11,507.4,530.0,1.044541
WSO.B,padding_only,False,,frozen_removed,2022-11-01,2022-11-25,24,18,265.72,277.55,1.044521
DFVS,padding_only,False,,frozen_removed,2016-08-17,2016-10-26,70,50,24.3089,25.3901,1.044478
BIO.B,padding_only,False,,frozen_removed,2017-03-31,2017-04-20,20,14,199.18,208.0,1.044282
SCC,padding_only,False,,frozen_removed,2017-09-05,2017-09-27,22,17,246.4,235.52,0.955844
MLPB,padding_only,False,,frozen_removed,2017-03-23,2017-04-05,13,10,28.1675,29.41,1.044111
DGICB,padding_only,False,,frozen_removed,2020-05-22,2020-06-12,21,15,12.5,11.95,0.956
YGRN,padding_only,False,,frozen_removed,2019-12-10,2020-01-07,28,19,48.7,46.5683,0.956228
AMUB,padding_only,False,,frozen_removed,2018-08-21,2018-09-20,30,22,18.2704,17.471,0.956246
DTUL,padding_only,False,,frozen_removed,2018-04-27,2018-05-25,28,21,56.03,58.48,1.043727
HAHA,padding_only,False,,frozen_removed,2018-03-22,2018-04-06,15,11,33.933,32.45,0.956296
KELYB,padding_only,False,2020-08-11,trim_to_boundary,2018-09-11,2018-10-01,20,15,24.05,23.0,0.956341
TAP.A,padding_only,False,,frozen_removed,2019-05-08,2019-05-22,14,11,61.11,63.7702,1.043531
BLIV,padding_only,False,,frozen_removed,2026-07-13,2026-07-28,15,12,2.3,2.2,0.956522
NXEOU,padding_only,False,,frozen_removed,2018-09-04,2018-09-17,13,10,11.5,12.0,1.043478
TAP.A,padding_only,False,,frozen_removed,2026-02-23,2026-03-10,15,12,50.87,48.67,0.956753
DEWJ,padding_only,False,,frozen_removed,2017-09-06,2017-10-02,26,19,26.25,27.38,1.043048
USAG,padding_only,False,,frozen_removed,2016-11-29,2016-12-12,13,10,19.1313,18.308,0.956966
WSO.B,padding_only,False,,frozen_removed,2016-02-24,2016-03-17,22,17,126.16,131.58,1.042961
UJB,padding_only,False,,frozen_removed,2018-11-09,2018-12-04,25,17,65.05,62.2569,0.957062
UCIB,padding_only,False,,frozen_removed,2019-11-27,2019-12-27,30,21,14.44,15.06,1.042936
UBG,padding_only,False,,frozen_removed,2016-11-30,2016-12-13,13,10,30.3215,29.02,0.957077
USML,padding_only,False,,frozen_removed,2021-02-26,2021-03-24,26,19,24.24,25.28,1.042904
BIO.B,padding_only,False,,frozen_removed,2016-10-11,2016-11-15,35,26,164.45,171.5,1.04287
OBAS,padding_only,False,,frozen_removed,2017-01-05,2017-01-26,21,15,7.8959,7.5576,0.957155
OGCP,padding_only,False,,frozen_removed,2023-02-28,2023-03-13,13,10,7.94,7.6,0.957179
TAP.A,padding_only,False,,frozen_removed,2021-01-05,2021-01-19,14,10,62.7,65.38,1.042743
ERGF,padding_only,False,,frozen_removed,2016-09-23,2016-11-16,54,39,25.53,26.62,1.042695
OGCP,padding_only,False,,frozen_removed,2026-06-10,2026-06-26,16,12,5.75,5.995,1.042609
LBTYB,padding_only,False,,frozen_removed,2018-09-21,2018-10-05,14,11,28.3,27.0968,0.957484
UJB,padding_only,False,,frozen_removed,2016-08-15,2016-08-26,11,10,61.88,59.25,0.957498
BDCZ,padding_only,False,,frozen_removed,2019-02-07,2019-02-27,20,14,19.205,20.02,1.042437
NXEOU,padding_only,False,,frozen_removed,2017-04-27,2017-05-15,18,13,9.5,9.1,0.957895
ACCS,padding_only,False,,frozen_removed,2016-02-18,2016-03-02,13,10,5.18,5.3979,1.042066
SBM,padding_only,False,,frozen_removed,2020-10-14,2020-10-27,13,10,71.4,74.4,1.042017
HOML,padding_only,False,,frozen_removed,2016-12-19,2017-01-09,21,14,24.1741,23.16,0.95805
KELYB,padding_only,False,2020-08-11,trim_to_boundary,2017-01-11,2017-02-10,30,22,22.44,21.5,0.958111
DFVL,padding_only,False,,frozen_removed,2020-10-27,2020-11-10,14,11,87.31,83.66,0.958195
DEWJ,padding_only,False,,frozen_removed,2016-04-28,2016-05-24,26,19,24.67,23.64,0.958249
MLPB,padding_only,False,,frozen_removed,2017-02-09,2017-03-08,27,19,27.84,29.0,1.041667
BNKZ,padding_only,False,,frozen_removed,2020-07-31,2020-08-17,17,12,27.86,26.7,0.958363
WSO.B,padding_only,False,,frozen_removed,2024-09-20,2024-10-30,40,29,491.3566,470.9,0.958367
ULBR,padding_only,False,2017-09-27,trim_to_boundary,2017-09-28,2017-10-19,21,16,26.47,27.57,1.041556
MAYS,padding_only,False,,frozen_removed,2017-04-20,2017-05-03,13,10,39.85,41.5,1.041405
DEWJ,padding_only,False,,frozen_removed,2016-12-29,2017-01-13,15,11,25.94,24.87,0.958751
UCIB,padding_only,False,,frozen_removed,2019-01-03,2019-01-24,21,15,15.019,14.4,0.958786
TAP.A,padding_only,False,,frozen_removed,2017-08-31,2017-09-19,19,13,90.2123,86.5,0.958849
SENEB,padding_only,False,,frozen_removed,2017-04-27,2017-05-15,18,13,36.5001,38.0,1.041093
DISCB,padding_only,False,,frozen_removed,2017-06-19,2017-07-05,16,12,26.65,27.745,1.041088
KOR,padding_only,False,2020-08-12,trim_to_boundary,2017-01-31,2017-02-22,22,16,24.014,25.0,1.041059
HVT.A,padding_only,False,,frozen_removed,2022-04-04,2022-04-19,15,11,28.27,27.11,0.958967
JEM,padding_only,False,2025-06-09,trim_to_boundary,2017-08-04,2017-09-01,28,21,7027.2,6739.2,0.959016
TYNS,pre_listing_padding,False,2016-02-10,trim_to_boundary,2016-01-06,2016-02-09,34,24,29.4556,28.25,0.959071
PNRG,padding_only,False,,frozen_removed,2017-02-10,2017-02-24,14,10,54.28,56.5,1.040899
DGICB,padding_only,False,,frozen_removed,2016-03-08,2016-03-21,13,10,14.09,13.5141,0.959127
EEH,padding_only,False,,frozen_removed,2022-04-18,2022-05-04,16,13,34.5399,33.1297,0.959172
AACI,padding_only,False,,frozen_removed,2025-10-30,2026-03-26,147,101,10.29,9.87,0.959184
DTYL,padding_only,False,,frozen_removed,2020-02-05,2020-02-24,19,13,86.93,90.4771,1.040804
LBTYB,padding_only,False,,frozen_removed,2019-03-18,2019-04-04,17,14,26.6,27.6844,1.040767
DLBR,padding_only,False,,frozen_removed,2017-11-16,2017-11-30,14,10,23.09,22.15,0.95929
FISK,padding_only,False,,frozen_removed,2019-04-08,2019-04-22,14,10,15.77,15.13,0.959417
HVT.A,padding_only,False,,frozen_removed,2025-10-09,2025-11-03,25,18,20.95,21.8,1.040573
JPIH,padding_only,False,,frozen_removed,2016-06-30,2016-11-07,130,91,24.97,25.9801,1.040453
DTUS,padding_only,False,,frozen_removed,2020-07-02,2020-07-29,27,19,22.01,21.12,0.959564
IHYV,padding_only,False,,frozen_removed,2018-10-26,2018-11-16,21,16,25.0599,24.05,0.959701
UJB,padding_only,False,,frozen_removed,2020-07-08,2020-07-21,13,10,65.455,68.09,1.040257
WSO.B,padding_only,False,,frozen_removed,2024-08-23,2024-09-06,14,10,475.0,455.9,0.959789
HCAC,padding_only,False,2026-01-27,trim_to_boundary,2017-02-28,2017-07-31,153,107,10.22,9.81,0.959883
DTYL,padding_only,False,,frozen_removed,2019-05-31,2019-06-13,13,10,80.19,83.406,1.040105
HCRF,padding_only,False,,frozen_removed,2016-09-15,2016-10-25,40,29,25.99,24.948,0.959908
OBAS,padding_only,False,,frozen_removed,2020-10-16,2020-10-29,13,10,11.1,11.545,1.04009
JPEH,padding_only,False,,frozen_removed,2019-02-08,2019-03-05,25,17,26.23,27.28,1.04003
SCOM,padding_only,False,,frozen_removed,2019-02-14,2019-03-18,32,22,35.52,34.1,0.960023
KNAB,pre_listing_padding,False,2019-04-18,trim_to_boundary,2019-04-03,2019-04-17,14,11,49.76,47.78,0.960209
EEH,padding_only,False,,frozen_removed,2022-05-16,2022-05-27,11,10,32.5604,33.8499,1.039603
OGCP,padding_only,False,,frozen_removed,2025-03-17,2025-03-28,11,10,8.1,8.4197,1.039469
TAP.A,padding_only,False,,frozen_removed,2019-06-11,2019-06-25,14,11,59.5501,57.2,0.960536
VXZ,padding_only,False,,frozen_removed,2018-10-19,2018-11-02,14,11,77.04,80.08,1.03946
BDCZ,padding_only,False,,frozen_removed,2017-04-19,2017-05-11,22,17,23.25,22.3326,0.960542
USV,padding_only,False,,frozen_removed,2020-01-31,2020-02-21,21,15,22.32,23.2,1.039427
UCIB,padding_only,False,,frozen_removed,2017-12-26,2018-01-10,15,11,14.74,15.321,1.039417
EEH,padding_only,False,,frozen_removed,2019-11-12,2019-11-26,14,11,21.743,22.6,1.039415
DFVL,padding_only,False,,frozen_removed,2017-12-06,2018-01-22,47,31,65.64,63.0529,0.960587
JBK,padding_only,False,,frozen_removed,2020-09-21,2020-10-06,15,12,29.46,28.3,0.960625
PNRG,padding_only,False,,frozen_removed,2018-03-27,2018-04-10,14,10,51.0,53.0,1.039216
GRMY,padding_only,False,,frozen_removed,2018-10-15,2018-11-09,25,20,20.44,19.6386,0.960793
DTUS,padding_only,False,,frozen_removed,2019-04-23,2019-05-10,17,14,37.1,35.6473,0.960844
YGRN,padding_only,False,,frozen_removed,2019-10-29,2019-12-09,41,29,51.11,49.11,0.960869
DFVL,padding_only,False,,frozen_removed,2016-12-20,2017-01-04,15,10,62.7877,65.24,1.039057
USV,padding_only,False,,frozen_removed,2017-08-10,2017-08-24,14,11,20.85,21.66,1.038849
NRGO,padding_only,False,,frozen_removed,2019-12-10,2020-01-06,27,18,50.02,51.96,1.038784
EEH,padding_only,False,,frozen_removed,2021-11-09,2021-11-26,17,13,33.9205,32.6101,0.961368
BNKZ,padding_only,False,,frozen_removed,2019-11-08,2019-11-22,14,11,34.43,33.1,0.961371
MOG.B,padding_only,False,,frozen_removed,2024-09-05,2024-09-19,14,11,195.46,203.0,1.038576
HVT.A,padding_only,False,,frozen_removed,2016-01-21,2016-02-10,20,15,18.42,17.71,0.961455
DTUS,padding_only,False,,frozen_removed,2020-04-24,2020-05-08,14,11,22.28,21.422,0.96149
WSO.B,padding_only,False,,frozen_removed,2026-07-07,2026-07-27,20,15,350.0,363.47,1.038486
AHPA,padding_only,False,,frozen_removed,2018-10-31,2021-09-29,1064,733,10.15,9.76,0.961576
OABI,pre_listing_padding,False,2021-09-30,trim_to_boundary,2018-12-17,2021-09-29,1017,702,10.15,9.76,0.961576
KELYB,padding_only,False,2020-08-11,trim_to_boundary,2016-05-10,2016-05-26,16,13,18.75,19.47,1.0384
DGICB,padding_only,False,,frozen_removed,2019-09-23,2019-10-14,21,16,12.52,13.0,1.038339
QETA,padding_only,False,,frozen_removed,2026-04-24,2026-05-14,20,15,11.5,11.94,1.038261
LTL,padding_only,False,,frozen_removed,2020-12-07,2020-12-22,15,12,9.515,9.878,1.03815
SENEB,padding_only,False,,frozen_removed,2024-08-07,2024-08-20,13,10,59.0,61.25,1.038136
TAP.A,padding_only,False,,frozen_removed,2017-07-27,2017-08-22,26,19,86.9,90.2123,1.038116
RDIB,padding_only,False,,frozen_removed,2020-02-04,2020-02-27,23,17,23.91,23.0,0.961941
NSEC,padding_only,False,,frozen_removed,2020-10-12,2020-10-27,15,12,11.86,11.4089,0.961965
BIO.B,padding_only,False,,frozen_removed,2024-06-14,2024-07-18,34,23,283.4504,294.23,1.03803
DTYL,padding_only,False,,frozen_removed,2016-06-20,2016-07-05,15,11,82.0305,85.15,1.038029
EEH,padding_only,False,,frozen_removed,2020-08-26,2020-10-01,36,26,23.14,24.02,1.038029
GJP,padding_only,False,,frozen_removed,2023-08-31,2023-09-25,25,17,25.0,24.0501,0.962004
LBTYB,padding_only,False,,frozen_removed,2018-01-02,2018-01-17,15,11,35.55,36.9,1.037975
MTUL,padding_only,False,,frozen_removed,2023-11-30,2023-12-13,13,10,17.2946,17.9498,1.037885
MAYS,padding_only,False,,frozen_removed,2020-11-06,2020-11-19,13,10,23.0,23.87,1.037826
DISCB,padding_only,False,,frozen_removed,2016-09-30,2016-10-18,18,13,27.02,26.0,0.96225
SBM,padding_only,False,,frozen_removed,2016-08-31,2016-09-14,14,10,116.75,121.15,1.037687
INR,padding_only,False,2025-01-31,trim_to_boundary,2019-12-09,2019-12-20,11,10,69.0,66.4,0.962319
DTYL,padding_only,False,,frozen_removed,2017-04-06,2017-10-05,182,127,74.71,77.5239,1.037664
UBG,padding_only,False,,frozen_removed,2020-02-03,2020-02-21,18,14,40.36,41.8787,1.037629
AMUB,padding_only,False,,frozen_removed,2017-03-02,2017-04-13,42,31,20.845,20.0625,0.962461
DBUK,padding_only,False,,frozen_removed,2018-05-31,2018-06-22,22,17,22.41,21.5698,0.962508
AGM.A,padding_only,False,,frozen_removed,2020-07-08,2020-07-31,23,18,60.58,62.8503,1.037476
UAG,padding_only,False,,frozen_removed,2017-09-26,2017-10-09,13,10,18.1799,18.86,1.037409
HCAC,padding_only,False,2026-01-27,trim_to_boundary,2018-10-18,2019-04-15,179,122,10.2223,9.84,0.962601
UBM,padding_only,False,,frozen_removed,2017-09-14,2017-10-10,26,19,16.58,17.2,1.037394
BIO.B,padding_only,False,,frozen_removed,2021-03-23,2021-04-09,17,13,579.3782,600.87,1.037095
GIX.U,padding_only,False,,frozen_removed,2021-05-11,2021-05-24,13,10,10.8,11.2,1.037037
MOG.B,padding_only,False,,frozen_removed,2024-04-03,2024-04-29,26,19,155.07,160.8,1.036951
KNAB,padding_only,False,2019-04-18,trim_to_boundary,2019-07-17,2019-08-07,21,16,47.69,49.45,1.036905
SENEB,padding_only,False,,frozen_removed,2018-10-10,2018-11-05,26,19,32.79,34.0,1.036901
FACT,padding_only,False,,frozen_removed,2023-07-18,2024-12-20,521,362,9.5,9.85,1.036842
WSO.B,padding_only,False,,frozen_removed,2024-04-03,2024-04-23,20,15,429.35,445.15,1.0368
EEH,padding_only,False,,frozen_removed,2016-08-02,2016-08-25,23,18,16.85,16.23,0.963205
DBUK,padding_only,False,,frozen_removed,2018-02-26,2018-03-23,25,20,20.93,20.16,0.963211
DEWJ,padding_only,False,,frozen_removed,2016-03-03,2016-03-21,18,13,22.63,23.46,1.036677
BDCZ,padding_only,False,,frozen_removed,2016-02-02,2016-02-29,27,19,18.29,18.96,1.036632
UTLF,padding_only,False,,frozen_removed,2016-10-27,2016-11-17,21,16,24.91,24.0,0.963468
TAP.A,padding_only,False,,frozen_removed,2025-07-14,2025-08-04,21,16,54.78,52.78,0.96349
BIO.B,padding_only,False,,frozen_removed,2023-06-02,2023-07-14,42,29,373.9,387.55,1.036507
MLPS,padding_only,False,,frozen_removed,2017-04-12,2017-05-09,27,19,10.97,11.37,1.036463
PHUN,padding_only,False,,frozen_removed,2018-10-19,2018-11-07,19,14,522.5,503.5,0.963636
BIO.B,padding_only,False,,frozen_removed,2026-03-12,2026-03-30,18,13,268.4953,278.25,1.036331
RDIB,padding_only,False,,frozen_removed,2020-12-29,2021-01-13,15,11,21.76,22.55,1.036305
INR,padding_only,False,2025-01-31,trim_to_boundary,2019-11-21,2019-12-06,15,11,64.46,62.12,0.963698
UBG,padding_only,False,,frozen_removed,2019-02-20,2019-03-14,22,17,33.8175,32.59,0.963702
MTECU,padding_only,False,,frozen_removed,2019-04-09,2019-04-26,17,13,10.61,10.9951,1.036296
DFVL,padding_only,False,,frozen_removed,2020-01-03,2020-01-24,21,15,71.25,73.83,1.036211
MAYS,padding_only,False,,frozen_removed,2017-05-15,2017-06-01,17,13,40.9752,39.5,0.963998
DEWJ,padding_only,False,,frozen_removed,2016-06-02,2016-07-27,55,39,23.53,22.683,0.964003
BDCZ,padding_only,False,,frozen_removed,2019-02-28,2019-03-19,19,14,19.035,19.72,1.035986
HAHA,padding_only,False,,frozen_removed,2016-08-16,2016-08-29,13,10,28.15,27.14,0.964121
HVT.A,padding_only,False,,frozen_removed,2019-07-26,2019-08-13,18,13,18.4,19.06,1.03587
DGICB,padding_only,False,,frozen_removed,2021-10-22,2021-11-04,13,10,14.24,14.75,1.035815
RIBB,padding_only,False,,frozen_removed,2026-05-01,2026-05-20,19,14,10.61,10.99,1.035815
RTL,padding_only,False,2022-02-15,trim_to_boundary,2019-12-03,2019-12-18,15,12,28.22,27.21,0.96421
TAP.A,padding_only,False,,frozen_removed,2019-10-21,2019-11-06,16,13,62.12,59.9,0.964263
DEZU,padding_only,False,,frozen_removed,2018-03-01,2018-04-02,32,22,29.223,28.18,0.964309
HMG,padding_only,False,,frozen_removed,2016-08-01,2016-08-15,14,11,10.1,10.46,1.035644
TAP.A,padding_only,False,,frozen_removed,2024-02-15,2024-03-04,18,12,61.03,63.2,1.035556
FISK,padding_only,False,,frozen_removed,2025-09-05,2025-09-23,18,13,7.6,7.33,0.964474
LTL,padding_only,False,,frozen_removed,2019-10-14,2019-11-14,31,24,9.86,10.21,1.035497
DFVS,padding_only,False,,frozen_removed,2017-05-24,2017-06-19,26,18,28.74,27.72,0.964509
MOG.B,padding_only,False,,frozen_removed,2023-09-14,2023-09-28,14,11,116.83,112.72,0.964821
WSO.B,padding_only,False,,frozen_removed,2017-07-18,2017-08-18,31,24,151.96,146.62,0.964859
DFBHU,padding_only,False,,frozen_removed,2019-09-13,2019-10-11,28,21,10.53,10.9,1.035138
FLAT,padding_only,False,,frozen_removed,2019-06-21,2019-07-30,39,27,66.455,68.79,1.035137
UJB,padding_only,False,,frozen_removed,2017-02-15,2017-03-01,14,10,61.54,63.7,1.035099
MAYS,padding_only,False,,frozen_removed,2020-01-10,2020-01-29,19,13,30.25,29.19,0.964959
INR,padding_only,False,2025-01-31,trim_to_boundary,2019-05-13,2019-06-18,36,26,44.2499,45.8,1.035031
TAP.A,padding_only,False,,frozen_removed,2021-05-10,2021-05-28,18,15,58.0,60.02,1.034828
WILC,padding_only,False,,frozen_removed,2016-02-19,2016-04-06,47,33,3.75,3.62,0.965333
DFVS,padding_only,False,,frozen_removed,2017-10-10,2017-11-27,48,34,28.31,29.29,1.034617
USAG,padding_only,False,,frozen_removed,2017-06-30,2017-07-21,21,15,17.62,17.0101,0.965386
JPIH,padding_only,False,,frozen_removed,2018-09-12,2018-09-28,16,13,29.8,30.83,1.034564
UBG,padding_only,False,,frozen_removed,2018-01-09,2018-01-23,14,10,33.32,34.4715,1.034559
MTUL,padding_only,False,,frozen_removed,2023-06-29,2023-08-02,34,24,15.698,16.2401,1.034533
UCIB,padding_only,False,,frozen_removed,2018-01-17,2018-05-07,110,77,15.35,15.88,1.034528
CKX,padding_only,False,,frozen_removed,2017-11-15,2017-11-30,15,11,10.15,10.5,1.034483
DGICB,padding_only,False,,frozen_removed,2017-07-25,2017-08-09,15,12,14.5,14.0,0.965517
UBM,padding_only,False,,frozen_removed,2016-08-05,2016-08-23,18,13,12.0287,12.4425,1.034401
BIO.B,padding_only,False,,frozen_removed,2023-12-08,2023-12-21,13,10,310.0,320.65,1.034355
MAYS,padding_only,False,,frozen_removed,2025-01-06,2025-01-24,18,13,44.0,42.49,0.965682
SBM,padding_only,False,,frozen_removed,2017-09-25,2017-10-24,29,22,94.8,91.55,0.965717
MOG.B,padding_only,False,,frozen_removed,2023-10-11,2023-11-01,21,16,114.458,118.3701,1.034179
EEH,padding_only,False,,frozen_removed,2018-04-12,2018-05-09,27,20,20.8,20.09,0.965865
SBM,padding_only,False,,frozen_removed,2018-07-10,2018-08-14,35,26,87.5,90.47,1.033943
DTUL,padding_only,False,,frozen_removed,2018-02-12,2018-04-23,70,49,58.33,56.3537,0.966119
HMG,padding_only,False,,frozen_removed,2017-08-17,2017-08-30,13,10,11.467,11.08,0.966251
WSO.B,padding_only,False,,frozen_removed,2025-06-27,2025-08-01,35,25,450.0,434.825,0.966278
CNY,padding_only,False,,frozen_removed,2019-11-05,2019-11-21,16,13,43.0,41.55,0.966279
HACV,padding_only,False,,frozen_removed,2016-06-21,2016-08-04,44,32,25.96,26.835,1.033706
DEWJ,padding_only,False,,frozen_removed,2018-03-26,2018-04-12,17,13,28.2,29.15,1.033688
ALUS.U,padding_only,False,,frozen_removed,2020-11-02,2020-12-03,31,23,10.12,10.46,1.033597
MGYR,padding_only,False,,frozen_removed,2019-01-02,2019-01-15,13,10,12.25,11.8396,0.966498
AGM.A,padding_only,False,,frozen_removed,2023-02-13,2023-02-27,14,10,117.09,121.01,1.033479
UJB,padding_only,False,,frozen_removed,2018-03-28,2018-04-17,20,14,62.992,65.1,1.033465
GYRO,padding_only,False,,frozen_removed,2020-07-10,2020-07-24,14,11,16.45,17.0,1.033435
WSO.B,padding_only,False,,frozen_removed,2017-03-16,2017-03-29,13,10,148.205,143.25,0.966567
CTACU,padding_only,False,,frozen_removed,2020-01-15,2020-02-04,20,14,11.97,12.37,1.033417
BIO.B,padding_only,False,,frozen_removed,2021-07-12,2021-07-26,14,11,675.25,697.76,1.033336
SCC,padding_only,False,,frozen_removed,2017-06-20,2017-07-07,17,13,232.18,239.92,1.033336
QULL,padding_only,False,2021-03-25,trim_to_boundary,2023-05-01,2023-05-15,14,11,26.5948,25.7093,0.966704
TWLVU,padding_only,False,,frozen_removed,2023-12-14,2024-01-16,33,21,10.22,10.56,1.033268
KOR,padding_only,False,2020-08-12,trim_to_boundary,2017-05-22,2017-06-05,14,10,28.4552,29.4,1.033203
UK,padding_only,False,,frozen_removed,2019-12-06,2019-12-19,13,10,24576.0,23760.0,0.966797
TAP.A,padding_only,False,,frozen_removed,2022-07-14,2022-07-28,14,11,60.0,61.99,1.033167
FISK,padding_only,False,,frozen_removed,2017-04-27,2017-05-10,13,10,21.25,20.5455,0.966847
LBTYB,padding_only,False,,frozen_removed,2017-03-01,2017-03-17,16,13,36.2,37.4,1.033149
XINA,padding_only,False,,frozen_removed,2016-03-18,2016-04-01,14,10,20.54,21.22,1.033106
KELYB,padding_only,False,2020-08-11,trim_to_boundary,2016-06-06,2016-06-22,16,13,18.78,19.4,1.033014
SENEB,padding_only,False,,frozen_removed,2018-09-11,2018-10-01,20,15,31.75,32.79,1.032756
HAHA,padding_only,False,,frozen_removed,2016-08-30,2016-10-28,59,43,28.15,27.2287,0.967272
JPEH,padding_only,False,,frozen_removed,2018-11-07,2018-11-20,13,10,27.82,26.91,0.96729
DFVL,padding_only,False,,frozen_removed,2017-07-14,2017-09-11,59,41,66.65,68.83,1.032708
HEUS,padding_only,False,,frozen_removed,2016-06-30,2016-07-15,15,11,23.948,24.7301,1.032658
WSO.B,padding_only,False,,frozen_removed,2016-03-23,2016-04-12,20,14,130.47,134.73,1.032651
MTUL,padding_only,False,,frozen_removed,2023-04-04,2023-05-18,44,32,15.7981,15.2827,0.967376
DTUL,padding_only,False,,frozen_removed,2019-12-20,2020-02-13,55,37,62.7936,64.84,1.032589
BAYA,padding_only,False,,frozen_removed,2025-09-09,2025-09-29,20,15,11.12,11.48,1.032374
UDBI,padding_only,False,,frozen_removed,2016-02-08,2016-02-29,21,15,23.49,24.25,1.032354
HILO,padding_only,False,,frozen_removed,2019-03-05,2019-03-18,13,10,13.99,14.4426,1.032352
DEWJ,padding_only,False,,frozen_removed,2019-07-19,2019-08-05,17,12,26.48,25.6239,0.96767
HEMV,padding_only,False,,frozen_removed,2016-01-26,2016-02-12,17,14,21.97,22.6801,1.032321
LBDC,padding_only,False,,frozen_removed,2016-11-21,2016-12-06,15,11,18.26,18.85,1.032311
TWLVU,padding_only,False,,frozen_removed,2023-11-24,2023-12-13,19,14,10.22,10.55,1.03229
MOBX,padding_only,False,,frozen_removed,2023-04-03,2023-04-21,18,14,110.0,106.45,0.967727
HVT.A,padding_only,False,,frozen_removed,2024-08-27,2024-09-10,14,10,26.35,25.5,0.967742
GHIV,pre_listing_padding,False,2020-04-08,trim_to_boundary,2020-03-24,2020-04-07,14,11,9.3,9.6,1.032258
LBTYB,padding_only,False,,frozen_removed,2017-11-02,2017-12-04,32,22,31.0,32.0,1.032258
UWMC,pre_listing_padding,False,2020-04-08,trim_to_boundary,2020-03-24,2020-04-07,14,11,9.3,9.6,1.032258
LBTYB,padding_only,False,,frozen_removed,2018-08-02,2018-08-24,22,17,28.62,27.7,0.967855
USV,padding_only,False,,frozen_removed,2016-10-07,2016-10-27,20,15,22.5266,23.25,1.032113
GYRO,padding_only,False,,frozen_removed,2023-09-07,2023-09-21,14,11,10.6,10.26,0.967925
JPIH,padding_only,False,,frozen_removed,2016-04-05,2016-04-25,20,15,25.0,25.8,1.032
OBAS,padding_only,False,,frozen_removed,2020-09-04,2020-09-18,14,10,11.75,12.125,1.031915
DGICB,padding_only,False,,frozen_removed,2016-10-24,2016-11-07,14,11,18.49,17.9,0.968091
YHGJ,padding_only,False,,frozen_removed,2019-04-22,2019-05-03,11,10,31.5,30.5,0.968254
PYT,padding_only,False,,frozen_removed,2022-06-17,2022-07-01,14,10,21.03,21.6964,1.031688
FIEE,padding_only,False,2025-06-02,trim_to_boundary,2020-06-23,2020-07-07,14,10,125.34,129.31,1.031674
GMFL,padding_only,False,,frozen_removed,2018-06-08,2018-06-29,21,16,27.82,26.94,0.968368
BDCZ,padding_only,False,,frozen_removed,2016-06-20,2016-11-01,134,95,20.29,20.9299,1.031538
GMFL,padding_only,False,,frozen_removed,2018-05-01,2018-06-06,36,26,26.97,27.82,1.031516
UDBI,padding_only,False,,frozen_removed,2018-03-29,2018-04-18,20,14,30.46,31.4199,1.031513
SIM,padding_only,False,,frozen_removed,2026-07-02,2026-07-20,18,12,29.84,28.9,0.968499
MAYS,padding_only,False,,frozen_removed,2016-10-28,2016-11-10,13,10,46.1,44.65,0.968547
DGICB,padding_only,False,,frozen_removed,2018-11-01,2018-11-15,14,11,12.8541,12.45,0.968563
KELYB,padding_only,False,2020-08-11,trim_to_boundary,2017-07-11,2017-08-02,22,17,22.3,23.0,1.03139
JBK,padding_only,False,,frozen_removed,2021-03-04,2021-03-26,22,17,28.8,29.701,1.031285
JEM,padding_only,False,2025-06-09,trim_to_boundary,2017-11-14,2017-12-01,17,13,7140.0,6916.8,0.968739
DFVS,padding_only,False,,frozen_removed,2019-02-07,2019-03-15,36,26,33.28,32.24,0.96875
HQBD,padding_only,False,,frozen_removed,2017-12-19,2018-02-16,59,41,50.61,49.03,0.968781
UAG,padding_only,False,,frozen_removed,2018-08-06,2018-08-20,14,11,16.67,16.15,0.968806
HACV,padding_only,False,,frozen_removed,2017-06-20,2017-07-10,20,14,28.3,27.42,0.968905
MLTI,padding_only,False,,frozen_removed,2018-11-28,2018-12-13,15,11,27.1337,26.29,0.968906
FNTEU,padding_only,False,,frozen_removed,2018-04-18,2018-05-10,22,17,10.6,10.2707,0.968934
WSO.B,padding_only,False,,frozen_removed,2023-03-02,2023-03-16,14,11,305.49,296.0,0.968935
SCC,padding_only,False,,frozen_removed,2018-04-11,2018-04-30,19,14,184.34,178.62,0.96897
TAP.A,padding_only,False,,frozen_removed,2018-09-25,2018-10-17,22,17,67.5,65.4062,0.968981
LBTYB,padding_only,False,,frozen_removed,2022-08-08,2022-08-26,18,15,21.67,21.0,0.969082
DISCB,padding_only,False,,frozen_removed,2017-01-06,2017-01-26,20,14,29.15,28.25,0.969125
SBB,padding_only,False,,frozen_removed,2018-05-25,2018-06-08,14,10,63.19,61.24,0.969141
HAHA,padding_only,False,,frozen_removed,2016-12-14,2017-01-03,20,13,27.839,26.98,0.969144
TWLV,padding_only,False,,frozen_removed,2019-04-15,2021-04-28,744,514,10.06,9.75,0.969185
GMFL,padding_only,False,,frozen_removed,2017-10-24,2017-11-27,34,24,25.751,26.5441,1.030799
DFVL,padding_only,False,,frozen_removed,2017-03-20,2017-05-10,51,37,64.31,66.2895,1.030781
EZJ,padding_only,False,,frozen_removed,2020-06-26,2020-07-10,14,10,33.19,32.17,0.969268
OGCP,padding_only,False,,frozen_removed,2022-01-31,2022-02-11,11,10,8.81,9.08,1.030647
ALUS.U,padding_only,False,,frozen_removed,2020-07-27,2020-08-18,22,17,10.47,10.15,0.969436
CKX,padding_only,False,,frozen_removed,2020-11-04,2020-11-17,13,10,9.49,9.2001,0.969452
USAG,padding_only,False,,frozen_removed,2017-11-29,2017-12-12,13,10,15.87,16.3544,1.030523
HFBL,padding_only,False,,frozen_removed,2021-12-16,2021-12-31,15,11,20.382,19.76,0.969483
VXZ,padding_only,False,,frozen_removed,2018-06-22,2018-07-31,39,27,72.94,70.72,0.969564
WSO.B,padding_only,False,,frozen_removed,2025-01-07,2025-01-30,23,16,469.95,484.25,1.030429
DTUL,padding_only,False,,frozen_removed,2017-03-27,2017-05-23,57,41,62.45,64.35,1.030424
BIO.B,padding_only,False,,frozen_removed,2024-04-19,2024-05-31,42,30,279.91,288.4,1.030331
DFVS,padding_only,False,,frozen_removed,2017-01-05,2017-01-20,15,11,31.0,30.06,0.969677
UBN,padding_only,False,,frozen_removed,2017-08-14,2017-08-31,17,14,6.6,6.8,1.030303
OGCP,padding_only,False,,frozen_removed,2025-05-15,2025-06-05,21,15,7.93,8.17,1.030265
EEH,padding_only,False,,frozen_removed,2018-12-06,2018-12-28,22,16,18.84,18.2705,0.969772
DTUL,padding_only,False,,frozen_removed,2018-10-18,2018-12-10,53,36,56.75,55.0347,0.969774
BIO.B,padding_only,False,,frozen_removed,2024-12-04,2024-12-17,13,10,336.0,325.85,0.969792
UJB,padding_only,False,,frozen_removed,2017-08-28,2017-09-15,18,14,66.0783,68.07,1.030142
TAP.A,padding_only,False,,frozen_removed,2019-01-14,2019-01-28,14,10,69.27,71.35,1.030027
LBTYB,padding_only,False,,frozen_removed,2017-05-26,2017-06-14,19,13,31.65,30.7,0.969984
CHAC,padding_only,False,,frozen_removed,2019-03-22,2019-04-10,19,14,10.0,9.7,0.97
HMG,padding_only,False,,frozen_removed,2020-09-22,2020-10-07,15,12,10.36,10.05,0.970077
GRMY,padding_only,False,,frozen_removed,2019-04-10,2019-04-26,16,12,20.361,20.97,1.02991
URR,padding_only,False,,frozen_removed,2019-02-08,2019-03-15,35,25,16.4205,15.93,0.970129
CLGN,padding_only,False,,frozen_removed,2018-02-23,2018-03-16,21,16,67.0,69.0,1.029851
RDIB,padding_only,False,,frozen_removed,2019-04-08,2019-05-02,24,18,26.8,26.0,0.970149
IFED,padding_only,False,,frozen_removed,2023-08-11,2023-10-05,55,39,30.0833,29.1878,0.970233
AACI,padding_only,False,,frozen_removed,2024-08-16,2025-06-23,311,212,9.75,10.04,1.029744
XRPN,pre_listing_padding,False,2025-06-24,trim_to_boundary,2024-08-16,2025-06-23,311,212,9.75,10.04,1.029744
ELLO,padding_only,False,,frozen_removed,2021-03-16,2021-03-31,15,12,30.64,31.551,1.029732
HACV,padding_only,False,,frozen_removed,2017-07-12,2017-08-02,21,16,27.42,28.235,1.029723
USV,padding_only,False,,frozen_removed,2019-10-18,2019-10-31,13,10,21.9,22.55,1.02968
DTYL,padding_only,False,,frozen_removed,2019-07-16,2019-08-02,17,14,84.01,86.5,1.029639
IFED,padding_only,False,,frozen_removed,2023-06-12,2023-07-11,29,20,28.5179,29.3606,1.02955
MAYS,padding_only,False,,frozen_removed,2025-08-28,2025-09-17,20,14,37.4,38.5,1.029412
WSO.B,padding_only,False,,frozen_removed,2019-09-23,2019-10-04,11,10,170.0,165.0,0.970588
MLPS,padding_only,False,,frozen_removed,2016-12-23,2017-01-13,21,14,11.6166,11.2752,0.970611
USV,padding_only,False,,frozen_removed,2018-10-01,2018-10-12,11,10,18.22,18.755,1.029363
WSO.B,padding_only,False,,frozen_removed,2023-05-04,2023-05-19,15,12,340.59,330.59,0.970639
DDMXU,padding_only,False,,frozen_removed,2019-12-31,2020-12-07,342,237,10.56,10.25,0.970644
TAP.A,padding_only,False,,frozen_removed,2024-11-11,2024-12-10,29,21,60.0,61.76,1.029333
MAYS,padding_only,False,,frozen_removed,2026-01-06,2026-02-04,29,21,39.97,38.8,0.970728
UDBI,padding_only,False,,frozen_removed,2018-04-19,2018-05-23,34,25,30.86,31.763,1.029261
WLYB,padding_only,False,,frozen_removed,2023-02-22,2023-03-07,13,10,44.44,43.14,0.970747
HEUS,padding_only,False,,frozen_removed,2016-12-29,2017-01-19,21,14,24.29,25.0,1.02923
STPP,padding_only,False,2016-01-19,trim_to_boundary,2018-08-29,2018-09-18,20,14,29.45,30.31,1.029202
WSO.B,padding_only,False,,frozen_removed,2026-02-12,2026-03-09,25,17,388.94,377.59,0.970818
RDIB,padding_only,False,,frozen_removed,2019-02-26,2019-03-27,29,22,25.88,26.6325,1.029077
EEH,padding_only,False,,frozen_removed,2019-09-12,2019-09-27,15,12,21.71,22.34,1.029019
TYNS,padding_only,False,2016-02-10,trim_to_boundary,2019-03-12,2019-03-28,16,13,28.29,27.47,0.971014
KELYB,padding_only,False,2020-08-11,trim_to_boundary,2024-04-10,2024-05-02,22,17,24.5307,23.82,0.971028
DISCB,padding_only,False,,frozen_removed,2016-03-21,2016-04-13,23,17,29.34,28.49,0.971029
HVT.A,padding_only,False,,frozen_removed,2017-08-24,2017-09-07,14,10,24.2,24.9,1.028926
UDBI,padding_only,False,,frozen_removed,2018-05-25,2018-06-11,17,11,31.763,32.68,1.02887
DEZU,padding_only,False,,frozen_removed,2016-09-19,2016-10-03,14,11,22.55,23.2007,1.028856
MOG.B,padding_only,False,,frozen_removed,2024-05-15,2024-05-30,15,11,175.05,170.0,0.971151
MAYS,padding_only,False,,frozen_removed,2016-03-21,2016-04-05,15,11,51.9999,53.5,1.028848
FISK,padding_only,False,,frozen_removed,2025-05-13,2025-05-30,17,13,7.42,7.2064,0.971213
EMBU,padding_only,False,,frozen_removed,2018-02-27,2018-03-20,21,16,24.0209,23.33,0.971238
CKX,padding_only,False,,frozen_removed,2017-06-19,2017-07-11,22,16,11.5,11.8304,1.02873
SBM,padding_only,False,,frozen_removed,2018-05-16,2018-06-12,27,19,88.8,86.25,0.971284
DBUK,padding_only,False,,frozen_removed,2019-03-27,2019-04-16,20,15,21.26,21.87,1.028692
YGRN,padding_only,False,,frozen_removed,2020-06-25,2020-07-31,36,26,50.55,52.0,1.028684
DTYL,padding_only,False,,frozen_removed,2016-07-14,2016-08-15,32,23,85.1505,82.71,0.971339
BIO.B,padding_only,False,,frozen_removed,2019-07-08,2019-07-23,15,12,315.0,324.0,1.028571
RDIB,padding_only,False,,frozen_removed,2020-07-23,2020-08-06,14,11,17.5,18.0,1.028571
SBM,padding_only,False,,frozen_removed,2017-04-12,2017-05-17,35,25,102.87,105.8,1.028483
RDIB,padding_only,False,,frozen_removed,2016-11-08,2016-12-14,36,26,15.8,16.25,1.028481
WYDE,padding_only,False,,frozen_removed,2016-11-22,2016-12-20,28,20,35.1303,34.13,0.971526
UBG,padding_only,False,,frozen_removed,2020-06-26,2020-07-10,14,10,45.0399,46.3222,1.02847
SBM,padding_only,False,,frozen_removed,2021-01-26,2021-02-24,29,21,59.85,58.15,0.971596
EEH,padding_only,False,,frozen_removed,2017-10-04,2017-10-27,23,18,18.67,19.2,1.028388
BIO.B,padding_only,False,,frozen_removed,2024-10-03,2024-11-25,53,38,326.74,336.0,1.028341
UTLF,padding_only,False,,frozen_removed,2018-03-12,2018-04-16,35,25,24.72,25.42,1.028317
OVLC,padding_only,False,,frozen_removed,2018-03-06,2018-03-19,13,10,28.98,29.8,1.028295
JBK,padding_only,False,,frozen_removed,2021-11-05,2021-11-22,17,12,32.29,33.2,1.028182
FISK,padding_only,False,,frozen_removed,2019-05-17,2019-06-03,17,11,15.63,15.19,0.971849
EEH,padding_only,False,,frozen_removed,2018-05-17,2018-06-05,19,13,20.09,20.655,1.028123
INR,padding_only,False,2025-01-31,trim_to_boundary,2016-11-10,2016-11-25,15,11,38.91,37.8164,0.971894
JSYNU,padding_only,False,,frozen_removed,2018-09-06,2019-05-23,259,179,11.75,11.42,0.971915
MAYS,padding_only,False,,frozen_removed,2023-09-19,2023-10-05,16,13,46.01,47.3,1.028037
DEZU,padding_only,False,,frozen_removed,2018-09-06,2018-09-24,18,13,27.5,28.2702,1.028007
DTYL,padding_only,False,,frozen_removed,2019-05-15,2019-05-30,15,11,80.02,82.26,1.027993
RDIB,padding_only,False,,frozen_removed,2017-10-27,2017-11-28,32,22,22.52,23.1503,1.027988
DFVL,padding_only,False,,frozen_removed,2021-02-19,2021-03-22,31,22,83.3,80.97,0.972029
GRMY,padding_only,False,,frozen_removed,2018-06-06,2018-06-19,13,10,23.312,22.66,0.972032
MOG.B,padding_only,False,,frozen_removed,2020-08-18,2020-09-04,17,14,66.3487,64.5,0.972137
MLTI,padding_only,False,,frozen_removed,2018-04-17,2018-06-11,55,39,27.2916,28.05,1.027789
USAG,padding_only,False,,frozen_removed,2016-04-26,2016-05-19,23,18,19.1301,19.66,1.0277
WSO.B,padding_only,False,,frozen_removed,2016-04-14,2016-05-17,33,24,134.73,131.0,0.972315
BNKD,padding_only,False,2025-02-20,trim_to_boundary,2019-06-07,2019-06-21,14,11,12055.0,11722.5,0.972418
GPAC,padding_only,False,,frozen_removed,2018-02-05,2021-03-04,1123,775,9.9,10.173,1.027576
SDST,pre_listing_padding,False,2021-03-05,trim_to_boundary,2018-02-05,2021-03-04,1123,775,99.0,101.73,1.027576
BERN,padding_only,False,,frozen_removed,2018-09-05,2018-09-20,15,12,29.24,30.0459,1.027562
MYSZ,padding_only,False,,frozen_removed,2017-01-10,2017-01-27,17,13,1962000.0,2016000.0,1.027523
EEH,padding_only,False,,frozen_removed,2017-03-29,2017-04-12,14,11,17.415,16.937,0.972552
GIX.U,padding_only,False,,frozen_removed,2020-09-08,2020-09-21,13,10,11.31,11.0,0.972591
DFBHU,padding_only,False,,frozen_removed,2018-09-27,2018-10-16,19,14,10.59,10.3,0.972616
SBM,padding_only,False,,frozen_removed,2017-11-15,2017-12-01,16,12,92.25,89.74,0.972791
BDCZ,padding_only,False,,frozen_removed,2017-12-11,2018-01-12,32,23,20.97,20.4,0.972818
GRMY,padding_only,False,,frozen_removed,2019-01-24,2019-02-15,22,17,19.1599,19.68,1.027145
YCOM,padding_only,False,,frozen_removed,2019-11-25,2019-12-12,17,13,28.01,27.25,0.972867
BIO.B,padding_only,False,,frozen_removed,2022-07-05,2022-07-18,13,10,497.86,484.36,0.972884
MLPS,padding_only,False,,frozen_removed,2017-08-04,2017-09-15,42,30,11.81,12.13,1.027096
INR,padding_only,False,2025-01-31,trim_to_boundary,2018-10-19,2018-11-06,18,13,38.42,37.38,0.972931
LBTYB,padding_only,False,,frozen_removed,2025-02-13,2025-02-28,15,11,11.11,11.4102,1.027021
LBTYB,padding_only,False,,frozen_removed,2017-02-13,2017-02-27,14,10,35.25,36.2,1.02695
WSO.B,padding_only,False,,frozen_removed,2022-05-03,2022-05-26,23,18,266.31,259.16,0.973152
TAP.A,padding_only,False,,frozen_removed,2021-07-20,2021-08-16,27,20,59.23,60.82,1.026845
AMUB,padding_only,False,,frozen_removed,2019-03-19,2019-04-05,17,14,15.8,16.223,1.026772
CNDF,padding_only,False,,frozen_removed,2016-08-04,2016-08-17,13,10,25.2928,25.9699,1.02677
EEH,padding_only,False,,frozen_removed,2019-10-08,2019-11-04,27,20,22.34,21.743,0.973277
GPAC,padding_only,False,,frozen_removed,2016-01-28,2016-03-04,36,26,9.74,10.0,1.026694
PRPL,padding_only,False,,frozen_removed,2016-01-28,2016-03-04,36,26,243.5,250.0,1.026694
UBM,padding_only,False,,frozen_removed,2017-01-24,2017-02-09,16,13,14.66,15.05,1.026603
XINA,padding_only,False,,frozen_removed,2016-08-26,2016-09-09,14,10,22.1,21.5125,0.973416
KNAB,padding_only,False,2019-04-18,trim_to_boundary,2019-04-30,2019-05-13,13,10,47.78,49.05,1.02658
KELYB,padding_only,False,2020-08-11,trim_to_boundary,2023-10-12,2023-11-09,28,21,18.9,19.4,1.026455
IHYV,padding_only,False,,frozen_removed,2019-01-15,2019-02-28,44,31,23.96,24.59,1.026294
DFVL,padding_only,False,,frozen_removed,2019-11-06,2019-12-12,36,26,73.17,71.25,0.97376
USML,padding_only,False,,frozen_removed,2023-09-29,2023-10-12,13,10,28.2729,27.5316,0.973781
USV,padding_only,False,,frozen_removed,2018-10-18,2018-11-08,21,16,18.31,17.8305,0.973812
LBTYB,padding_only,False,,frozen_removed,2016-04-19,2016-05-09,20,15,38.66,37.6478,0.973818
OVLC,padding_only,False,,frozen_removed,2018-04-11,2018-05-21,40,29,29.61,30.384,1.02614
DISCB,padding_only,False,,frozen_removed,2017-03-20,2017-04-07,18,15,28.8,29.55,1.026042
HAHA,padding_only,False,,frozen_removed,2018-03-07,2018-03-21,14,11,33.933,33.05,0.973978
GYRO,padding_only,False,,frozen_removed,2025-04-14,2025-05-05,21,15,7.75,7.55,0.974194
HEUS,padding_only,False,,frozen_removed,2016-08-16,2016-08-30,14,11,25.21,25.86,1.025783
STNL,padding_only,False,,frozen_removed,2018-01-29,2018-02-14,16,13,9.7,9.95,1.025773
HACV,padding_only,False,,frozen_removed,2018-01-12,2018-02-02,21,15,29.88,29.11,0.97423
USAG,padding_only,False,,frozen_removed,2017-03-06,2017-03-30,24,19,18.435,17.96,0.974234
HGSD,padding_only,False,,frozen_removed,2017-07-25,2017-08-09,15,12,24.551,23.92,0.974298
RMSG,padding_only,False,2024-11-20,trim_to_boundary,2023-03-08,2023-03-29,21,16,10.52,10.79,1.025665
UTLF,padding_only,False,,frozen_removed,2018-06-19,2018-07-09,20,14,25.3601,26.01,1.025627
DLBR,padding_only,False,,frozen_removed,2017-10-05,2017-11-03,29,22,23.85,23.2399,0.974419
UDBI,padding_only,False,,frozen_removed,2019-02-13,2019-02-27,14,10,29.35,30.1,1.025554
STPP,padding_only,False,2016-01-19,trim_to_boundary,2016-01-29,2016-02-12,14,11,33.66,32.8,0.97445
TYNS,padding_only,False,2016-02-10,trim_to_boundary,2019-07-23,2019-08-06,14,11,26.67,25.9886,0.974451
IHYV,padding_only,False,,frozen_removed,2018-09-24,2018-10-25,31,24,25.09,24.45,0.974492
KELYB,padding_only,False,2020-08-11,trim_to_boundary,2023-07-31,2023-08-16,16,13,17.26,17.7,1.025492
DTYL,padding_only,False,,frozen_removed,2017-03-16,2017-04-05,20,15,74.71,76.61,1.025432
TYNS,padding_only,False,2016-02-10,trim_to_boundary,2018-01-16,2018-01-31,15,12,28.271,28.99,1.025432
UBG,padding_only,False,,frozen_removed,2018-07-10,2018-07-25,15,12,31.5,30.7,0.974603
XINA,padding_only,False,,frozen_removed,2016-07-27,2016-08-10,14,11,22.1,21.54,0.974661
AMUB,padding_only,False,,frozen_removed,2018-05-29,2018-06-15,17,14,17.0,16.5698,0.974694
AMUB,padding_only,False,,frozen_removed,2017-10-13,2017-10-27,14,11,17.465,17.0233,0.974709
DTYL,padding_only,False,,frozen_removed,2016-08-16,2016-09-12,27,19,83.73,81.62,0.9748
MAYS,padding_only,False,,frozen_removed,2025-09-19,2025-10-10,21,16,38.5,39.4702,1.0252
MOG.B,padding_only,False,,frozen_removed,2026-03-16,2026-03-30,14,11,302.51,294.905,0.97486
BTYS,padding_only,False,,frozen_removed,2020-07-24,2020-08-13,20,15,38.99,39.9693,1.025117
UJB,padding_only,False,,frozen_removed,2018-09-14,2018-10-10,26,19,66.3149,64.65,0.974894
AMUB,padding_only,False,,frozen_removed,2019-01-10,2019-01-28,18,12,16.145,15.74,0.974915
EAGLU,padding_only,False,,frozen_removed,2017-11-08,2017-11-28,20,14,10.77,10.5,0.97493
FLAT,padding_only,False,,frozen_removed,2018-11-23,2019-01-25,63,42,66.42,64.7557,0.974943
DISCB,padding_only,False,,frozen_removed,2019-07-12,2019-08-01,20,15,36.0,36.9,1.025
SMPL,pre_listing_padding,False,2016-10-07,trim_to_boundary,2016-09-15,2016-10-06,21,16,10.0,10.25,1.025
UDBI,padding_only,False,,frozen_removed,2017-09-15,2017-10-18,33,24,30.17,30.92,1.024859
BIO.B,padding_only,False,,frozen_removed,2024-01-05,2024-02-05,31,21,315.8,323.65,1.024858
HVT.A,padding_only,False,,frozen_removed,2026-05-13,2026-06-03,21,15,23.74,24.33,1.024853
UJB,padding_only,False,,frozen_removed,2016-02-29,2016-03-11,11,10,51.313,50.038,0.975152
UDBI,padding_only,False,,frozen_removed,2018-09-13,2018-11-06,54,39,33.24,32.415,0.975181
JBK,padding_only,False,,frozen_removed,2023-04-21,2023-05-23,32,23,25.8001,25.16,0.97519
EURK,padding_only,False,,frozen_removed,2025-12-30,2026-01-14,15,11,10.9,11.17,1.024771
CNDF,padding_only,False,,frozen_removed,2016-10-06,2016-11-07,32,23,25.85,25.21,0.975242
GIX.U,padding_only,False,,frozen_removed,2020-01-22,2020-02-26,35,25,10.92,10.65,0.975275
BIO.B,padding_only,False,,frozen_removed,2024-09-11,2024-10-02,21,16,326.78,334.85,1.024696
DEWJ,padding_only,False,,frozen_removed,2019-05-10,2019-07-15,66,45,26.21,26.8572,1.024693
KELYB,padding_only,False,2020-08-11,trim_to_boundary,2023-04-03,2023-04-17,14,10,16.25,16.65,1.024615
MAYS,padding_only,False,,frozen_removed,2019-10-11,2019-11-13,33,24,34.0,33.1631,0.975385
MLTI,padding_only,False,,frozen_removed,2018-11-12,2018-11-27,15,11,27.3513,26.68,0.975456
DISCB,padding_only,False,,frozen_removed,2017-08-14,2017-08-30,16,13,24.5,25.1,1.02449
DV,padding_only,False,,frozen_removed,2017-05-24,2020-12-31,1317,909,36.9,36.0,0.97561
UBG,padding_only,False,,frozen_removed,2017-06-21,2017-07-11,20,14,31.775,31.0,0.97561
USAG,padding_only,False,,frozen_removed,2016-03-21,2016-04-05,15,11,19.27,18.8,0.97561
MTUL,padding_only,False,,frozen_removed,2022-08-01,2022-08-19,18,15,16.2085,16.6037,1.024382
MLPS,padding_only,False,,frozen_removed,2018-05-23,2018-06-21,29,21,11.93,12.22,1.024308
LLQD,padding_only,False,,frozen_removed,2018-06-25,2018-07-10,15,11,46.338,47.46,1.024213
CMSSU,padding_only,False,,frozen_removed,2018-07-03,2018-07-19,16,12,10.33,10.58,1.024201
HMG,padding_only,False,,frozen_removed,2019-11-20,2019-12-04,14,10,13.67,13.34,0.97586
MLPB,padding_only,False,,frozen_removed,2016-03-18,2016-04-05,18,12,23.63,23.06,0.975878
UBG,padding_only,False,,frozen_removed,2017-10-05,2017-10-30,25,18,33.2,32.4042,0.97603
GYRO,padding_only,False,,frozen_removed,2019-09-16,2019-10-01,15,12,19.2,19.66,1.023958
DEWJ,padding_only,False,,frozen_removed,2017-03-29,2017-04-12,14,11,25.05,24.45,0.976048
HVT.A,padding_only,False,,frozen_removed,2018-10-22,2018-11-12,21,16,21.06,21.5641,1.023936
HAHA,padding_only,False,,frozen_removed,2017-10-31,2017-11-15,15,12,33.3438,34.14,1.023879
RDIB,padding_only,False,,frozen_removed,2026-06-22,2026-07-15,23,17,8.8,9.01,1.023864
LCAHU,padding_only,False,2021-03-25,trim_to_boundary,2024-01-23,2024-02-26,34,24,10.5,10.75,1.02381
HVT.A,padding_only,False,,frozen_removed,2018-03-02,2018-03-15,13,10,21.0,20.5,0.97619
USAG,padding_only,False,,frozen_removed,2016-10-10,2016-11-21,42,31,18.6868,19.1313,1.023787
GMFL,padding_only,False,,frozen_removed,2018-02-22,2018-04-05,42,30,27.33,26.68,0.976217
TAP.A,padding_only,False,,frozen_removed,2021-04-15,2021-04-28,13,10,54.7,56.0,1.023766
OVLC,padding_only,False,,frozen_removed,2016-12-05,2017-01-09,35,24,26.15,26.77,1.023709
UAG,padding_only,False,,frozen_removed,2018-11-23,2018-12-07,14,10,16.3819,16.7699,1.023685
HHYX,padding_only,False,,frozen_removed,2016-07-12,2016-08-10,29,22,24.98,25.5715,1.023679
AMUB,padding_only,False,,frozen_removed,2017-08-25,2017-09-08,14,10,17.286,17.695,1.023661
OVLC,padding_only,False,,frozen_removed,2018-08-17,2018-09-11,25,17,31.72,32.47,1.023644
HACV,padding_only,False,,frozen_removed,2016-08-26,2016-09-09,14,10,26.629,26.0,0.976379
EEH,padding_only,False,,frozen_removed,2018-03-19,2018-04-11,23,17,20.0,19.529,0.97645
DLBR,padding_only,False,,frozen_removed,2019-02-27,2019-03-12,13,10,20.0,19.53,0.9765
CMSSU,padding_only,False,,frozen_removed,2019-01-23,2019-02-11,19,14,10.65,10.4,0.976526
UAG,padding_only,False,,frozen_removed,2016-10-03,2016-11-07,35,26,20.46,20.94,1.02346
MOG.B,padding_only,False,,frozen_removed,2025-11-07,2025-11-21,14,11,214.98,220.0,1.023351
MAYS,padding_only,False,,frozen_removed,2024-01-16,2024-02-13,28,21,43.0,44.0,1.023256
UJB,padding_only,False,,frozen_removed,2017-07-11,2017-07-26,15,12,64.1879,65.68,1.023246
UJB,padding_only,False,,frozen_removed,2017-03-03,2017-03-17,14,11,63.7,62.22,0.976766
HGSD,padding_only,False,,frozen_removed,2017-05-02,2017-05-16,14,11,24.85,24.2728,0.976773
TAP.A,padding_only,False,,frozen_removed,2025-08-29,2025-09-16,18,12,53.02,51.79,0.976801
DFVS,padding_only,False,,frozen_removed,2017-08-21,2017-09-18,28,20,27.3229,27.9558,1.023164
USAG,padding_only,False,,frozen_removed,2017-01-27,2017-02-09,13,10,19.45,19.0,0.976864
DFVL,padding_only,False,,frozen_removed,2017-05-23,2017-06-08,16,12,66.2895,67.82,1.023088
RDIB,padding_only,False,,frozen_removed,2019-07-26,2019-08-09,14,11,22.56,22.0393,0.976919
USV,padding_only,False,,frozen_removed,2018-11-19,2018-12-19,30,21,17.9,18.312,1.023017
MAYS,padding_only,False,,frozen_removed,2024-09-20,2024-10-09,19,14,43.5,44.5,1.022989
JEM,padding_only,False,2025-06-09,trim_to_boundary,2017-05-10,2017-05-26,16,13,6897.6,7056.0,1.022965
USAG,padding_only,False,,frozen_removed,2017-10-30,2017-11-27,28,20,16.24,15.87,0.977217
DDMXU,padding_only,False,,frozen_removed,2019-11-26,2019-12-30,34,23,10.56,10.8,1.022727
EEH,padding_only,False,,frozen_removed,2019-02-21,2019-03-11,18,13,19.59,20.035,1.022716
AMUB,padding_only,False,,frozen_removed,2016-03-17,2016-04-05,19,13,16.74,16.36,0.9773
BIO.B,padding_only,False,,frozen_removed,2017-09-21,2017-10-13,22,17,228.01,222.85,0.977369
MTECU,padding_only,False,,frozen_removed,2019-01-29,2019-02-11,13,10,11.05,10.8,0.977376
VIIZ,padding_only,False,,frozen_removed,2016-04-08,2016-05-02,24,17,151.9,155.3,1.022383
IFED,padding_only,False,,frozen_removed,2023-07-17,2023-08-02,16,13,29.4259,30.0833,1.022341
HEUS,padding_only,False,,frozen_removed,2018-07-03,2018-07-23,20,14,31.4,30.7,0.977707
FLLA,padding_only,False,,frozen_removed,2019-11-20,2019-12-04,14,10,26.07,26.65,1.022248
MAYS,padding_only,False,,frozen_removed,2020-06-24,2020-07-21,27,19,22.5,22.0,0.977778
BWL.A,padding_only,False,,frozen_removed,2020-01-03,2020-01-17,14,11,15.5,15.1561,0.977813
EEH,padding_only,False,,frozen_removed,2019-01-25,2019-02-20,26,18,18.49,18.9,1.022174
WLYB,padding_only,False,,frozen_removed,2022-08-01,2022-08-26,25,20,48.29,47.22,0.977842
DGICB,padding_only,False,,frozen_removed,2016-05-18,2016-06-02,15,11,14.0,14.3101,1.02215
UCIB,padding_only,False,,frozen_removed,2019-02-26,2019-05-17,80,58,14.93,14.6,0.977897
GDC,padding_only,False,,frozen_removed,2017-06-27,2017-08-30,64,46,37425.38,38250.0,1.022034
LBTYB,padding_only,False,,frozen_removed,2018-06-28,2018-07-12,14,10,29.55,28.9,0.978003
MATF,padding_only,False,,frozen_removed,2016-10-04,2016-11-14,41,30,26.1158,26.69,1.021987
UAG,padding_only,False,,frozen_removed,2019-11-19,2019-12-12,23,17,15.5567,15.8972,1.021888
USAG,padding_only,False,,frozen_removed,2016-01-20,2016-02-04,15,12,18.369,18.77,1.02183
DLBR,padding_only,False,,frozen_removed,2018-08-13,2018-09-05,23,17,16.97,17.34,1.021803
MOG.B,padding_only,False,,frozen_removed,2021-08-16,2021-08-31,15,12,78.8,80.5171,1.021791
XMX,padding_only,False,,frozen_removed,2019-07-17,2019-08-01,15,12,30.32,29.66,0.978232
PYT,padding_only,False,,frozen_removed,2023-02-17,2023-03-03,14,10,21.62,21.15,0.978261
TAP.A,padding_only,False,,frozen_removed,2018-03-16,2018-03-29,13,10,82.0,80.2202,0.978295
NXEOU,padding_only,False,,frozen_removed,2018-06-01,2018-06-21,20,15,9.69,9.9,1.021672
STPP,padding_only,False,2016-01-19,trim_to_boundary,2017-07-26,2017-08-08,13,10,32.5,31.7975,0.978385
FISK,padding_only,False,,frozen_removed,2018-07-16,2018-08-02,17,14,17.3142,16.94,0.978388
REED,padding_only,False,2025-12-05,trim_to_boundary,2023-02-16,2024-12-31,684,471,3.24,3.17,0.978395
GJP,padding_only,False,,frozen_removed,2025-05-13,2025-06-03,21,15,25.04,24.5,0.978435
PHUN,padding_only,False,,frozen_removed,2017-10-30,2017-11-13,14,11,511.5,500.5,0.978495
UJB,padding_only,False,,frozen_removed,2018-06-18,2018-07-02,14,11,65.35,63.9477,0.978542
DDMX,padding_only,False,,frozen_removed,2019-03-08,2019-03-22,14,11,9.79,10.0,1.02145
HEUS,padding_only,False,,frozen_removed,2016-12-08,2016-12-27,19,13,23.78,24.29,1.021447
ESLA,padding_only,False,,frozen_removed,2023-02-14,2023-03-13,27,19,10.73,10.5,0.978565
DLBR,padding_only,False,,frozen_removed,2017-12-06,2017-12-21,15,12,21.99,21.52,0.978627
HEUS,padding_only,False,,frozen_removed,2017-08-15,2017-08-28,13,10,28.13,27.53,0.97867
DFVL,padding_only,False,,frozen_removed,2016-07-08,2016-07-21,13,10,73.6301,72.06,0.978676
SIM,padding_only,False,,frozen_removed,2023-03-21,2023-04-03,13,10,34.24,33.51,0.97868
UAG,padding_only,False,,frozen_removed,2016-08-12,2016-09-02,21,16,20.1899,19.76,0.978707
CKX,padding_only,False,,frozen_removed,2021-11-05,2021-11-18,13,10,11.76,12.01,1.021259
JEM,padding_only,False,2025-06-09,trim_to_boundary,2017-07-13,2017-07-26,13,10,7226.4,7072.8,0.978745
UBG,padding_only,False,,frozen_removed,2018-12-06,2018-12-21,15,12,31.06,31.72,1.021249
CHSN,padding_only,False,,frozen_removed,2024-10-08,2024-10-21,13,10,97920.0,95840.0,0.978758
WSO.B,padding_only,False,,frozen_removed,2018-05-22,2018-06-07,16,12,184.57,188.49,1.021239
HAHA,padding_only,False,,frozen_removed,2017-06-21,2017-07-07,16,12,28.98,29.5899,1.021046
FLAT,padding_only,False,,frozen_removed,2017-06-14,2017-06-30,16,13,60.87,62.15,1.021028
FLAT,padding_only,False,,frozen_removed,2019-08-28,2019-09-12,15,11,68.79,70.2364,1.021026
SENEB,padding_only,False,,frozen_removed,2025-07-31,2025-08-19,19,14,103.59,105.76,1.020948
UAG,padding_only,False,,frozen_removed,2017-03-28,2017-04-17,20,14,19.5393,19.13,0.979052
SCDL,padding_only,False,,frozen_removed,2023-09-26,2023-10-10,14,11,29.8578,29.2347,0.979131
FRMM,padding_only,False,,frozen_removed,2020-03-18,2020-04-01,14,11,40090.0,40926.0,1.020853
BDCZ,padding_only,False,,frozen_removed,2018-04-04,2018-04-26,22,17,19.69,20.1,1.020823
DEWJ,padding_only,False,,frozen_removed,2018-07-06,2018-08-13,38,27,28.92,28.32,0.979253
TAP.A,padding_only,False,,frozen_removed,2024-10-09,2024-10-31,22,17,57.5,58.69,1.020696
DTUL,padding_only,False,,frozen_removed,2016-12-29,2017-02-10,43,30,61.93,63.21,1.020668
FISK,padding_only,False,,frozen_removed,2026-05-04,2026-05-19,15,12,5.63,5.5137,0.979343
OBAS,padding_only,False,,frozen_removed,2020-06-09,2020-06-22,13,10,11.75,11.9926,1.020647
IFED,padding_only,False,,frozen_removed,2023-10-13,2023-10-30,17,12,29.1878,28.5868,0.979409
UAG,padding_only,False,,frozen_removed,2016-01-28,2016-02-12,15,12,18.09,17.72,0.979547
GJP,padding_only,False,,frozen_removed,2024-12-24,2025-01-10,17,11,24.95,24.44,0.979559
INR,padding_only,False,2025-01-31,trim_to_boundary,2016-07-06,2016-07-28,22,17,37.24,38.0,1.020408
LBTYB,padding_only,False,,frozen_removed,2019-10-30,2019-11-12,13,10,24.5,24.0,0.979592
HEUS,padding_only,False,,frozen_removed,2017-02-15,2017-03-01,14,10,25.4499,25.9688,1.020389
USAG,padding_only,False,,frozen_removed,2018-04-11,2018-04-24,13,10,16.7101,16.37,0.979647
OILX,padding_only,False,,frozen_removed,2017-04-05,2017-05-01,26,18,29.55,28.95,0.979695
TCHF,padding_only,False,,frozen_removed,2016-10-21,2016-11-03,13,10,29.16,28.57,0.979767
GYRO,padding_only,False,,frozen_removed,2019-11-18,2019-12-05,17,13,19.7,19.3027,0.979832
AHPAU,padding_only,False,,frozen_removed,2018-10-30,2021-08-09,1014,698,10.2058,10.0,0.979835
RDIB,padding_only,False,,frozen_removed,2017-01-03,2017-01-20,17,13,18.8801,18.5,0.979868
DEWJ,padding_only,False,,frozen_removed,2016-08-24,2016-10-04,41,29,23.36,23.83,1.02012
OAC.U,padding_only,False,,frozen_removed,2020-05-08,2020-05-26,18,12,10.4398,10.23,0.979904
CNSF,padding_only,False,,frozen_removed,2017-02-17,2017-03-16,27,19,25.23,25.737,1.020095
LBTYB,padding_only,False,,frozen_removed,2023-02-03,2023-02-23,20,14,21.9,21.46,0.979909
MLPZ,padding_only,False,,frozen_removed,2016-08-08,2016-08-22,14,11,54.64,55.7376,1.020088
KELYB,padding_only,False,2020-08-11,trim_to_boundary,2023-09-07,2023-09-22,15,12,18.675,18.3,0.97992
GIBO,padding_only,False,,frozen_removed,2023-09-26,2023-10-16,20,15,52450.0,51400.0,0.979981
USV,padding_only,False,,frozen_removed,2017-10-17,2017-11-03,17,14,22.48,22.03,0.979982
KELYB,padding_only,False,2020-08-11,trim_to_boundary,2018-01-10,2018-02-05,26,18,28.5,29.07,1.02
PMPT,padding_only,False,,frozen_removed,2018-07-31,2018-08-24,24,19,27.55,28.1,1.019964
OBAS,padding_only,False,,frozen_removed,2021-11-05,2021-11-22,17,12,10.05,10.25,1.0199
KELYB,padding_only,False,2020-08-11,trim_to_boundary,2024-09-10,2024-09-23,13,10,20.65,21.06,1.019855
HGSD,padding_only,False,,frozen_removed,2017-12-29,2018-02-01,34,23,26.21,25.69,0.98016
IEMV,padding_only,False,,frozen_removed,2018-08-22,2019-01-04,135,93,24.465,24.95,1.019824
FLAT,padding_only,False,,frozen_removed,2017-11-17,2018-01-11,55,37,61.756,62.98,1.01982
OILU,padding_only,False,2021-11-09,trim_to_boundary,2016-09-06,2017-03-24,199,139,25.25,24.75,0.980198
USV,padding_only,False,,frozen_removed,2018-04-11,2018-05-01,20,15,20.9542,20.54,0.980233
DGICB,padding_only,False,,frozen_removed,2017-11-06,2017-11-21,15,12,15.76,15.45,0.98033
HCAC,padding_only,False,2026-01-27,trim_to_boundary,2016-03-18,2016-04-01,14,10,9.66,9.85,1.019669
STNLU,padding_only,False,,frozen_removed,2019-09-03,2019-09-19,16,13,10.25,10.4513,1.019639
DFVL,padding_only,False,,frozen_removed,2017-06-09,2017-06-23,14,11,67.0,68.31,1.019552
ULBR,padding_only,False,2017-09-27,trim_to_boundary,2019-10-14,2019-10-28,14,11,22.56,23.0,1.019504
HMG,padding_only,False,,frozen_removed,2017-05-15,2017-06-02,18,14,10.8773,11.0892,1.019481
YHNA,padding_only,False,,frozen_removed,2026-04-29,2026-05-20,21,16,10.78,10.99,1.019481
YGRN,padding_only,False,,frozen_removed,2019-07-18,2019-07-31,13,10,49.32,50.28,1.019465
GMFL,padding_only,False,,frozen_removed,2018-11-23,2018-12-10,17,11,25.9045,25.4014,0.980579
AVAT,padding_only,False,2025-02-03,trim_to_boundary,2025-09-16,2025-10-01,15,12,10.3,10.5,1.019417
FLAT,padding_only,False,,frozen_removed,2016-09-16,2016-09-30,14,11,62.84,64.06,1.019414
UBG,padding_only,False,,frozen_removed,2019-06-25,2019-07-17,22,16,35.64,36.33,1.01936
SENEB,padding_only,False,,frozen_removed,2019-04-26,2019-05-21,25,18,24.08,24.5454,1.019327
TAP.A,padding_only,False,,frozen_removed,2018-06-07,2018-06-28,21,16,67.01,68.3,1.019251
CMSSU,padding_only,False,,frozen_removed,2019-02-13,2019-03-20,35,25,10.4,10.6,1.019231
UBC,padding_only,False,,frozen_removed,2017-12-19,2018-01-10,22,15,19.79,19.41,0.980798
UCIB,padding_only,False,,frozen_removed,2017-04-07,2017-04-28,21,15,14.1,13.83,0.980851
GYRO,padding_only,False,,frozen_removed,2019-08-14,2019-08-29,15,12,18.55,18.9052,1.019148
UBC,padding_only,False,,frozen_removed,2018-04-17,2018-05-07,20,15,18.3,17.95,0.980874
BIO.B,padding_only,False,,frozen_removed,2021-05-21,2021-06-04,14,10,590.9,579.6,0.980877
OBAS,padding_only,False,,frozen_removed,2016-06-17,2016-07-01,14,11,7.34,7.2,0.980926
HACV,padding_only,False,,frozen_removed,2017-09-22,2017-10-10,18,13,28.2541,28.7869,1.018857
QETA,padding_only,False,,frozen_removed,2025-09-19,2025-10-15,26,19,11.18,11.39,1.018784
STPP,pre_listing_padding,False,2016-01-19,trim_to_boundary,2016-01-04,2016-01-15,11,10,34.448,33.802,0.981247
TYNS,padding_only,False,2016-02-10,trim_to_boundary,2017-06-20,2017-07-06,16,12,27.858,28.38,1.018738
SBE.U,padding_only,False,,frozen_removed,2020-08-06,2020-08-20,14,11,10.7,10.5,0.981308
SAIH,padding_only,False,,frozen_removed,2021-09-10,2021-09-27,17,12,144.6,147.3,1.018672
PHUN,padding_only,False,,frozen_removed,2017-04-28,2017-05-23,25,18,509.5,500.0,0.981354
LUCK,padding_only,False,,frozen_removed,2021-06-08,2021-06-22,14,11,9.66,9.84,1.018634
UAG,padding_only,False,,frozen_removed,2018-09-13,2018-10-04,21,16,16.1,16.4,1.018634
DGICB,padding_only,False,,frozen_removed,2017-05-04,2017-05-17,13,10,16.0,15.702,0.981375
JEM,padding_only,False,2025-06-09,trim_to_boundary,2016-10-03,2016-11-08,36,27,7096.8,6964.8,0.9814
AHPAU,padding_only,False,,frozen_removed,2018-02-07,2018-04-18,70,49,10.3318,10.14,0.981436
QADB,padding_only,False,,frozen_removed,2021-04-08,2021-04-23,15,12,51.2001,50.25,0.981443
BIO.B,padding_only,False,,frozen_removed,2018-11-01,2018-11-14,13,10,273.0,267.94,0.981465
UJB,padding_only,False,,frozen_removed,2016-04-01,2016-04-14,13,10,52.33,53.2995,1.018527
BNKO,padding_only,False,,frozen_removed,2019-12-30,2020-01-13,14,10,70.1013,71.4,1.018526
CNSF,padding_only,False,,frozen_removed,2016-09-26,2016-10-14,18,15,24.99,24.5271,0.981477
NEN,padding_only,False,,frozen_removed,2017-04-26,2017-05-09,13,10,67.5,68.75,1.018519
GRMY,padding_only,False,,frozen_removed,2018-02-16,2018-03-06,18,12,24.45,24.0,0.981595
FLAT,padding_only,False,,frozen_removed,2017-05-11,2017-06-06,26,18,59.77,60.87,1.018404
HEUS,padding_only,False,,frozen_removed,2018-05-11,2018-06-05,25,17,30.99,31.56,1.018393
GMFL,padding_only,False,,frozen_removed,2018-07-25,2018-09-18,55,39,27.98,28.4946,1.018392
DFVS,padding_only,False,,frozen_removed,2016-11-21,2016-12-08,17,13,29.94,30.49,1.01837
ILLR,padding_only,False,,frozen_removed,2025-12-30,2026-04-15,106,73,3.702,3.77,1.018368
HOML,padding_only,False,,frozen_removed,2018-03-08,2018-04-03,26,18,50.29,51.212,1.018334
MOG.B,padding_only,False,,frozen_removed,2022-12-30,2023-01-18,19,12,87.28,88.88,1.018332
BTYS,padding_only,False,,frozen_removed,2020-05-06,2020-06-02,27,19,39.9677,40.7,1.018322
GTN.A,padding_only,False,,frozen_removed,2017-10-09,2017-10-24,15,12,13.242,13.0,0.981725
OILX,padding_only,False,,frozen_removed,2017-11-24,2017-12-08,14,11,32.42,33.01,1.018199
SIM,padding_only,False,,frozen_removed,2024-04-18,2024-05-15,27,20,33.0,32.4,0.981818
UDBI,padding_only,False,,frozen_removed,2016-10-18,2016-11-01,14,11,26.53,26.05,0.981907
SCDL,padding_only,False,,frozen_removed,2025-09-19,2025-10-08,19,14,38.74,38.0411,0.981959
UJB,padding_only,False,,frozen_removed,2017-01-31,2017-02-14,14,11,61.0,62.1,1.018033
DFVL,padding_only,False,,frozen_removed,2020-04-01,2020-04-15,14,10,80.0,81.4401,1.018001
HMG,padding_only,False,,frozen_removed,2016-01-15,2016-02-01,17,11,10.0101,9.83,0.982008
MLPS,padding_only,False,,frozen_removed,2017-09-21,2017-10-06,15,12,12.23,12.01,0.982011
MOG.B,padding_only,False,,frozen_removed,2025-05-30,2025-06-17,18,13,181.2305,177.98,0.982064
HGSD,padding_only,False,,frozen_removed,2018-10-30,2018-11-20,21,16,24.18,24.6136,1.017932
HACV,padding_only,False,,frozen_removed,2016-03-14,2016-05-04,51,37,25.13,25.5799,1.017903
LSVX,padding_only,False,,frozen_removed,2018-05-16,2018-06-05,20,14,14.83,15.0955,1.017903
DEWJ,padding_only,False,,frozen_removed,2017-05-26,2017-07-25,60,41,26.005,26.47,1.017881
SPLX,padding_only,False,,frozen_removed,2017-05-30,2017-06-20,21,16,43.7579,44.54,1.017873
LBTYB,padding_only,False,,frozen_removed,2016-07-29,2016-08-11,13,10,31.075,31.63,1.01786
SENEB,padding_only,False,,frozen_removed,2025-08-27,2025-09-10,14,10,112.0,110.0,0.982143
WSO.B,padding_only,False,,frozen_removed,2020-12-28,2021-01-13,16,12,230.62,226.51,0.982178
RVEN,padding_only,False,,frozen_removed,2017-03-16,2017-04-04,19,14,5.956,5.85,0.982203
USV,padding_only,False,,frozen_removed,2019-03-21,2019-04-05,15,12,19.41,19.0649,0.982221
XUSA,padding_only,False,,frozen_removed,2018-04-18,2018-05-01,13,10,28.7661,28.256,0.982267
DFVL,padding_only,False,,frozen_removed,2018-05-30,2018-12-04,188,132,62.64,61.53,0.98228
CNSF,padding_only,False,,frozen_removed,2017-07-14,2017-07-27,13,10,25.043,25.4855,1.01767
DFVS,padding_only,False,,frozen_removed,2019-04-16,2019-05-10,24,18,30.02,30.55,1.017655
HVT.A,padding_only,False,,frozen_removed,2023-05-05,2023-06-01,27,19,26.14,26.6,1.017598
TRMD,padding_only,False,,frozen_removed,2019-01-02,2019-01-17,15,12,5.8834,5.78,0.982425
DFVL,padding_only,False,,frozen_removed,2019-10-16,2019-11-05,20,15,73.17,71.8879,0.982478
UBN,padding_only,False,,frozen_removed,2018-01-19,2018-02-02,14,11,8.4442,8.2964,0.982497
HACW,padding_only,False,,frozen_removed,2016-11-15,2016-11-30,15,11,24.0,24.4199,1.017496
DEZU,padding_only,False,,frozen_removed,2017-09-28,2017-10-12,14,11,28.62,29.12,1.01747
DEWJ,padding_only,False,,frozen_removed,2018-08-27,2018-09-13,17,13,28.4244,28.92,1.017436
PYT,padding_only,False,,frozen_removed,2025-06-06,2025-06-30,24,16,23.0,22.6,0.982609
DFVL,padding_only,False,,frozen_removed,2017-11-03,2017-11-20,17,12,66.8,65.64,0.982635
DEWJ,padding_only,False,,frozen_removed,2017-07-26,2017-08-22,27,20,25.92,26.3699,1.017357
STNL,padding_only,False,,frozen_removed,2018-02-15,2018-03-05,18,12,9.8,9.63,0.982653
ADV,padding_only,False,2019-09-09,trim_to_boundary,2019-11-05,2019-11-22,17,14,259.5,255.0,0.982659
XINA,padding_only,False,,frozen_removed,2017-01-13,2017-02-15,33,23,21.3488,21.719,1.017341
GJP,padding_only,False,,frozen_removed,2022-06-17,2022-07-11,24,15,23.15,22.75,0.982721
UJB,padding_only,False,,frozen_removed,2019-02-06,2019-02-22,16,12,66.0,67.1361,1.017214
UJB,padding_only,False,,frozen_removed,2016-12-30,2017-01-13,14,10,60.3817,61.42,1.017196
BDCZ,padding_only,False,,frozen_removed,2018-05-10,2018-06-21,42,30,20.1,20.4452,1.017174
UCIB,padding_only,False,,frozen_removed,2020-01-02,2020-01-17,15,12,15.06,14.8018,0.982855
HACV,padding_only,False,,frozen_removed,2017-05-18,2017-06-02,15,11,27.5379,28.01,1.017144
TYNS,padding_only,False,2016-02-10,trim_to_boundary,2018-09-11,2018-10-05,24,19,28.9554,29.45,1.017081
USAG,padding_only,False,,frozen_removed,2017-09-21,2017-10-20,29,22,16.42,16.7,1.017052
GPAT,padding_only,False,,frozen_removed,2026-08-19,2026-09-02,14,11,11.16,10.97,0.982975
FISK,padding_only,False,,frozen_removed,2026-05-26,2026-06-09,14,11,5.5137,5.42,0.983006
WSO.B,padding_only,False,,frozen_removed,2021-11-12,2021-12-01,19,13,294.22,299.22,1.016994
UCIB,padding_only,False,,frozen_removed,2017-06-01,2017-06-16,15,12,13.4353,13.209,0.983156
UCIB,padding_only,False,,frozen_removed,2016-03-29,2016-05-04,36,27,12.5,12.71,1.0168
GIX.U,padding_only,False,,frozen_removed,2020-08-17,2020-09-04,18,15,11.31,11.5,1.016799
HGSD,padding_only,False,,frozen_removed,2017-10-30,2017-11-15,16,13,25.8028,25.37,0.983227
PRME,padding_only,False,,frozen_removed,2019-03-25,2019-04-11,17,14,20.5752,20.92,1.016758
OVLC,padding_only,False,,frozen_removed,2017-08-21,2017-10-03,43,31,28.632,29.1101,1.016698
UK,padding_only,False,,frozen_removed,2020-05-01,2020-05-19,18,13,24456.0,24048.0,0.983317
BNAI,padding_only,False,,frozen_removed,2023-08-24,2023-09-07,14,10,107.9,106.1,0.983318
HVT.A,padding_only,False,,frozen_removed,2017-10-09,2017-10-20,11,10,24.0,24.4,1.016667
UDBI,padding_only,False,,frozen_removed,2017-05-04,2017-05-17,13,10,29.0674,28.5837,0.983359
TYNS,padding_only,False,2016-02-10,trim_to_boundary,2019-09-23,2019-10-10,17,14,25.776,26.2048,1.016636
XMX,padding_only,False,,frozen_removed,2019-08-16,2019-08-30,14,11,28.8895,29.37,1.016632
RDIB,padding_only,False,,frozen_removed,2016-10-04,2016-11-07,34,25,15.05,15.3,1.016611
GJT,padding_only,False,,frozen_removed,2020-04-13,2020-04-24,11,10,18.1,18.4,1.016575
EDTX,padding_only,False,2021-02-12,trim_to_boundary,2023-03-21,2023-04-06,16,13,10.88,10.7,0.983456
HFBL,padding_only,False,,frozen_removed,2019-10-02,2019-10-17,15,12,16.33,16.6,1.016534
USAG,padding_only,False,,frozen_removed,2016-07-28,2016-08-15,18,13,19.1601,19.476,1.016487
HVT.A,padding_only,False,,frozen_removed,2019-11-27,2019-12-13,16,12,20.6,20.9395,1.016481
XVZ,padding_only,False,,frozen_removed,2018-05-29,2018-06-19,21,16,18.81,18.5,0.983519
PRME,padding_only,False,,frozen_removed,2016-04-13,2016-05-04,21,16,20.66,21.0,1.016457
UBC,padding_only,False,,frozen_removed,2016-05-16,2016-06-02,17,13,19.45,19.13,0.983548
FUD,padding_only,False,,frozen_removed,2016-04-01,2016-04-15,14,11,19.16,19.475,1.016441
LTL,padding_only,False,,frozen_removed,2020-08-12,2020-08-25,13,10,9.005,9.153,1.016435
JBK,padding_only,False,,frozen_removed,2025-12-02,2025-12-29,27,19,25.6,26.02,1.016406
WSO.B,padding_only,False,,frozen_removed,2019-12-31,2020-01-27,27,18,181.5,178.533,0.983653
DTYL,padding_only,False,,frozen_removed,2017-01-31,2017-02-13,13,10,73.53,74.73,1.01632
FLAT,padding_only,False,,frozen_removed,2017-10-26,2017-11-10,15,12,61.28,62.28,1.016319
TYNS,padding_only,False,2016-02-10,trim_to_boundary,2017-03-20,2017-04-11,22,17,28.88,28.41,0.983726
UBG,padding_only,False,,frozen_removed,2019-07-18,2019-07-31,13,10,35.64,36.22,1.016274
EEH,padding_only,False,,frozen_removed,2018-02-16,2018-03-06,18,12,19.68,20.0,1.01626
OVLC,padding_only,False,,frozen_removed,2018-07-27,2018-08-16,20,15,31.8564,32.3728,1.01621
JEM,padding_only,False,2025-06-09,trim_to_boundary,2016-02-18,2016-03-03,14,11,6664.8,6772.8,1.016205
XVZ,padding_only,False,,frozen_removed,2018-04-30,2018-05-11,11,10,19.15,18.84,0.983812
CNDF,padding_only,False,,frozen_removed,2016-09-07,2016-09-26,19,14,26.0,25.58,0.983846
DGICB,padding_only,False,,frozen_removed,2018-01-16,2018-01-29,13,10,15.5,15.25,0.983871
RMG.U,padding_only,False,,frozen_removed,2020-08-05,2020-08-27,22,17,33.54,33.0,0.9839
WSO.B,padding_only,False,,frozen_removed,2019-03-20,2019-04-02,13,10,144.27,146.59,1.016081
DTYL,padding_only,False,,frozen_removed,2017-02-14,2017-03-06,20,14,73.53,74.71,1.016048
UCIB,padding_only,False,,frozen_removed,2019-07-26,2019-09-13,49,35,14.7261,14.49,0.983967
UJB,padding_only,False,,frozen_removed,2017-06-16,2017-07-07,21,15,65.2292,64.1879,0.984036
TAP.A,padding_only,False,,frozen_removed,2025-08-11,2025-08-28,17,14,53.38,54.23,1.015924
JPEH,padding_only,False,,frozen_removed,2018-07-17,2018-08-06,20,15,29.087,29.55,1.015918
BNKZ,padding_only,False,,frozen_removed,2019-04-17,2019-05-13,26,18,47.17,47.92,1.0159
HGSD,padding_only,False,,frozen_removed,2017-12-12,2017-12-27,15,11,25.8,26.21,1.015891
UDBI,padding_only,False,,frozen_removed,2017-07-20,2017-08-03,14,11,29.48,29.948,1.015875
SAGG,padding_only,False,,frozen_removed,2016-06-10,2016-07-14,34,24,31.54,31.04,0.984147
MAYS,padding_only,False,,frozen_removed,2021-01-27,2021-02-11,15,12,28.45,27.9999,0.984179
LOAC,padding_only,False,2018-10-31,trim_to_boundary,2020-01-17,2020-02-18,32,21,10.43,10.595,1.01582
RDIB,padding_only,False,,frozen_removed,2016-05-04,2016-06-10,37,27,12.7,12.5,0.984252
QULL,pre_listing_padding,False,2021-03-25,trim_to_boundary,2021-02-12,2021-03-24,40,28,26.06,25.65,0.984267
DGICB,padding_only,False,,frozen_removed,2022-11-23,2022-12-13,20,14,15.26,15.5,1.015727
BNKZ,padding_only,False,,frozen_removed,2020-01-13,2020-02-06,24,18,31.81,32.31,1.015718
NHIC,padding_only,False,,frozen_removed,2021-07-19,2021-12-27,161,113,9.55,9.7,1.015707
TRMD,padding_only,False,,frozen_removed,2018-06-26,2018-07-25,29,21,7.8,7.6775,0.984295
BIO.B,padding_only,False,,frozen_removed,2024-03-04,2024-04-05,32,24,332.2,327.0,0.984347
UBG,padding_only,False,,frozen_removed,2017-05-31,2017-06-19,19,14,32.28,31.775,0.984356
EEH,padding_only,False,,frozen_removed,2017-07-11,2017-07-25,14,11,17.87,18.1495,1.015641
HACV,padding_only,False,,frozen_removed,2016-05-19,2016-06-03,15,11,25.59,25.99,1.015631
UBN,padding_only,False,,frozen_removed,2017-01-04,2017-01-27,23,17,7.5172,7.4,0.984409
EZJ,padding_only,False,,frozen_removed,2018-04-26,2018-05-14,18,13,43.1,43.77,1.015545
GPAC,padding_only,False,,frozen_removed,2016-07-25,2016-08-09,15,12,9.65,9.8,1.015544
LOAC,pre_listing_padding,False,2018-10-31,trim_to_boundary,2018-10-16,2018-10-30,14,11,9.65,9.8,1.015544
PRPL,padding_only,False,,frozen_removed,2016-07-25,2016-08-09,15,12,241.25,245.0,1.015544
GNAF,padding_only,False,,frozen_removed,2018-08-15,2018-09-06,22,16,49.73,50.5,1.015484
MATR,padding_only,False,,frozen_removed,2024-05-28,2024-06-11,14,11,21.8768,22.2154,1.015478
KELYB,padding_only,False,2020-08-11,trim_to_boundary,2017-04-27,2017-05-10,13,10,22.0001,22.34,1.01545
URR,padding_only,False,,frozen_removed,2018-10-09,2018-11-07,29,22,17.2056,16.94,0.984563
DFVS,padding_only,False,,frozen_removed,2020-10-14,2020-10-30,16,13,13.6,13.8099,1.015434
SBM,padding_only,False,,frozen_removed,2017-08-21,2017-09-05,15,11,100.27,98.73,0.984641
FISK,padding_only,False,,frozen_removed,2016-05-17,2016-06-02,16,12,19.55,19.25,0.984655
DEZU,padding_only,False,,frozen_removed,2018-07-11,2018-08-02,22,17,28.11,28.54,1.015297
MAYS,padding_only,False,,frozen_removed,2023-02-17,2023-03-03,14,10,45.3,45.99,1.015232
LOAC,padding_only,False,2018-10-31,trim_to_boundary,2018-12-14,2018-12-28,14,10,9.9,10.05,1.015152
UDBI,padding_only,False,,frozen_removed,2018-06-26,2018-08-09,44,32,32.42,32.9104,1.015126
WSO.B,padding_only,False,,frozen_removed,2016-09-20,2016-10-03,13,10,142.9,140.74,0.984885
YCOM,padding_only,False,,frozen_removed,2020-08-24,2020-09-09,16,12,15.22,15.45,1.015112
EEH,padding_only,False,,frozen_removed,2020-12-07,2020-12-31,24,18,26.4186,26.02,0.984912
MLTI,padding_only,False,,frozen_removed,2019-09-13,2019-09-26,13,10,27.22,27.63,1.015062
CLNN,padding_only,False,,frozen_removed,2020-05-28,2020-06-15,18,13,212.8,216.0,1.015038
IMFC,padding_only,False,2018-10-29,trim_to_boundary,2018-11-01,2018-12-26,55,37,24.68,25.0501,1.014996
SENEB,padding_only,False,,frozen_removed,2017-12-29,2018-01-18,20,13,33.35,32.85,0.985007
SCAC,padding_only,False,,frozen_removed,2017-07-06,2017-07-20,14,11,10.0,10.1499,1.01499
EEH,padding_only,False,,frozen_removed,2018-08-22,2018-09-05,14,10,20.69,21.0,1.014983
DFVL,padding_only,False,,frozen_removed,2017-11-21,2017-12-05,14,10,66.475,65.48,0.985032
SBM,padding_only,False,,frozen_removed,2019-12-17,2020-01-03,17,12,87.05,88.35,1.014934
DEZU,padding_only,False,,frozen_removed,2017-01-31,2017-02-13,13,10,24.1799,24.5405,1.014913
HEUS,padding_only,False,,frozen_removed,2017-09-11,2017-09-26,15,12,28.298,28.72,1.014913
QADB,padding_only,False,,frozen_removed,2020-04-15,2020-04-29,14,11,31.0,30.54,0.985161
GDC,padding_only,False,,frozen_removed,2016-03-01,2016-03-22,21,16,35400.0,35925.0,1.014831
BRAC,padding_only,False,2022-02-23,trim_to_boundary,2024-09-04,2024-10-15,41,30,11.5,11.33,0.985217
TAP.A,padding_only,False,,frozen_removed,2017-03-07,2017-03-20,13,10,97.81,99.25,1.014722
TYNS,padding_only,False,2016-02-10,trim_to_boundary,2016-03-17,2016-04-11,25,17,28.57,28.15,0.985299
SCACU,padding_only,False,,frozen_removed,2017-06-07,2017-06-27,20,15,10.89,10.73,0.985308
WLYB,padding_only,False,,frozen_removed,2022-09-30,2022-10-17,17,12,38.24,38.8,1.014644
DGICB,padding_only,False,,frozen_removed,2023-05-24,2023-06-07,14,10,14.35,14.56,1.014634
MLPB,padding_only,False,,frozen_removed,2016-02-11,2016-02-25,14,10,21.91,22.23,1.014605
XINA,padding_only,False,,frozen_removed,2017-06-05,2017-06-19,14,11,20.7378,21.04,1.014572
BDCZ,padding_only,False,,frozen_removed,2019-10-15,2019-10-28,13,10,19.96,19.67,0.985471
URR,padding_only,False,,frozen_removed,2018-07-09,2018-07-24,15,12,17.7,17.957,1.01452
DTUL,padding_only,False,,frozen_removed,2017-02-13,2017-03-14,29,21,62.924,62.0113,0.985495
GTYH,padding_only,False,,frozen_removed,2017-01-11,2017-02-01,21,15,10.0,9.855,0.9855
SAGG,padding_only,False,,frozen_removed,2019-09-19,2019-10-08,19,14,30.005,29.57,0.985502
SBM,padding_only,False,,frozen_removed,2018-06-14,2018-07-06,22,16,86.25,87.5,1.014493
DFVL,padding_only,False,,frozen_removed,2021-06-18,2021-07-01,13,10,82.565,81.37,0.985527
TAP.A,padding_only,False,,frozen_removed,2026-04-06,2026-04-28,22,17,44.3,44.94,1.014447
JPEH,padding_only,False,,frozen_removed,2017-05-23,2017-06-06,14,10,27.72,28.12,1.01443
AHPAU,padding_only,False,,frozen_removed,2018-07-27,2018-08-21,25,18,10.4,10.25,0.985577
UTLF,padding_only,False,,frozen_removed,2018-07-24,2018-08-06,13,10,26.53,26.9102,1.014331
SENEB,padding_only,False,,frozen_removed,2025-04-14,2025-04-28,14,10,90.8,89.5,0.985683
GTYHU,padding_only,False,,frozen_removed,2018-10-29,2018-11-16,18,15,10.55,10.7,1.014218
MATF,padding_only,False,,frozen_removed,2016-09-14,2016-09-28,14,11,25.75,26.1158,1.014206
HMG,padding_only,False,,frozen_removed,2019-05-31,2019-06-17,17,12,13.39,13.1999,0.985803
KOR,padding_only,False,2020-08-12,trim_to_boundary,2018-08-03,2018-08-27,24,17,26.5602,26.9356,1.014134
MOBX,padding_only,False,,frozen_removed,2023-02-10,2023-03-08,26,18,106.2,104.7,0.985876
OILX,padding_only,False,,frozen_removed,2019-10-14,2019-10-28,14,11,32.68,33.1401,1.014079
GJP,padding_only,False,,frozen_removed,2025-06-12,2025-06-26,14,10,24.9,24.55,0.985944
VSEE,padding_only,False,,frozen_removed,2023-06-12,2023-06-26,14,10,11.4395,11.6,1.01403
WSO.B,padding_only,False,,frozen_removed,2021-03-04,2021-03-18,14,11,251.85,255.38,1.014016
IEMV,padding_only,False,,frozen_removed,2019-05-23,2019-06-07,15,11,25.6756,26.035,1.013998
SG,padding_only,False,2021-11-18,trim_to_boundary,2019-01-31,2019-02-13,13,10,14.3,14.5,1.013986
WYDE,padding_only,False,,frozen_removed,2019-05-31,2019-06-19,19,14,31.46,31.02,0.986014
BIO.B,padding_only,False,,frozen_removed,2017-08-23,2017-09-06,14,10,218.3,215.25,0.986028
UJB,padding_only,False,,frozen_removed,2018-07-05,2018-07-19,14,11,63.9477,64.84,1.013954
BRAC,padding_only,False,2022-02-23,trim_to_boundary,2023-08-04,2023-09-05,32,22,10.75,10.9,1.013953
DGICB,padding_only,False,,frozen_removed,2017-06-07,2017-07-17,40,28,14.35,14.55,1.013937
GYRO,padding_only,False,,frozen_removed,2020-08-05,2020-08-19,14,11,17.7473,17.5,0.986065
JEM,padding_only,False,2025-06-09,trim_to_boundary,2017-01-12,2017-01-27,15,11,6741.6,6835.2,1.013884
MAYS,padding_only,False,,frozen_removed,2017-03-31,2017-04-13,13,10,39.7,39.15,0.986146
TYNS,padding_only,False,2016-02-10,trim_to_boundary,2017-05-25,2017-06-13,19,13,28.2489,27.858,0.986162
VESH,padding_only,False,,frozen_removed,2018-04-20,2018-05-16,26,19,22.9165,22.6,0.986189
GRMY,padding_only,False,,frozen_removed,2018-03-20,2018-04-09,20,14,23.935,24.265,1.013787
MLTI,padding_only,False,,frozen_removed,2019-02-05,2019-02-22,17,13,26.9983,27.3698,1.01376
JPEH,padding_only,False,,frozen_removed,2018-08-31,2018-09-21,21,15,29.55,29.1435,0.986244
DTYL,padding_only,False,,frozen_removed,2017-11-06,2017-11-30,24,18,77.8787,76.81,0.986277
MAYS,padding_only,False,,frozen_removed,2019-06-03,2019-06-19,16,13,35.0,35.48,1.013714
UDBI,padding_only,False,,frozen_removed,2017-05-26,2017-06-13,18,12,29.24,29.6399,1.013676
KELYB,padding_only,False,2020-08-11,trim_to_boundary,2022-06-27,2022-07-11,14,10,19.03,19.29,1.013663
SBE.U,padding_only,False,,frozen_removed,2020-05-14,2020-06-08,25,17,10.25,10.11,0.986341
HMG,padding_only,False,,frozen_removed,2016-11-18,2016-12-07,19,13,11.42,11.2656,0.98648
FLAT,padding_only,False,,frozen_removed,2018-04-25,2018-05-30,35,25,63.86,63.0,0.986533
TYNS,padding_only,False,2016-02-10,trim_to_boundary,2017-07-17,2017-08-24,38,29,28.23,27.85,0.986539
CNCK,padding_only,False,,frozen_removed,2022-03-08,2022-03-21,13,10,9.69,9.82,1.013416
NSEC,padding_only,False,,frozen_removed,2021-08-27,2021-09-13,17,11,10.44,10.58,1.01341
TYNS,padding_only,False,2016-02-10,trim_to_boundary,2018-04-04,2018-04-23,19,14,28.89,29.275,1.013326
MSAI,padding_only,False,,frozen_removed,2023-06-06,2023-06-27,21,15,420.8,426.4,1.013308
UAG,padding_only,False,,frozen_removed,2018-04-13,2018-04-26,13,10,18.1,17.86,0.98674
USAG,padding_only,False,,frozen_removed,2016-12-14,2016-12-29,15,11,18.308,18.0655,0.986754
IEMV,padding_only,False,,frozen_removed,2019-06-24,2019-07-23,29,21,26.02,26.3645,1.01324
UAG,padding_only,False,,frozen_removed,2017-02-09,2017-03-03,22,16,21.18,20.9,0.98678
NXEOU,padding_only,False,,frozen_removed,2018-12-12,2019-01-04,23,16,9.12,9.0,0.986842
CNDF,padding_only,False,,frozen_removed,2016-12-02,2016-12-15,13,10,26.7,27.05,1.013109
CNSF,padding_only,False,,frozen_removed,2017-03-20,2017-04-07,18,15,25.737,25.4,0.986906
QETA,padding_only,False,,frozen_removed,2025-05-20,2025-06-04,15,11,10.72,10.86,1.01306
RPLA.U,padding_only,False,,frozen_removed,2020-08-31,2020-09-22,22,16,10.72,10.86,1.01306
AMUB,padding_only,False,,frozen_removed,2017-09-21,2017-10-12,21,16,17.719,17.95,1.013037
EEH,padding_only,False,,frozen_removed,2021-08-04,2021-08-20,16,13,31.0799,31.485,1.013034
LLQD,padding_only,False,,frozen_removed,2018-04-25,2018-05-08,13,10,47.4604,46.8434,0.987
GDC,padding_only,False,,frozen_removed,2016-10-11,2016-11-01,21,16,37499.63,37012.5,0.98701
UAG,padding_only,False,,frozen_removed,2019-02-01,2019-02-25,24,16,16.575,16.36,0.987029
KVAC,padding_only,False,,frozen_removed,2025-11-06,2025-11-24,18,13,11.57,11.72,1.012965
JEM,padding_only,False,2025-06-09,trim_to_boundary,2017-09-12,2017-09-29,17,14,7060.51,7152.0,1.012958
LBTYB,padding_only,False,,frozen_removed,2019-06-03,2019-06-27,24,19,24.74,25.06,1.012935
KELYB,padding_only,False,2020-08-11,trim_to_boundary,2022-05-10,2022-05-27,17,14,19.2019,19.45,1.012921
WSO.B,padding_only,False,,frozen_removed,2017-01-24,2017-02-13,20,15,149.935,151.87,1.012906
SENEB,padding_only,False,,frozen_removed,2022-06-24,2022-07-11,17,11,54.3,55.0,1.012891
SAGG,padding_only,False,,frozen_removed,2019-05-21,2019-06-05,15,11,30.8568,30.46,0.987141
EEH,padding_only,False,,frozen_removed,2016-09-09,2016-09-22,13,10,16.36,16.15,0.987164
FLAT,padding_only,False,,frozen_removed,2018-05-31,2018-07-26,56,40,63.86,63.0408,0.987172
DTUL,padding_only,False,,frozen_removed,2018-01-25,2018-02-09,15,12,60.5,59.725,0.98719
TYBS,padding_only,False,,frozen_removed,2018-10-30,2018-11-12,13,10,21.5836,21.86,1.012806
UCIB,padding_only,False,,frozen_removed,2018-08-07,2018-08-29,22,17,14.83,15.019,1.012744
OVLC,padding_only,False,,frozen_removed,2016-10-11,2016-11-25,45,33,25.92,26.25,1.012731
RMSG,padding_only,False,2024-11-20,trim_to_boundary,2023-08-14,2023-08-29,15,12,11.01,11.15,1.012716
EEH,padding_only,False,,frozen_removed,2022-02-07,2022-03-02,23,17,33.5109,33.086,0.987321
MLPB,padding_only,False,,frozen_removed,2017-05-05,2017-06-08,34,24,26.9601,27.3,1.012608
HMG,padding_only,False,,frozen_removed,2017-06-23,2017-07-18,25,17,11.11,11.25,1.012601
XMX,padding_only,False,,frozen_removed,2017-10-24,2017-11-07,14,11,28.59,28.95,1.012592
DEZU,padding_only,False,,frozen_removed,2016-08-25,2016-09-12,18,12,23.204,22.912,0.987416
IEMV,padding_only,False,,frozen_removed,2019-01-07,2019-01-18,11,10,24.68,24.99,1.012561
TWLVU,padding_only,False,,frozen_removed,2023-07-25,2023-08-09,15,12,10.35,10.48,1.01256
TAP.A,padding_only,False,,frozen_removed,2018-11-21,2018-12-17,26,17,67.6722,66.8237,0.987462
RDIB,padding_only,False,,frozen_removed,2020-01-21,2020-02-03,13,10,23.56,23.8547,1.012508
WSO.B,padding_only,False,,frozen_removed,2019-05-01,2019-06-03,33,23,163.15,165.19,1.012504
EMCG,padding_only,False,2022-09-30,trim_to_boundary,2025-06-04,2025-06-30,26,18,12.0,12.15,1.0125
OEW,padding_only,False,,frozen_removed,2018-09-05,2018-09-18,13,10,34.5,34.9306,1.012481
LOAC,padding_only,False,2018-10-31,trim_to_boundary,2020-09-21,2020-10-06,15,12,10.7542,10.62,0.987521
FLAT,padding_only,False,,frozen_removed,2019-03-01,2019-03-27,26,19,64.2,65.0,1.012461
LBDC,padding_only,False,,frozen_removed,2016-09-21,2016-10-05,14,11,18.47,18.7,1.012453
TBRGU,padding_only,False,,frozen_removed,2019-05-31,2019-06-19,19,14,12.05,12.2,1.012448
EEH,padding_only,False,,frozen_removed,2021-06-17,2021-07-02,15,12,30.9849,31.3699,1.012425
ARYA,padding_only,False,,frozen_removed,2018-12-31,2019-01-14,14,10,9.68,9.8,1.012397
PYT,padding_only,False,,frozen_removed,2020-09-17,2020-10-02,15,12,22.62,22.9,1.012378
INR,padding_only,False,2025-01-31,trim_to_boundary,2018-06-07,2018-07-06,29,21,40.5,40.0,0.987654
AIFA,padding_only,False,,frozen_removed,2018-10-22,2018-11-02,11,10,58.68,59.4,1.01227
BRAC,padding_only,False,2022-02-23,trim_to_boundary,2018-10-22,2018-11-02,11,10,9.78,9.9,1.01227
USV,padding_only,False,,frozen_removed,2018-02-07,2018-02-21,14,10,21.23,20.97,0.987753
WSO.B,padding_only,False,,frozen_removed,2019-11-26,2019-12-27,31,22,179.31,181.5,1.012213
UBM,padding_only,False,,frozen_removed,2016-12-14,2017-01-20,37,25,14.4834,14.66,1.012193
HAHA,padding_only,False,,frozen_removed,2017-12-14,2017-12-29,15,11,33.66,33.2499,0.987816
LBTYB,padding_only,False,,frozen_removed,2019-10-11,2019-10-29,18,13,24.75,25.051,1.012162
GJT,padding_only,False,,frozen_removed,2017-11-16,2017-12-08,22,16,19.76,20.0,1.012146
HOML,padding_only,False,,frozen_removed,2018-04-04,2018-04-26,22,17,50.29,50.9,1.01213
BERN,padding_only,False,,frozen_removed,2018-07-24,2018-08-21,28,21,28.86,29.21,1.012128
ESLA,padding_only,False,,frozen_removed,2023-06-02,2023-06-15,13,10,10.72,10.85,1.012127
DRVN,padding_only,False,2021-01-15,trim_to_boundary,2016-01-21,2016-03-15,54,38,16.5201,16.32,0.987887
TYNS,padding_only,False,2016-02-10,trim_to_boundary,2017-09-05,2017-10-02,27,20,27.8032,28.1396,1.012099
DFVL,padding_only,False,,frozen_removed,2021-02-01,2021-02-16,15,11,84.32,83.3,0.987903
GJP,padding_only,False,,frozen_removed,2017-09-18,2017-10-12,24,19,22.5,22.2282,0.98792
DTUL,padding_only,False,,frozen_removed,2017-06-06,2017-09-05,91,64,64.35,65.127,1.012075
HEMV,padding_only,False,,frozen_removed,2016-10-10,2016-10-25,15,12,25.065,24.7629,0.987947
XMX,padding_only,False,,frozen_removed,2019-06-11,2019-06-25,14,11,29.61,29.9665,1.01204
EEH,padding_only,False,,frozen_removed,2019-01-02,2019-01-17,15,12,18.2705,18.49,1.012014
CMSSU,padding_only,False,,frozen_removed,2018-09-11,2018-10-04,23,18,10.85,10.72,0.988018
WSO.B,padding_only,False,,frozen_removed,2019-06-04,2019-07-11,37,27,163.15,165.1045,1.01198
HMG,padding_only,False,,frozen_removed,2021-05-21,2021-06-10,20,14,11.7987,11.94,1.011976
UBM,padding_only,False,,frozen_removed,2017-03-16,2017-04-05,20,15,15.04,14.86,0.988032
HDRN,pre_listing_padding,False,2024-09-11,trim_to_boundary,2021-12-08,2024-09-10,1007,692,10.03,9.91,0.988036
IMFC,pre_listing_padding,False,2018-10-29,trim_to_boundary,2018-08-09,2018-10-26,78,56,25.1,24.8,0.988048
EEH,padding_only,False,,frozen_removed,2020-01-15,2020-02-24,40,27,24.66,24.3653,0.988049
RDIB,padding_only,False,,frozen_removed,2017-02-13,2017-02-28,15,11,16.75,16.55,0.98806
EEH,padding_only,False,,frozen_removed,2021-08-30,2021-09-30,31,23,31.485,31.86,1.01191
JSYNU,padding_only,False,,frozen_removed,2017-11-21,2017-12-08,17,13,10.98,10.85,0.98816
AACI,padding_only,False,,frozen_removed,2022-04-11,2022-04-26,15,11,9.9781,9.86,0.988164
RZLV,padding_only,False,,frozen_removed,2022-04-11,2022-04-26,15,11,9.9781,9.86,0.988164
YHNA,padding_only,False,,frozen_removed,2026-05-26,2026-06-11,16,13,10.99,10.86,0.988171
DTUL,padding_only,False,,frozen_removed,2016-02-01,2016-02-12,11,10,65.802,66.58,1.011823
GNAF,padding_only,False,,frozen_removed,2018-10-31,2018-11-14,14,11,54.16,53.5201,0.988185
YCOM,padding_only,False,,frozen_removed,2019-03-26,2019-06-03,69,48,35.75,36.17,1.011748
OVLC,padding_only,False,,frozen_removed,2017-07-06,2017-07-28,22,17,28.2502,28.5804,1.011688
BDCZ,padding_only,False,,frozen_removed,2016-04-11,2016-04-28,17,14,20.55,20.31,0.988321
DTYL,padding_only,False,,frozen_removed,2018-06-27,2018-08-01,35,25,72.96,72.11,0.98835
SAGG,padding_only,False,,frozen_removed,2016-08-31,2016-10-13,43,31,30.92,31.28,1.011643
AFJK,padding_only,False,,frozen_removed,2025-08-06,2025-08-20,14,11,11.17,11.3,1.011638
JPIH,padding_only,False,,frozen_removed,2016-05-03,2016-06-02,30,22,25.8,25.5,0.988372
UBG,padding_only,False,,frozen_removed,2020-09-29,2020-10-12,13,10,47.18,47.7273,1.0116
FISK,padding_only,False,,frozen_removed,2022-08-01,2022-08-12,11,10,7.76,7.85,1.011598
FRMEP,padding_only,False,,frozen_removed,2021-05-05,2021-05-18,13,10,27.29,26.9736,0.988406
UTLF,padding_only,False,,frozen_removed,2017-03-29,2017-04-25,27,19,26.5975,26.29,0.988439
LCAHU,padding_only,False,2021-03-25,trim_to_boundary,2023-12-26,2024-01-19,24,17,10.38,10.5,1.011561
SHFS,padding_only,False,,frozen_removed,2021-11-01,2021-11-15,14,11,200.2,202.51,1.011538
FVN,padding_only,False,,frozen_removed,2025-09-19,2025-10-20,31,22,10.43,10.55,1.011505
HAHA,padding_only,False,,frozen_removed,2017-01-09,2017-01-24,15,11,27.02,27.33,1.011473
SENEB,padding_only,False,,frozen_removed,2025-01-23,2025-02-06,14,11,71.47,72.29,1.011473
LSBK,padding_only,False,,frozen_removed,2017-08-17,2017-08-30,13,10,15.7,15.88,1.011465
ERGF,padding_only,False,,frozen_removed,2016-08-12,2016-08-25,13,10,25.31,25.6,1.011458
DEWJ,padding_only,False,,frozen_removed,2017-05-10,2017-05-23,13,10,25.64,25.9332,1.011435
LCAHU,padding_only,False,2021-03-25,trim_to_boundary,2016-11-11,2016-11-29,18,12,31.5,31.14,0.988571
TWLV,padding_only,False,,frozen_removed,2018-10-10,2018-10-30,20,15,9.63,9.74,1.011423
ZEO,padding_only,False,,frozen_removed,2023-08-15,2023-09-06,22,16,10.955,11.08,1.01141
DTYL,padding_only,False,,frozen_removed,2018-09-11,2018-12-03,83,59,72.62,73.4462,1.011377
BRAC,padding_only,False,2022-02-23,trim_to_boundary,2024-08-16,2024-09-03,18,12,11.45,11.32,0.988646
RMSG,padding_only,False,2024-11-20,trim_to_boundary,2023-10-11,2023-11-03,23,18,11.4499,11.32,0.988655
CZFC,padding_only,False,,frozen_removed,2016-05-27,2016-06-10,14,10,14.12,14.28,1.011331
HVT.A,padding_only,False,,frozen_removed,2019-06-21,2019-07-05,14,10,16.77,16.96,1.01133
YHNA,padding_only,False,,frozen_removed,2026-02-25,2026-03-10,13,10,10.66,10.78,1.011257
BDCZ,padding_only,False,,frozen_removed,2017-01-11,2017-02-02,22,16,23.3,23.0378,0.988747
UDBI,padding_only,False,,frozen_removed,2017-11-01,2017-11-27,26,18,31.16,31.51,1.011232
AMUB,padding_only,False,,frozen_removed,2017-12-27,2018-02-13,48,33,17.38,17.185,0.98878
DEZU,padding_only,False,,frozen_removed,2018-10-30,2018-11-27,28,20,25.87,26.16,1.01121
BIO.B,padding_only,False,,frozen_removed,2021-10-04,2021-10-15,11,10,738.1,729.86,0.988836
NRXP,padding_only,False,,frozen_removed,2018-03-02,2018-03-15,13,10,98.6,97.5,0.988844
EEH,padding_only,False,,frozen_removed,2020-04-30,2020-05-21,21,16,21.68,21.44,0.98893
HAHA,padding_only,False,,frozen_removed,2017-11-27,2017-12-08,11,10,34.046,33.67,0.988956
BTYS,padding_only,False,,frozen_removed,2020-10-15,2020-10-30,15,12,39.86,40.3,1.011039
HCCH,padding_only,False,,frozen_removed,2020-04-09,2020-04-29,20,14,10.59,10.4733,0.98898
DFVL,padding_only,False,,frozen_removed,2016-04-11,2016-04-27,16,13,71.89,71.1,0.989011
HCMA,padding_only,False,,frozen_removed,2022-05-05,2022-05-19,14,11,10.03,9.92,0.989033
MRNO,padding_only,False,,frozen_removed,2022-05-05,2022-05-19,14,11,10.03,9.92,0.989033
DFVL,padding_only,False,,frozen_removed,2020-07-21,2020-08-20,30,23,84.0,84.92,1.010952
EDOM,padding_only,False,,frozen_removed,2018-09-13,2018-09-27,14,11,27.4099,27.11,0.989059
NEXT,padding_only,False,2016-02-08,trim_to_boundary,2016-07-28,2016-08-10,13,10,10.08,10.1901,1.010923
OYSE,padding_only,False,,frozen_removed,2026-01-08,2026-01-22,14,10,10.1,10.21,1.010891
KELYB,padding_only,False,2020-08-11,trim_to_boundary,2023-06-23,2023-07-13,20,14,18.198,18.0,0.98912
MACQ,padding_only,False,,frozen_removed,2017-04-25,2017-05-10,15,12,10.12,10.01,0.98913
PRTH,padding_only,False,,frozen_removed,2017-04-25,2017-05-10,15,12,10.12,10.01,0.98913
HGSD,padding_only,False,,frozen_removed,2018-03-23,2018-04-18,26,18,25.28,25.5548,1.01087
BIO.B,padding_only,False,,frozen_removed,2018-06-11,2018-06-26,15,12,296.2,292.9847,0.989145
TYNS,padding_only,False,2016-02-10,trim_to_boundary,2016-04-12,2016-04-27,15,12,28.57,28.26,0.989149
MLPB,padding_only,False,,frozen_removed,2019-03-18,2019-06-06,80,57,22.37,22.1276,0.989164
DFVL,padding_only,False,,frozen_removed,2018-04-16,2018-05-25,39,30,61.9699,62.64,1.010813
BIO.B,padding_only,False,,frozen_removed,2017-12-28,2018-01-25,28,19,255.25,258.0,1.010774
AMUB,padding_only,False,,frozen_removed,2018-03-09,2018-05-24,76,54,17.185,17.0,0.989235
AMUB,padding_only,False,,frozen_removed,2016-11-25,2016-12-20,25,18,19.4215,19.6304,1.010756
SBE.U,padding_only,False,,frozen_removed,2019-12-19,2020-01-03,15,10,10.0001,10.1075,1.01074
WSO.B,padding_only,False,,frozen_removed,2017-09-29,2017-10-24,25,18,160.15,161.87,1.01074
TAP.A,padding_only,False,,frozen_removed,2017-01-11,2017-01-27,16,12,96.03,95.0,0.989274
AGM.A,padding_only,False,,frozen_removed,2023-08-22,2023-09-13,22,16,141.0,142.51,1.010709
SDA,padding_only,False,,frozen_removed,2022-12-28,2023-01-11,14,10,10.29,10.4,1.01069
GPAC,padding_only,False,,frozen_removed,2024-05-06,2024-05-17,11,10,11.23,11.35,1.010686
SDST,padding_only,False,2021-03-05,trim_to_boundary,2024-05-06,2024-05-17,11,10,112.3,113.5,1.010686
BRAC,padding_only,False,2022-02-23,trim_to_boundary,2024-05-20,2024-06-12,23,17,11.28,11.4,1.010638
KELYB,padding_only,False,2020-08-11,trim_to_boundary,2024-08-12,2024-08-29,17,14,20.78,21.0,1.010587
BDCZ,padding_only,False,,frozen_removed,2018-10-23,2018-11-26,34,24,19.44,19.2345,0.989429
GJP,padding_only,False,,frozen_removed,2023-11-13,2023-12-05,22,16,24.8,24.5381,0.98944
JBK,padding_only,False,,frozen_removed,2022-11-28,2022-12-21,23,18,25.71,25.4401,0.989502
ABLV,padding_only,False,,frozen_removed,2023-05-25,2023-06-09,15,11,10.49,10.6,1.010486
JBK,padding_only,False,,frozen_removed,2025-11-11,2025-12-01,20,14,25.77,25.5,0.989523
UDBI,padding_only,False,,frozen_removed,2017-06-21,2017-07-19,28,20,29.6399,29.95,1.010462
UBG,padding_only,False,,frozen_removed,2018-07-30,2018-08-10,11,10,30.7,30.38,0.989577
CNSF,padding_only,False,,frozen_removed,2017-06-01,2017-06-15,14,11,25.97,25.7,0.989603
EUFL,padding_only,False,,frozen_removed,2016-11-08,2016-12-01,23,17,30.7704,31.09,1.010387
GJP,padding_only,False,,frozen_removed,2018-09-14,2018-09-28,14,11,22.76,22.9962,1.010378
ENSC,pre_listing_padding,False,2018-03-14,trim_to_boundary,2018-02-26,2018-03-13,15,12,34740.0,34380.0,0.989637
DGICB,padding_only,False,,frozen_removed,2019-06-24,2019-07-11,17,13,14.5,14.65,1.010345
SENEB,padding_only,False,,frozen_removed,2024-01-18,2024-02-06,19,14,53.2,52.65,0.989662
TYNS,padding_only,False,2016-02-10,trim_to_boundary,2017-10-03,2017-10-16,13,10,27.8032,28.0905,1.010333
UTLF,padding_only,False,,frozen_removed,2017-05-31,2017-06-23,23,18,27.28,27.561,1.010301
DTYL,padding_only,False,,frozen_removed,2020-04-08,2020-04-28,20,14,96.35,97.34,1.010275
TYNS,padding_only,False,2016-02-10,trim_to_boundary,2018-06-08,2018-06-22,14,11,29.195,28.8952,0.989731
TH,pre_listing_padding,False,2018-04-16,trim_to_boundary,2017-11-30,2018-03-08,98,67,9.75,9.85,1.010256
TH,padding_only,False,2018-04-16,trim_to_boundary,2018-03-09,2018-04-13,35,25,9.75,9.85,1.010256
KELYB,padding_only,False,2020-08-11,trim_to_boundary,2016-04-06,2016-05-06,30,23,18.56,18.75,1.010237
AEVA,padding_only,False,,frozen_removed,2020-04-24,2020-05-29,35,25,48.95,48.45,0.989785
GPAC,padding_only,False,,frozen_removed,2016-10-31,2016-11-14,14,11,9.8,9.9,1.010204
GRML,padding_only,False,,frozen_removed,2024-01-31,2024-02-13,13,10,539.0,544.5,1.010204
PRPL,padding_only,False,,frozen_removed,2016-10-31,2016-11-14,14,11,245.0,247.5,1.010204
RMNI,padding_only,False,,frozen_removed,2016-10-10,2016-11-02,23,18,9.82,9.72,0.989817
MAYS,padding_only,False,,frozen_removed,2019-11-15,2019-12-02,17,11,33.1631,33.5,1.010159
OVLC,padding_only,False,,frozen_removed,2017-04-27,2017-05-23,26,19,27.6098,27.89,1.010149
BIO.B,padding_only,False,,frozen_removed,2016-08-18,2016-09-01,14,11,152.95,151.4,0.989866
GDC,padding_only,False,,frozen_removed,2016-09-02,2016-10-03,31,21,37125.0,37499.63,1.010091
INV,padding_only,False,,frozen_removed,2022-04-28,2022-05-11,13,10,9.92,9.82,0.989919
XINA,padding_only,False,,frozen_removed,2016-01-28,2016-02-11,14,11,18.87,18.68,0.989931
DGICB,padding_only,False,,frozen_removed,2016-01-14,2016-01-28,14,10,15.6272,15.47,0.989941
AMUB,padding_only,False,,frozen_removed,2019-04-09,2019-05-23,44,32,16.223,16.0599,0.989946
UBC,padding_only,False,,frozen_removed,2018-05-14,2018-06-01,18,14,17.91,18.09,1.01005
DEZU,padding_only,False,,frozen_removed,2016-10-17,2016-11-16,30,23,22.93,22.7,0.989969
VESH,padding_only,False,,frozen_removed,2018-09-13,2018-09-27,14,11,21.36,21.1462,0.989991
PR,pre_listing_padding,False,2016-05-02,trim_to_boundary,2016-04-15,2016-04-29,14,11,10.0,10.1,1.01
UBM,padding_only,False,,frozen_removed,2016-10-07,2016-10-26,19,14,12.7005,12.8275,1.01
VRRM,pre_listing_padding,False,2017-04-10,trim_to_boundary,2017-03-24,2017-04-07,14,11,10.0,10.0999,1.00999
DTYL,padding_only,False,,frozen_removed,2018-02-09,2018-06-06,117,81,73.14,72.41,0.990019
PBSK,padding_only,False,,frozen_removed,2017-02-10,2017-02-24,14,10,20.05,20.25,1.009975
DFVS,padding_only,False,,frozen_removed,2017-07-17,2017-08-14,28,21,28.1,27.82,0.990036
PBM,padding_only,False,,frozen_removed,2023-08-02,2023-08-21,19,14,41282.11,41693.06,1.009955
DFVS,padding_only,False,,frozen_removed,2018-03-08,2018-04-06,29,21,35.2,35.55,1.009943
GYRO,padding_only,False,,frozen_removed,2019-10-22,2019-11-04,13,10,19.9483,19.75,0.990059
OILU,padding_only,False,2021-11-09,trim_to_boundary,2016-08-22,2016-09-02,11,10,25.25,25.0,0.990099
STPP,padding_only,False,2016-01-19,trim_to_boundary,2020-06-02,2020-06-19,17,14,25.25,25.0,0.990099
UBC,padding_only,False,,frozen_removed,2018-01-31,2018-02-20,20,14,20.2,20.0,0.990099
DFBHU,padding_only,False,,frozen_removed,2018-12-03,2019-01-08,36,24,10.1,10.2,1.009901
SLXN,padding_only,False,,frozen_removed,2024-03-12,2024-03-25,13,10,14998.5,15147.0,1.009901
DFVL,padding_only,False,,frozen_removed,2018-02-05,2018-03-05,28,20,61.63,61.02,0.990102
QETA,padding_only,False,,frozen_removed,2025-07-21,2025-08-21,31,24,11.12,11.01,0.990108
UCIB,padding_only,False,,frozen_removed,2019-06-19,2019-07-08,19,13,14.19,14.33,1.009866
MSAI,padding_only,False,,frozen_removed,2023-09-05,2023-09-21,16,13,425.8,430.0,1.009864
RXD,padding_only,False,,frozen_removed,2017-07-19,2017-08-04,16,13,133.92,132.6,0.990143
MLPB,padding_only,False,,frozen_removed,2017-11-06,2017-12-06,30,22,23.46,23.23,0.990196
NUAI,padding_only,False,,frozen_removed,2024-08-14,2024-09-05,22,16,11.25,11.14,0.990222
JEM,padding_only,False,2025-06-09,trim_to_boundary,2016-08-17,2016-09-08,22,16,7103.81,7034.4,0.990229
JPEH,padding_only,False,,frozen_removed,2017-08-16,2017-09-01,16,13,27.74,27.47,0.990267
AHPAU,padding_only,False,,frozen_removed,2017-11-03,2017-11-30,27,19,10.3492,10.25,0.990415
DFVS,padding_only,False,,frozen_removed,2016-04-27,2016-05-26,29,22,26.3479,26.6,1.009568
DRR,padding_only,False,,frozen_removed,2019-01-18,2019-02-04,17,11,57.64,57.0901,0.99046
DTYL,padding_only,False,,frozen_removed,2017-10-06,2017-10-24,18,13,76.61,77.34,1.009529
MYSZ,padding_only,False,,frozen_removed,2016-09-16,2016-12-07,82,58,1890000.0,1908000.0,1.009524
AMUB,padding_only,False,,frozen_removed,2019-01-29,2019-02-11,13,10,15.83,15.68,0.990524
OVLC,padding_only,False,,frozen_removed,2016-08-31,2016-09-20,20,14,26.25,26.003,0.99059
IEMD,padding_only,False,,frozen_removed,2019-06-04,2019-06-19,15,12,25.54,25.78,1.009397
GJP,padding_only,False,,frozen_removed,2021-04-30,2021-06-07,38,26,24.52,24.75,1.00938
ULBR,padding_only,False,2017-09-27,trim_to_boundary,2019-04-11,2019-04-26,15,11,30.825,30.5359,0.990621
DDMX,padding_only,False,,frozen_removed,2019-01-03,2019-01-28,25,17,9.8,9.7081,0.990622
TAP.A,padding_only,False,,frozen_removed,2023-10-24,2023-12-13,50,36,64.18,64.78,1.009349
DFVL,padding_only,False,,frozen_removed,2017-09-12,2017-10-30,48,35,67.43,66.8,0.990657
TYNS,padding_only,False,2016-02-10,trim_to_boundary,2018-07-31,2018-08-15,15,12,29.09,28.82,0.990718
ABTC,padding_only,False,,frozen_removed,2018-04-27,2018-05-10,13,10,291000.0,288300.0,0.990722
MTEC,padding_only,False,,frozen_removed,2018-04-27,2018-05-10,13,10,9.7,9.61,0.990722
HAHA,padding_only,False,,frozen_removed,2018-05-03,2018-05-31,28,20,31.5466,31.839,1.009269
INSE,padding_only,False,,frozen_removed,2016-02-09,2016-03-04,24,18,9.71,9.8,1.009269
MTECU,padding_only,False,,frozen_removed,2018-09-25,2018-10-08,13,10,11.8999,12.01,1.009252
YHGJ,padding_only,False,,frozen_removed,2017-09-11,2017-09-26,15,12,41.12,41.5,1.009241
WYDE,padding_only,False,,frozen_removed,2016-08-18,2016-09-02,15,12,35.75,35.42,0.990769
WSC,padding_only,False,,frozen_removed,2016-07-08,2016-07-21,13,10,9.79,9.7,0.990807
GJP,padding_only,False,,frozen_removed,2025-03-10,2025-03-21,11,10,24.39,24.614,1.009184
TBRGU,padding_only,False,,frozen_removed,2019-04-10,2019-04-26,16,12,10.95,11.05,1.009132
GRMY,padding_only,False,,frozen_removed,2017-11-10,2017-12-04,24,16,24.63,24.4052,0.990873
WYDE,padding_only,False,,frozen_removed,2019-04-02,2019-04-15,13,10,31.29,31.005,0.990892
HFBL,padding_only,False,,frozen_removed,2017-10-19,2017-11-01,13,10,13.23,13.35,1.00907
DEWJ,padding_only,False,,frozen_removed,2018-05-02,2018-06-11,40,28,29.68,29.949,1.009063
HAHA,padding_only,False,,frozen_removed,2018-08-15,2018-08-28,13,10,27.1244,27.37,1.009055
FLAT,padding_only,False,,frozen_removed,2018-08-02,2018-08-15,13,10,63.0408,63.61,1.009029
PNRG,padding_only,False,,frozen_removed,2017-01-20,2017-02-02,13,10,56.5,55.99,0.990973
USV,padding_only,False,,frozen_removed,2017-09-21,2017-10-13,22,17,22.28,22.48,1.008977
GRML,padding_only,False,,frozen_removed,2022-12-20,2023-01-04,15,10,502.0,506.5,1.008964
AMUB,padding_only,False,,frozen_removed,2019-06-11,2019-06-24,13,10,15.6499,15.51,0.991061
XMX,padding_only,False,,frozen_removed,2018-08-02,2018-08-16,14,11,30.24,29.97,0.991071
LCAHU,padding_only,False,2021-03-25,trim_to_boundary,2023-05-30,2023-06-20,21,15,10.11,10.2,1.008902
DTYL,padding_only,False,,frozen_removed,2016-02-29,2016-03-24,24,19,80.91,80.1899,0.9911
GJP,padding_only,False,,frozen_removed,2018-01-18,2018-01-31,13,10,22.55,22.75,1.008869
WSO.B,padding_only,False,,frozen_removed,2019-10-29,2019-11-11,13,10,176.0,177.56,1.008864
UTLF,padding_only,False,,frozen_removed,2018-04-27,2018-05-10,13,10,25.42,25.6448,1.008843
SCC,padding_only,False,,frozen_removed,2017-10-06,2017-10-19,13,10,227.35,229.36,1.008841
AIFA,padding_only,False,,frozen_removed,2018-09-12,2018-09-28,16,13,58.88,59.4,1.008832
PYT,padding_only,False,,frozen_removed,2025-05-19,2025-06-03,15,11,22.75,22.95,1.008791
URR,padding_only,False,,frozen_removed,2019-05-20,2019-06-21,32,24,16.0,15.86,0.99125
MLTI,padding_only,False,,frozen_removed,2018-06-22,2018-07-06,14,10,28.05,28.2952,1.008742
EAGLU,padding_only,False,,frozen_removed,2016-11-07,2016-12-02,25,19,10.31,10.4,1.008729
RMSG,padding_only,False,2024-11-20,trim_to_boundary,2022-11-30,2022-12-23,23,18,10.31,10.4,1.008729
FLAT,padding_only,False,,frozen_removed,2019-02-14,2019-02-28,14,10,64.2201,64.78,1.008718
STNLU,padding_only,False,,frozen_removed,2019-08-02,2019-08-15,13,10,10.31,10.3998,1.00871
BRAC,padding_only,False,2022-02-23,trim_to_boundary,2018-09-12,2018-09-28,16,13,9.8139,9.8993,1.008702
EURK,padding_only,False,,frozen_removed,2026-05-18,2026-06-01,14,10,11.5,11.4,0.991304
LLQD,padding_only,False,,frozen_removed,2018-02-14,2018-03-02,16,12,48.38,47.96,0.991319
SAGG,padding_only,False,,frozen_removed,2019-10-22,2019-11-06,15,12,29.64,29.8973,1.008681
DDG,padding_only,False,,frozen_removed,2018-08-28,2018-09-20,23,17,21.4527,21.2674,0.991362
SBC,padding_only,False,,frozen_removed,2023-07-11,2023-07-27,16,13,10.44,10.35,0.991379
DTSQ,padding_only,False,,frozen_removed,2025-06-04,2025-06-23,19,13,10.47,10.38,0.991404
MKDW,padding_only,False,,frozen_removed,2024-02-02,2024-02-22,20,14,314.4,317.1,1.008588
RIBB,padding_only,False,,frozen_removed,2026-04-01,2026-04-23,22,16,10.51,10.6,1.008563
DTUL,padding_only,False,,frozen_removed,2016-03-17,2016-04-15,29,21,65.54,66.1,1.008544
GJP,padding_only,False,,frozen_removed,2025-08-27,2025-09-10,14,10,24.65,24.44,0.991481
FOXX,padding_only,False,2022-08-08,trim_to_boundary,2023-05-02,2023-05-15,13,10,10.57,10.66,1.008515
MLPB,padding_only,False,,frozen_removed,2018-09-26,2018-10-10,14,11,23.8631,23.66,0.991489
JTAI,padding_only,False,,frozen_removed,2023-01-27,2023-02-23,27,19,476100.0,480150.0,1.008507
DEWJ,padding_only,False,,frozen_removed,2019-03-20,2019-04-11,22,17,26.94,27.169,1.0085
VXZ,padding_only,False,,frozen_removed,2018-08-01,2018-09-05,35,25,72.94,72.32,0.9915
RMSG,padding_only,False,2024-11-20,trim_to_boundary,2023-01-30,2023-02-16,17,14,10.61,10.52,0.991517
GDC,padding_only,False,,frozen_removed,2016-03-23,2016-04-13,21,15,35512.5,35812.5,1.008448
DTYL,padding_only,False,,frozen_removed,2018-12-21,2019-01-29,39,25,76.0,76.64,1.008421
BDCZ,padding_only,False,,frozen_removed,2018-03-01,2018-03-15,14,11,19.595,19.4301,0.991585
CNY,padding_only,False,,frozen_removed,2018-08-09,2018-08-23,14,11,43.06,42.7,0.99164
PBM,padding_only,False,,frozen_removed,2023-05-19,2023-06-06,18,12,40236.05,40572.28,1.008356
EMCG,padding_only,False,2022-09-30,trim_to_boundary,2025-05-20,2025-06-03,14,10,12.0,12.1,1.008333
OVLC,padding_only,False,,frozen_removed,2018-11-13,2018-11-27,14,10,31.39,31.13,0.991717
DDMXU,padding_only,False,,frozen_removed,2019-07-12,2019-07-26,14,11,10.156,10.24,1.008271
GYRO,padding_only,False,,frozen_removed,2020-02-04,2020-02-18,14,10,18.5962,18.75,1.008271
GCL,padding_only,False,,frozen_removed,2024-03-08,2024-03-22,14,11,10.9,10.81,0.991743
RMNI,padding_only,False,,frozen_removed,2016-04-01,2016-04-14,13,10,9.72,9.64,0.99177
KOR,padding_only,False,2020-08-12,trim_to_boundary,2016-11-03,2016-12-05,32,22,23.41,23.2181,0.991803
WLYB,padding_only,False,,frozen_removed,2024-07-17,2024-07-31,14,11,47.66,48.05,1.008183
WSO.B,padding_only,False,,frozen_removed,2021-08-11,2021-09-23,43,31,275.15,277.4,1.008177
DBUK,padding_only,False,,frozen_removed,2018-07-11,2018-08-21,41,30,22.04,21.86,0.991833
PYT,padding_only,False,,frozen_removed,2022-02-10,2022-03-07,25,17,24.5,24.3,0.991837
NRGZ,padding_only,False,2020-06-05,trim_to_boundary,2020-09-30,2020-10-19,19,14,54.33,54.77,1.008099
MGYR,padding_only,False,,frozen_removed,2016-03-30,2016-04-12,13,10,9.88,9.8,0.991903
WSO.B,padding_only,False,,frozen_removed,2023-07-24,2023-09-21,59,43,367.15,364.19,0.991938
LBTYB,padding_only,False,,frozen_removed,2017-06-23,2017-07-07,14,10,31.05,31.3,1.008052
GCL,padding_only,False,,frozen_removed,2024-10-11,2024-10-31,20,15,11.2,11.29,1.008036
LOAC,padding_only,False,2018-10-31,trim_to_boundary,2019-11-11,2019-11-22,11,10,10.337,10.42,1.008029
AGM.A,padding_only,False,,frozen_removed,2024-05-15,2024-06-11,27,19,138.6,139.71,1.008009
NRXP,padding_only,False,,frozen_removed,2018-10-17,2018-10-30,13,10,100.2,101.0,1.007984
LBTYB,padding_only,False,,frozen_removed,2017-04-13,2017-05-01,18,12,37.0,37.295,1.007973
JPIH,padding_only,False,,frozen_removed,2018-07-10,2018-07-24,14,11,30.0803,30.32,1.007969
TWLVU,padding_only,False,,frozen_removed,2026-06-01,2026-06-23,22,16,10.09,10.1704,1.007968
WSO.B,padding_only,False,,frozen_removed,2017-01-03,2017-01-20,17,13,148.75,149.935,1.007966
FLAT,padding_only,False,,frozen_removed,2018-10-15,2018-11-02,18,15,63.792,63.2849,0.992051
URR,padding_only,False,,frozen_removed,2018-09-12,2018-09-28,16,13,17.07,17.2056,1.007944
VQT,padding_only,False,,frozen_removed,2018-07-23,2018-08-03,11,10,168.075,166.74,0.992057
HHYX,padding_only,False,,frozen_removed,2018-03-19,2018-04-17,29,21,27.75,27.97,1.007928
HQBD,padding_only,False,,frozen_removed,2017-05-10,2017-06-06,27,19,50.59,50.99,1.007907
WYDE,padding_only,False,,frozen_removed,2017-02-07,2017-02-24,17,13,34.16,33.89,0.992096
DFVL,padding_only,False,,frozen_removed,2016-04-28,2016-05-26,28,21,71.1001,70.54,0.992122
STPP,padding_only,False,2016-01-19,trim_to_boundary,2017-08-24,2017-09-11,18,12,31.75,32.0,1.007874
GIX.U,padding_only,False,,frozen_removed,2021-04-06,2021-04-19,13,10,10.7653,10.85,1.007868
GSHR,padding_only,False,,frozen_removed,2025-08-01,2025-08-14,13,10,10.19,10.11,0.992149
DTYL,padding_only,False,,frozen_removed,2016-09-14,2016-10-07,23,18,81.62,80.98,0.992159
IMFC,padding_only,False,2018-10-29,trim_to_boundary,2019-02-15,2019-03-25,38,26,25.34,25.5383,1.007826
TAP.A,padding_only,False,,frozen_removed,2023-12-14,2024-01-16,33,21,64.0,63.5,0.992188
DTUL,padding_only,False,,frozen_removed,2016-06-15,2016-08-16,62,44,65.8,66.312,1.007781
DFBHU,padding_only,False,,frozen_removed,2018-10-19,2018-11-12,24,17,10.3,10.22,0.992233
HVT.A,padding_only,False,,frozen_removed,2020-05-27,2020-06-09,13,10,18.03,17.89,0.992235
AHPAU,padding_only,False,,frozen_removed,2018-04-19,2018-06-08,50,36,10.33,10.25,0.992256
SCTO,padding_only,False,,frozen_removed,2018-04-03,2018-04-16,13,10,25.9244,26.125,1.007738
BERN,padding_only,False,,frozen_removed,2018-10-29,2018-11-23,25,19,27.36,27.15,0.992325
OILX,padding_only,False,,frozen_removed,2018-02-26,2018-03-14,16,13,35.21,35.48,1.007668
JENA,padding_only,False,,frozen_removed,2026-07-16,2026-08-05,20,15,10.44,10.36,0.992337
NUAI,padding_only,False,,frozen_removed,2022-05-13,2022-05-26,13,10,9.815,9.89,1.007641
LBTYB,padding_only,False,,frozen_removed,2018-03-20,2018-04-24,35,25,32.8,32.55,0.992378
MAYS,padding_only,False,,frozen_removed,2019-02-12,2019-02-27,15,11,39.501,39.2,0.99238
INR,padding_only,False,2025-01-31,trim_to_boundary,2017-02-14,2017-03-07,21,15,39.3699,39.0701,0.992385
LOAC,padding_only,False,2018-10-31,trim_to_boundary,2020-05-13,2020-05-28,15,11,10.5201,10.6,1.007595
RIBB,padding_only,False,,frozen_removed,2026-03-09,2026-03-26,17,14,10.59,10.51,0.992446
UDBI,padding_only,False,,frozen_removed,2016-04-04,2016-04-27,23,18,25.82,26.015,1.007552
MLPS,padding_only,False,,frozen_removed,2017-06-12,2017-06-29,17,14,11.67,11.758,1.007541
HACV,padding_only,False,,frozen_removed,2018-06-04,2018-06-19,15,12,29.29,29.5108,1.007538
KELYB,padding_only,False,2020-08-11,trim_to_boundary,2018-10-29,2018-11-19,21,16,22.6,22.43,0.992478
HBNB,padding_only,False,,frozen_removed,2025-03-19,2025-04-07,19,14,10.65,10.73,1.007512
MSAI,padding_only,False,,frozen_removed,2023-08-03,2023-08-25,22,17,426.0,422.8,0.992488
UAG,padding_only,False,,frozen_removed,2018-08-23,2018-09-06,14,10,15.98,16.1,1.007509
CMSSU,padding_only,False,,frozen_removed,2018-11-08,2018-11-23,15,11,10.68,10.6,0.992509
VESH,padding_only,False,,frozen_removed,2018-08-21,2018-09-12,22,16,21.36,21.2,0.992509
BIO.B,padding_only,False,,frozen_removed,2016-02-29,2016-03-17,17,14,134.0,135.0,1.007463
TVGN,padding_only,False,,frozen_removed,2023-08-23,2023-09-15,23,17,536.0,540.0,1.007463
TYNS,padding_only,False,2016-02-10,trim_to_boundary,2019-08-26,2019-09-20,25,19,25.8934,26.086,1.007438
MLQD,padding_only,False,,frozen_removed,2018-02-05,2018-02-16,11,10,48.52,48.16,0.99258
XINA,padding_only,False,,frozen_removed,2017-02-17,2017-03-03,14,10,21.719,21.88,1.007413
TAP.A,padding_only,False,,frozen_removed,2017-04-10,2017-04-25,15,11,96.19,95.48,0.992619
ALF,padding_only,False,2024-08-01,trim_to_boundary,2026-09-01,2026-09-15,14,10,10.88,10.8,0.992647
OVLC,padding_only,False,,frozen_removed,2018-02-06,2018-03-05,27,19,29.95,30.17,1.007346
LCAHU,padding_only,False,2021-03-25,trim_to_boundary,2022-05-18,2022-06-01,14,10,9.8477,9.92,1.007342
ENSC,padding_only,False,2018-03-14,trim_to_boundary,2018-04-25,2018-05-10,15,12,34380.0,34632.0,1.00733
FLAT,padding_only,False,,frozen_removed,2017-07-28,2017-08-10,13,10,62.4572,62.0,0.99268
UBM,padding_only,False,,frozen_removed,2017-08-21,2017-09-12,22,16,16.46,16.58,1.00729
UTLF,padding_only,False,,frozen_removed,2017-10-20,2017-11-02,13,10,27.5,27.7,1.007273
BUZ,padding_only,False,,frozen_removed,2016-09-16,2016-10-05,19,14,25.5,25.685,1.007255
BAYA,padding_only,False,,frozen_removed,2025-07-17,2025-07-30,13,10,11.05,11.13,1.00724
GRSH,padding_only,False,,frozen_removed,2016-03-31,2016-04-19,19,14,9.67,9.74,1.007239
BIO.B,padding_only,False,,frozen_removed,2023-07-17,2023-09-15,60,44,371.1,373.7847,1.007234
HAHA,padding_only,False,,frozen_removed,2017-03-07,2017-03-31,24,19,27.66,27.86,1.007231
SRTA,padding_only,False,,frozen_removed,2019-11-19,2019-12-03,14,10,9.72,9.79,1.007202
MLTI,padding_only,False,,frozen_removed,2017-07-25,2017-08-09,15,12,28.8533,28.6457,0.992805
DGICB,padding_only,False,,frozen_removed,2021-05-04,2021-05-18,14,11,14.8769,14.77,0.992814
IMVT,padding_only,False,,frozen_removed,2019-08-09,2019-08-26,17,12,9.8,9.87,1.007143
AMCI,padding_only,False,,frozen_removed,2024-11-18,2024-12-03,15,11,11.23,11.31,1.007124
SENEB,padding_only,False,,frozen_removed,2018-07-02,2018-07-16,14,10,28.1,28.3,1.007117
INSE,padding_only,False,,frozen_removed,2016-04-26,2016-05-16,20,15,9.8301,9.9,1.007111
UBG,padding_only,False,,frozen_removed,2018-04-23,2018-05-04,11,10,33.75,33.51,0.992889
LOAC,padding_only,False,2018-10-31,trim_to_boundary,2020-02-20,2020-03-06,15,12,10.595,10.52,0.992921
HACV,padding_only,False,,frozen_removed,2017-08-17,2017-08-31,14,11,28.13,28.329,1.007074
DTYL,padding_only,False,,frozen_removed,2018-08-10,2018-09-07,28,20,72.11,72.62,1.007073
ENGN,padding_only,False,,frozen_removed,2022-03-17,2022-03-30,13,10,9.9,9.97,1.007071
GIX.U,padding_only,False,,frozen_removed,2020-03-20,2020-04-06,17,12,10.337,10.41,1.007062
VACI,padding_only,False,,frozen_removed,2026-03-23,2026-04-06,14,10,9.93,10.0,1.007049
SENEB,padding_only,False,,frozen_removed,2016-10-05,2016-10-27,22,17,35.5,35.75,1.007042
SAMA,padding_only,False,,frozen_removed,2023-07-03,2023-08-04,32,24,10.47,10.5437,1.007039
BEBE,padding_only,False,2026-02-06,trim_to_boundary,2026-03-13,2026-03-27,14,11,9.95,9.88,0.992965
MRT,padding_only,False,,frozen_removed,2022-09-16,2022-10-11,25,18,9.97,10.04,1.007021
RALS,padding_only,False,,frozen_removed,2020-10-07,2020-10-20,13,10,29.9702,29.76,0.992986
DFVL,padding_only,False,,frozen_removed,2021-05-11,2021-06-10,30,22,81.99,82.565,1.007013
FOXX,padding_only,False,2022-08-08,trim_to_boundary,2022-09-21,2022-10-24,33,24,10.05,9.98,0.993035
HTCO,padding_only,False,,frozen_removed,2022-10-12,2022-10-31,19,14,251.75,253.5,1.006951
ALAC,padding_only,False,,frozen_removed,2019-08-30,2019-09-24,25,17,10.16,10.23,1.00689
VNME,padding_only,False,,frozen_removed,2026-07-14,2026-07-27,13,10,10.17,10.24,1.006883
GJT,padding_only,False,,frozen_removed,2018-09-17,2018-10-03,16,13,21.25,21.3959,1.006866
OVLC,padding_only,False,,frozen_removed,2017-02-23,2017-03-08,13,10,27.69,27.4999,0.993135
MLQD,padding_only,False,,frozen_removed,2018-03-01,2018-03-29,28,21,48.333,48.002,0.993152
DDMXU,padding_only,False,,frozen_removed,2019-08-20,2019-09-03,14,10,10.5,10.4287,0.99321
DFVS,padding_only,False,,frozen_removed,2017-06-20,2017-07-10,20,14,28.74,28.935,1.006785
KELYB,padding_only,False,2020-08-11,trim_to_boundary,2016-03-11,2016-03-28,17,11,17.7,17.82,1.00678
PRME,padding_only,False,,frozen_removed,2016-03-18,2016-04-05,18,12,20.67,20.5299,0.993222
TWLVU,padding_only,False,,frozen_removed,2018-09-28,2018-10-26,28,21,10.35,10.28,0.993237
DFVL,padding_only,False,,frozen_removed,2016-06-14,2016-07-06,22,16,74.1299,73.6301,0.993258
TYNS,padding_only,False,2016-02-10,trim_to_boundary,2018-07-09,2018-07-27,18,15,28.8952,29.09,1.006742
HWH,padding_only,False,2023-08-25,trim_to_boundary,2023-06-20,2023-07-10,20,14,52.0,52.35,1.006731
TYNS,padding_only,False,2016-02-10,trim_to_boundary,2017-05-10,2017-05-23,13,10,28.44,28.2489,0.993281
FNTEU,padding_only,False,,frozen_removed,2018-05-16,2018-06-21,36,26,10.42,10.35,0.993282
MLQD,padding_only,False,,frozen_removed,2018-04-06,2018-04-19,13,10,48.002,47.68,0.993292
OVLC,padding_only,False,,frozen_removed,2018-09-12,2018-10-05,23,18,32.3728,32.1563,0.993312
MOBX,padding_only,False,,frozen_removed,2023-03-10,2023-03-24,14,11,104.7,105.4,1.006686
NIVF,padding_only,False,,frozen_removed,2023-05-22,2023-06-16,25,19,5653800.0,5691600.0,1.006686
FSHP,padding_only,False,,frozen_removed,2025-05-15,2025-06-03,19,13,10.48,10.41,0.993321
SHMD,padding_only,False,,frozen_removed,2023-04-28,2023-05-15,17,12,10.5,10.57,1.006667
FRMM,padding_only,False,,frozen_removed,2020-01-31,2020-03-03,32,22,40090.0,40357.14,1.006664
PYT,padding_only,False,,frozen_removed,2020-06-15,2020-06-29,14,11,21.8877,21.7421,0.993348
TYNS,padding_only,False,2016-02-10,trim_to_boundary,2017-02-28,2017-03-16,16,13,28.6892,28.88,1.006651
UDBI,padding_only,False,,frozen_removed,2017-02-24,2017-03-14,18,13,28.61,28.8,1.006641
DBUK,padding_only,False,,frozen_removed,2017-12-07,2017-12-22,15,12,21.64,21.7828,1.006599
BIO.B,padding_only,False,,frozen_removed,2025-11-18,2026-01-16,59,41,310.7,312.75,1.006598
WSO.B,padding_only,False,,frozen_removed,2018-08-13,2018-08-24,11,10,172.86,174.0,1.006595
PGAC,padding_only,False,,frozen_removed,2026-08-13,2026-09-02,20,15,10.68,10.75,1.006554
EEH,padding_only,False,,frozen_removed,2017-08-16,2017-08-31,15,12,18.01,18.128,1.006552
VEACU,padding_only,False,,frozen_removed,2019-02-21,2019-03-08,15,12,10.23,10.297,1.006549
GRML,padding_only,False,,frozen_removed,2023-12-26,2024-01-24,29,20,535.0,538.5,1.006542
PBM,padding_only,False,,frozen_removed,2023-05-03,2023-05-17,14,11,39974.53,40236.05,1.006542
NRGU,padding_only,False,2025-02-20,trim_to_boundary,2019-11-21,2019-12-09,18,12,856.6,851.0,0.993463
XBP,padding_only,False,,frozen_removed,2023-05-15,2023-05-30,15,11,107.4,108.1,1.006518
HEUS,padding_only,False,,frozen_removed,2017-07-03,2017-07-27,24,18,27.6896,27.87,1.006515
UYSC,padding_only,False,,frozen_removed,2026-07-29,2026-08-13,15,12,10.78,10.85,1.006494
PRME,padding_only,False,,frozen_removed,2019-08-02,2019-08-16,14,11,20.44,20.5725,1.006482
JSYNU,padding_only,False,,frozen_removed,2018-01-04,2018-02-02,29,21,10.8,10.87,1.006481
HQBD,padding_only,False,,frozen_removed,2017-06-28,2017-10-19,113,80,50.8695,50.54,0.993523
UCIB,padding_only,False,,frozen_removed,2019-07-11,2019-07-25,14,11,14.33,14.4223,1.006441
HEUS,padding_only,False,,frozen_removed,2016-04-20,2016-05-05,15,12,24.98,24.82,0.993595
USML,padding_only,False,,frozen_removed,2025-11-06,2025-11-20,14,11,41.0621,41.3246,1.006393
ZEO,padding_only,False,,frozen_removed,2023-06-09,2023-06-23,14,10,10.95,10.88,0.993607
SBC,padding_only,False,,frozen_removed,2023-06-07,2023-06-22,15,11,10.225,10.29,1.006357
HCCH,padding_only,False,,frozen_removed,2019-11-22,2019-12-11,19,13,10.26,10.325,1.006335
BDCZ,padding_only,False,,frozen_removed,2018-08-15,2018-08-31,16,13,20.771,20.902,1.006307
SAGG,padding_only,False,,frozen_removed,2017-05-03,2017-05-16,13,10,31.49,31.2914,0.993693
JPIH,padding_only,False,,frozen_removed,2019-02-22,2019-03-12,18,13,28.55,28.73,1.006305
DFVS,padding_only,False,,frozen_removed,2016-04-04,2016-04-18,14,11,25.87,25.707,0.993699
SCC,padding_only,False,,frozen_removed,2018-02-08,2018-02-26,18,12,174.7,173.6,0.993703
KELYB,padding_only,False,2020-08-11,trim_to_boundary,2016-01-05,2016-02-17,43,30,16.0,16.1,1.00625
GPAC,padding_only,False,,frozen_removed,2016-03-09,2016-03-31,22,16,9.62,9.68,1.006237
PRPL,padding_only,False,,frozen_removed,2016-03-09,2016-03-31,22,16,240.5,242.0,1.006237
FLAT,padding_only,False,,frozen_removed,2018-08-20,2018-10-05,46,34,63.61,63.22,0.993869
CHPM,padding_only,False,,frozen_removed,2020-04-29,2020-05-13,14,11,9.78,9.7201,0.993875
GPAC,padding_only,False,,frozen_removed,2016-05-25,2016-07-15,51,36,9.8,9.74,0.993878
PRPL,padding_only,False,,frozen_removed,2016-05-25,2016-07-15,51,36,245.0,243.5,0.993878
BPAC,padding_only,False,,frozen_removed,2022-05-26,2022-06-09,14,10,9.87,9.93,1.006079
IMFC,padding_only,False,2018-10-29,trim_to_boundary,2019-01-16,2019-01-30,14,10,25.1297,25.2821,1.006065
NBRG,padding_only,False,,frozen_removed,2026-04-23,2026-05-13,20,15,9.9,9.96,1.006061
NEXT,padding_only,False,2016-02-08,trim_to_boundary,2016-03-03,2016-03-17,14,11,9.9,9.96,1.006061
GRMY,padding_only,False,,frozen_removed,2018-04-10,2018-04-24,14,11,23.935,23.79,0.993942
INSE,padding_only,False,,frozen_removed,2016-03-31,2016-04-22,22,17,9.89,9.8301,0.993943
BDCZ,padding_only,False,,frozen_removed,2017-05-15,2017-06-19,35,25,22.3326,22.4677,1.006049
HCCH,padding_only,False,,frozen_removed,2019-03-19,2019-04-05,17,14,9.94,10.0,1.006036
SORN,padding_only,False,,frozen_removed,2026-07-24,2026-09-04,42,31,9.94,10.0,1.006036
FRMM,padding_only,False,,frozen_removed,2020-04-03,2020-06-05,63,44,40926.0,41173.0,1.006035
DFVS,padding_only,False,,frozen_removed,2020-08-26,2020-10-06,41,29,13.26,13.18,0.993967
ABLV,padding_only,False,,frozen_removed,2022-10-07,2022-10-31,24,17,9.97,10.03,1.006018
GJP,padding_only,False,,frozen_removed,2024-10-29,2024-11-12,14,11,24.95,24.8,0.993988
EEH,padding_only,False,,frozen_removed,2017-11-15,2017-12-08,23,17,19.1947,19.31,1.006007
MLQD,padding_only,False,,frozen_removed,2017-10-24,2017-11-08,15,12,49.96,49.66,0.993995
HCCH,padding_only,False,,frozen_removed,2019-04-25,2019-05-22,27,20,10.0,10.06,1.006
HCMA,padding_only,False,,frozen_removed,2022-07-05,2022-07-18,13,10,10.04,9.98,0.994024
MRNO,padding_only,False,,frozen_removed,2022-07-05,2022-07-18,13,10,10.04,9.98,0.994024
NVNI,padding_only,False,,frozen_removed,2022-08-24,2022-09-12,19,13,100.7,100.1,0.994042
IMFC,padding_only,False,2018-10-29,trim_to_boundary,2019-01-31,2019-02-13,13,10,25.19,25.34,1.005955
TWLVU,padding_only,False,,frozen_removed,2026-07-13,2026-08-14,32,25,10.0999,10.16,1.005951
FLAT,padding_only,False,,frozen_removed,2017-07-03,2017-07-26,23,17,62.09,62.4572,1.005914
STI,padding_only,False,,frozen_removed,2022-12-08,2022-12-30,22,16,508.0,511.0,1.005906
HHYX,padding_only,False,,frozen_removed,2017-06-19,2017-07-05,16,12,27.09,27.2499,1.005903
ALUS.U,padding_only,False,,frozen_removed,2020-09-17,2020-10-14,27,20,10.2,10.26,1.005882
CLNN,padding_only,False,,frozen_removed,2019-07-05,2019-07-22,17,12,204.0,205.2,1.005882
EEH,padding_only,False,,frozen_removed,2019-05-21,2019-06-06,16,12,20.4,20.52,1.005882
EMCG,padding_only,False,2022-09-30,trim_to_boundary,2025-04-11,2025-05-15,34,24,11.91,11.98,1.005877
GTYHU,padding_only,False,,frozen_removed,2018-12-19,2019-02-13,56,38,10.24,10.3,1.005859
DEZU,padding_only,False,,frozen_removed,2016-08-10,2016-08-23,13,10,23.0692,23.204,1.005843
LCAHU,padding_only,False,2021-03-25,trim_to_boundary,2023-08-22,2023-09-07,16,12,10.3,10.36,1.005825
SLXN,padding_only,False,,frozen_removed,2023-05-25,2023-06-16,22,16,13945.5,14026.5,1.005808
SENEB,padding_only,False,,frozen_removed,2023-03-22,2023-04-12,21,15,51.7,52.0,1.005803
MOG.B,padding_only,False,,frozen_removed,2025-08-25,2025-09-16,22,16,195.25,196.3801,1.005788
USAG,padding_only,False,,frozen_removed,2016-02-05,2016-03-02,26,18,18.535,18.642,1.005773
MLPB,padding_only,False,,frozen_removed,2016-06-17,2016-10-04,109,76,28.0,27.84,0.994286
ONMD,padding_only,False,,frozen_removed,2022-12-14,2023-01-04,21,14,10.51,10.45,0.994291
DTYL,padding_only,False,,frozen_removed,2020-07-07,2020-07-22,15,12,97.8527,98.41,1.005695
XBP,padding_only,False,,frozen_removed,2023-03-23,2023-04-05,13,10,106.5,107.1,1.005634
XINA,padding_only,False,,frozen_removed,2016-10-21,2016-11-08,18,13,22.01,22.134,1.005634
AIRJ,padding_only,False,,frozen_removed,2023-09-14,2023-10-11,27,20,10.59,10.6496,1.005628
AACI,padding_only,False,,frozen_removed,2023-09-19,2023-10-04,15,12,10.7,10.76,1.005607
MLPS,padding_only,False,,frozen_removed,2017-02-21,2017-03-07,14,11,10.7,10.76,1.005607
RZLV,padding_only,False,,frozen_removed,2023-09-19,2023-10-04,15,12,10.7,10.76,1.005607
TYNS,padding_only,False,2016-02-10,trim_to_boundary,2019-04-17,2019-05-01,14,10,27.58,27.7345,1.005602
NRXP,padding_only,False,,frozen_removed,2020-05-07,2020-06-08,32,22,110.72,110.1,0.9944
TOYO,padding_only,False,,frozen_removed,2023-08-15,2023-08-28,13,10,10.73,10.79,1.005592
UJB,padding_only,False,,frozen_removed,2017-08-03,2017-08-25,22,17,66.2013,66.57,1.005569
SENEB,padding_only,False,,frozen_removed,2024-09-25,2024-10-08,13,10,61.1,61.44,1.005565
UDBI,padding_only,False,,frozen_removed,2017-03-17,2017-04-10,24,17,28.8,28.64,0.994444
HCMA,padding_only,False,,frozen_removed,2023-08-02,2023-08-28,26,19,10.8,10.86,1.005556
MRNO,padding_only,False,,frozen_removed,2023-08-02,2023-08-28,26,19,10.8,10.86,1.005556
RMSG,padding_only,False,2024-11-20,trim_to_boundary,2023-06-06,2023-07-05,29,20,10.82,10.88,1.005545
DFVL,padding_only,False,,frozen_removed,2018-03-06,2018-04-09,34,24,61.63,61.9699,1.005515
WTG,padding_only,False,,frozen_removed,2025-09-19,2025-10-08,19,14,10.055,10.11,1.00547
CAPN,padding_only,False,2024-10-24,trim_to_boundary,2026-06-01,2026-06-30,29,21,11.0,11.06,1.005455
DBUK,padding_only,False,,frozen_removed,2017-10-23,2017-11-03,11,10,22.0797,22.1998,1.005439
LCAHU,padding_only,False,2021-03-25,trim_to_boundary,2023-01-03,2023-01-19,16,12,9.986,10.04,1.005408
CAPN,padding_only,False,2024-10-24,trim_to_boundary,2026-07-30,2026-08-18,19,14,11.1,11.16,1.005405
JEM,padding_only,False,2025-06-09,trim_to_boundary,2017-03-21,2017-04-21,31,23,6982.34,7020.0,1.005394
FLAT,padding_only,False,,frozen_removed,2020-03-11,2020-04-01,21,16,70.72,70.3403,0.994631
SCDL,padding_only,False,,frozen_removed,2025-12-10,2025-12-23,13,10,39.955,40.1691,1.005359
BDCZ,padding_only,False,,frozen_removed,2019-05-20,2019-06-14,25,19,20.03,19.9237,0.994693
RMSG,padding_only,False,2024-11-20,trim_to_boundary,2023-11-07,2023-11-22,15,12,11.32,11.38,1.0053
OILX,padding_only,False,,frozen_removed,2017-08-21,2017-09-07,17,13,28.32,28.17,0.994703
HVT.A,padding_only,False,,frozen_removed,2022-06-17,2022-07-14,27,18,24.55,24.68,1.005295
MLTI,padding_only,False,,frozen_removed,2018-07-18,2018-07-31,13,10,28.2952,28.1456,0.994713
BKHA,padding_only,False,,frozen_removed,2026-02-05,2026-02-26,21,15,11.4,11.4601,1.005272
MTECU,padding_only,False,,frozen_removed,2018-08-02,2018-08-20,18,13,10.49,10.545,1.005243
HAHA,padding_only,False,,frozen_removed,2016-01-21,2016-03-01,40,28,24.87,25.0,1.005227
LBTYB,padding_only,False,,frozen_removed,2018-11-06,2018-11-23,17,13,24.88,25.01,1.005225
IGIC,padding_only,False,,frozen_removed,2018-06-28,2018-07-16,18,12,9.6,9.65,1.005208
ENSC,padding_only,False,2018-03-14,trim_to_boundary,2018-06-05,2018-06-18,13,10,34632.0,34812.0,1.005198
EMCG,padding_only,False,2022-09-30,trim_to_boundary,2024-10-29,2024-11-12,14,11,11.58,11.52,0.994819
HMG,padding_only,False,,frozen_removed,2021-04-22,2021-05-10,18,13,12.205,12.2682,1.005178
NHIC,padding_only,False,,frozen_removed,2022-01-03,2022-01-18,15,11,9.7,9.75,1.005155
IMFC,padding_only,False,2018-10-29,trim_to_boundary,2019-07-18,2019-07-31,13,10,25.9961,26.13,1.005151
UTLF,padding_only,False,,frozen_removed,2017-04-26,2017-05-18,22,17,26.3146,26.45,1.005145
MLTI,padding_only,False,,frozen_removed,2018-08-10,2018-08-27,17,12,28.15,28.2948,1.005144
FLYX,padding_only,False,,frozen_removed,2021-08-04,2021-08-20,16,13,9.73,9.68,0.994861
GOBI,padding_only,False,,frozen_removed,2022-04-25,2022-05-10,15,12,9.73,9.68,0.994861
SAMA,padding_only,False,,frozen_removed,2019-03-15,2019-04-08,24,17,9.77,9.82,1.005118
RMNI,padding_only,False,,frozen_removed,2016-07-29,2016-08-11,13,10,9.8,9.75,0.994898
AMCI,padding_only,False,,frozen_removed,2025-05-23,2025-06-13,21,15,11.78,11.84,1.005093
GTEC,padding_only,False,,frozen_removed,2018-12-03,2018-12-18,15,11,9.8,9.8499,1.005092
AHPA,padding_only,False,,frozen_removed,2017-01-20,2017-02-06,17,12,9.85,9.9,1.005076
DKNG,padding_only,True,,frozen_removed,2019-08-21,2019-09-17,27,19,9.85,9.9,1.005076
ORGO,padding_only,False,,frozen_removed,2017-01-20,2017-02-06,17,12,9.85,9.9,1.005076
SAGG,padding_only,False,,frozen_removed,2019-02-06,2019-02-28,22,16,31.4592,31.6189,1.005076
TH,padding_only,False,2018-04-16,trim_to_boundary,2018-08-14,2018-08-27,13,10,9.85,9.8,0.994924
VEAC,pre_listing_padding,False,2017-05-12,trim_to_boundary,2017-04-28,2017-05-11,13,10,9.85,9.8,0.994924
KOR,padding_only,False,2020-08-12,trim_to_boundary,2018-03-12,2018-03-23,11,10,30.63,30.475,0.99494
GRML,padding_only,False,,frozen_removed,2022-09-19,2022-10-20,31,24,494.5,497.0,1.005056
GDC,padding_only,False,,frozen_removed,2016-11-02,2016-12-16,44,32,37125.0,36937.5,0.994949
SBXE,padding_only,False,,frozen_removed,2026-03-26,2026-04-28,33,23,9.92,9.97,1.00504
SBXE,padding_only,False,,frozen_removed,2026-03-05,2026-03-18,13,10,9.92,9.9699,1.00503
HAHA,padding_only,False,,frozen_removed,2017-04-04,2017-04-20,16,12,27.86,27.72,0.994975
ILLU,padding_only,False,,frozen_removed,2026-07-08,2026-07-28,20,15,9.97,9.9199,0.994975
NUVO,padding_only,False,,frozen_removed,2022-05-09,2022-05-20,11,10,9.95,9.9,0.994975
VEACU,padding_only,False,,frozen_removed,2017-10-31,2017-11-13,13,10,10.1492,10.2,1.005005
ACAA,padding_only,False,,frozen_removed,2026-07-16,2026-07-29,13,10,10.0,9.95,0.995
HVT.A,padding_only,False,,frozen_removed,2016-08-17,2016-08-30,13,10,20.0,19.9,0.995
HCCH,padding_only,False,,frozen_removed,2019-04-09,2019-04-24,15,11,10.0,10.05,1.005
KBSX,padding_only,False,,frozen_removed,2022-07-26,2022-08-22,27,20,10.0,10.05,1.005
SBXE,padding_only,False,,frozen_removed,2026-05-05,2026-05-20,15,12,10.03,9.98,0.995015
HTCO,padding_only,False,,frozen_removed,2022-05-11,2022-05-25,14,11,251.25,250.0,0.995025
HTCO,padding_only,False,,frozen_removed,2022-07-19,2022-08-04,16,13,251.25,252.5,1.004975
EMIS,padding_only,False,,frozen_removed,2026-05-07,2026-05-22,15,12,10.1,10.15,1.00495
SJ,padding_only,False,,frozen_removed,2019-09-04,2019-09-23,19,14,10.1,10.15,1.00495
RMG.U,padding_only,False,,frozen_removed,2019-12-10,2019-12-26,16,12,30.36,30.51,1.004941
JBK,padding_only,False,,frozen_removed,2021-05-05,2021-05-19,14,11,30.3499,30.2,0.995061
LSVX,padding_only,False,,frozen_removed,2016-11-03,2016-12-02,29,21,26.39,26.26,0.995074
RNGT,padding_only,False,,frozen_removed,2026-07-14,2026-07-27,13,10,10.16,10.11,0.995079
LCAHU,padding_only,False,2021-03-25,trim_to_boundary,2023-07-06,2023-07-24,18,13,10.18,10.23,1.004912
AHPAU,padding_only,False,,frozen_removed,2017-12-04,2017-12-20,16,13,10.25,10.3001,1.004888
DTYL,padding_only,False,,frozen_removed,2019-10-01,2019-10-14,13,10,85.8305,86.25,1.004888
TWLVU,padding_only,False,,frozen_removed,2018-12-26,2019-01-09,14,10,10.23,10.28,1.004888
DFBHU,padding_only,False,,frozen_removed,2018-08-13,2018-09-14,32,24,10.25,10.2,0.995122
IFED,padding_only,False,,frozen_removed,2023-05-04,2023-05-22,18,13,27.3287,27.1954,0.995122
NHIC,padding_only,False,,frozen_removed,2025-07-21,2025-08-01,11,10,10.1505,10.2,1.004877
URR,padding_only,False,,frozen_removed,2018-08-21,2018-09-11,21,15,17.2278,17.3118,1.004876
BIO.B,padding_only,False,,frozen_removed,2019-11-05,2019-12-09,34,24,344.66,342.98,0.995126
CLNN,padding_only,False,,frozen_removed,2018-10-08,2018-10-19,11,10,195.0,194.05,0.995128
AMCI,padding_only,False,,frozen_removed,2023-04-26,2023-05-12,16,13,10.25,10.2999,1.004868
NSEC,padding_only,False,,frozen_removed,2019-08-12,2019-08-27,15,12,11.4444,11.5,1.004858
EEH,padding_only,False,,frozen_removed,2018-06-13,2018-08-13,61,43,20.59,20.69,1.004857
OVLC,padding_only,False,,frozen_removed,2016-07-26,2016-08-17,22,17,26.77,26.64,0.995144
MOG.B,padding_only,False,,frozen_removed,2025-10-07,2025-10-30,23,18,206.0,205.0,0.995146
PAAC,padding_only,False,2016-02-03,trim_to_boundary,2017-01-31,2017-02-13,13,10,10.3,10.35,1.004854
AERT,padding_only,False,,frozen_removed,2023-05-22,2023-06-05,14,10,82.48,82.88,1.00485
HFBL,padding_only,False,,frozen_removed,2020-06-30,2020-07-14,14,10,12.41,12.35,0.995165
DDMXU,padding_only,False,,frozen_removed,2019-09-23,2019-11-05,43,32,10.35,10.4,1.004831
MTECU,padding_only,False,,frozen_removed,2018-06-18,2018-07-06,18,14,10.36,10.41,1.004826
CAPN,padding_only,False,2024-10-24,trim_to_boundary,2025-08-25,2025-09-09,15,11,10.38,10.43,1.004817
LLQD,padding_only,False,,frozen_removed,2017-10-25,2017-11-07,13,10,50.669,50.425,0.995184
EAGLU,padding_only,False,,frozen_removed,2017-01-23,2017-02-08,16,13,10.4,10.35,0.995192
PAAC,padding_only,False,2016-02-03,trim_to_boundary,2017-02-14,2017-03-10,24,18,10.4,10.35,0.995192
ADGM,padding_only,False,,frozen_removed,2023-05-16,2023-05-31,15,11,10.44,10.49,1.004789
BRAC,padding_only,False,2022-02-23,trim_to_boundary,2023-03-08,2023-03-21,13,10,10.46,10.51,1.00478
GTYHU,padding_only,False,,frozen_removed,2018-08-03,2018-08-24,21,16,10.5,10.55,1.004762
HCMA,padding_only,False,,frozen_removed,2023-04-27,2023-05-23,26,19,10.5,10.55,1.004762
MRNO,padding_only,False,,frozen_removed,2023-04-27,2023-05-23,26,19,10.5,10.55,1.004762
TWLVU,padding_only,False,,frozen_removed,2023-10-04,2023-10-25,21,16,10.53,10.48,0.995252
OPTX,padding_only,False,,frozen_removed,2023-09-11,2023-09-22,11,10,10.55,10.6,1.004739
OSRH,padding_only,False,,frozen_removed,2024-01-03,2024-01-19,16,12,10.55,10.6,1.004739
WLYB,padding_only,False,,frozen_removed,2022-04-25,2022-05-25,30,23,52.75,53.0,1.004739
FRMM,padding_only,False,,frozen_removed,2019-12-13,2020-01-07,25,16,40280.76,40090.0,0.995264
SAGG,padding_only,False,,frozen_removed,2016-04-20,2016-05-11,21,16,31.79,31.64,0.995282
DFNS,padding_only,False,,frozen_removed,2022-11-16,2022-12-07,21,15,10620.1,10670.0,1.004699
GCL,padding_only,False,,frozen_removed,2023-11-17,2023-12-08,21,15,10.67,10.72,1.004686
YHNA,padding_only,False,,frozen_removed,2026-03-11,2026-03-24,13,10,10.67,10.72,1.004686
TVGN,padding_only,False,,frozen_removed,2023-08-04,2023-08-22,18,13,536.0,538.5,1.004664
LBTYB,padding_only,False,,frozen_removed,2023-04-03,2023-04-20,17,13,19.34,19.25,0.995346
BUZ,padding_only,False,,frozen_removed,2016-11-18,2016-12-05,17,11,25.87,25.99,1.004639
SLXN,padding_only,False,,frozen_removed,2023-11-20,2023-12-11,21,15,14647.5,14715.0,1.004608
GTYH,padding_only,False,,frozen_removed,2017-02-09,2017-03-06,25,17,9.855,9.9,1.004566
INV,padding_only,False,,frozen_removed,2022-07-28,2022-08-10,13,10,9.875,9.92,1.004557
SBM,padding_only,False,,frozen_removed,2017-07-14,2017-08-02,19,14,99.2,99.65,1.004536
ULBR,padding_only,False,2017-09-27,trim_to_boundary,2019-02-14,2019-02-28,14,10,33.15,33.0,0.995475
ANNA,padding_only,False,,frozen_removed,2024-09-25,2024-10-08,13,10,11.05,11.1,1.004525
ULBR,padding_only,False,2017-09-27,trim_to_boundary,2019-08-22,2019-09-05,14,10,19.3625,19.45,1.004519
KBSX,padding_only,False,,frozen_removed,2024-01-30,2024-02-14,15,12,11.1,11.15,1.004505
HACV,padding_only,False,,frozen_removed,2018-04-26,2018-05-14,18,13,28.97,29.1,1.004487
EMIS,padding_only,False,,frozen_removed,2026-03-31,2026-04-15,15,11,10.035,10.08,1.004484
MGYR,padding_only,False,,frozen_removed,2021-04-21,2021-05-04,13,10,13.2,13.2591,1.004477
HCCH,padding_only,False,,frozen_removed,2020-05-20,2020-06-03,14,10,10.503,10.55,1.004475
FSHP,padding_only,False,,frozen_removed,2026-07-21,2026-08-14,24,19,11.18,11.23,1.004472
STNLU,padding_only,False,,frozen_removed,2018-09-27,2018-10-10,13,10,10.28,10.2341,0.995535
DFVL,padding_only,False,,frozen_removed,2017-01-20,2017-03-07,46,32,63.77,64.0545,1.004461
FNCF,padding_only,False,,frozen_removed,2016-07-27,2016-09-09,44,32,25.84,25.955,1.00445
GYRO,padding_only,False,,frozen_removed,2023-11-10,2023-11-29,19,13,8.99,8.95,0.995551
PBM,padding_only,False,,frozen_removed,2023-10-09,2023-11-10,32,25,42029.3,42216.09,1.004444
PYT,padding_only,False,,frozen_removed,2023-04-21,2023-05-08,17,12,22.6,22.5,0.995575
IEMD,padding_only,False,,frozen_removed,2019-01-02,2019-01-29,27,19,24.97,25.0799,1.004401
UCIB,padding_only,False,,frozen_removed,2016-02-04,2016-02-23,19,13,11.39,11.34,0.99561
GDC,padding_only,False,,frozen_removed,2017-11-13,2017-11-27,14,10,37287.75,37124.63,0.995625
INR,padding_only,False,2025-01-31,trim_to_boundary,2019-07-15,2019-08-14,30,23,45.8,46.0,1.004367
FOXX,padding_only,False,2022-08-08,trim_to_boundary,2024-07-16,2024-07-29,13,10,11.55,11.5,0.995671
HACV,padding_only,False,,frozen_removed,2017-03-23,2017-04-11,19,14,27.11,27.2272,1.004323
NVNI,padding_only,False,,frozen_removed,2023-05-04,2023-05-19,15,12,104.3,104.75,1.004314
TYNS,padding_only,False,2016-02-10,trim_to_boundary,2017-10-18,2017-11-29,42,30,28.0905,28.2116,1.004311
OGCP,padding_only,False,,frozen_removed,2021-07-09,2021-07-23,14,11,11.62,11.5701,0.995706
IEMD,padding_only,False,,frozen_removed,2019-07-25,2019-08-12,18,13,25.78,25.89,1.004267
EEH,padding_only,False,,frozen_removed,2016-12-14,2016-12-29,15,11,16.48,16.41,0.995752
HEUS,padding_only,False,,frozen_removed,2016-08-31,2016-10-31,61,43,25.91,25.8,0.995755
BKHA,padding_only,False,,frozen_removed,2026-07-31,2026-08-14,14,11,11.78,11.83,1.004244
DTUS,padding_only,False,,frozen_removed,2019-11-08,2019-12-09,31,21,34.24,34.385,1.004235
HACV,padding_only,False,,frozen_removed,2018-06-21,2018-07-10,19,13,29.5108,29.635,1.004209
MLPB,padding_only,False,,frozen_removed,2017-09-25,2017-10-11,16,13,25.015,24.91,0.995803
MAYS,padding_only,False,,frozen_removed,2025-10-22,2025-11-19,28,21,38.22,38.38,1.004186
ABTC,padding_only,False,,frozen_removed,2018-03-01,2018-03-20,19,14,287400.0,288600.0,1.004175
MTEC,padding_only,False,,frozen_removed,2018-03-01,2018-03-20,19,14,9.58,9.62,1.004175
HCCH,padding_only,False,,frozen_removed,2018-08-24,2018-09-10,17,11,9.59,9.55,0.995829
DEZU,padding_only,False,,frozen_removed,2017-12-08,2017-12-21,13,10,28.93,29.0506,1.004169
UBG,padding_only,False,,frozen_removed,2017-02-27,2017-03-20,21,16,31.85,31.7176,0.995843
LUNR,padding_only,False,,frozen_removed,2022-06-23,2022-07-07,14,10,9.69,9.65,0.995872
GOBI,padding_only,False,,frozen_removed,2022-05-11,2022-05-25,14,11,9.71,9.67,0.995881
TAP.A,padding_only,False,,frozen_removed,2025-03-05,2025-03-25,20,15,60.75,60.5,0.995885
NHIC,padding_only,False,,frozen_removed,2022-01-19,2022-02-02,14,11,9.7001,9.74,1.004113
WSC,padding_only,False,,frozen_removed,2016-06-08,2016-06-23,15,12,9.75,9.79,1.004103
FSAC,padding_only,False,,frozen_removed,2018-05-24,2018-06-08,15,11,9.79,9.75,0.995914
NRXP,padding_only,False,,frozen_removed,2020-10-08,2020-11-04,27,20,107.84,107.4,0.99592
AMOD,padding_only,False,2021-10-26,trim_to_boundary,2022-04-26,2022-05-10,14,11,394.4,392.8,0.995943
DOTA,padding_only,False,,frozen_removed,2018-04-02,2018-04-13,11,10,9.86,9.9,1.004057
ALTG,padding_only,False,,frozen_removed,2019-10-31,2019-11-19,19,14,9.88,9.92,1.004049
BRPM,padding_only,False,,frozen_removed,2019-10-31,2019-11-19,19,14,9.88,9.92,1.004049
GJP,padding_only,False,,frozen_removed,2025-08-08,2025-08-25,17,12,24.75,24.65,0.99596
SDA,padding_only,False,,frozen_removed,2021-11-01,2021-12-06,35,25,9.9,9.94,1.00404
HAHA,padding_only,False,,frozen_removed,2016-11-25,2016-12-12,17,12,27.9519,27.839,0.995961
GDC,padding_only,False,,frozen_removed,2017-01-17,2017-03-03,45,33,37200.0,37350.0,1.004032
AIB,padding_only,False,2026-03-17,trim_to_boundary,2022-07-12,2022-07-26,14,11,9.93,9.97,1.004028
TOYO,padding_only,False,,frozen_removed,2022-06-29,2022-07-29,30,22,9.94,9.98,1.004024
JPEH,padding_only,False,,frozen_removed,2019-03-14,2019-03-27,13,10,27.34,27.45,1.004023
LCA,pre_listing_padding,False,2021-05-18,trim_to_boundary,2016-08-18,2016-09-12,25,17,9.7,9.739,1.004021
GDC,padding_only,False,,frozen_removed,2017-03-27,2017-04-10,14,11,37350.0,37500.0,1.004016
PONO,padding_only,False,,frozen_removed,2026-07-13,2026-08-05,23,18,9.96,10.0,1.004016
HTCO,padding_only,False,,frozen_removed,2022-05-26,2022-06-10,15,11,249.25,250.25,1.004012
GRMY,padding_only,False,,frozen_removed,2018-06-25,2018-07-13,18,14,22.46,22.55,1.004007
NVNI,padding_only,False,,frozen_removed,2022-06-14,2022-06-28,14,10,100.0,99.6,0.996
CDT,padding_only,False,,frozen_removed,2022-07-15,2022-08-12,28,21,30090000.0,30210000.0,1.003988
TDWD,padding_only,False,,frozen_removed,2026-07-21,2026-08-03,13,10,10.03,10.07,1.003988
TRUG,padding_only,False,,frozen_removed,2022-08-26,2022-09-12,17,11,5015.0,5035.0,1.003988
ESLA,padding_only,False,,frozen_removed,2022-04-27,2022-05-23,26,19,10.03,9.99,0.996012
SCPQ,padding_only,False,,frozen_removed,2026-07-16,2026-08-05,20,15,10.04,10.0,0.996016
FLAT,padding_only,False,,frozen_removed,2020-05-08,2020-06-02,25,17,69.5231,69.8,1.003983
EDTX,padding_only,False,2021-02-12,trim_to_boundary,2019-07-24,2019-08-12,19,14,10.06,10.1,1.003976
OVLC,padding_only,False,,frozen_removed,2017-03-31,2017-04-18,18,12,27.72,27.6098,0.996025
TDWD,padding_only,False,,frozen_removed,2026-08-25,2026-09-11,17,13,10.07,10.11,1.003972
AHCO,padding_only,False,2018-06-13,trim_to_boundary,2019-04-23,2019-05-09,16,13,10.08,10.04,0.996032
FLAT,padding_only,False,,frozen_removed,2017-08-11,2017-08-25,14,11,62.4572,62.21,0.996042
MAYS,padding_only,False,,frozen_removed,2018-02-01,2018-03-14,41,29,38.1,37.95,0.996063
HVMC,padding_only,False,,frozen_removed,2026-06-12,2026-06-29,17,11,10.2,10.16,0.996078
LWAC,padding_only,False,2025-08-15,trim_to_boundary,2026-03-30,2026-04-14,15,11,10.2,10.16,0.996078
MACQ,padding_only,False,,frozen_removed,2017-11-06,2017-11-21,15,12,10.15,10.1897,1.003911
PRTH,padding_only,False,,frozen_removed,2017-11-06,2017-11-21,15,12,10.15,10.1897,1.003911
BSAA,padding_only,False,,frozen_removed,2026-03-02,2026-03-13,11,10,10.24,10.2,0.996094
HCCH,padding_only,False,,frozen_removed,2020-05-01,2020-05-14,13,10,10.4733,10.5142,1.003905
EDTX,padding_only,False,2021-02-12,trim_to_boundary,2020-01-15,2020-01-29,14,10,10.25,10.29,1.003902
LCCC,padding_only,False,,frozen_removed,2026-02-11,2026-02-25,14,10,10.25,10.2899,1.003893
INAC,padding_only,False,,frozen_removed,2026-08-18,2026-09-08,21,15,10.31,10.35,1.00388
PLMK,padding_only,False,,frozen_removed,2025-09-29,2025-10-15,16,13,10.33,10.37,1.003872
TWLVU,padding_only,False,,frozen_removed,2023-06-14,2023-06-30,16,12,10.33,10.29,0.996128
WSO.B,padding_only,False,,frozen_removed,2023-10-18,2023-12-13,56,40,388.5,390.0,1.003861
LOAC,padding_only,False,2018-10-31,trim_to_boundary,2019-12-23,2020-01-10,18,13,10.43,10.47,1.003835
SIM,padding_only,False,,frozen_removed,2026-06-01,2026-06-15,14,11,30.015,30.13,1.003831
IBAC,padding_only,False,,frozen_removed,2025-12-12,2025-12-29,17,11,10.45,10.49,1.003828
SDHI,padding_only,False,,frozen_removed,2026-08-04,2026-08-17,13,10,10.46,10.5,1.003824
LCCC,padding_only,False,,frozen_removed,2026-08-21,2026-09-03,13,10,10.49,10.53,1.003813
LLQD,padding_only,False,,frozen_removed,2017-09-21,2017-10-04,13,10,50.04,50.23,1.003797
HMG,padding_only,False,,frozen_removed,2019-07-26,2019-08-28,33,24,13.2,13.25,1.003788
LPBB,padding_only,False,,frozen_removed,2026-02-05,2026-02-24,19,13,10.58,10.54,0.996219
FVN,padding_only,False,,frozen_removed,2026-01-23,2026-02-06,14,11,10.63,10.67,1.003763
BRAC,padding_only,False,2022-02-23,trim_to_boundary,2023-04-27,2023-05-12,15,12,10.64,10.68,1.003759
MOG.B,padding_only,False,,frozen_removed,2021-02-16,2021-03-04,16,13,80.0,80.3,1.00375
TAP.A,padding_only,False,,frozen_removed,2016-03-18,2016-04-04,17,11,93.39,93.74,1.003748
FVN,padding_only,False,,frozen_removed,2026-03-20,2026-04-07,18,12,10.71,10.75,1.003735
HBNB,padding_only,False,,frozen_removed,2025-04-22,2025-05-07,15,12,10.75,10.79,1.003721
BTYS,padding_only,False,,frozen_removed,2020-11-23,2020-12-07,14,10,40.51,40.36,0.996297
FVN,padding_only,False,,frozen_removed,2026-05-11,2026-05-27,16,12,10.81,10.85,1.0037
UCIB,padding_only,False,,frozen_removed,2016-08-18,2016-09-29,42,30,13.55,13.5,0.99631
INR,padding_only,False,2025-01-31,trim_to_boundary,2016-05-18,2016-06-14,27,19,37.9399,37.8,0.996313
ANNA,padding_only,False,,frozen_removed,2024-01-26,2024-02-15,20,15,10.86,10.9,1.003683
YHNA,padding_only,False,,frozen_removed,2026-06-24,2026-07-20,26,18,10.88,10.92,1.003676
GMHS,padding_only,False,,frozen_removed,2024-08-12,2024-08-29,17,14,10.91,10.87,0.996334
SCC,padding_only,False,,frozen_removed,2016-07-13,2016-07-29,16,13,298.06,299.15,1.003657
DTYL,padding_only,False,,frozen_removed,2019-12-16,2019-12-31,15,11,85.36,85.0499,0.996367
ANNA,padding_only,False,,frozen_removed,2024-10-17,2024-11-06,20,15,11.02,11.06,1.00363
KBSX,padding_only,False,,frozen_removed,2023-12-29,2024-01-16,18,11,11.03,11.07,1.003626
HQBD,padding_only,False,,frozen_removed,2018-07-02,2018-08-06,35,25,49.1979,49.0199,0.996382
LMLB,padding_only,False,,frozen_removed,2019-11-14,2019-12-06,22,16,24.91,25.0,1.003613
MLPB,padding_only,False,,frozen_removed,2017-09-07,2017-09-22,15,12,25.065,25.155,1.003591
LOAC,padding_only,False,2018-10-31,trim_to_boundary,2018-11-12,2018-11-28,16,12,9.75,9.715,0.99641
MLQD,padding_only,False,,frozen_removed,2018-07-26,2018-08-10,15,12,47.62,47.79,1.00357
GCL,padding_only,False,,frozen_removed,2024-09-19,2024-10-03,14,11,11.24,11.2,0.996441
AMOD,padding_only,False,2021-10-26,trim_to_boundary,2024-08-29,2024-09-13,15,11,452.8,451.2,0.996466
NRXP,padding_only,False,,frozen_removed,2018-06-21,2018-07-17,26,18,99.2,99.55,1.003528
IEMD,padding_only,False,,frozen_removed,2018-09-13,2018-10-25,42,31,24.958,24.87,0.996474
LFAC,padding_only,False,,frozen_removed,2026-04-30,2026-05-14,14,11,9.965,10.0,1.003512
DFVS,padding_only,False,,frozen_removed,2019-01-04,2019-01-17,13,10,34.22,34.1,0.996493
DULL,padding_only,False,,frozen_removed,2017-07-26,2017-08-09,14,11,1426.5,1421.5,0.996495
EEH,padding_only,False,,frozen_removed,2022-03-25,2022-04-07,13,10,34.4449,34.5653,1.003495
PPLN,padding_only,False,,frozen_removed,2019-07-05,2019-07-18,13,10,17.17,17.11,0.996506
IEMD,padding_only,False,,frozen_removed,2018-11-14,2018-12-21,37,26,24.8333,24.92,1.003491
IMFC,padding_only,False,2018-10-29,trim_to_boundary,2020-01-17,2020-02-07,21,15,25.9995,26.09,1.003481
CURR,padding_only,False,,frozen_removed,2024-04-29,2024-05-20,21,16,11.5,11.54,1.003478
KBSX,padding_only,False,,frozen_removed,2024-09-11,2024-09-25,14,11,11.51,11.55,1.003475
HEFV,padding_only,False,,frozen_removed,2018-06-04,2018-06-15,11,10,28.0662,27.97,0.996572
ACEL,padding_only,False,,frozen_removed,2018-02-07,2018-02-23,16,12,9.7667,9.8,1.00341
TPGH,padding_only,False,,frozen_removed,2018-02-07,2018-02-23,16,12,9.7667,9.8,1.00341
KVAC,padding_only,False,,frozen_removed,2025-12-16,2025-12-30,14,10,11.79,11.75,0.996607
USAG,padding_only,False,,frozen_removed,2017-05-01,2017-06-29,59,43,17.62,17.5607,0.996635
VSEE,padding_only,False,,frozen_removed,2023-09-22,2023-10-05,13,10,11.91,11.95,1.003359
JBK,padding_only,False,,frozen_removed,2022-03-22,2022-04-05,14,11,26.97,26.88,0.996663
DTUS,padding_only,False,,frozen_removed,2019-01-08,2019-01-30,22,16,37.25,37.1262,0.996677
JBK,padding_only,False,,frozen_removed,2019-04-29,2019-05-14,15,12,26.915,26.8258,0.996686
UCIB,padding_only,False,,frozen_removed,2016-05-06,2016-08-01,87,60,12.71,12.752,1.003304
BIO.B,padding_only,False,,frozen_removed,2019-04-04,2019-05-01,27,19,303.0,302.0,0.9967
LCAHU,padding_only,False,2021-03-25,trim_to_boundary,2020-01-22,2020-02-04,13,10,30.65,30.75,1.003263
FOXX,padding_only,False,2022-08-08,trim_to_boundary,2023-07-18,2023-08-01,14,11,10.7601,10.795,1.003243
UBC,padding_only,False,,frozen_removed,2016-03-11,2016-05-13,63,45,19.1621,19.1,0.996759
SENEB,padding_only,False,,frozen_removed,2018-02-16,2018-03-06,18,12,31.0,31.1,1.003226
SAGG,padding_only,False,,frozen_removed,2016-08-03,2016-08-19,16,13,31.04,30.94,0.996778
IEMD,padding_only,False,,frozen_removed,2019-02-05,2019-02-20,15,11,25.14,25.06,0.996818
DFVL,padding_only,False,,frozen_removed,2019-06-13,2019-07-03,20,15,70.749,70.9734,1.003172
GDC,padding_only,False,,frozen_removed,2016-01-25,2016-02-25,31,23,35512.5,35400.0,0.996832
JPEH,padding_only,False,,frozen_removed,2016-05-10,2016-06-20,41,29,25.28,25.2,0.996835
DGICB,padding_only,False,,frozen_removed,2018-10-16,2018-10-31,15,12,12.74,12.7001,0.996868
LFAC,padding_only,False,,frozen_removed,2018-10-02,2018-10-17,15,12,9.6,9.63,1.003125
GYRO,padding_only,False,,frozen_removed,2020-05-07,2020-05-26,19,13,16.04,16.09,1.003117
HACV,padding_only,False,,frozen_removed,2018-04-09,2018-04-24,15,12,28.88,28.97,1.003116
HHYX,padding_only,False,,frozen_removed,2016-09-19,2016-09-30,11,10,25.77,25.69,0.996896
STNL,padding_only,False,,frozen_removed,2018-06-01,2018-06-15,14,11,9.7,9.73,1.003093
GJP,padding_only,False,,frozen_removed,2018-10-09,2018-10-22,13,10,22.73,22.66,0.99692
HYLN,padding_only,True,,frozen_removed,2019-07-29,2019-08-09,11,10,9.77,9.8,1.003071
HACW,padding_only,False,,frozen_removed,2017-12-12,2017-12-29,17,13,29.32,29.41,1.00307
MNTS,padding_only,False,,frozen_removed,2020-06-03,2020-06-16,13,10,122201.1,122575.95,1.003067
OILX,padding_only,False,,frozen_removed,2018-03-15,2018-04-04,20,14,36.6648,36.777,1.00306
MOBX,padding_only,False,,frozen_removed,2021-10-06,2021-10-19,13,10,98.5,98.8,1.003046
TNMG,padding_only,False,,frozen_removed,2022-03-17,2022-03-30,13,10,1579.2,1584.0,1.00304
HVT.A,padding_only,False,,frozen_removed,2019-03-18,2019-03-29,11,10,23.08,23.15,1.003033
ASTS,padding_only,False,,frozen_removed,2020-05-11,2020-05-28,17,13,9.9,9.87,0.99697
SJ,padding_only,False,,frozen_removed,2019-04-30,2019-05-16,16,13,9.9,9.87,0.99697
AACO,padding_only,False,,frozen_removed,2026-05-11,2026-05-26,15,11,9.91,9.88,0.996973
BRAC,padding_only,False,2022-02-23,trim_to_boundary,2022-04-25,2022-05-11,16,13,9.91,9.94,1.003027
MRT,padding_only,False,,frozen_removed,2022-05-05,2022-05-18,13,10,9.91,9.94,1.003027
TRUG,padding_only,False,,frozen_removed,2022-03-11,2022-04-01,21,16,4955.0,4970.0,1.003027
NRXP,padding_only,False,,frozen_removed,2018-08-09,2018-09-07,29,21,99.2,99.5,1.003024
ALAC,padding_only,False,,frozen_removed,2019-02-15,2019-03-07,20,14,9.93,9.9,0.996979
DDMX,padding_only,False,,frozen_removed,2019-05-10,2019-05-24,14,11,9.93,9.96,1.003021
TNMG,padding_only,False,,frozen_removed,2022-07-06,2022-07-26,20,15,1588.8,1593.6,1.003021
GDC,padding_only,False,,frozen_removed,2017-11-28,2017-12-20,22,17,37013.25,37125.0,1.003019
GDC,padding_only,False,,frozen_removed,2017-08-31,2017-09-28,28,20,37425.38,37312.5,0.996984
RDZN,padding_only,False,,frozen_removed,2022-02-02,2022-02-15,13,10,9.95,9.92,0.996985
MEVO,padding_only,False,,frozen_removed,2026-07-28,2026-08-10,13,10,9.96,9.99,1.003012
MOBX,padding_only,False,,frozen_removed,2022-06-06,2022-06-21,15,11,99.6,99.9,1.003012
RMSG,padding_only,False,2024-11-20,trim_to_boundary,2022-02-18,2022-03-08,18,12,9.96,9.99,1.003012
IAM,padding_only,False,,frozen_removed,2018-03-22,2018-04-13,22,16,9.97,10.0,1.003009
GPAC,padding_only,False,,frozen_removed,2026-06-02,2026-06-18,16,13,9.98,10.01,1.003006
QUMS,padding_only,False,,frozen_removed,2025-12-11,2025-12-30,19,13,9.98,10.01,1.003006
GPAC,padding_only,False,,frozen_removed,2017-07-07,2017-07-24,17,12,9.99,9.96,0.996997
PRPL,padding_only,False,,frozen_removed,2017-07-07,2017-07-24,17,12,249.75,249.0,0.996997
RMSG,padding_only,False,2024-11-20,trim_to_boundary,2022-05-10,2022-06-02,23,17,10.01,10.04,1.002997
STI,padding_only,False,,frozen_removed,2022-08-17,2022-09-16,30,22,501.0,499.5,0.997006
TWLV,padding_only,False,,frozen_removed,2019-03-25,2019-04-05,11,10,10.02,9.99,0.997006
SLXN,padding_only,False,,frozen_removed,2022-11-28,2022-12-14,16,13,13527.0,13567.5,1.002994
DTUL,padding_only,False,,frozen_removed,2019-11-06,2019-12-02,26,18,63.53,63.72,1.002991
GTEC,padding_only,False,,frozen_removed,2019-02-22,2019-03-15,21,16,10.04,10.07,1.002988
EMIS,padding_only,False,,frozen_removed,2026-02-26,2026-03-13,15,12,10.05,10.08,1.002985
PCSC,padding_only,False,,frozen_removed,2024-10-18,2024-11-05,18,13,10.05,10.08,1.002985
MOG.B,padding_only,False,,frozen_removed,2018-09-21,2018-10-05,14,11,84.0,84.25,1.002976
HTCO,padding_only,False,,frozen_removed,2022-09-08,2022-09-21,13,10,252.0,251.25,0.997024
TMTS,padding_only,False,,frozen_removed,2026-08-19,2026-09-03,15,12,10.09,10.06,0.997027
IGAC,padding_only,False,,frozen_removed,2026-08-17,2026-09-11,25,19,10.1,10.07,0.99703
CLNN,padding_only,False,,frozen_removed,2019-03-26,2019-04-08,13,10,202.4,201.8,0.997036
IGIC,padding_only,False,,frozen_removed,2019-05-13,2019-05-24,11,10,10.12,10.09,0.997036
STPP,padding_only,False,2016-01-19,trim_to_boundary,2017-12-29,2018-01-22,24,15,30.4,30.31,0.997039
TAP.A,padding_only,False,,frozen_removed,2025-06-18,2025-07-07,19,12,54.06,53.9,0.99704
MACQ,padding_only,False,,frozen_removed,2017-09-21,2017-10-16,25,18,10.15,10.18,1.002956
PRTH,padding_only,False,,frozen_removed,2017-09-21,2017-10-16,25,18,10.15,10.18,1.002956
PAII,padding_only,False,,frozen_removed,2026-03-27,2026-04-13,17,11,10.16,10.13,0.997047
TLSI,padding_only,False,,frozen_removed,2023-02-15,2023-03-01,14,10,10.16,10.13,0.997047
COLA,padding_only,False,,frozen_removed,2025-09-04,2025-09-25,21,16,10.2,10.23,1.002941
RIBB,padding_only,False,,frozen_removed,2025-08-28,2025-09-15,18,12,10.2,10.23,1.002941
LCAHU,padding_only,False,2021-03-25,trim_to_boundary,2023-07-31,2023-08-11,11,10,10.22,10.25,1.002935
CLDI,padding_only,False,2021-11-01,trim_to_boundary,2023-03-31,2023-05-02,32,22,19680.0,19737.6,1.002927
IHYV,padding_only,False,,frozen_removed,2018-12-10,2019-01-14,35,24,24.05,24.12,1.002911
NRXP,padding_only,False,,frozen_removed,2019-03-01,2019-03-15,14,11,103.2,103.5,1.002907
NUAI,padding_only,False,,frozen_removed,2023-08-01,2023-08-16,15,12,10.35,10.32,0.997101
DNBF,padding_only,False,,frozen_removed,2016-08-02,2016-08-16,14,11,26.0,25.925,0.997115
RDAG,padding_only,False,,frozen_removed,2026-08-21,2026-09-03,13,10,10.4,10.43,1.002885
WYDE,padding_only,False,,frozen_removed,2016-07-15,2016-07-28,13,10,35.7369,35.84,1.002885
LCAHU,padding_only,False,2021-03-25,trim_to_boundary,2023-11-13,2023-12-12,29,21,10.41,10.38,0.997118
CHPG,padding_only,False,,frozen_removed,2026-08-10,2026-08-21,11,10,10.44,10.47,1.002874
OILX,padding_only,False,,frozen_removed,2018-08-30,2018-09-14,15,11,41.77,41.65,0.997127
FSHP,padding_only,False,,frozen_removed,2025-06-23,2025-07-07,14,10,10.4201,10.45,1.002869
AERT,padding_only,False,,frozen_removed,2023-08-16,2023-09-08,23,17,83.92,84.16,1.00286
HQBD,padding_only,False,,frozen_removed,2018-03-05,2018-04-12,38,28,49.05,49.1903,1.00286
HHYX,padding_only,False,,frozen_removed,2018-04-24,2018-05-08,14,11,27.97,27.89,0.99714
DFVS,padding_only,False,,frozen_removed,2020-11-13,2020-11-30,17,11,14.01,14.05,1.002855
LOAC,padding_only,False,2018-10-31,trim_to_boundary,2020-04-29,2020-05-12,13,10,10.52,10.55,1.002852
CLNN,padding_only,False,,frozen_removed,2020-01-14,2020-01-28,14,10,210.6,210.0,0.997151
NVNI,padding_only,False,,frozen_removed,2023-06-23,2023-07-07,14,10,105.5,105.2,0.997156
GJT,padding_only,False,,frozen_removed,2019-05-01,2019-05-15,14,11,20.45,20.392,0.997164
PCSC,padding_only,False,,frozen_removed,2025-09-26,2025-10-09,13,10,10.6,10.63,1.00283
SBM,padding_only,False,,frozen_removed,2019-11-26,2019-12-10,14,10,88.7,88.45,0.997182
EURK,padding_only,False,,frozen_removed,2025-08-18,2025-09-04,17,13,10.65,10.68,1.002817
BDMD,padding_only,False,,frozen_removed,2022-05-06,2022-06-03,28,20,9.96,9.932,0.997189
SBC,padding_only,False,,frozen_removed,2023-10-18,2023-10-31,13,10,10.7,10.67,0.997196
HQBD,padding_only,False,,frozen_removed,2018-04-19,2018-06-29,71,51,49.1979,49.06,0.997197
RANG,padding_only,False,,frozen_removed,2026-07-08,2026-07-24,16,13,10.69,10.7199,1.002797
BWMCU,padding_only,False,,frozen_removed,2019-09-05,2019-09-24,19,14,21.46,21.4,0.997204
LPAA,padding_only,False,,frozen_removed,2026-08-18,2026-09-02,15,12,10.74,10.77,1.002793
NIVF,padding_only,False,,frozen_removed,2023-09-11,2023-09-22,11,10,5805000.0,5821200.0,1.002791
XBP,padding_only,False,,frozen_removed,2023-06-20,2023-07-10,20,14,107.7,108.0,1.002786
GPAT,padding_only,False,,frozen_removed,2026-05-22,2026-06-05,14,10,10.8,10.83,1.002778
UBG,padding_only,False,,frozen_removed,2018-05-11,2018-05-29,18,12,33.07,33.1617,1.002773
JSYNU,padding_only,False,,frozen_removed,2017-12-12,2017-12-29,17,13,10.85,10.88,1.002765
CNSF,padding_only,False,,frozen_removed,2016-06-14,2016-06-29,15,12,25.36,25.43,1.00276
HHYX,padding_only,False,,frozen_removed,2016-10-03,2016-11-14,42,31,25.57,25.5,0.997262
TAP.A,padding_only,False,,frozen_removed,2023-07-05,2023-07-21,16,13,69.78,69.5901,0.997279
GCL,padding_only,False,,frozen_removed,2024-05-22,2024-06-11,20,14,11.04,11.01,0.997283
DFVS,padding_only,False,,frozen_removed,2018-07-23,2018-08-09,17,14,35.6034,35.7,1.002713
BDMD,padding_only,False,,frozen_removed,2024-08-13,2024-08-26,13,10,11.06,11.03,0.997288
ALTG,padding_only,False,,frozen_removed,2019-05-02,2019-05-16,14,11,9.7,9.6737,0.997289
BRPM,padding_only,False,,frozen_removed,2019-05-02,2019-05-16,14,11,9.7,9.6737,0.997289
NEN,padding_only,False,,frozen_removed,2018-08-21,2018-09-07,17,13,64.1,63.9262,0.997289
CAPN,padding_only,False,2024-10-24,trim_to_boundary,2026-07-14,2026-07-28,14,11,11.07,11.1,1.00271
GJT,padding_only,False,,frozen_removed,2025-04-15,2025-04-29,14,10,22.15,22.09,0.997291
IEMD,padding_only,False,,frozen_removed,2019-09-30,2019-10-18,18,15,25.8601,25.93,1.002703
ZEO,padding_only,False,,frozen_removed,2023-12-01,2023-12-14,13,10,11.28,11.25,0.99734
DEZU,padding_only,False,,frozen_removed,2018-02-07,2018-02-22,15,11,29.08,29.003,0.997352
HACV,padding_only,False,,frozen_removed,2017-09-05,2017-09-20,15,12,28.329,28.2541,0.997356
RDIB,padding_only,False,,frozen_removed,2017-07-14,2017-08-01,18,13,19.0,19.05,1.002632
LOAC,padding_only,False,2018-10-31,trim_to_boundary,2019-09-11,2019-11-07,57,42,10.31,10.337,1.002619
MOG.B,padding_only,False,,frozen_removed,2025-06-18,2025-07-09,21,14,183.96,184.44,1.002609
CNDF,padding_only,False,,frozen_removed,2017-08-23,2017-09-07,15,11,27.522,27.4506,0.997406
BKHA,padding_only,False,,frozen_removed,2026-03-25,2026-04-10,16,12,11.59,11.62,1.002588
LTL,padding_only,False,,frozen_removed,2020-06-02,2020-06-16,14,11,8.535,8.557,1.002578
GJT,padding_only,False,,frozen_removed,2020-10-23,2020-11-05,13,10,19.5,19.55,1.002564
MAYS,padding_only,False,,frozen_removed,2017-02-21,2017-03-08,15,12,41.5,41.3942,0.997451
JATT,padding_only,False,,frozen_removed,2022-07-06,2022-07-25,19,14,9.945,9.97,1.002514
HHYX,padding_only,False,,frozen_removed,2018-06-20,2018-07-05,15,11,27.91,27.84,0.997492
IACO,padding_only,False,,frozen_removed,2026-08-28,2026-09-11,14,10,9.98,10.005,1.002505
CLNN,padding_only,False,,frozen_removed,2019-02-12,2019-03-07,23,17,200.0,199.5,0.9975
USAG,padding_only,False,,frozen_removed,2016-06-06,2016-06-21,15,12,20.1501,20.1,0.997514
FRMM,padding_only,False,,frozen_removed,2020-01-08,2020-01-30,22,16,40636.44,40736.0,1.00245
CRAQ,padding_only,False,,frozen_removed,2026-05-21,2026-06-09,19,13,10.25,10.275,1.002439
UAG,padding_only,False,,frozen_removed,2018-10-12,2018-10-30,18,13,16.52,16.48,0.997579
UBG,padding_only,False,,frozen_removed,2019-02-01,2019-02-14,13,10,33.29,33.21,0.997597
SAGG,padding_only,False,,frozen_removed,2020-01-28,2020-02-11,14,11,29.19,29.26,1.002398
USV,padding_only,False,,frozen_removed,2018-03-02,2018-03-26,24,17,20.97,21.02,1.002384
USAG,padding_only,False,,frozen_removed,2016-08-23,2016-09-28,36,26,18.9,18.945,1.002381
IEMD,padding_only,False,,frozen_removed,2019-05-01,2019-05-17,16,13,25.35,25.41,1.002367
IEMD,padding_only,False,,frozen_removed,2019-11-04,2019-11-15,11,10,25.98,25.9194,0.997667
HYAC,padding_only,False,,frozen_removed,2017-12-27,2018-01-24,28,19,9.5292,9.5513,1.002319
PBM,padding_only,False,,frozen_removed,2023-03-15,2023-03-28,13,10,39526.22,39616.63,1.002287
HMG,padding_only,False,,frozen_removed,2019-06-20,2019-07-19,29,21,13.17,13.2,1.002278
MAYS,padding_only,False,,frozen_removed,2016-11-16,2016-11-30,14,10,44.6,44.5,0.997758
UBC,padding_only,False,,frozen_removed,2018-06-05,2018-06-19,14,11,18.09,18.13,1.002211
NXEOU,padding_only,False,,frozen_removed,2019-01-07,2019-01-30,23,17,9.12,9.1,0.997807
SCTO,padding_only,False,,frozen_removed,2019-06-04,2019-06-17,13,10,22.8,22.75,0.997807
GIX.U,padding_only,False,,frozen_removed,2019-12-17,2020-01-02,16,11,10.38,10.4027,1.002187
BERN,padding_only,False,,frozen_removed,2019-03-12,2019-03-25,13,10,26.9988,27.056,1.002119
GIX,padding_only,False,,frozen_removed,2026-08-20,2026-09-02,13,10,9.97,9.9911,1.002116
GJP,padding_only,False,,frozen_removed,2021-03-15,2021-03-26,11,10,23.65,23.7,1.002114
JEM,padding_only,False,2025-06-09,trim_to_boundary,2017-06-06,2017-06-26,20,15,6967.2,6952.56,0.997899
CHR,padding_only,False,,frozen_removed,2018-12-11,2018-12-27,16,12,14430.0,14400.0,0.997921
TKKS,padding_only,False,,frozen_removed,2018-12-11,2018-12-27,16,12,9.62,9.6,0.997921
NRXP,padding_only,False,,frozen_removed,2018-01-10,2018-01-24,14,10,96.8,97.0,1.002066
ENSC,padding_only,False,2018-03-14,trim_to_boundary,2018-07-25,2018-08-09,15,12,34884.0,34956.0,1.002064
WSO.B,padding_only,False,,frozen_removed,2020-09-11,2020-10-08,27,20,237.5,237.99,1.002063
AHCO,padding_only,False,2018-06-13,trim_to_boundary,2018-09-20,2018-10-03,13,10,9.7,9.72,1.002062
STNL,padding_only,False,,frozen_removed,2018-05-07,2018-05-22,15,12,9.7,9.72,1.002062
CNAC,padding_only,False,,frozen_removed,2017-11-13,2017-12-06,23,17,19.42,19.46,1.00206
ENSC,padding_only,False,2018-03-14,trim_to_boundary,2018-08-16,2018-08-30,14,11,34956.0,34884.0,0.99794
OCS,padding_only,False,,frozen_removed,2022-03-11,2022-03-24,13,10,9.72,9.74,1.002058
EDTX,padding_only,False,2021-02-12,trim_to_boundary,2018-11-27,2018-12-11,14,10,9.73,9.71,0.997945
INR,padding_only,False,2025-01-31,trim_to_boundary,2016-09-13,2016-11-07,55,40,38.99,38.91,0.997948
LCA,padding_only,False,2021-05-18,trim_to_boundary,2016-11-03,2016-12-21,48,34,9.75,9.73,0.997949
LAFA,padding_only,False,,frozen_removed,2026-02-12,2026-02-27,15,11,9.9704,9.95,0.997954
SDA,padding_only,False,,frozen_removed,2021-07-23,2021-08-06,14,11,9.78,9.8,1.002045
CRGO,padding_only,False,,frozen_removed,2022-03-03,2022-03-18,15,12,9.8,9.82,1.002041
RMNI,padding_only,False,,frozen_removed,2016-08-29,2016-10-06,38,28,9.8,9.82,1.002041
MRT,padding_only,False,,frozen_removed,2022-02-11,2022-02-25,14,10,9.81,9.79,0.997961
INV,padding_only,False,,frozen_removed,2022-05-24,2022-06-07,14,10,9.81,9.83,1.002039
AERT,padding_only,False,,frozen_removed,2022-06-02,2022-06-16,14,11,78.56,78.72,1.002037
AERT,padding_only,False,,frozen_removed,2022-06-23,2022-07-07,14,10,78.8,78.96,1.00203
SRTA,padding_only,False,,frozen_removed,2019-12-18,2020-01-02,15,10,9.85,9.87,1.00203
ILLU,padding_only,False,,frozen_removed,2026-08-03,2026-08-14,11,10,9.9199,9.94,1.002026
IAM,padding_only,False,,frozen_removed,2017-12-29,2018-01-16,18,11,9.87,9.85,0.997974
NEXT,pre_listing_padding,False,2016-02-08,trim_to_boundary,2016-01-19,2016-02-05,17,14,9.87,9.85,0.997974
SAIH,padding_only,False,,frozen_removed,2022-02-04,2022-02-18,14,11,148.05,147.75,0.997974
FGII,padding_only,False,,frozen_removed,2026-03-23,2026-04-16,24,18,9.88,9.86,0.997976
SOAR,padding_only,False,,frozen_removed,2022-06-07,2022-06-22,15,11,247.25,247.75,1.002022
MGY,padding_only,False,,frozen_removed,2017-07-21,2017-08-04,14,11,9.9,9.88,0.99798
SAMA,padding_only,False,,frozen_removed,2019-05-24,2019-06-11,18,12,9.9,9.88,0.99798
ESLA,padding_only,False,,frozen_removed,2022-01-26,2022-02-08,13,10,9.92,9.94,1.002016
INV,padding_only,False,,frozen_removed,2022-08-12,2022-09-14,33,23,9.92,9.94,1.002016
IRAB,padding_only,False,,frozen_removed,2026-07-29,2026-08-14,16,13,9.93,9.95,1.002014
BEBE,padding_only,False,2026-02-06,trim_to_boundary,2026-06-03,2026-06-22,19,13,9.95,9.97,1.00201
NRXP,padding_only,False,,frozen_removed,2019-07-02,2019-07-17,15,11,104.5,104.71,1.00201
ASLE,padding_only,False,,frozen_removed,2019-08-26,2019-09-13,18,14,9.96,9.98,1.002008
NVNI,padding_only,False,,frozen_removed,2022-05-09,2022-05-27,18,15,99.6,99.4,0.997992
LION,padding_only,False,2024-05-14,trim_to_boundary,2022-05-11,2022-05-25,14,11,9.97,9.95,0.997994
LOAC,padding_only,False,2018-10-31,trim_to_boundary,2019-02-21,2019-03-06,13,10,9.97,9.95,0.997994
SMX,padding_only,False,2021-12-09,trim_to_boundary,2022-05-11,2022-05-25,14,11,261813392005.69,261288189614.5,0.997994
NBRG,padding_only,False,,frozen_removed,2026-06-29,2026-07-13,14,10,9.98,9.96,0.997996
RDZN,padding_only,False,,frozen_removed,2022-05-11,2022-05-31,20,14,9.98,9.96,0.997996
BPAC,padding_only,False,,frozen_removed,2026-01-30,2026-03-09,38,26,9.98,10.0,1.002004
LION,padding_only,False,2024-05-14,trim_to_boundary,2022-06-14,2022-07-01,17,13,9.99,9.97,0.997998
SMX,padding_only,False,2021-12-09,trim_to_boundary,2022-06-14,2022-07-01,17,13,262338594396.87,261813392005.69,0.997998
NEXT,padding_only,False,2016-02-08,trim_to_boundary,2016-09-06,2016-10-14,38,29,10.05,10.0701,1.002
PHUN,padding_only,False,,frozen_removed,2017-05-25,2017-06-14,20,14,500.0,501.0,1.002
SSEA,padding_only,False,,frozen_removed,2025-12-30,2026-01-13,14,10,10.01,10.03,1.001998
VECA,padding_only,False,,frozen_removed,2026-08-28,2026-09-11,14,10,10.01,10.03,1.001998
LKSP,padding_only,False,,frozen_removed,2026-02-05,2026-02-25,20,14,10.03,10.01,0.998006
LFAC,padding_only,False,,frozen_removed,2026-08-31,2026-09-15,15,11,10.06,10.08,1.001988
WTG,padding_only,False,,frozen_removed,2025-08-18,2025-09-03,16,12,10.06,10.04,0.998012
UBG,padding_only,False,,frozen_removed,2018-08-29,2018-09-14,16,12,30.2,30.14,0.998013
VNME,padding_only,False,,frozen_removed,2026-03-02,2026-03-17,15,12,10.08,10.1,1.001984
WSTN,padding_only,False,,frozen_removed,2026-06-01,2026-06-18,17,14,10.08,10.1,1.001984
SSEA,padding_only,False,,frozen_removed,2026-01-23,2026-02-12,20,15,10.09,10.07,0.998018
BAYA,padding_only,False,,frozen_removed,2024-03-08,2024-04-03,26,18,10.1,10.12,1.00198
CRAC,padding_only,False,,frozen_removed,2026-05-28,2026-06-12,15,12,10.1,10.12,1.00198
KBON,padding_only,False,,frozen_removed,2026-08-11,2026-08-26,15,12,10.1,10.12,1.00198
MRT,padding_only,False,,frozen_removed,2022-11-15,2022-11-30,15,11,10.1,10.12,1.00198
RMG.U,padding_only,False,,frozen_removed,2020-05-19,2020-06-08,20,14,30.3,30.36,1.00198
TWLVU,padding_only,False,,frozen_removed,2026-04-27,2026-05-27,30,22,10.1,10.08,0.99802
CHEC,padding_only,False,,frozen_removed,2026-05-07,2026-06-03,27,19,10.11,10.13,1.001978
LCAHU,padding_only,False,2021-03-25,trim_to_boundary,2023-04-04,2023-04-25,21,15,10.11,10.13,1.001978
RMG.U,padding_only,False,,frozen_removed,2020-04-20,2020-05-13,23,18,30.36,30.3,0.998024
EMIS,padding_only,False,,frozen_removed,2026-06-10,2026-06-29,19,13,10.13,10.11,0.998026
DDMXU,padding_only,False,,frozen_removed,2019-04-10,2019-04-26,16,12,10.13,10.15,1.001974
LCAHU,padding_only,False,2021-03-25,trim_to_boundary,2023-04-27,2023-05-26,29,22,10.13,10.15,1.001974
CCX.U,padding_only,False,,frozen_removed,2019-12-13,2019-12-30,17,11,10.8,10.7787,0.998028
NMP,padding_only,False,,frozen_removed,2026-01-28,2026-02-10,13,10,10.1,10.0801,0.99803
SBE.U,padding_only,False,,frozen_removed,2020-01-27,2020-02-18,22,16,10.15,10.13,0.99803
CHPG,padding_only,False,,frozen_removed,2025-11-18,2025-12-02,14,10,10.17,10.15,0.998033
LION,padding_only,False,2024-05-14,trim_to_boundary,2022-12-01,2022-12-27,26,18,10.17,10.19,1.001967
SMX,padding_only,False,2021-12-09,trim_to_boundary,2022-12-01,2022-12-27,26,18,267065415917.53,267590618308.72,1.001967
UBG,padding_only,False,,frozen_removed,2018-09-18,2018-10-04,16,13,30.14,30.1993,1.001967
HCCH,padding_only,False,,frozen_removed,2019-09-10,2019-09-24,14,11,10.18,10.2,1.001965
HAVA,padding_only,False,,frozen_removed,2026-08-28,2026-09-14,17,11,10.2,10.22,1.001961
SVIV,padding_only,False,,frozen_removed,2026-08-07,2026-08-25,18,13,10.2,10.22,1.001961
WTG,padding_only,False,,frozen_removed,2026-01-22,2026-02-12,21,16,10.2,10.22,1.001961
HCCH,padding_only,False,,frozen_removed,2019-10-21,2019-11-07,17,14,10.21,10.23,1.001959
DDMXU,padding_only,False,,frozen_removed,2019-06-07,2019-06-27,20,15,10.22,10.24,1.001957
AHPAU,padding_only,False,,frozen_removed,2018-06-12,2018-07-20,38,28,10.25,10.27,1.001951
JSYNU,padding_only,False,,frozen_removed,2016-11-04,2016-11-17,13,10,10.2999,10.32,1.001951
NRXP,padding_only,False,,frozen_removed,2019-01-23,2019-02-05,13,10,102.5,102.7,1.001951
RPLA.U,padding_only,False,,frozen_removed,2020-05-06,2020-05-19,13,10,10.25,10.23,0.998049
WTG,padding_only,False,,frozen_removed,2026-03-17,2026-03-30,13,10,10.25,10.27,1.001951
WLII,padding_only,False,,frozen_removed,2026-08-20,2026-09-09,20,14,10.26,10.24,0.998051
RANG,padding_only,False,,frozen_removed,2025-08-22,2025-09-09,18,12,10.28,10.26,0.998054
NTWO,padding_only,False,,frozen_removed,2025-07-21,2025-08-12,22,17,10.3,10.32,1.001942
ASPC,padding_only,False,2025-01-03,trim_to_boundary,2025-08-27,2025-09-11,15,11,10.31,10.33,1.00194
OPTX,padding_only,False,,frozen_removed,2023-05-16,2023-05-30,14,10,10.32,10.34,1.001938
ORIQ,padding_only,False,,frozen_removed,2026-07-15,2026-07-28,13,10,10.32,10.34,1.001938
CRAQ,padding_only,False,,frozen_removed,2026-07-30,2026-08-20,21,16,10.35,10.33,0.998068
SCACU,padding_only,False,,frozen_removed,2018-12-10,2019-02-11,63,43,10.37,10.35,0.998071
CHAR,padding_only,False,,frozen_removed,2025-10-24,2025-11-07,14,11,10.38,10.4,1.001927
DFNS,padding_only,False,,frozen_removed,2022-04-28,2022-05-18,20,15,10380.0,10400.0,1.001927
DFNS,padding_only,False,,frozen_removed,2022-05-19,2022-06-02,14,10,10390.0,10410.0,1.001925
CHPG,padding_only,False,,frozen_removed,2026-07-16,2026-08-05,20,15,10.42,10.44,1.001919
GSHR,padding_only,False,,frozen_removed,2026-07-02,2026-07-23,21,15,10.45,10.47,1.001914
TWLVU,padding_only,False,,frozen_removed,2023-10-26,2023-11-14,19,14,10.53,10.5099,0.998091
TWLVU,padding_only,False,,frozen_removed,2019-03-19,2019-04-04,16,13,10.5,10.48,0.998095
SDHI,padding_only,False,,frozen_removed,2026-08-24,2026-09-04,11,10,10.51,10.53,1.001903
GPAC,padding_only,False,,frozen_removed,2023-05-03,2023-05-16,13,10,10.52,10.5,0.998099
SDST,padding_only,False,2021-03-05,trim_to_boundary,2023-05-03,2023-05-16,13,10,105.2,105.0,0.998099
DFNS,padding_only,False,,frozen_removed,2022-08-05,2022-08-18,13,10,10520.0,10540.0,1.001901
GTYHU,padding_only,False,,frozen_removed,2018-10-04,2018-10-19,15,12,10.53,10.55,1.001899
RIBB,padding_only,False,,frozen_removed,2025-07-30,2025-08-15,16,13,10.1807,10.2,1.001896
ANNA,padding_only,False,,frozen_removed,2023-08-24,2023-10-05,42,30,10.6,10.62,1.001887
RMSG,padding_only,False,2024-11-20,trim_to_boundary,2023-02-17,2023-03-07,18,12,10.62,10.64,1.001883
NRXP,padding_only,False,,frozen_removed,2020-02-11,2020-02-27,16,12,106.3,106.5,1.001881
CNSF,padding_only,False,,frozen_removed,2018-05-16,2018-06-05,20,14,23.5838,23.5395,0.998122
YHNA,padding_only,False,,frozen_removed,2026-02-06,2026-02-24,18,12,10.65,10.67,1.001878
VEACU,padding_only,False,,frozen_removed,2018-06-13,2018-06-27,14,11,10.36,10.3794,1.001873
DTYL,padding_only,False,,frozen_removed,2019-06-21,2019-07-15,24,16,83.406,83.25,0.99813
QETA,padding_only,False,,frozen_removed,2025-04-22,2025-05-19,27,20,10.72,10.7,0.998134
GCL,padding_only,False,,frozen_removed,2023-12-15,2024-01-10,26,17,10.72,10.74,1.001866
RPLA.U,padding_only,False,,frozen_removed,2020-07-27,2020-08-10,14,11,10.73,10.71,0.998136
AMOD,padding_only,False,2021-10-26,trim_to_boundary,2024-03-18,2024-04-02,15,11,430.8,431.6,1.001857
LFAC,padding_only,False,,frozen_removed,2023-07-13,2023-07-26,13,10,10.77,10.75,0.998143
MAYS,padding_only,False,,frozen_removed,2024-06-21,2024-07-16,25,17,43.25,43.33,1.00185
DTYL,padding_only,False,,frozen_removed,2019-10-15,2019-11-01,17,14,86.59,86.43,0.998152
CRML,padding_only,False,,frozen_removed,2023-09-22,2023-10-05,13,10,10.84,10.86,1.001845
SZZL,padding_only,False,2025-05-23,trim_to_boundary,2023-09-22,2023-10-05,13,10,10.84,10.86,1.001845
HPAI,padding_only,False,,frozen_removed,2024-02-15,2024-02-29,14,10,10.89,10.91,1.001837
DTUL,padding_only,False,,frozen_removed,2016-05-17,2016-06-06,20,14,65.68,65.8,1.001827
RDAC,padding_only,False,,frozen_removed,2025-08-13,2025-08-29,16,13,10.3611,10.38,1.001824
AMCI,padding_only,False,,frozen_removed,2024-06-11,2024-07-01,20,14,11.02,11.04,1.001815
UBN,padding_only,False,,frozen_removed,2017-11-14,2017-11-28,14,10,7.77,7.7841,1.001815
GTEC,padding_only,False,,frozen_removed,2018-10-11,2018-11-08,28,21,9.7215,9.704,0.9982
AMCI,padding_only,False,,frozen_removed,2024-09-13,2024-10-01,18,13,11.13,11.15,1.001797
ELLO,padding_only,False,,frozen_removed,2018-04-11,2018-04-30,19,14,8.3849,8.3999,1.001789
GIBO,padding_only,False,,frozen_removed,2024-12-09,2024-12-31,22,16,56000.0,55900.0,0.998214
UTLF,padding_only,False,,frozen_removed,2017-11-27,2017-12-11,14,11,28.02,27.97,0.998216
SENEB,padding_only,False,,frozen_removed,2018-06-15,2018-06-29,14,11,28.05,28.0,0.998217
NUAI,padding_only,False,,frozen_removed,2024-09-11,2024-10-09,28,21,11.24,11.22,0.998221
FOXX,padding_only,False,2022-08-08,trim_to_boundary,2024-05-22,2024-06-05,14,10,11.3,11.28,0.99823
AHPAU,padding_only,False,,frozen_removed,2018-09-07,2018-10-18,41,30,10.25,10.2678,1.001737
JEM,padding_only,False,2025-06-09,trim_to_boundary,2017-10-09,2017-11-10,32,25,7152.0,7140.0,0.998322
CNSF,padding_only,False,,frozen_removed,2018-07-27,2018-08-10,14,11,25.162,25.12,0.998331
KVAC,padding_only,False,,frozen_removed,2026-03-20,2026-04-14,25,17,12.0,12.02,1.001667
DTYL,padding_only,False,,frozen_removed,2020-05-08,2020-05-21,13,10,97.87,97.7107,0.998372
GJP,padding_only,False,,frozen_removed,2025-12-24,2026-01-21,28,18,24.85,24.89,1.00161
FCAP,padding_only,False,,frozen_removed,2016-10-28,2016-11-10,13,10,31.26,31.31,1.001599
RPLA.U,padding_only,False,,frozen_removed,2020-01-27,2020-02-07,11,10,10.4567,10.44,0.998403
XINA,padding_only,False,,frozen_removed,2016-09-19,2016-10-04,15,12,21.5125,21.4788,0.998433
SCACU,padding_only,False,,frozen_removed,2018-09-17,2018-10-24,37,28,10.75,10.7668,1.001563
JBK,padding_only,False,,frozen_removed,2025-04-16,2025-05-02,16,12,25.78,25.74,0.998448
HMG,padding_only,False,,frozen_removed,2019-09-26,2019-10-10,14,11,13.17,13.15,0.998481
TNMG,padding_only,False,,frozen_removed,2022-05-13,2022-05-27,14,11,1584.0,1586.4,1.001515
AEAQ,padding_only,False,,frozen_removed,2026-05-07,2026-05-20,13,10,9.965,9.95,0.998495
MMTX,padding_only,False,,frozen_removed,2026-02-17,2026-03-06,17,14,9.995,9.98,0.998499
ASLE,padding_only,False,,frozen_removed,2019-09-19,2019-10-04,15,12,10.0,10.015,1.0015
HAVA,padding_only,False,,frozen_removed,2026-03-25,2026-04-10,16,12,10.005,10.02,1.001499
CRAN,padding_only,False,,frozen_removed,2026-08-26,2026-09-14,19,13,10.135,10.12,0.99852
FERA,padding_only,False,,frozen_removed,2026-02-19,2026-03-04,13,10,10.27,10.285,1.001461
IEMV,padding_only,False,,frozen_removed,2019-09-24,2019-10-07,13,10,26.79,26.8269,1.001377
BIO.B,padding_only,False,,frozen_removed,2017-11-17,2017-12-06,19,13,255.6,255.25,0.998631
ERGF,padding_only,False,,frozen_removed,2016-08-26,2016-09-09,14,10,25.559,25.594,1.001369
DFVL,padding_only,False,,frozen_removed,2019-10-01,2019-10-14,13,10,73.27,73.17,0.998635
JEM,padding_only,False,2025-06-09,trim_to_boundary,2018-01-23,2018-04-03,70,49,7077.6,7068.0,0.998644
BDL,padding_only,False,,frozen_removed,2016-02-22,2016-03-04,11,10,18.4952,18.52,1.001341
UAG,padding_only,False,,frozen_removed,2018-11-01,2018-11-14,13,10,16.48,16.502,1.001335
NFC,padding_only,False,,frozen_removed,2018-08-24,2018-09-12,19,13,9.6073,9.62,1.001322
MATR,padding_only,False,,frozen_removed,2023-09-28,2023-10-12,14,11,19.4546,19.4301,0.998741
INR,padding_only,False,2025-01-31,trim_to_boundary,2016-12-30,2017-01-13,14,10,38.0175,37.9701,0.998753
DTYL,padding_only,False,,frozen_removed,2018-06-07,2018-06-22,15,12,73.11,73.02,0.998769
UCIB,padding_only,False,,frozen_removed,2019-09-16,2019-11-07,52,39,14.4223,14.44,1.001227
GJP,padding_only,False,,frozen_removed,2026-08-11,2026-08-25,14,11,24.72,24.75,1.001214
LLQD,padding_only,False,,frozen_removed,2017-11-10,2017-11-29,19,13,50.425,50.3653,0.998816
GJP,padding_only,False,,frozen_removed,2018-08-22,2018-09-05,14,10,22.815,22.84,1.001096
INR,padding_only,False,2025-01-31,trim_to_boundary,2019-06-20,2019-07-12,22,16,45.8,45.85,1.001092
GRMY,padding_only,False,,frozen_removed,2018-11-13,2018-11-27,14,10,19.6386,19.66,1.00109
MOG.B,padding_only,False,,frozen_removed,2024-02-05,2024-02-23,18,14,140.85,141.0,1.001065
TYNS,padding_only,False,2016-02-10,trim_to_boundary,2017-04-17,2017-05-03,16,13,28.41,28.44,1.001056
ENSC,padding_only,False,2018-03-14,trim_to_boundary,2018-05-14,2018-06-04,21,15,34632.0,34668.0,1.00104
WSC,padding_only,False,,frozen_removed,2016-05-11,2016-05-26,15,12,9.65,9.64,0.998964
FRMM,padding_only,False,,frozen_removed,2017-11-01,2017-11-15,14,11,36860.0,36822.0,0.998969
LUNR,padding_only,False,,frozen_removed,2022-07-22,2022-08-09,18,13,9.7,9.71,1.001031
GPAQ,padding_only,False,,frozen_removed,2018-03-27,2018-04-10,14,10,9.71,9.72,1.00103
SAMA,padding_only,False,,frozen_removed,2019-02-22,2019-03-08,14,11,9.71,9.72,1.00103
TYNS,padding_only,False,2016-02-10,trim_to_boundary,2018-10-16,2018-11-02,17,14,29.33,29.3602,1.00103
GPAQ,padding_only,False,,frozen_removed,2018-04-19,2018-05-03,14,11,9.71,9.7,0.99897
OMAD,padding_only,False,,frozen_removed,2018-09-25,2018-10-11,16,13,9.73,9.72,0.998972
PACK,padding_only,False,,frozen_removed,2018-09-25,2018-10-11,16,13,9.73,9.72,0.998972
MGY,padding_only,False,,frozen_removed,2018-03-01,2018-03-16,15,12,9.74,9.73,0.998973
VFS,padding_only,True,,frozen_removed,2022-08-04,2022-08-17,13,10,9.74,9.75,1.001027
JSPR,padding_only,False,,frozen_removed,2020-05-08,2020-06-01,24,16,97.5,97.4,0.998974
JPEH,padding_only,False,,frozen_removed,2018-06-20,2018-07-06,16,12,29.31,29.34,1.001024
HCCH,padding_only,False,,frozen_removed,2018-12-18,2019-01-14,27,18,9.79,9.78,0.998979
AMOD,padding_only,False,2021-10-26,trim_to_boundary,2022-09-08,2022-09-23,15,12,394.8,394.4,0.998987
HWH,padding_only,False,2023-08-25,trim_to_boundary,2022-09-21,2022-10-04,13,10,49.4,49.45,1.001012
MTNE,padding_only,False,,frozen_removed,2026-08-04,2026-08-18,14,11,9.88,9.89,1.001012
BRAC,padding_only,False,2022-02-23,trim_to_boundary,2022-05-16,2022-06-10,25,19,9.89,9.9,1.001011
DCX,padding_only,False,,frozen_removed,2022-03-16,2022-04-01,16,13,356400.0,356760.0,1.00101
RFAM,padding_only,False,,frozen_removed,2026-06-17,2026-07-01,14,10,9.9,9.91,1.00101
SCPQ,padding_only,False,,frozen_removed,2026-04-14,2026-04-30,16,13,9.9,9.91,1.00101
SORN,padding_only,False,,frozen_removed,2026-04-24,2026-05-14,20,15,9.9,9.91,1.00101
BEBE,padding_only,False,2026-02-06,trim_to_boundary,2026-05-08,2026-05-21,13,10,9.91,9.92,1.001009
LCAHU,padding_only,False,2021-03-25,trim_to_boundary,2022-04-22,2022-05-06,14,11,9.91,9.92,1.001009
MOBX,padding_only,False,,frozen_removed,2022-03-21,2022-04-04,14,11,99.1,99.2,1.001009
RREV,padding_only,False,,frozen_removed,2026-09-02,2026-09-16,14,10,9.92,9.91,0.998992
TYGO,padding_only,False,,frozen_removed,2022-05-20,2022-06-13,24,16,9.92,9.93,1.001008
FRMM,padding_only,False,,frozen_removed,2018-05-22,2018-06-14,23,17,37734.0,37772.0,1.001007
MUZE,padding_only,False,,frozen_removed,2026-06-02,2026-06-17,15,12,9.93,9.94,1.001007
AACO,padding_only,False,,frozen_removed,2026-07-29,2026-08-11,13,10,9.94,9.95,1.001006
BPAC,padding_only,False,,frozen_removed,2022-04-18,2022-05-06,18,15,9.94,9.93,0.998994
DCX,padding_only,False,,frozen_removed,2022-04-13,2022-04-27,14,10,358200.0,357840.0,0.998995
BDMD,padding_only,False,,frozen_removed,2022-09-06,2022-09-20,14,11,9.95,9.96,1.001005
HTCO,padding_only,False,,frozen_removed,2022-03-17,2022-04-01,15,12,248.75,249.0,1.001005
XCBE,padding_only,False,,frozen_removed,2026-07-15,2026-08-03,19,14,9.95,9.96,1.001005
KBSX,padding_only,False,,frozen_removed,2022-04-26,2022-05-09,13,10,9.96,9.95,0.998996
MYX,padding_only,False,,frozen_removed,2026-07-27,2026-08-07,11,10,9.96,9.97,1.001004
STI,padding_only,False,,frozen_removed,2022-06-16,2022-07-01,15,11,498.0,498.5,1.001004
BREZ,padding_only,False,,frozen_removed,2026-07-31,2026-08-18,18,13,9.97,9.98,1.001003
DFVL,padding_only,False,,frozen_removed,2019-12-13,2020-01-02,20,13,71.8879,71.96,1.001003
LCA,padding_only,False,2021-05-18,trim_to_boundary,2017-04-11,2017-04-27,16,12,9.97,9.98,1.001003
HTCO,padding_only,False,,frozen_removed,2022-04-26,2022-05-10,14,11,249.5,249.25,0.998998
ENGN,padding_only,False,,frozen_removed,2022-05-26,2022-06-10,15,11,9.99,10.0,1.001001
QUMS,padding_only,False,,frozen_removed,2025-11-18,2025-12-03,15,11,9.99,10.0,1.001001
AMCI,padding_only,False,,frozen_removed,2025-07-18,2025-08-07,20,15,11.9,11.9119,1.001
DCX,padding_only,False,,frozen_removed,2022-07-26,2022-08-17,22,17,360000.0,360360.0,1.001
SIM,padding_only,False,,frozen_removed,2026-05-07,2026-05-29,22,16,30.015,30.045,1.001
SSEA,padding_only,False,,frozen_removed,2025-12-12,2025-12-26,14,10,10.0,10.01,1.001
MACQ,padding_only,False,,frozen_removed,2017-05-12,2017-05-26,14,11,10.01,10.02,1.000999
PBM,padding_only,False,,frozen_removed,2022-05-17,2022-05-31,14,10,37396.73,37434.09,1.000999
PRTH,padding_only,False,,frozen_removed,2017-05-12,2017-05-26,14,11,10.01,10.02,1.000999
TYGO,padding_only,False,,frozen_removed,2022-08-08,2022-08-19,11,10,10.01,10.0,0.999001
GIW,padding_only,False,,frozen_removed,2022-05-11,2022-05-25,14,11,10.02,10.03,1.000998
LPCV,padding_only,False,,frozen_removed,2026-08-19,2026-09-01,13,10,10.02,10.03,1.000998
EAGLU,padding_only,False,,frozen_removed,2016-08-10,2016-08-25,15,12,10.04,10.03,0.999004
ESLA,padding_only,False,,frozen_removed,2022-08-02,2022-08-19,17,14,10.05,10.06,1.000995
CDT,padding_only,False,,frozen_removed,2022-08-25,2022-09-08,14,10,30180000.0,30210000.0,1.000994
FRMM,padding_only,False,,frozen_removed,2018-08-30,2018-09-14,15,11,38228.0,38266.0,1.000994
SVCC,padding_only,False,,frozen_removed,2025-08-15,2025-09-03,19,13,10.27,10.2802,1.000993
HACQ,padding_only,False,,frozen_removed,2026-07-21,2026-08-10,20,15,10.08,10.07,0.999008
LAFA,padding_only,False,,frozen_removed,2026-06-02,2026-06-22,20,14,10.1,10.11,1.00099
PRPB.U,padding_only,False,,frozen_removed,2022-02-07,2022-02-24,17,13,10.11,10.1,0.999011
WSTN,padding_only,False,,frozen_removed,2026-06-30,2026-07-14,14,10,10.11,10.12,1.000989
RMG.U,padding_only,False,,frozen_removed,2019-10-11,2019-10-30,19,14,30.36,30.33,0.999012
AERT,padding_only,False,,frozen_removed,2022-11-30,2022-12-14,14,11,81.04,81.12,1.000987
GSRF,padding_only,False,,frozen_removed,2026-06-05,2026-06-18,13,10,10.13,10.14,1.000987
SPEG,padding_only,False,,frozen_removed,2026-02-11,2026-02-25,14,10,10.13,10.14,1.000987
BAYA,padding_only,False,,frozen_removed,2024-01-31,2024-02-20,20,14,10.13,10.12,0.999013
GSHR,padding_only,False,,frozen_removed,2025-08-20,2025-09-22,33,23,10.14,10.15,1.000986
HCCH,padding_only,False,,frozen_removed,2019-08-01,2019-08-19,18,13,10.14,10.15,1.000986
LAFA,padding_only,False,,frozen_removed,2026-08-24,2026-09-08,15,11,10.15,10.16,1.000985
FVAV,padding_only,False,,frozen_removed,2026-07-29,2026-08-13,15,12,10.16,10.15,0.999016
EMIS,padding_only,False,,frozen_removed,2026-07-08,2026-07-27,19,14,10.18,10.19,1.000982
IEAG,padding_only,False,,frozen_removed,2026-07-21,2026-08-03,13,10,10.2,10.21,1.00098
JENA,padding_only,False,,frozen_removed,2025-10-08,2025-10-29,21,16,10.2,10.21,1.00098
PAII,padding_only,False,,frozen_removed,2026-06-03,2026-06-16,13,10,10.2,10.21,1.00098
RDAC,padding_only,False,,frozen_removed,2025-03-18,2025-04-21,34,24,10.2,10.19,0.99902
EDTX,padding_only,False,2021-02-12,trim_to_boundary,2019-11-13,2019-11-29,16,12,10.21,10.22,1.000979
SLBT,padding_only,False,,frozen_removed,2025-06-11,2025-06-26,15,11,10.21,10.22,1.000979
OBA,padding_only,False,,frozen_removed,2026-06-02,2026-06-18,16,13,10.22,10.21,0.999022
DFBHU,padding_only,False,,frozen_removed,2019-03-26,2019-04-17,22,17,10.24,10.25,1.000977
FLAT,padding_only,False,,frozen_removed,2019-09-13,2020-03-05,174,120,70.651,70.72,1.000977
PAAC,padding_only,False,2016-02-03,trim_to_boundary,2016-10-14,2016-10-28,14,11,10.24,10.25,1.000977
BBOT,padding_only,False,,frozen_removed,2024-05-23,2024-06-11,19,13,10.25,10.24,0.999024
DFBHU,padding_only,False,,frozen_removed,2019-02-26,2019-03-22,24,19,10.25,10.24,0.999024
RMG.U,padding_only,False,,frozen_removed,2020-02-25,2020-03-11,15,12,30.78,30.75,0.999025
ELPW,padding_only,False,,frozen_removed,2023-06-23,2023-07-07,14,10,591552.0,590976.0,0.999026
STNLU,padding_only,False,,frozen_removed,2019-04-18,2019-05-06,18,12,10.28,10.27,0.999027
PLMK,padding_only,False,,frozen_removed,2025-08-29,2025-09-15,17,11,10.29,10.3,1.000972
HWH,padding_only,False,2023-08-25,trim_to_boundary,2023-03-10,2023-03-23,13,10,51.5,51.45,0.999029
TWLV,padding_only,False,,frozen_removed,2023-06-20,2023-07-03,13,10,10.3,10.29,0.999029
NRXP,padding_only,False,,frozen_removed,2019-03-22,2019-04-04,13,10,103.3,103.4,1.000968
SDHI,padding_only,False,,frozen_removed,2026-03-10,2026-03-27,17,14,10.33,10.34,1.000968
GCTS,padding_only,False,,frozen_removed,2023-06-06,2023-06-20,14,10,10.39,10.4,1.000962
GSHR,padding_only,False,,frozen_removed,2026-05-29,2026-06-18,20,15,10.4,10.41,1.000962
CTOR,padding_only,False,,frozen_removed,2023-04-27,2023-05-12,15,12,10.41,10.42,1.000961
GCTS,padding_only,False,,frozen_removed,2023-06-30,2023-07-20,20,14,10.41,10.4,0.999039
GIX.U,padding_only,False,,frozen_removed,2020-04-08,2020-04-28,20,14,10.41,10.4,0.999039
WTG,padding_only,False,,frozen_removed,2026-07-06,2026-07-17,11,10,10.45,10.46,1.000957
SDHI,padding_only,False,,frozen_removed,2026-07-10,2026-07-23,13,10,10.47,10.46,0.999045
BKHA,padding_only,False,,frozen_removed,2025-03-07,2025-03-24,17,12,10.5,10.51,1.000952
CNCK,padding_only,False,,frozen_removed,2024-08-21,2024-09-20,30,22,10.51,10.52,1.000951
TWLVU,padding_only,False,,frozen_removed,2023-09-08,2023-10-02,24,17,10.52,10.53,1.000951
PCSC,padding_only,False,,frozen_removed,2025-08-07,2025-08-22,15,12,10.57,10.56,0.999054
NRXP,padding_only,False,,frozen_removed,2019-11-11,2019-11-22,11,10,106.1,106.0,0.999057
NTWO,padding_only,False,,frozen_removed,2026-06-12,2026-06-26,14,10,10.63,10.64,1.000941
BAYA,padding_only,False,,frozen_removed,2024-12-12,2024-12-31,19,13,10.7,10.69,0.999065
GRML,padding_only,False,,frozen_removed,2023-11-29,2023-12-12,13,10,535.0,534.5,0.999065
RPLA.U,padding_only,False,,frozen_removed,2020-08-12,2020-08-27,15,12,10.71,10.72,1.000934
GDC,padding_only,False,,frozen_removed,2017-06-12,2017-06-23,11,10,37390.5,37425.38,1.000933
BWMCU,padding_only,False,,frozen_removed,2019-10-14,2019-11-07,24,19,21.64,21.66,1.000924
GIBO,padding_only,False,,frozen_removed,2024-09-04,2024-09-18,14,11,54150.0,54200.0,1.000923
GDC,padding_only,False,,frozen_removed,2017-04-18,2017-06-08,51,37,37425.0,37390.5,0.999078
GJP,padding_only,False,,frozen_removed,2017-01-10,2017-01-24,14,10,21.7,21.68,0.999078
SLXN,padding_only,False,,frozen_removed,2023-09-18,2023-10-09,21,16,14661.0,14674.5,1.000921
GCL,padding_only,False,,frozen_removed,2024-01-29,2024-02-15,17,14,10.79,10.7801,0.999082
TVGN,padding_only,False,,frozen_removed,2023-10-23,2023-11-03,11,10,544.5,544.0,0.999082
OSRH,padding_only,False,,frozen_removed,2024-09-17,2024-10-07,20,15,10.91,10.92,1.000917
GMHS,padding_only,False,,frozen_removed,2024-09-04,2024-09-19,15,12,10.9,10.89,0.999083
TYNS,padding_only,False,2016-02-10,trim_to_boundary,2016-08-16,2016-08-30,14,11,27.54,27.515,0.999092
FSHP,padding_only,False,,frozen_removed,2026-06-03,2026-06-18,15,12,11.02,11.03,1.000907
SAGG,padding_only,False,,frozen_removed,2016-02-24,2016-03-09,14,11,32.209,32.238,1.0009
TNMG,padding_only,False,,frozen_removed,2024-08-01,2024-08-14,13,10,1800.0,1801.62,1.0009
ASBP,padding_only,False,,frozen_removed,2024-08-19,2024-08-30,11,10,13476.0,13488.0,1.00089
BKHA,padding_only,False,,frozen_removed,2025-12-16,2026-01-06,21,14,11.25,11.26,1.000889
CYAB,padding_only,False,,frozen_removed,2025-03-10,2025-03-31,21,16,11.25,11.26,1.000889
AFJK,padding_only,False,,frozen_removed,2025-09-17,2025-09-30,13,10,11.33,11.34,1.000883
GCL,padding_only,False,,frozen_removed,2024-11-12,2024-12-03,21,15,11.46,11.47,1.000873
KBSX,padding_only,False,,frozen_removed,2024-10-24,2024-11-11,18,13,11.66,11.67,1.000858
JEM,padding_only,False,2025-06-09,trim_to_boundary,2017-02-17,2017-03-03,14,10,6939.74,6945.6,1.000844
AGM.A,padding_only,False,,frozen_removed,2020-05-12,2020-05-26,14,10,62.4576,62.51,1.000839
SBM,padding_only,False,,frozen_removed,2018-01-18,2018-02-01,14,11,85.37,85.3,0.99918
GYRO,padding_only,False,,frozen_removed,2022-06-16,2022-07-01,15,11,12.0102,12.02,1.000816
IEMD,padding_only,False,,frozen_removed,2019-06-21,2019-07-24,33,23,25.78,25.76,0.999224
JBK,padding_only,False,,frozen_removed,2026-01-12,2026-01-28,16,12,26.02,26.0,0.999231
QXMI,padding_only,False,,frozen_removed,2018-07-20,2018-08-02,13,10,25.3553,25.3748,1.000769
UJB,padding_only,False,,frozen_removed,2017-05-26,2017-06-09,14,10,65.06,65.01,0.999231
TYNS,padding_only,False,2016-02-10,trim_to_boundary,2016-07-27,2016-08-15,19,14,27.54,27.52,0.999274
FRMEP,padding_only,False,,frozen_removed,2022-08-26,2022-09-09,14,10,26.15,26.1315,0.999293
SBM,padding_only,False,,frozen_removed,2018-08-15,2018-08-29,14,11,86.74,86.8,1.000692
UCIB,padding_only,False,,frozen_removed,2019-11-08,2019-11-26,18,13,14.49,14.5,1.00069
HEUS,padding_only,False,,frozen_removed,2017-10-06,2017-10-24,18,13,29.46,29.44,0.999321
DFVS,padding_only,False,,frozen_removed,2019-04-01,2019-04-12,11,10,30.0,30.02,1.000667
GDC,padding_only,False,,frozen_removed,2017-10-05,2017-11-08,34,25,37312.5,37287.75,0.999337
GJP,padding_only,False,,frozen_removed,2019-08-07,2019-08-20,13,10,22.1142,22.1,0.999358
OVLC,padding_only,False,,frozen_removed,2018-10-18,2018-11-12,25,18,31.57,31.59,1.000634
USAG,padding_only,False,,frozen_removed,2017-08-15,2017-09-19,35,25,16.41,16.42,1.000609
IEMV,padding_only,False,,frozen_removed,2019-05-06,2019-05-20,14,11,25.65,25.6357,0.999442
PRPL,padding_only,False,,frozen_removed,2017-05-23,2017-06-14,22,16,248.63,248.5,0.999477
OCS,padding_only,False,,frozen_removed,2022-07-07,2022-07-20,13,10,9.805,9.8,0.99949
MEVO,padding_only,False,,frozen_removed,2026-03-24,2026-04-10,17,13,9.86,9.865,1.000507
VEAC,padding_only,False,2017-05-12,trim_to_boundary,2018-06-07,2018-06-22,15,12,9.865,9.86,0.999493
GPAC,padding_only,False,,frozen_removed,2017-05-23,2017-06-14,22,16,9.945,9.94,0.999497
KPET,padding_only,False,,frozen_removed,2026-07-30,2026-08-13,14,11,9.98,9.975,0.999499
GRBIC,padding_only,False,,frozen_removed,2018-03-01,2018-04-19,49,35,100.04,99.99,0.9995
MMTX,padding_only,False,,frozen_removed,2026-03-09,2026-03-24,15,12,9.995,9.99,0.9995
WSTN,padding_only,False,,frozen_removed,2026-04-23,2026-05-07,14,11,10.025,10.03,1.000499
MNTN,padding_only,False,2025-05-22,trim_to_boundary,2022-08-09,2022-08-23,14,11,10.035,10.03,0.999502
CRAN,padding_only,False,,frozen_removed,2026-08-07,2026-08-21,14,11,10.14,10.135,0.999507
USV,padding_only,False,,frozen_removed,2018-05-08,2018-05-30,22,16,20.81,20.8,0.999519
WSO.B,padding_only,False,,frozen_removed,2017-11-01,2017-11-30,29,21,166.63,166.55,0.99952
DDMXU,padding_only,False,,frozen_removed,2021-09-29,2021-10-12,13,10,10.515,10.51,0.999524
CNDF,padding_only,False,,frozen_removed,2017-10-06,2017-10-19,13,10,28.4134,28.4001,0.999532
NIVF,padding_only,False,,frozen_removed,2022-08-02,2022-08-19,17,14,5378400.0,5375916.0,0.999538
ZEO,padding_only,False,,frozen_removed,2023-06-27,2023-07-12,15,11,10.88,10.875,0.99954
FLAT,padding_only,False,,frozen_removed,2019-05-15,2019-06-20,36,26,66.8,66.8303,1.000454
WYDE,padding_only,False,,frozen_removed,2019-07-11,2019-07-26,15,12,30.91,30.9234,1.000434
SENEB,padding_only,False,,frozen_removed,2025-06-04,2025-06-18,14,11,92.4,92.36,0.999567
GJP,padding_only,False,,frozen_removed,2021-10-18,2021-11-10,23,18,24.4,24.41,1.00041
MOBX,padding_only,False,,frozen_removed,2022-02-09,2022-02-23,14,10,98.7,98.74,1.000405
UCIB,padding_only,False,,frozen_removed,2017-05-10,2017-05-30,20,14,13.43,13.4353,1.000395
LSVX,padding_only,False,,frozen_removed,2016-10-05,2016-11-02,28,21,26.39,26.4,1.000379
TYNS,padding_only,False,2016-02-10,trim_to_boundary,2016-09-19,2016-10-18,29,22,27.6795,27.69,1.000379
SCTO,padding_only,False,,frozen_removed,2019-01-11,2019-02-01,21,15,22.9415,22.95,1.000371
OVLC,padding_only,False,,frozen_removed,2017-03-16,2017-03-29,13,10,27.73,27.72,0.999639
TYBS,padding_only,False,,frozen_removed,2016-08-05,2016-08-18,13,10,19.1054,19.0985,0.999639
TWLVU,padding_only,False,,frozen_removed,2023-05-12,2023-05-25,13,10,10.2736,10.27,0.99965
DEZU,padding_only,False,,frozen_removed,2018-08-14,2018-08-30,16,13,28.07,28.0602,0.999651
TYNS,padding_only,False,2016-02-10,trim_to_boundary,2017-01-19,2017-02-09,21,16,28.78,28.77,0.999653
UDBI,padding_only,False,,frozen_removed,2018-02-13,2018-03-26,41,29,30.98,30.99,1.000323
OBAS,padding_only,False,,frozen_removed,2016-11-29,2016-12-15,16,13,8.0,7.9975,0.999687
LCA,padding_only,False,2021-05-18,trim_to_boundary,2023-05-30,2023-06-16,17,14,10.1,10.1026,1.000257
DTYL,padding_only,False,,frozen_removed,2019-04-18,2019-05-10,22,16,80.0,80.02,1.00025
SBE.U,padding_only,False,,frozen_removed,2020-01-07,2020-01-22,15,11,10.1075,10.11,1.000247
TAP.A,padding_only,False,,frozen_removed,2026-08-05,2026-08-18,13,10,41.75,41.76,1.00024
MOG.B,padding_only,False,,frozen_removed,2019-12-17,2019-12-31,14,10,89.28,89.26,0.999776
HQBD,padding_only,False,,frozen_removed,2017-06-14,2017-06-27,13,10,50.8695,50.88,1.000206
DISCB,padding_only,False,,frozen_removed,2017-06-02,2017-06-15,13,10,26.655,26.65,0.999812
AFRI,padding_only,False,,frozen_removed,2021-08-31,2021-09-14,14,10,10.0083,10.0101,1.00018
WSO.B,padding_only,False,,frozen_removed,2023-06-20,2023-07-20,30,22,367.1,367.15,1.000136
HCMA,padding_only,False,,frozen_removed,2023-10-09,2023-10-26,17,14,11.0405,11.04,0.999955
MRNO,padding_only,False,,frozen_removed,2023-10-09,2023-10-26,17,14,11.0405,11.04,0.999955
KAAC,padding_only,False,,frozen_removed,2017-05-03,2017-05-22,19,14,9.7,9.7004,1.000041
TYNS,padding_only,False,2016-02-10,trim_to_boundary,2016-04-29,2016-05-25,26,19,28.26,28.2592,0.999972
PHUN,padding_only,False,,frozen_removed,2017-02-03,2017-02-22,19,13,500.51,500.5,0.99998
ASPC,padding_only,False,2025-01-03,trim_to_boundary,2025-07-18,2025-08-06,19,14,10.27,10.2701,1.00001
GPAQ,padding_only,False,,frozen_removed,2018-06-06,2018-06-28,22,17,9.72,9.7201,1.00001
NEXT,padding_only,False,2016-02-08,trim_to_boundary,2016-12-06,2016-12-19,13,10,10.1,10.1001,1.00001
AHPAU,padding_only,False,,frozen_removed,2017-10-03,2017-10-17,14,11,10.38,10.3799,0.99999
FUFU,padding_only,False,,frozen_removed,2023-10-06,2023-10-25,19,14,10.72,10.7201,1.000009
MLTI,padding_only,False,,frozen_removed,2019-03-05,2019-04-09,35,26,27.3698,27.37,1.000007
ACEL,padding_only,False,,frozen_removed,2017-08-29,2017-09-13,15,11,9.8,9.8,1.0
ADAC,padding_only,False,,frozen_removed,2026-08-03,2026-08-18,15,12,10.09,10.09,1.0
AEON,padding_only,False,,frozen_removed,2022-06-14,2022-06-29,15,11,706.32,706.32,1.0
AGM.A,padding_only,False,,frozen_removed,2017-08-17,2017-08-30,13,10,67.9,67.9,1.0
AHCO,pre_listing_padding,False,2018-06-13,trim_to_boundary,2018-05-24,2018-06-12,19,13,9.7,9.7,1.0
AIB,padding_only,False,2026-03-17,trim_to_boundary,2022-05-31,2022-06-14,14,11,9.93,9.93,1.0
ARYA,padding_only,False,,frozen_removed,2019-01-16,2019-02-15,30,22,9.8,9.8,1.0
BAYA,padding_only,False,,frozen_removed,2025-08-01,2025-08-15,14,11,11.13,11.13,1.0
BCAB,padding_only,False,,frozen_removed,2026-08-31,2026-09-18,18,14,1.735,1.735,1.0
BIII,padding_only,False,,frozen_removed,2026-06-02,2026-06-18,16,13,9.97,9.97,1.0
BIO.B,padding_only,False,,frozen_removed,2026-08-20,2026-09-18,29,21,337.0,337.0,1.0
BKHA,padding_only,False,,frozen_removed,2025-11-18,2025-12-08,20,14,11.2,11.2,1.0
BKHA,padding_only,False,,frozen_removed,2026-09-02,2026-09-18,16,12,11.97,11.97,1.0
BLRK,padding_only,False,,frozen_removed,2026-02-20,2026-03-05,13,10,9.88,9.88,1.0
BNBX,padding_only,False,,frozen_removed,2026-07-14,2026-09-18,66,48,0.163,0.163,1.0
BSAA,padding_only,False,,frozen_removed,2025-11-07,2025-11-24,17,12,10.1,10.1,1.0
CDIO,padding_only,False,,frozen_removed,2022-06-16,2022-07-07,21,14,298.5,298.5,1.0
CELU,padding_only,False,,frozen_removed,2019-08-30,2019-09-16,17,11,98.0,98.0,1.0
CEPS,padding_only,False,,frozen_removed,2026-07-28,2026-08-21,24,19,10.34,10.34,1.0
CHPT,padding_only,True,,frozen_removed,2019-12-17,2020-01-03,17,12,196.4,196.4,1.0
CIC,padding_only,False,,frozen_removed,2018-05-07,2018-05-18,11,10,9.79,9.79,1.0
CKX,padding_only,False,,frozen_removed,2017-07-12,2017-08-01,20,15,11.5,11.5,1.0
COOT,padding_only,False,,frozen_removed,2022-11-04,2022-11-18,14,11,10.39,10.39,1.0
CRAQ,padding_only,False,,frozen_removed,2026-07-10,2026-07-28,18,13,10.35,10.35,1.0
CREG,padding_only,False,,frozen_removed,2026-07-21,2026-09-18,59,43,0.7721,0.7721,1.0
CTACU,padding_only,False,,frozen_removed,2019-12-16,2020-01-09,24,17,12.0,12.0,1.0
CTOS,padding_only,False,,frozen_removed,2018-05-07,2018-05-18,11,10,9.79,9.79,1.0
CUB,padding_only,False,2024-08-09,trim_to_boundary,2025-09-04,2025-09-19,15,12,10.51,10.51,1.0
DDMXU,padding_only,False,,frozen_removed,2021-08-03,2021-08-17,14,11,10.5,10.5,1.0
DFNS,padding_only,False,,frozen_removed,2022-08-24,2022-09-07,14,10,10540.0,10540.0,1.0
DGICB,padding_only,False,,frozen_removed,2019-06-05,2019-06-20,15,12,14.5,14.5,1.0
DSAC,padding_only,False,,frozen_removed,2026-05-04,2026-05-22,18,15,9.96,9.96,1.0
DTSQ,padding_only,False,,frozen_removed,2025-09-16,2025-09-30,14,11,10.47,10.47,1.0
EAGLU,padding_only,False,,frozen_removed,2017-09-15,2017-10-03,18,13,10.7,10.7,1.0
EDTX,padding_only,False,2021-02-12,trim_to_boundary,2023-07-17,2023-08-31,45,34,63.24,63.24,1.0
EEH,padding_only,False,,frozen_removed,2017-05-15,2017-06-06,22,16,17.41,17.41,1.0
EFTY,padding_only,False,,frozen_removed,2025-10-06,2026-09-18,347,240,15.02,15.02,1.0
EMCG,padding_only,False,2022-09-30,trim_to_boundary,2025-07-02,2025-07-17,15,11,12.15,12.15,1.0
EMIS,padding_only,False,,frozen_removed,2026-09-03,2026-09-17,14,10,10.26,10.26,1.0
EMPG,padding_only,False,,frozen_removed,2025-10-09,2026-07-24,288,198,17.36,17.36,1.0
ENGN,padding_only,False,,frozen_removed,2022-07-21,2022-08-08,18,13,10.02,10.02,1.0
ENSC,padding_only,False,2018-03-14,trim_to_boundary,2018-04-02,2018-04-19,17,14,34560.0,34560.0,1.0
FI,padding_only,False,,frozen_removed,2021-10-04,2022-12-30,452,314,3.15,3.15,1.0
FIGX,padding_only,False,,frozen_removed,2026-03-06,2026-03-24,18,13,10.16,10.16,1.0
FLAT,padding_only,False,,frozen_removed,2017-09-27,2017-10-24,27,20,61.28,61.28,1.0
FLZH,padding_only,False,,frozen_removed,2026-08-26,2026-09-18,23,17,0.0961,0.0961,1.0
FOA,padding_only,False,,frozen_removed,2019-05-16,2019-05-30,14,10,97.0,97.0,1.0
FRMM,padding_only,False,,frozen_removed,2018-07-10,2018-07-25,15,12,37810.0,37810.0,1.0
FRMM,padding_only,False,,frozen_removed,2019-07-10,2019-07-23,13,10,39748.0,39748.0,1.0
FVN,padding_only,False,,frozen_removed,2025-07-03,2025-07-18,15,11,10.42,10.42,1.0
GDC,padding_only,False,,frozen_removed,2016-04-15,2016-05-06,21,16,35812.5,35812.5,1.0
GDC,padding_only,False,,frozen_removed,2016-06-13,2016-06-28,15,12,36562.5,36562.5,1.0
GJP,padding_only,False,,frozen_removed,2022-03-17,2022-04-08,22,17,23.9,23.9,1.0
GPAC,padding_only,False,,frozen_removed,2016-11-22,2016-12-20,28,20,9.85,9.85,1.0
GPAQ,padding_only,False,,frozen_removed,2018-08-28,2018-09-11,14,10,9.87,9.87,1.0
GRBIC,padding_only,False,,frozen_removed,2018-04-20,2019-01-31,286,197,100.05,100.05,1.0
GRBIC,padding_only,False,,frozen_removed,2019-02-01,2019-02-20,19,13,99.99,99.99,1.0
GYRO,padding_only,False,,frozen_removed,2021-03-02,2021-03-16,14,11,16.45,16.45,1.0
HAHA,padding_only,False,,frozen_removed,2017-09-07,2017-09-21,14,11,32.07,32.07,1.0
HAHA,padding_only,False,,frozen_removed,2018-08-29,2018-09-21,23,17,27.1244,27.1244,1.0
HAVA,padding_only,False,,frozen_removed,2026-02-17,2026-03-03,14,11,9.99,9.99,1.0
HCHL,padding_only,False,,frozen_removed,2026-06-12,2026-09-18,98,68,3.96,3.96,1.0
HQBD,padding_only,False,,frozen_removed,2017-11-15,2017-11-30,15,11,50.5,50.5,1.0
HTCO,padding_only,False,,frozen_removed,2022-08-17,2022-09-02,16,13,252.5,252.5,1.0
HVT.A,padding_only,False,,frozen_removed,2024-02-12,2024-03-04,21,15,34.03,34.03,1.0
IBAC,padding_only,False,,frozen_removed,2026-07-14,2026-07-27,13,10,10.79,10.79,1.0
JATT,padding_only,False,,frozen_removed,2023-02-15,2023-03-01,14,10,10.4,10.4,1.0
KNTK,padding_only,False,,frozen_removed,2017-05-03,2017-05-22,19,14,97.0,97.0,1.0
LAWR,padding_only,False,,frozen_removed,2025-10-23,2026-09-18,330,227,3.75,3.75,1.0
LCA,padding_only,False,2021-05-18,trim_to_boundary,2023-10-31,2023-11-14,14,11,10.38,10.38,1.0
LCAHU,padding_only,False,2021-03-25,trim_to_boundary,2020-04-20,2020-05-07,17,14,30.0,30.0,1.0
LCAHU,padding_only,False,2021-03-25,trim_to_boundary,2023-10-20,2023-11-10,21,16,10.42,10.42,1.0
LFAC,padding_only,False,,frozen_removed,2026-07-06,2026-07-20,14,11,10.0,10.0,1.0
LOAC,padding_only,False,2018-10-31,trim_to_boundary,2019-06-18,2019-07-01,13,10,10.13,10.13,1.0
LOAC,padding_only,False,2018-10-31,trim_to_boundary,2020-07-15,2020-08-04,20,15,10.67,10.67,1.0
LOAC,padding_only,False,2018-10-31,trim_to_boundary,2020-08-21,2020-09-09,19,13,10.7,10.7,1.0
LPCV,padding_only,False,,frozen_removed,2026-04-27,2026-05-08,11,10,9.97,9.97,1.0
MACQ,padding_only,False,,frozen_removed,2017-01-27,2017-02-15,19,14,9.95,9.95,1.0
MAGH,padding_only,False,,frozen_removed,2025-12-05,2026-09-18,287,197,6.76,6.76,1.0
MAMK,padding_only,False,,frozen_removed,2025-11-17,2026-09-18,305,210,13.0,13.0,1.0
MAYS,padding_only,False,,frozen_removed,2018-04-02,2018-04-23,21,16,38.0,38.0,1.0
MAYS,padding_only,False,,frozen_removed,2021-04-22,2021-05-12,20,15,27.0001,27.0001,1.0
MCTA,padding_only,False,,frozen_removed,2025-11-12,2026-09-18,310,213,29.355,29.355,1.0
NCL,padding_only,False,,frozen_removed,2026-06-25,2026-08-21,57,41,0.159,0.159,1.0
NRXP,padding_only,False,,frozen_removed,2018-04-23,2018-05-14,21,16,98.5,98.5,1.0
NUAI,padding_only,False,,frozen_removed,2023-10-02,2023-10-18,16,13,10.52,10.52,1.0
NUTR,padding_only,False,2025-08-15,trim_to_boundary,2025-10-09,2026-08-10,305,209,9.0,9.0,1.0
NVVE,padding_only,False,,frozen_removed,2026-07-24,2026-09-18,56,40,3.23,3.23,1.0
OBAS,padding_only,False,,frozen_removed,2019-09-17,2019-09-30,13,10,12.5,12.5,1.0
OSRH,padding_only,False,,frozen_removed,2026-08-26,2026-09-18,23,17,0.1165,0.1165,1.0
OST,padding_only,False,,frozen_removed,2025-09-15,2026-09-11,361,250,1.695,1.695,1.0
PAAC,pre_listing_padding,False,2016-02-03,trim_to_boundary,2016-01-04,2016-02-02,29,21,9.9,9.9,1.0
PAAC,padding_only,False,2016-02-03,trim_to_boundary,2026-05-12,2026-05-26,14,10,9.91,9.91,1.0
PC,padding_only,False,,frozen_removed,2025-10-17,2026-09-18,336,231,9.4,9.4,1.0
PCSC,padding_only,False,,frozen_removed,2025-09-04,2025-09-18,14,11,10.6,10.6,1.0
PLTS,padding_only,False,,frozen_removed,2025-10-06,2026-09-18,347,240,17.5,17.5,1.0
PRPL,padding_only,False,,frozen_removed,2016-11-22,2016-12-20,28,20,246.25,246.25,1.0
PRTH,padding_only,False,,frozen_removed,2017-01-27,2017-02-15,19,14,9.95,9.95,1.0
PTNM,padding_only,False,,frozen_removed,2025-10-06,2026-07-14,281,193,10.39,10.39,1.0
PWM,padding_only,False,,frozen_removed,2025-10-13,2026-09-18,340,235,1.17,1.17,1.0
QETA,padding_only,False,,frozen_removed,2025-06-06,2025-06-27,21,15,10.86,10.86,1.0
QETA,padding_only,False,,frozen_removed,2026-07-14,2026-08-24,41,30,11.74,11.74,1.0
QMMM,padding_only,False,,frozen_removed,2025-09-29,2026-08-03,308,212,119.4,119.4,1.0
RAAQ,padding_only,False,,frozen_removed,2025-08-28,2025-09-18,21,15,10.12,10.12,1.0
RIBB,padding_only,False,,frozen_removed,2026-07-28,2026-08-12,15,12,10.82,10.82,1.0
RMG.U,padding_only,False,,frozen_removed,2019-11-12,2019-11-26,14,11,30.27,30.27,1.0
RMNI,padding_only,False,,frozen_removed,2016-08-12,2016-08-25,13,10,9.8,9.8,1.0
RVEN,padding_only,False,,frozen_removed,2017-04-27,2017-05-10,13,10,5.62,5.62,1.0
SAIH,padding_only,False,,frozen_removed,2022-02-25,2022-03-10,13,10,147.75,147.75,1.0
SAMA,padding_only,False,,frozen_removed,2019-09-24,2019-10-10,16,13,10.04,10.04,1.0
SBNY,padding_only,False,,frozen_removed,2023-03-13,2025-03-21,739,509,70.0,70.0,1.0
SCAC,padding_only,False,,frozen_removed,2017-03-08,2017-03-29,21,16,10.0,10.0,1.0
SCACU,padding_only,False,,frozen_removed,2018-10-25,2018-11-07,13,10,10.6,10.6,1.0
SCPQ,padding_only,False,,frozen_removed,2026-03-10,2026-03-31,21,16,9.95,9.95,1.0
SCPQ,padding_only,False,,frozen_removed,2026-06-01,2026-06-15,14,11,9.96,9.96,1.0
SCPQ,padding_only,False,,frozen_removed,2026-08-28,2026-09-18,21,15,10.05,10.05,1.0
SDA,padding_only,False,,frozen_removed,2021-05-28,2021-06-14,17,11,9.84,9.84,1.0
SGRP,padding_only,False,,frozen_removed,2026-07-23,2026-09-18,57,41,0.2875,0.2875,1.0
SLXN,padding_only,False,,frozen_removed,2023-05-11,2023-05-24,13,10,13959.0,13959.0,1.0
SLXN,padding_only,False,,frozen_removed,2023-11-02,2023-11-16,14,11,14647.5,14647.5,1.0
SMPL,padding_only,False,2016-10-07,trim_to_boundary,2016-10-26,2016-11-14,19,14,10.25,10.25,1.0
STNLU,padding_only,False,,frozen_removed,2019-06-26,2019-07-15,19,13,10.28,10.28,1.0
STRS,padding_only,False,,frozen_removed,2026-08-10,2026-09-18,39,29,19.32,19.32,1.0
SVA,padding_only,False,,frozen_removed,2019-02-25,2025-03-21,2216,1528,6.47,6.47,1.0
TDWD,padding_only,False,,frozen_removed,2026-02-27,2026-03-13,14,11,9.93,9.93,1.0
TPGH,padding_only,False,,frozen_removed,2017-08-29,2017-09-13,15,11,9.8,9.8,1.0
TRUG,padding_only,False,,frozen_removed,2022-06-03,2022-06-16,13,10,4990.0,4990.0,1.0
TWLVU,padding_only,False,,frozen_removed,2026-03-02,2026-04-23,52,38,10.1,10.1,1.0
TWLVU,padding_only,False,,frozen_removed,2026-08-17,2026-09-18,32,24,10.2,10.2,1.0
UBG,padding_only,False,,frozen_removed,2018-03-27,2018-04-10,14,10,34.0,34.0,1.0
UCFI,padding_only,False,,frozen_removed,2025-10-02,2026-09-18,351,242,5.51,5.51,1.0
UYSC,padding_only,False,,frozen_removed,2026-06-03,2026-06-16,13,10,10.7,10.7,1.0
VHCP,padding_only,False,,frozen_removed,2026-02-27,2026-03-23,24,17,9.9,9.9,1.0
VSEE,padding_only,False,,frozen_removed,2026-08-06,2026-09-18,43,31,0.0502,0.0502,1.0
VSTD,padding_only,False,,frozen_removed,2026-07-27,2026-09-18,53,39,0.0986,0.0986,1.0
WSC,padding_only,False,,frozen_removed,2017-08-04,2017-08-21,17,12,10.05,10.05,1.0
YHNA,padding_only,False,,frozen_removed,2025-09-18,2025-10-14,26,19,10.47,10.47,1.0
