symbol,session_date,breach_class,breach_bps,side
A,2018-02-27,extended_hours,1.449275362319582,close
A,2020-02-28,extended_hours,1.297521733487856,close
A,2020-03-16,extended_hours,81.79290037624733,close
A,2022-11-25,extended_hours,0.6371049949043913,close
A,2022-11-30,extended_hours,1.9357336430507899,close
A,2024-02-01,extended_hours,0.7515971439323056,close
A,2024-12-24,extended_hours,5.878030859660845,close
A,2026-01-02,extended_hours,1.449800652408975,close
AABA,2019-08-19,extended_hours,4.30601406631278,close
AAP,2017-06-01,extended_hours,2.188183807439908,close
AAP,2019-05-28,extended_hours,0.6469979296060367,close
AAPL,2016-01-29,extended_hours,12.325390304026762,close
AAPL,2016-09-09,extended_hours,3.8789759503483356,close
AAPL,2017-02-24,extended_hours,2.926543751830587,close
AAPL,2023-12-20,extended_hours,0.513267977210435,close
AAPL,2024-04-04,extended_hours,0.5923468783330961,close
ABBV,2017-07-19,extended_hours,1.374192661809936,close
ABBV,2017-12-29,extended_hours,11.374211560334963,close
ABBV,2018-10-19,extended_hours,1.136751165170526,close
ABBV,2018-11-30,extended_hours,63.64697146494053,close
ABBV,2019-01-11,extended_hours,1.1323745895147905,close
ABBV,2019-09-10,extended_hours,1.4667057788215185,close
ABBV,2020-02-28,extended_hours,1.1667250029157514,close
ABBV,2022-11-30,extended_hours,3.412334036481376,close
ABBV,2022-12-16,extended_hours,4.361914257229661,close
ABBV,2026-01-13,extended_hours,0.906002265006126,close
ABBV,2026-01-20,extended_hours,1.868809568304618,close
ABBV,2026-03-17,extended_hours,0.4550418638523538,close
ABBV,2026-06-26,extended_hours,45.39175054272768,close
ABC,2016-08-03,extended_hours,1.112470797642131,close
ABC,2017-02-24,extended_hours,3.2552083333334565,close
ABC,2018-01-11,extended_hours,1.0189525168132378,close
ABC,2018-12-27,extended_hours,1.3599891200877352,close
ABMD,2020-10-05,extended_hours,0.7388525619705867,close
ABMD,2022-02-24,extended_hours,0.6516356053707368,close
ABT,2017-12-29,extended_hours,5.2567022954268685,close
ABT,2018-12-27,extended_hours,1.415828967859395,close
ABT,2019-11-15,extended_hours,1.1667250029157514,close
ABT,2024-03-15,extended_hours,10.39051000086504,close
ABT,2026-04-29,extended_hours,2.1898609438296313,close
ACGL,2016-06-08,extended_hours,4.1597337770374425,close
ACGL,2017-02-08,extended_hours,29.20181700194674,close
ACGL,2017-02-17,extended_hours,3.1908104658588266,close
ACGL,2020-06-19,extended_hours,47.73269689737489,close
ACN,2016-03-01,extended_hours,0.9666505558245642,close
ACN,2016-05-27,extended_hours,0.840760047081798,close
ACN,2016-08-03,extended_hours,1.7604084147518724,close
ACN,2016-11-30,extended_hours,1.6746211169719518,close
ACN,2017-02-24,extended_hours,0.8101758081507832,close
ACN,2017-06-01,extended_hours,5.587038071674306,close
ACN,2018-02-27,extended_hours,1.2303906490299483,close
ACN,2018-03-29,extended_hours,112.05211726384357,close
ACN,2018-12-27,extended_hours,5.697599886046869,close
ACN,2019-01-28,extended_hours,0.6568575932750478,close
ACN,2019-06-26,extended_hours,0.5455239757782393,close
ACN,2019-08-26,extended_hours,1.0231749117516873,close
ACN,2019-12-19,extended_hours,1.4402304368699537,close
ACN,2020-09-01,extended_hours,0.4166319473385271,close
ACN,2024-05-15,extended_hours,2.9171528588089912,close
ACN,2025-12-31,extended_hours,0.3727171077149051,close
ACN,2026-05-18,extended_hours,0.5632216277115926,close
ADBE,2016-01-29,extended_hours,5.609783462358034,close
ADBE,2016-05-27,extended_hours,0.9986019572603471,close
ADBE,2016-06-02,extended_hours,0.9983028850958486,close
ADBE,2017-04-13,extended_hours,0.7748934521496245,close
ADBE,2019-11-15,extended_hours,0.33613445378120693,close
ADM,2017-02-17,extended_hours,2.2376370552691904,close
ADM,2017-02-24,extended_hours,1.1047282368527291,close
ADM,2017-06-27,extended_hours,2.4390243902434174,close
ADM,2017-09-15,extended_hours,2.2810218978113856,close
ADM,2018-06-06,extended_hours,2.2326412145563763,close
ADM,2019-05-01,extended_hours,2.2691173133646494,close
ADM,2022-09-21,extended_hours,2.3255813953483746,close
ADM,2024-07-03,extended_hours,1.5951507417447777,close
ADP,2016-06-23,extended_hours,1.1118523460074388,close
ADP,2018-10-30,extended_hours,9.471076788576093,close
ADS,2016-09-01,extended_hours,0.4757600266421288,close
ADS,2017-10-30,extended_hours,3.1184568093728866,close
ADS,2018-02-02,extended_hours,0.4001440518583052,close
ADSK,2018-12-26,extended_hours,0.7940919558488935,close
ADSK,2024-12-24,extended_hours,0.6639444942415648,close
ADT,2016-03-21,extended_hours,4.870920603993185,close
ADT,2018-01-30,extended_hours,8.064516129032086,close
ADT,2018-03-05,extended_hours,9.328358208955025,close
ADT,2019-09-10,extended_hours,16.528925619834357,close
ADT,2019-10-08,extended_hours,16.155088852988346,close
ADT,2019-10-10,extended_hours,15.600624024960666,close
ADT,2026-09-08,extended_hours,6.925207756232539,close
AEE,2017-05-11,extended_hours,1.8365472910936849,close
AEE,2017-08-03,extended_hours,2.631578947368521,close
AEE,2019-06-07,extended_hours,1.3178703215610328,close
AEE,2026-05-14,extended_hours,0.9124087591232578,close
AEE,2026-06-26,extended_hours,141.98782961460384,close
AEP,2016-11-30,extended_hours,1.6934801016096726,close
AEP,2017-07-13,extended_hours,1.4645577035742698,close
AEP,2017-10-10,extended_hours,1.3814062715851798,close
AEP,2018-12-27,extended_hours,2.665245202559999,close
AEP,2019-01-04,extended_hours,2.7233115468404168,close
AES,2020-03-16,extended_hours,9.099181073703173,close
AES,2026-03-13,extended_hours,3.523608174771516,close
AES,2026-03-23,extended_hours,7.1022727272725765,close
AES,2026-04-06,extended_hours,6.978367062107318,close
AES,2026-04-21,extended_hours,6.925207756232539,close
AES,2026-05-20,extended_hours,6.788866259334546,close
AES,2026-06-02,extended_hours,6.811989100817294,close
AES,2026-08-27,extended_hours,6.7796610169490075,close
AES,2026-09-03,extended_hours,3.3829499323415306,close
AES,2026-09-08,extended_hours,6.743088334457038,close
AET,2016-03-07,extended_hours,0.9115770282593543,close
AET,2016-03-31,extended_hours,5.073431241655734,close
AET,2016-04-22,extended_hours,0.8709284096839319,close
AET,2016-06-07,extended_hours,4.111842105264093,close
AET,2016-09-21,extended_hours,8.569714628502384,close
AET,2016-09-23,extended_hours,3.459309867681938,close
AET,2016-12-15,extended_hours,9.567852017222497,close
AET,2017-03-17,extended_hours,4.552352048558594,close
AET,2017-08-15,extended_hours,0.6420133538790015,close
AET,2018-01-08,extended_hours,1.6246953696182582,close
AET,2018-01-26,extended_hours,4.142931123769244,close
AET,2018-01-31,extended_hours,6.423295150412405,close
AET,2018-02-08,extended_hours,7.865168539325076,close
AET,2018-02-21,extended_hours,8.533879501620143,close
AET,2018-03-07,extended_hours,1.1195700850863084,close
AET,2018-03-12,extended_hours,3.3884904275146708,close
AET,2018-05-22,extended_hours,17.493369448676837,close
AET,2018-07-02,extended_hours,3.7699267557083784,close
AET,2018-07-20,extended_hours,4.807178720222381,close
AET,2018-08-21,extended_hours,8.570708343837456,close
AET,2018-09-10,extended_hours,8.952996766972314,close
AET,2018-09-13,extended_hours,0.49253804856380357,close
AET,2018-09-14,extended_hours,1.9728729963004707,close
AET,2018-10-10,extended_hours,9.832358291136966,close
AET,2018-10-15,extended_hours,2.010656479340105,close
AET,2018-10-24,extended_hours,0.5121114354478877,close
AET,2018-10-30,extended_hours,1.5178345560334499,close
AET,2018-11-20,extended_hours,4.41176470588252,close
AET,2018-11-27,extended_hours,1.8867924528298134,close
AFL,2016-11-15,extended_hours,2.7586206896546237,close
AFL,2017-04-17,extended_hours,2.7196083763951906,close
AFL,2017-12-29,extended_hours,2.278423331054457,close
AFL,2018-12-24,extended_hours,4.7247814788573415,close
AFL,2019-05-28,extended_hours,1.9493177387924203,close
AFL,2020-02-19,extended_hours,1.9398642095063272,close
AFL,2025-08-27,extended_hours,0.931012010055406,close
AFL,2026-07-02,extended_hours,0.4136333553934028,close
AGN,2016-02-12,extended_hours,17.11351968054828,close
AGN,2016-03-01,extended_hours,7.096752390930903,close
AGN,2016-09-09,extended_hours,2.9612081729354713,close
AGN,2017-05-30,extended_hours,1.3506820944564726,close
AGN,2017-06-01,extended_hours,2.198865385460352,close
AGN,2017-06-27,extended_hours,1.6254215937255492,close
AGN,2017-08-25,extended_hours,1.3525089040170026,close
AGN,2018-02-05,extended_hours,0.6060606060600549,close
AGN,2019-07-17,extended_hours,1.84660839591291,close
AGN,2019-09-25,extended_hours,1.8077734257307103,close
AGN,2020-01-02,extended_hours,3.121098626716722,close
AGN,2020-01-07,extended_hours,0.5250170630540718,close
AGN,2020-01-27,extended_hours,2.645502645503247,close
AGN,2020-03-02,extended_hours,1.5476681799422791,close
AIG,2016-01-29,extended_hours,5.31161473087713,close
AIG,2017-11-22,extended_hours,1.688333614723133,close
AIG,2017-12-29,extended_hours,1.678415575697401,close
AIG,2020-02-12,extended_hours,1.84229918938799,close
AIV,2017-06-02,extended_hours,4.998333888703955,close
AIV,2017-07-19,extended_hours,1.6647244880962975,close
AIV,2017-08-30,extended_hours,1.6038492381721474,close
AIV,2017-11-15,extended_hours,1.6339869281051207,close
AIV,2018-11-07,extended_hours,1.6046213093715243,close
AIV,2019-05-28,extended_hours,1.4929829799932006,close
AIV,2019-06-07,extended_hours,1.4647722279190478,close
AIV,2019-10-03,extended_hours,1.423690205011865,close
AIV,2022-11-25,extended_hours,18.270401948843563,close
AIV,2023-10-25,extended_hours,16.556291390728124,close
AIV,2023-12-29,extended_hours,12.771392081736638,close
AIV,2025-08-05,extended_hours,11.520737327188694,close
AIV,2025-11-18,extended_hours,8.787346221442498,close
AIV,2026-03-11,extended_hours,11.709601873536052,close
AIV,2026-05-11,extended_hours,23.148148148149712,close
AIZ,2016-02-29,extended_hours,7.032348804502303,close
AIZ,2016-05-27,extended_hours,1.1435105774734267,close
AIZ,2017-04-11,extended_hours,1.050309841402259,close
AIZ,2020-01-06,extended_hours,0.7512583577506818,close
AIZ,2022-03-31,extended_hours,0.5499642523230988,close
AIZ,2023-09-26,extended_hours,2.0514223194749133,close
AIZ,2023-11-24,extended_hours,0.6031363088069557,close
AIZ,2025-05-29,extended_hours,0.5001000200049673,close
AJG,2016-02-25,extended_hours,2.49937515621045,close
AJG,2016-06-02,extended_hours,2.0725388601032146,close
AJG,2016-06-23,extended_hours,2.102607232969957,close
AJG,2016-11-25,extended_hours,3.856536829925959,close
AJG,2016-12-09,extended_hours,1.9700551615441313,close
AJG,2017-06-20,extended_hours,1.7047391749071115,close
AJG,2017-06-22,extended_hours,0.8756567425561212,close
AJG,2017-07-03,extended_hours,5.214670606640212,close
AJG,2017-07-20,extended_hours,1.7161489617307562,close
AJG,2017-11-24,extended_hours,1.5292858235211984,close
AJG,2018-08-03,extended_hours,1.3993842709195223,close
AJG,2018-11-08,extended_hours,1.2858428700001165,close
AJG,2018-11-30,extended_hours,37.628130271182854,close
AJG,2019-02-04,extended_hours,1.2950012950019576,close
AJG,2019-02-27,extended_hours,1.2419274714345387,close
AJG,2019-03-11,extended_hours,1.265182186235465,close
AJG,2019-12-02,extended_hours,1.084245906970715,close
AJG,2020-06-19,extended_hours,18.999366687777798,close
AKAM,2022-02-17,extended_hours,0.9715340522676483,close
ALB,2016-09-06,extended_hours,2.4084778420050856,close
ALB,2018-05-01,extended_hours,2.0487604998986098,close
ALB,2025-01-13,extended_hours,1.0927767457114101,close
ALB,2025-12-24,extended_hours,2.6934213184291997,close
ALGN,2018-12-27,extended_hours,0.47319358349592233,close
ALGN,2020-11-02,extended_hours,0.21813105313652617,close
ALK,2016-06-30,extended_hours,1.7155601303822285,close
ALK,2016-09-09,extended_hours,1.4522218995069875,close
ALK,2021-04-21,extended_hours,4.358564579398683,close
ALK,2025-08-19,extended_hours,1.7507002801129405,close
ALL,2016-06-02,extended_hours,1.4827995255028035,close
ALL,2016-09-06,extended_hours,1.4427932477283385,close
ALL,2017-02-24,extended_hours,1.235941169199222,close
ALL,2017-06-01,extended_hours,3.4506556245687987,close
ALL,2017-07-19,extended_hours,2.2408963585429715,close
ALL,2018-02-05,extended_hours,3.1572300568302607,close
ALL,2018-03-29,extended_hours,8.438818565400664,close
ALL,2018-05-01,extended_hours,4.073319755601451,close
ALL,2019-05-01,extended_hours,2.0408163265302064,close
ALL,2019-10-29,extended_hours,9.240436148585689,close
ALL,2023-03-03,extended_hours,0.7804573480052217,close
ALL,2025-07-03,extended_hours,7.070707070706382,close
ALL,2025-08-26,extended_hours,0.9843488532340896,close
ALLE,2017-03-29,extended_hours,5.304336294920043,close
ALLE,2018-12-06,extended_hours,3.3429908624917695,close
ALLE,2019-05-28,extended_hours,4.047763610605774,close
ALLE,2020-03-02,extended_hours,0.8274036074801518,close
ALLE,2022-09-21,extended_hours,4.389333918578542,close
ALLE,2026-08-17,extended_hours,0.3084515731027423,close
ALXN,2018-12-26,extended_hours,1.0217635639118336,close
AMAT,2020-03-10,extended_hours,1.7803097739015694,close
AMCR,2019-07-11,extended_hours,5.415162454873852,close
AMCR,2026-06-03,extended_hours,2.639915522702748,close
AME,2016-08-18,extended_hours,8.17494379726122,close
AME,2017-10-19,extended_hours,2.92397660818863,close
AME,2018-01-30,extended_hours,1.306335728282837,close
AME,2019-02-04,extended_hours,1.356852103121454,close
AME,2019-11-01,extended_hours,1.0615711252659359,close
AME,2020-02-28,extended_hours,3.4883720930233877,close
AME,2021-02-26,extended_hours,0.8476731372387146,close
AME,2022-05-27,extended_hours,1.6331863465618177,close
AME,2022-06-02,extended_hours,1.623244866487787,close
AME,2024-11-29,extended_hours,0.5144562197752292,close
AME,2024-12-24,extended_hours,2.1733224667221114,close
AMG,2018-01-11,extended_hours,0.9964129135118688,close
AMG,2018-02-23,extended_hours,0.5262880901000424,close
AMG,2018-04-18,extended_hours,0.5834986579525561,close
AMG,2018-06-11,extended_hours,3.0532486565712853,close
AMG,2018-11-28,extended_hours,0.8788118463841388,close
AMG,2019-05-31,extended_hours,1.1930326890962917,close
AMG,2020-01-28,extended_hours,2.525890376357163,close
AMG,2021-11-30,extended_hours,1.1755716217016536,close
AMG,2022-04-26,extended_hours,0.7795447458677038,close
AMG,2023-01-31,extended_hours,0.5789047122854768,close
AMG,2023-04-27,extended_hours,0.7060650992015043,close
AMG,2025-07-14,extended_hours,0.9680542110349376,close
AMGN,2017-02-23,extended_hours,0.5746796161134938,close
AMGN,2025-05-15,extended_hours,1.1041996392937803,close
AMGN,2026-02-03,extended_hours,1.1813697982817113,close
AMP,2017-12-13,extended_hours,1.8026679485639432,close
AMP,2018-06-22,extended_hours,0.3416233943697357,close
AMP,2019-09-10,extended_hours,1.3828389684008722,close
AMP,2021-03-02,extended_hours,0.8857788210288424,close
AMP,2021-03-24,extended_hours,0.4494988088277478,close
AMP,2022-03-31,extended_hours,0.3329338127577209,close
AMP,2023-08-16,extended_hours,2.097315436241406,close
AMT,2016-09-09,extended_hours,0.9075233687272091,close
AMT,2017-08-17,extended_hours,0.7160759040451775,close
AMT,2017-09-21,extended_hours,0.7173601147769659,close
AMT,2018-01-22,extended_hours,1.4363688595238604,close
AMT,2018-10-10,extended_hours,1.3745704467360984,close
AMT,2018-12-26,extended_hours,0.6347997206875455,close
AMT,2020-11-27,extended_hours,0.42718612499427167,close
AMT,2021-05-28,extended_hours,1.3700775072417049,close
AMT,2026-05-20,extended_hours,0.543419193566967,close
AMTM,2024-09-30,extended_hours,834.1085271317833,close
AMTM,2025-01-06,extended_hours,4.44839857651157,close
AMTM,2025-01-22,extended_hours,4.325259515570074,close
AMZN,2018-01-10,extended_hours,1.5943877551017238,close
AMZN,2020-04-30,extended_hours,9.70088924818145,close
AMZN,2020-05-29,extended_hours,9.826400262037712,close
AMZN,2025-06-27,extended_hours,2.239140170175162,close
AN,2024-12-09,extended_hours,1.129943502825437,close
AN,2025-01-08,extended_hours,0.5770007501004504,close
ANDV,2017-10-20,extended_hours,1.8768768768765034,close
ANDV,2017-10-27,extended_hours,2.8371477208247717,close
ANDV,2017-12-15,extended_hours,1.7929179740023327,close
ANDV,2017-12-29,extended_hours,6.996676578625004,close
ANDV,2018-02-21,extended_hours,2.1609940572659125,close
ANDV,2018-09-25,extended_hours,15.894208150549941,close
ANET,2016-06-23,extended_hours,2.1673168617239833,close
ANET,2016-09-27,extended_hours,3.7071362372563113,close
ANET,2020-10-15,extended_hours,7.072135785006921,close
ANET,2024-07-03,extended_hours,2.189141856391859,close
ANSS,2016-06-02,extended_hours,1.1242270938735375,close
ANSS,2018-11-30,extended_hours,1.234415504259365,close
ANSS,2021-12-27,extended_hours,0.24317883371547463,close
ANSS,2024-12-24,extended_hours,3.5001750087489123,close
ANSS,2025-05-20,extended_hours,0.28901734104019955,close
ANSS,2025-07-16,extended_hours,273.04301362543333,close
ANTM,2016-01-28,extended_hours,2.373042240151965,close
ANTM,2017-02-01,extended_hours,13.371478325766741,close
ANTM,2018-09-21,extended_hours,2.2016732716865652,close
ANTM,2020-05-12,extended_hours,0.3663540445504011,close
AON,2016-10-14,extended_hours,0.9034239768728084,close
AON,2017-02-24,extended_hours,5.14756348661653,close
AON,2017-04-13,extended_hours,0.8467400508048363,close
AON,2017-07-19,extended_hours,0.7242702976744336,close
AON,2018-03-21,extended_hours,1.394602886828689,close
AON,2018-12-24,extended_hours,1.455180442375599,close
AON,2019-02-08,extended_hours,0.5946363798531786,close
AON,2020-01-06,extended_hours,1.917821354940406,close
AON,2020-11-18,extended_hours,1.4752163650655348,close
AON,2021-08-05,extended_hours,0.3810975609752632,close
AON,2021-10-19,extended_hours,0.32308089945693025,close
AON,2023-01-20,extended_hours,0.3073140749843548,close
AON,2024-02-09,extended_hours,0.15996928589696227,close
AON,2024-05-31,extended_hours,1.0651896037484987,close
AON,2025-07-15,extended_hours,1.1351382030768054,close
AON,2025-11-05,extended_hours,0.2926543751826428,close
AOS,2016-02-29,extended_hours,2.8417163967050625,close
AOS,2016-06-02,extended_hours,2.4183796856101596,close
AOS,2016-08-03,extended_hours,2.144542140254153,close
AOS,2017-07-25,extended_hours,5.4535538992912445,close
AOS,2017-12-29,extended_hours,1.6318537859004587,close
AOS,2018-10-15,extended_hours,2.102607232968463,close
AOS,2019-04-26,extended_hours,1.7885888034337347,close
APA,2019-05-01,extended_hours,6.307158625039285,close
APA,2019-05-28,extended_hours,14.864362690449331,close
APC,2019-05-01,extended_hours,2.763576067430706,close
APC,2019-05-22,extended_hours,0.6914672935963839,close
APC,2019-05-28,extended_hours,6.993985172753024,close
APC,2019-07-22,extended_hours,1.357957631722585,close
APC,2026-04-07,extended_hours,5.464480874315852,close
APD,2016-03-23,extended_hours,60.833646263612636,close
APD,2016-11-25,extended_hours,2.1195421788894406,close
APD,2017-03-30,extended_hours,2.2123893805310577,close
APD,2017-06-27,extended_hours,2.0857957310714825,close
APD,2017-07-19,extended_hours,1.367895492785051,close
APD,2019-05-01,extended_hours,0.49468216670744025,close
APD,2019-06-03,extended_hours,2.8713629402757594,close
APD,2019-06-05,extended_hours,0.4602356406475932,close
APD,2019-07-11,extended_hours,1.3171759747102711,close
APD,2019-12-09,extended_hours,1.7329520838757675,close
APD,2020-03-10,extended_hours,1.398079970174347,close
APD,2022-05-04,extended_hours,6.464907673037156,close
APD,2022-05-27,extended_hours,1.1968880909635402,close
APD,2022-10-25,extended_hours,0.39751947845408275,close
APD,2024-07-23,extended_hours,3.5156250000001332,close
APD,2024-12-24,extended_hours,4.053780149990019,close
APH,2016-11-25,extended_hours,3.4948741845294897,close
APH,2017-02-17,extended_hours,3.4550270643788017,close
APH,2017-05-01,extended_hours,2.2256843979511367,close
APH,2017-06-27,extended_hours,1.0777023386134774,close
APH,2017-07-03,extended_hours,3.2829940906107615,close
APH,2017-08-15,extended_hours,1.0137875101373133,close
APH,2018-04-30,extended_hours,9.560229445506488,close
APH,2018-12-24,extended_hours,3.1725888324874303,close
APH,2024-11-29,extended_hours,2.7525461051486695,close
APH,2025-07-02,extended_hours,2.0300446609821376,close
APO,2016-02-18,extended_hours,96.15384615384637,close
APO,2016-03-07,extended_hours,5.854800936766986,close
APO,2016-04-18,extended_hours,11.53402537485558,close
APO,2016-05-31,extended_hours,6.090133982946412,close
APO,2017-03-16,extended_hours,4.314063848145627,close
APO,2017-06-19,extended_hours,3.5186488388464334,close
APO,2017-10-04,extended_hours,9.874917709018296,close
APO,2017-10-24,extended_hours,82.19178082191875,close
APO,2017-11-03,extended_hours,15.97954618088869,close
APO,2017-12-06,extended_hours,3.301419610433002,close
APO,2017-12-22,extended_hours,8.82093501911236,close
APO,2019-07-22,extended_hours,2.8449502133707,close
APO,2019-11-25,extended_hours,2.313208420078189,close
APO,2021-12-09,extended_hours,1.4186409419783115,close
APO,2021-12-10,extended_hours,7.178750897343454,close
APO,2022-11-14,extended_hours,1.5982100047943122,close
APO,2024-01-08,extended_hours,1.0385294423102207,close
APO,2024-12-24,extended_hours,5.71918787532138,close
APTV,2018-12-27,extended_hours,1.6139444803095562,close
APTV,2019-06-28,extended_hours,1.2371644191519382,close
APTV,2019-09-10,extended_hours,2.203613926841145,close
APTV,2021-05-10,extended_hours,0.6955070246203161,close
ARE,2016-03-22,extended_hours,10.160307067058412,close
ARE,2016-03-24,extended_hours,2.259376412109808,close
ARE,2017-06-16,extended_hours,8.483203257550773,close
ARE,2017-07-10,extended_hours,2.5595085743538215,close
ARE,2017-12-20,extended_hours,1.5548472362598331,close
ARE,2018-01-31,extended_hours,2.31303006939099,close
ARE,2018-06-26,extended_hours,0.796178343949452,close
ARE,2019-02-04,extended_hours,3.0548342752399607,close
ARE,2019-10-28,extended_hours,4.405840886202994,close
ARE,2020-03-04,extended_hours,0.6118453255011567,close
ARE,2024-07-03,extended_hours,0.854043897855573,close
ARE,2024-07-24,extended_hours,0.8652764558280797,close
ARE,2025-09-17,extended_hours,2.3490721165135096,close
ARES,2016-02-12,extended_hours,17.12328767123251,close
ARES,2016-02-16,extended_hours,41.49377593361055,close
ARES,2016-03-31,extended_hours,6.493506493506355,close
ARES,2016-05-31,extended_hours,14.184397163120266,close
ARES,2016-09-12,extended_hours,5.399568034556161,close
ARES,2016-09-26,extended_hours,15.89825119236944,close
ARES,2016-10-10,extended_hours,21.56334231805884,close
ARES,2016-11-25,extended_hours,17.172295363480906,close
ARES,2016-12-15,extended_hours,31.746031746032198,close
ARES,2016-12-30,extended_hours,52.08333333333223,close
ARES,2017-09-12,extended_hours,21.929824561403045,close
ARES,2017-09-29,extended_hours,26.80965147452931,close
ARES,2017-11-13,extended_hours,26.24671916010536,close
ARES,2017-11-24,extended_hours,21.436227224008118,close
ARES,2017-12-29,extended_hours,25.000000000000355,close
ARES,2018-02-28,extended_hours,20.491803278688817,close
ARES,2018-07-10,extended_hours,47.281323877069234,close
ARES,2021-12-01,extended_hours,2.4676125848236916,close
ARES,2022-10-25,extended_hours,2.782802281899295,close
ARES,2022-11-10,extended_hours,1.175778953555662,close
ARES,2024-10-04,extended_hours,2.493921067397721,close
ARES,2025-03-05,extended_hours,1.2269938650313026,close
ARES,2025-12-05,extended_hours,2.417502719691796,close
ARG,2016-02-08,extended_hours,1.4234875444847142,close
ARG,2016-02-10,extended_hours,0.7119464616274616,close
ARG,2016-02-19,extended_hours,9.912908022373884,close
ARG,2016-03-24,extended_hours,0.7049203440024903,close
ARG,2016-03-31,extended_hours,3.5300762496477955,close
ARG,2016-04-08,extended_hours,0.7039774727222334,close
ARGT,2016-05-16,extended_hours,6.856023506365987,close
ARGT,2016-07-22,extended_hours,17.51313485113798,close
ARGT,2016-12-28,extended_hours,13.25673884224531,close
ARGT,2017-01-19,extended_hours,4.0048057669209305,close
ARGT,2017-10-19,extended_hours,6.355258976803169,close
ARGT,2017-11-24,extended_hours,15.281173594131163,close
ARGT,2018-02-14,extended_hours,0.1655172413789246,close
ARGT,2018-09-05,extended_hours,3.963535473643109,close
ARGT,2018-09-10,extended_hours,1.1097899326201268,close
ARGT,2018-10-18,extended_hours,20.358306188925372,close
ARGT,2018-12-20,extended_hours,17.33102253033046,close
ARGT,2019-02-08,extended_hours,3.6589828027800992,close
ARGT,2019-03-11,extended_hours,14.306151645207136,close
ARGT,2019-04-16,extended_hours,3.5919540229890674,close
ARGT,2019-09-06,extended_hours,26.019080659151033,close
ARGT,2019-11-25,extended_hours,6.81525932275974,close
ARGT,2019-11-27,extended_hours,4.18760469011642,close
ARGT,2020-01-07,extended_hours,7.234363225319475,close
ARGT,2020-01-29,extended_hours,19.34235976789058,close
ARGT,2020-02-28,extended_hours,21.805494984736463,close
ARGT,2020-07-02,extended_hours,11.18475559237822,close
ARGT,2020-11-05,extended_hours,14.97566454511387,close
ARGT,2021-11-16,extended_hours,5.910165484632393,close
ARGT,2023-02-01,extended_hours,4.870920603994916,close
ARGT,2023-04-18,unexplained,13.372272872309747,close
ARGT,2023-05-22,unexplained,6.34895732471118,close
ARGT,2023-09-22,unexplained,0.6059560821662325,close
ARGT,2024-08-22,extended_hours,6.52422117109756,close
ARGT,2024-09-12,extended_hours,2.9442072721934682,close
ARGT,2024-10-03,extended_hours,11.927836588638481,close
ARGT,2024-10-18,extended_hours,2.8029563519731338,close
ARGT,2024-11-20,extended_hours,2.1717791411049,close
ARGT,2025-03-24,extended_hours,2.3649048125825036,close
ARGT,2025-08-20,extended_hours,9.858287122612236,close
ARGT,2026-03-11,extended_hours,5.569789461958021,close
ARGT,2026-05-26,extended_hours,3.784602076125735,close
ARGT,2026-06-03,extended_hours,4.221635883905673,close
ARGT,2026-06-29,extended_hours,1.0926573426579016,close
ARGT,2026-07-24,extended_hours,3.2209576980890207,close
ARGT,2026-07-30,extended_hours,2.6001040041607575,close
ARGT,2026-08-05,extended_hours,4.2494422607039475,close
ARKK,2018-01-05,extended_hours,15.189873417722096,close
ARKK,2018-01-10,extended_hours,7.637655417406078,close
ARKK,2018-02-28,extended_hours,12.221950623320526,close
ARKK,2018-07-20,extended_hours,2.1155066638455704,close
ARKK,2018-07-25,extended_hours,6.402048655570026,close
ARKK,2018-12-27,extended_hours,10.989010989010756,close
ARKK,2019-04-10,extended_hours,7.145773785217761,close
ARKK,2019-04-26,extended_hours,8.240721325224833,close
ARKK,2019-05-03,extended_hours,12.399256044637792,close
ARKK,2019-06-13,extended_hours,4.578754578755294,close
ARKK,2019-07-09,extended_hours,2.0725388601032146,close
ARKK,2019-07-18,extended_hours,2.0479213598193757,close
ARKK,2019-07-24,extended_hours,1.4222756410258848,close
ARKK,2019-07-30,extended_hours,6.0471679096958555,close
ARKK,2019-11-22,extended_hours,0.805452292441464,close
ARKK,2020-01-16,extended_hours,4.628772449546117,close
ARKK,2020-02-18,extended_hours,1.6903313049354312,close
ARKK,2020-02-28,extended_hours,9.46252838758597,close
ARKK,2020-05-12,extended_hours,5.158184319119866,close
ARKK,2020-06-08,extended_hours,2.172250267707271,close
ARKK,2020-10-01,extended_hours,4.231013327692644,close
ARKK,2021-03-15,extended_hours,0.7756748371075788,close
ARKK,2021-03-19,extended_hours,4.073983541106262,close
ARKK,2021-04-21,extended_hours,1.2313249055973041,close
ARKK,2021-09-17,extended_hours,0.8230452674901331,close
ARKK,2021-10-27,extended_hours,6.740815638692138,close
ARKK,2022-01-18,extended_hours,2.6004420751541066,close
ARKK,2022-01-21,extended_hours,11.185682326621686,close
ARKK,2022-02-25,extended_hours,2.9489826010020677,close
ARKK,2022-03-16,extended_hours,9.993337774817169,close
ARKK,2022-04-20,extended_hours,1.7815784785316249,close
ARKK,2022-09-12,extended_hours,2.189141856391859,close
ARKK,2022-09-21,extended_hours,2.4789291026271716,close
ARKK,2022-12-12,extended_hours,5.6641178136514085,close
ARKK,2023-09-12,extended_hours,2.272210861169079,close
ARKK,2025-04-24,extended_hours,1.0002000400085134,close
ARKK,2025-07-10,extended_hours,0.679717237628528,close
ARKK,2025-08-06,extended_hours,1.3484358144540056,close
ARKK,2025-09-29,extended_hours,3.48149007775341,close
ARKK,2025-10-28,extended_hours,1.1200716845883867,close
ARKK,2025-10-30,extended_hours,7.002801120446786,close
ARKK,2025-11-04,extended_hours,3.5928143712576213,close
ARKK,2025-12-31,extended_hours,0.2600104004154107,close
ARKK,2026-05-08,extended_hours,1.895854398382276,close
ARKK,2026-05-15,extended_hours,4.672897196261227,close
ARKK,2026-06-11,extended_hours,7.28862973760835,close
ARNC,2017-07-21,extended_hours,3.9666798889335833,close
ARNC,2017-09-20,extended_hours,3.8167938931290117,close
ARNC,2018-02-28,extended_hours,4.100041000409188,close
ARNC,2019-07-18,extended_hours,3.9777247414485135,close
ARNC,2021-05-21,extended_hours,5.738880918219805,close
ARNC,2021-10-11,extended_hours,3.2020493115587607,close
ARNC,2022-04-26,extended_hours,4.135649296940266,close
ARNC,2023-04-24,extended_hours,4.205214465936926,close
ARNC,2023-06-14,extended_hours,1.7152658662089213,close
ARNC,2023-07-14,extended_hours,10.14884979702339,close
ATO,2016-04-14,extended_hours,1.3679890560882513,close
ATO,2017-01-11,extended_hours,5.3988392495621875,close
ATO,2017-02-21,extended_hours,1.2980269989622424,close
ATO,2017-08-02,extended_hours,107.39654978013311,close
ATO,2017-08-08,extended_hours,1.1416828405074912,close
ATO,2018-02-27,extended_hours,1.2338062924127227,close
ATO,2018-05-02,extended_hours,3.4494653328735354,close
ATO,2019-09-03,extended_hours,0.8946944618404674,close
ATO,2019-10-29,extended_hours,0.8963786303339114,close
ATO,2020-02-04,extended_hours,12.796451117557217,close
ATO,2020-03-13,extended_hours,3.973378364955424,close
ATO,2024-09-13,extended_hours,0.7300868803380962,close
ATVI,2023-07-27,extended_hours,1.085304970697321,close
AVB,2016-03-01,extended_hours,6.755615605472305,close
AVB,2016-03-11,extended_hours,4.366573876972463,close
AVB,2016-03-31,extended_hours,2.8916929547833017,close
AVB,2016-04-18,extended_hours,0.5461198186892756,close
AVB,2016-09-06,extended_hours,1.6775708773696323,close
AVB,2016-12-21,extended_hours,1.7348059908634208,close
AVB,2017-05-31,extended_hours,4.183225266679779,close
AVB,2017-12-07,extended_hours,0.5556790397876932,close
AVB,2018-03-09,extended_hours,0.61950192045539,close
AVB,2018-06-04,extended_hours,1.77514792899415,close
AVB,2018-06-27,extended_hours,2.358351512292438,close
AVB,2018-12-11,extended_hours,0.5321413367400664,close
AVB,2018-12-21,extended_hours,1.1296882060557067,close
AVB,2018-12-26,extended_hours,0.5770673437584919,close
AVB,2019-05-28,extended_hours,4.439840165754201,close
AVB,2019-11-15,extended_hours,0.4661352724556428,close
AVB,2019-11-26,extended_hours,0.46380038031720816,close
AVB,2020-02-10,extended_hours,1.8038331454336884,close
AVB,2020-03-02,extended_hours,5.723279439117476,close
AVB,2020-03-09,extended_hours,8.11482477050388,close
AVB,2020-03-16,extended_hours,4.893864317612559,close
AVB,2020-06-29,extended_hours,1.9607843137255643,close
AVB,2020-08-24,extended_hours,0.6419309282315384,close
AVB,2020-10-27,extended_hours,0.7148984844145628,close
AVB,2021-04-28,extended_hours,3.658217925267478,close
AVB,2023-01-31,extended_hours,2.25428313796168,close
AVB,2023-11-24,extended_hours,0.5768010613134281,close
AVY,2016-03-07,extended_hours,1.471886959080204,close
AVY,2016-05-27,extended_hours,2.678451854827377,close
AVY,2017-01-18,extended_hours,1.3666803334707007,close
AVY,2017-05-10,extended_hours,2.394062724444605,close
AVY,2017-08-16,extended_hours,1.0565240359223576,close
AVY,2017-09-01,extended_hours,1.0525207872860873,close
AVY,2017-11-22,extended_hours,0.9000900090000815,close
AVY,2018-01-02,extended_hours,0.8644536652839829,close
AVY,2019-09-10,extended_hours,1.759169671914506,close
AVY,2021-06-03,extended_hours,0.45610034207484174,close
AVY,2023-09-26,extended_hours,1.0956502684348763,close
AVY,2024-03-27,extended_hours,0.4459507670361812,close
AWK,2017-09-28,extended_hours,4.931574405129608,close
AWK,2017-12-19,extended_hours,2.247191011235508,close
AWK,2018-11-30,extended_hours,6.28864898857586,close
AWK,2020-02-18,extended_hours,0.7180812868030538,close
AWK,2020-06-19,extended_hours,4.748338081671595,close
AWK,2022-11-14,extended_hours,4.835924006907991,close
AWK,2023-01-31,extended_hours,0.6390184676349496,close
AWK,2023-11-24,extended_hours,0.757231561410791,close
AWK,2026-06-26,extended_hours,1.5073861923432492,close
AXP,2016-09-09,extended_hours,1.535626535625139,close
AXP,2017-09-15,extended_hours,1.1495574203921033,close
AXP,2017-09-18,extended_hours,1.1380448389672373,close
AXP,2017-11-28,extended_hours,1.0495382031911331,close
AXP,2018-12-27,extended_hours,1.056189269117566,close
AXP,2019-05-28,extended_hours,0.8462384700012792,close
AXP,2019-11-25,extended_hours,0.8291873963508214,close
AXP,2022-07-05,extended_hours,0.7160759040472128,close
AXP,2025-07-21,extended_hours,0.33006568307063094,close
AXP,2026-08-20,extended_hours,4.529669334139638,close
AYI,2016-01-04,extended_hours,3.001586552893169,close
AYI,2016-05-06,extended_hours,1.6292615372079364,close
AYI,2016-06-02,extended_hours,0.39134348217394843,close
AYI,2017-01-11,extended_hours,3.8037276530992816,close
AYI,2020-12-04,extended_hours,0.81333875559212,close
AYI,2020-12-15,extended_hours,5.198405822214718,close
AYI,2021-07-12,extended_hours,1.144099307820504,close
AYI,2022-01-06,extended_hours,2.373154872087492,close
AYI,2023-01-31,extended_hours,0.5304476978580164,close
AYI,2024-08-19,extended_hours,2.9152090621353146,close
AYI,2024-11-29,extended_hours,8.419345785649126,close
AYI,2025-06-25,extended_hours,1.391352742704806,close
AZO,2016-02-29,extended_hours,0.13039492879876322,close
AZO,2017-01-13,extended_hours,0.641181826343189,close
AZO,2017-02-27,extended_hours,1.6197610852399884,close
AZO,2017-04-13,extended_hours,0.1452517212327645,close
AZO,2017-07-11,extended_hours,5.004303701183018,close
AZO,2017-09-18,extended_hours,19.524316648917694,close
AZO,2018-01-26,extended_hours,1.2547838634798008,close
AZO,2018-02-08,extended_hours,9.880735349373376,close
AZO,2018-02-26,extended_hours,36.01032749014781,close
AZO,2018-11-01,extended_hours,0.1340716210598483,close
AZO,2018-12-27,extended_hours,0.11861833364954101,close
AZO,2019-02-28,extended_hours,10.33046849207139,close
AZO,2019-09-23,extended_hours,31.640604570891597,close
AZO,2019-11-01,extended_hours,1.9891375791332395,close
AZO,2020-05-18,extended_hours,1.569713758080081,close
AZO,2020-08-05,extended_hours,3.4378380191351896,close
AZO,2021-12-01,extended_hours,0.27672774970629166,close
AZO,2022-04-14,extended_hours,0.23098955927276127,close
AZO,2022-05-04,extended_hours,0.6814044719595862,close
AZO,2023-02-17,extended_hours,0.9978431237086127,close
AZO,2023-06-27,extended_hours,0.1639424889747185,close
AZO,2024-01-26,extended_hours,0.0719362357205918,close
AZO,2024-02-20,extended_hours,1.2239675092258488,close
AZO,2024-04-29,extended_hours,0.500203416056166,close
AZO,2024-05-29,extended_hours,2.263517213682928,close
AZO,2024-10-23,extended_hours,0.34412100545940877,close
AZO,2024-10-29,extended_hours,0.09801070930415694,close
AZO,2024-11-29,extended_hours,13.88214062608483,close
AZO,2025-04-15,extended_hours,5.383939611750282,close
AZO,2025-09-09,extended_hours,0.5592945431490653,close
AZO,2026-06-22,extended_hours,3.1874563420210325,close
AZO,2026-09-16,extended_hours,6.949709375789804,close
BA,2016-06-30,extended_hours,2.3100023100023974,close
BA,2016-09-06,extended_hours,1.5038724716151766,close
BA,2016-11-30,extended_hours,2.6567481402757736,close
BA,2017-06-27,extended_hours,0.5027904872049539,close
BA,2017-10-02,extended_hours,4.687683112621764,close
BA,2017-10-13,extended_hours,0.7517066809836822,close
BA,2018-12-24,extended_hours,4.759314658688685,close
BA,2019-05-28,extended_hours,1.4089269612266504,close
BA,2019-09-10,extended_hours,1.6238599150180593,close
BA,2019-10-17,extended_hours,1.0838346068395508,close
BA,2019-10-18,extended_hours,0.29069767441834027,close
BA,2019-11-01,extended_hours,2.317564239983316,close
BA,2019-11-29,extended_hours,3.5501665847396215,close
BA,2019-12-20,extended_hours,3.353658536585782,close
BA,2020-04-17,extended_hours,13.636363636364152,close
BA,2023-12-08,extended_hours,4.903964037596082,close
BA,2024-10-04,extended_hours,3.8709677419356305,close
BA,2025-07-07,extended_hours,5.031331473264658,close
BA,2025-08-12,extended_hours,3.439233051030158,close
BA,2025-10-10,extended_hours,3.796327053576259,close
BA,2026-01-02,extended_hours,0.8780787636655499,close
BA,2026-08-17,extended_hours,0.8851515822089061,close
BAC,2016-09-09,extended_hours,19.059720457432885,close
BAC,2016-10-21,extended_hours,5.9988002399529465,close
BAC,2016-12-07,extended_hours,8.861320336729984,close
BAC,2018-06-22,extended_hours,3.449465332873944,close
BAC,2018-12-27,extended_hours,6.1551087402546445,close
BAC,2019-09-10,extended_hours,1.7035775127777026,close
BAC,2026-07-08,extended_hours,1.71526586621014,close
BALL,2017-09-07,extended_hours,2.4838549428708423,close
BALL,2019-06-04,extended_hours,1.5850372483761475,close
BALL,2020-02-05,extended_hours,5.219887772411854,close
BALL,2020-05-06,extended_hours,6.086427267195108,close
BALL,2021-10-11,extended_hours,1.0996261271173429,close
BALL,2022-05-04,extended_hours,8.411439557797786,close
BALL,2024-10-29,extended_hours,1.580028440511615,close
BAX,2016-05-18,extended_hours,8.873114463176387,close
BAX,2016-06-06,extended_hours,2.2742779167609757,close
BAX,2016-06-23,extended_hours,4.351610095736103,close
BAX,2018-02-27,extended_hours,2.9116319697184485,close
BAX,2018-12-26,extended_hours,1.559332605643366,close
BAX,2020-01-02,extended_hours,1.1645510655648208,close
BAX,2020-06-09,extended_hours,1.1492931846903696,close
BAX,2025-07-21,extended_hours,3.6536353671896276,close
BBBY,2023-04-26,extended_hours,267.8571428571431,close
BBBY,2026-06-22,extended_hours,17.152658662092257,close
BBT,2017-01-10,extended_hours,13.986013986013191,close
BBT,2017-07-27,extended_hours,13.458950201883487,close
BBT,2017-12-29,extended_hours,13.661202185791572,close
BBT,2020-03-13,extended_hours,5.260389268806713,close
BBT,2020-08-24,extended_hours,10.559662090812868,close
BBT,2021-02-18,extended_hours,5.327650506127631,close
BBT,2021-09-17,extended_hours,4.046944556860204,close
BBT,2022-04-20,extended_hours,3.495281370150843,close
BBT,2022-09-08,extended_hours,1.7519271198314665,close
BBT,2022-11-25,extended_hours,3.1979533098810395,close
BBT,2023-05-16,extended_hours,5.1840331778131485,close
BBT,2024-11-29,extended_hours,3.2808398950124706,close
BBT,2025-02-11,extended_hours,3.313452617626909,close
BBT,2025-02-18,extended_hours,3.393281303019345,close
BBT,2025-04-03,extended_hours,2.0618556701026827,close
BBT,2025-08-05,extended_hours,4.043671653862338,close
BBT,2026-01-30,extended_hours,3.527336860669492,close
BBWI,2025-09-05,extended_hours,6.8004080244813245,close
BBWI,2025-10-16,extended_hours,3.844675124952542,close
BBY,2019-10-15,extended_hours,1.4718869590822958,close
BCR,2016-02-29,extended_hours,2.079218213951141,close
BCR,2016-06-02,extended_hours,3.1712952475872416,close
BCR,2017-05-08,extended_hours,16.01725941422624,close
BCR,2017-05-17,extended_hours,9.510691328871953,close
BCR,2017-05-31,extended_hours,60.17630029600122,close
BCR,2017-07-11,extended_hours,33.151264483943876,close
BCR,2017-07-27,extended_hours,2.1779036122102613,close
BCR,2017-08-02,extended_hours,48.36759371221113,close
BCR,2017-08-07,extended_hours,3.4489245626140854,close
BCR,2017-08-17,extended_hours,3.446547186362852,close
BCR,2017-08-31,extended_hours,11.845017299959336,close
BCR,2017-09-21,extended_hours,3.465986073038209,close
BCR,2017-10-06,extended_hours,0.31055900621089766,close
BCR,2017-10-10,extended_hours,20.001250078129456,close
BCR,2017-10-12,extended_hours,3.723239218119905,close
BCR,2017-10-20,extended_hours,21.504724981828094,close
BCR,2017-10-23,extended_hours,8.228195282502549,close
BCR,2017-11-02,extended_hours,3.2780045892068315,close
BCR,2017-11-09,extended_hours,0.8947745168209472,close
BCR,2017-11-16,extended_hours,1.4958863126405795,close
BCR,2017-11-20,extended_hours,0.9001170152111588,close
BCR,2017-12-21,extended_hours,2.4140012070018386,close
BCR,2017-12-26,extended_hours,10.497585555322956,close
BCR,2017-12-28,extended_hours,6.641709938412342,close
BDX,2016-01-29,extended_hours,0.6878998417824108,close
BDX,2016-04-25,extended_hours,0.6239860227125237,close
BDX,2017-02-17,extended_hours,1.6583747927032138,close
BDX,2017-02-24,extended_hours,2.725984080252042,close
BDX,2017-04-13,extended_hours,0.5476751191188403,close
BDX,2017-05-04,extended_hours,4.327599264308801,close
BDX,2017-07-03,extended_hours,1.0275908133386544,close
BDX,2017-07-14,extended_hours,2.9907287409033136,close
BDX,2017-08-17,extended_hours,2.0069238874111703,close
BDX,2017-10-05,extended_hours,1.5209125475285747,close
BDX,2018-02-05,extended_hours,112.71239213593186,close
BDX,2018-02-27,extended_hours,1.7773828038210195,close
BDX,2018-05-02,extended_hours,9.122898475173029,close
BDX,2019-09-10,extended_hours,0.7677248474139884,close
BDX,2020-03-02,extended_hours,2.038154247512757,close
BDX,2020-06-08,extended_hours,0.8089305937554696,close
BDX,2022-05-27,extended_hours,0.38992435467483844,close
BDX,2023-03-22,extended_hours,0.4185501423078573,close
BDX,2025-09-12,extended_hours,2.67608649111448,close
BEN,2016-06-23,extended_hours,2.8918449971075795,close
BEN,2016-09-23,extended_hours,2.8417163967050625,close
BEN,2017-10-13,extended_hours,4.4802867383503635,close
BEN,2017-10-23,extended_hours,2.2451728783111835,close
BEN,2019-06-25,extended_hours,2.96033155713381,close
BEN,2019-10-04,extended_hours,3.6523009495975205,close
BF.B,2016-09-20,extended_hours,2.6845637583887276,close
BF.B,2016-11-25,extended_hours,8.034279592930137,close
BF.B,2018-12-27,extended_hours,2.1159542953867985,close
BF.B,2019-02-15,extended_hours,2.043735949314942,close
BF.B,2019-02-22,extended_hours,2.047502047503095,close
BF.B,2019-06-05,extended_hours,5.545286506469711,close
BF.B,2022-03-31,extended_hours,1.4920919128625956,close
BF.B,2022-09-21,extended_hours,2.824858757061585,close
BF.B,2022-09-30,extended_hours,6.008712633319251,close
BF.B,2022-10-12,extended_hours,3.1026993484347245,close
BF.B,2022-11-25,extended_hours,2.7498968788684492,close
BF.B,2024-01-08,extended_hours,1.7956545160707507,close
BF.B,2025-07-03,extended_hours,3.5373187124165417,close
BF.B,2025-08-27,extended_hours,19.704433497536524,close
BF.B,2025-12-24,extended_hours,3.7188545927860033,close
BF.B,2026-09-08,extended_hours,3.7893141341409664,close
BFH,2016-09-01,extended_hours,0.4757600266421288,close
BFH,2017-10-30,extended_hours,3.1184568093728866,close
BFH,2018-02-02,extended_hours,0.4001440518583052,close
BFH,2022-11-14,extended_hours,2.456398919183987,close
BFH,2026-02-05,extended_hours,1.2955045990401484,close
BG,2016-09-16,extended_hours,4.938271604938459,close
BG,2017-12-29,extended_hours,4.472271914132548,close
BG,2018-02-05,extended_hours,54.39485721349953,close
BG,2018-02-08,extended_hours,5.0025012506260955,close
BG,2018-02-27,extended_hours,1.3363624214893912,close
BG,2020-06-19,extended_hours,22.1511198621699,close
BG,2021-04-09,extended_hours,1.2586532410327396,close
BG,2022-09-21,extended_hours,2.234636871507935,close
BG,2023-02-21,extended_hours,1.0398253093485614,close
BG,2025-06-04,extended_hours,2.6813245743391905,close
BG,2026-01-05,extended_hours,1.0706638115637168,close
BHF,2024-01-25,extended_hours,1.8663680477786506,close
BHF,2025-12-16,extended_hours,0.765931372548323,close
BIIB,2018-09-21,extended_hours,27.79305752583991,close
BIIB,2018-10-10,extended_hours,9.036233816253572,close
BIIB,2023-01-19,extended_hours,1.7848855888341615,close
BIIB,2024-03-27,extended_hours,0.46223537025011113,close
BIO,2016-04-01,extended_hours,1.434514416868585,close
BIO,2017-02-09,extended_hours,8.906119027660703,close
BIO,2017-02-28,extended_hours,1.5413070283601078,close
BIO,2017-07-06,extended_hours,18.182624506629853,close
BIO,2017-08-10,extended_hours,0.4651162790693444,close
BIO,2017-09-07,extended_hours,5.569996286669353,close
BIO,2018-12-24,extended_hours,0.45433893684776583,close
BIO,2019-01-14,extended_hours,0.8461310657013077,close
BIO,2019-03-20,extended_hours,0.6436663233773754,close
BIO,2020-04-02,extended_hours,16.355269723347337,close
BIO,2020-04-13,extended_hours,1.1100695643597591,close
BIO,2020-06-11,extended_hours,0.683932153931004,close
BIO,2020-06-15,extended_hours,0.2203225522162445,close
BIO,2021-08-13,extended_hours,0.6424257998195365,close
BIO,2022-09-21,extended_hours,2.0883124115361853,close
BIO,2022-11-14,extended_hours,2.3691068467179788,close
BIO,2024-08-20,extended_hours,0.9413536665734588,close
BIO,2025-05-19,extended_hours,1.6086222150724703,close
BIO,2025-06-06,extended_hours,7.747698477805849,close
BKNG,2016-09-06,extended_hours,1.7397355601945044,close
BKNG,2017-04-12,extended_hours,1.4285714285721594,close
BKNG,2018-02-28,extended_hours,4.9164208456251535,close
BKNG,2022-07-01,extended_hours,4.242081447963963,close
BKNG,2022-08-09,extended_hours,1.277302337463931,close
BKNG,2024-05-16,extended_hours,1.3386880856748198,close
BKNG,2024-12-24,extended_hours,2.927971891468566,close
BKNG,2025-02-28,extended_hours,1.9936204146726497,close
BKNG,2025-04-04,extended_hours,2.3342670401489287,close
BKNG,2025-07-07,extended_hours,1.719394773039548,close
BKNG,2025-10-28,extended_hours,3.9058685675233136,close
BKR,2017-07-05,extended_hours,10.738255033556818,close
BKR,2018-12-26,extended_hours,4.64684014869796,close
BLDR,2017-12-29,extended_hours,4.589261128958955,close
BLDR,2021-12-21,extended_hours,2.5416190113096992,close
BLDR,2023-04-12,extended_hours,2.1521575379313482,close
BLDR,2023-12-15,extended_hours,11.691588209956171,close
BLDR,2024-11-19,extended_hours,1.11850567641688,close
BLDR,2026-01-16,extended_hours,0.7887057338899681,close
BLK,2016-09-20,extended_hours,0.27344070438456014,close
BLK,2016-10-19,extended_hours,0.5670220004531019,close
BLK,2017-02-24,extended_hours,0.8890944598625689,close
BLK,2017-05-01,extended_hours,0.2610966057438879,close
BLK,2017-10-10,extended_hours,3.222410792928615,close
BLK,2017-12-29,extended_hours,2.141285939538137,close
BLK,2018-06-06,extended_hours,1.4496430254057358,close
BLK,2018-06-27,extended_hours,0.5957936965032781,close
BLK,2018-07-02,extended_hours,2.2021140294674244,close
BLK,2018-11-30,extended_hours,14.01836405691376,close
BLK,2019-05-28,extended_hours,0.6987957420039764,close
BLK,2023-12-15,extended_hours,163.12576312576329,close
BLK,2024-12-24,extended_hours,3.697278234406233,close
BLK,2025-07-21,extended_hours,2.104261587162341,close
BLK,2025-08-04,extended_hours,2.688027525401453,close
BLK,2026-07-29,extended_hours,15.057589488412606,close
BLL,2017-09-07,extended_hours,2.4838549428708423,close
BLL,2019-06-04,extended_hours,1.5850372483761475,close
BLL,2020-02-05,extended_hours,5.219887772411854,close
BLL,2020-05-06,extended_hours,6.086427267195108,close
BMY,2016-03-18,extended_hours,11.14117459812196,close
BMY,2016-06-20,extended_hours,2.818489289742141,close
BMY,2018-12-27,extended_hours,3.9674667724649915,close
BMY,2019-10-03,extended_hours,2.018163471240769,close
BMY,2020-06-09,extended_hours,1.641227638273102,close
BMY,2022-03-18,extended_hours,1.4080540692749797,close
BMY,2023-06-30,extended_hours,1.5637216575446458,close
BNO,2016-06-01,extended_hours,6.609385327165606,close
BNO,2016-06-07,extended_hours,0.4487179487180416,close
BNO,2016-06-08,extended_hours,6.281407035175745,close
BNO,2016-06-22,extended_hours,258.51197982345536,close
BNO,2016-08-12,extended_hours,5.591397849462068,close
BNO,2017-06-01,extended_hours,14.892032762471759,close
BNO,2018-11-05,extended_hours,53.658536585365574,close
BNO,2018-12-20,extended_hours,118.2654402102495,close
BNO,2019-07-15,extended_hours,5.115089514065478,close
BNO,2020-03-02,extended_hours,5.875440658048185,close
BNO,2020-03-18,extended_hours,33.67003367003295,close
BNO,2021-03-02,extended_hours,3.178639542275273,close
BNO,2021-10-11,extended_hours,1.0445049954594665,close
BNO,2022-04-22,extended_hours,3.306878306878824,close
BNO,2022-11-14,extended_hours,1.6550810989735205,close
BNO,2023-12-20,extended_hours,1.7799928800281257,close
BNO,2024-03-27,extended_hours,1.58881474420051,close
BNO,2024-12-09,extended_hours,1.7343045438787925,close
BNO,2024-12-18,extended_hours,3.4246575342471104,close
BNO,2025-01-23,extended_hours,3.1665611146300074,close
BNO,2025-05-14,extended_hours,3.58808754933549,close
BNO,2025-12-11,extended_hours,1.7605633802813399,close
BNY,2020-03-02,extended_hours,2.441406249999514,close
BNY,2023-06-27,extended_hours,3.4215328467154578,close
BNY,2025-02-28,extended_hours,3.372681281619015,close
BOTZ,2016-11-17,extended_hours,13.029315960911774,close
BOTZ,2017-02-17,extended_hours,26.047904191615626,close
BOTZ,2017-04-19,extended_hours,5.872093023254522,close
BOTZ,2017-04-24,extended_hours,56.947608200454376,close
BOTZ,2017-04-28,extended_hours,50.11135857461016,close
BOTZ,2017-05-05,extended_hours,11.0253583241453,close
BOTZ,2017-05-30,extended_hours,5.379236148467759,close
BOTZ,2017-06-01,extended_hours,68.81948120698729,close
BOTZ,2017-06-19,extended_hours,0.37135278514690784,close
BOTZ,2017-07-14,extended_hours,5.192107995847125,close
BOTZ,2017-08-09,extended_hours,19.910403185664084,close
BOTZ,2017-08-28,extended_hours,4.930966469428778,close
BOTZ,2017-09-14,extended_hours,10.056390977443543,close
BOTZ,2017-09-15,extended_hours,13.999066728885271,close
BOTZ,2017-09-28,extended_hours,23.16960148285318,close
BOTZ,2017-10-02,extended_hours,0.9124087591252026,close
BOTZ,2017-10-03,extended_hours,4.528985507245476,close
BOTZ,2017-10-11,extended_hours,8.968609865470661,close
BOTZ,2017-11-07,extended_hours,4.149377593361645,close
BOTZ,2018-03-26,extended_hours,4.161464835622789,close
BOTZ,2018-04-30,extended_hours,4.329004329003467,close
BOTZ,2018-10-10,extended_hours,19.55990220048858,close
BOTZ,2018-10-24,extended_hours,7.944915254237589,close
BOTZ,2018-12-04,extended_hours,5.243838489773472,close
BOTZ,2019-01-10,extended_hours,1.9830028328605942,close
BOTZ,2019-02-15,extended_hours,2.547121752419259,close
BOTZ,2019-02-28,extended_hours,5.1229508196729325,close
BOTZ,2019-03-01,extended_hours,5.058168942841685,close
BOTZ,2019-03-05,extended_hours,5.076142131980489,close
BOTZ,2019-03-06,extended_hours,5.1229508196729325,close
BOTZ,2019-03-22,extended_hours,5.058168942843482,close
BOTZ,2019-04-26,extended_hours,9.380863039399426,close
BOTZ,2019-05-01,extended_hours,4.681647940075638,close
BOTZ,2019-05-10,extended_hours,4.854368932039594,close
BOTZ,2019-05-28,extended_hours,10.531858873092746,close
BOTZ,2019-06-07,extended_hours,5.113924050633585,close
BOTZ,2019-06-12,extended_hours,20.20202020201977,close
BOTZ,2019-06-14,extended_hours,56.381342901076074,close
BOTZ,2019-06-24,extended_hours,4.88519785051371,close
BOTZ,2019-07-03,extended_hours,14.218009478673524,close
BOTZ,2019-07-23,extended_hours,9.79431929481054,close
BOTZ,2019-08-08,extended_hours,5.279831045407372,close
BOTZ,2019-09-11,extended_hours,4.952947003467837,close
BOTZ,2019-09-25,extended_hours,7.518796992481488,close
BOTZ,2019-10-22,extended_hours,4.933399111988931,close
BOTZ,2019-11-01,extended_hours,4.692632566869081,close
BOTZ,2019-11-04,extended_hours,4.627487274409075,close
BOTZ,2019-11-25,extended_hours,4.631773969431016,close
BOTZ,2019-12-03,extended_hours,4.701457451809126,close
BOTZ,2019-12-11,extended_hours,0.7812500000014445,close
BOTZ,2019-12-20,extended_hours,7.301587301586396,close
BOTZ,2019-12-27,extended_hours,1.5822784810121826,close
BOTZ,2020-01-02,extended_hours,11.235955056179137,close
BOTZ,2020-01-06,extended_hours,9.009009009008818,close
BOTZ,2020-01-10,extended_hours,2.2351363433164977,close
BOTZ,2020-01-21,extended_hours,8.98069151324633,close
BOTZ,2020-01-23,extended_hours,4.428697962798057,close
BOTZ,2020-02-07,extended_hours,4.496402877698545,close
BOTZ,2020-02-10,extended_hours,4.428697962798057,close
BOTZ,2020-02-27,extended_hours,10.020040080160106,close
BOTZ,2020-03-04,extended_hours,16.69051025274208,close
BOTZ,2020-03-13,extended_hours,5.797101449276268,close
BOTZ,2020-04-07,extended_hours,11.04972375690584,close
BOTZ,2020-05-04,extended_hours,5.000000000000782,close
BOTZ,2020-05-12,extended_hours,4.777830864788133,close
BOTZ,2020-06-08,extended_hours,4.199584199584753,close
BOTZ,2020-06-22,extended_hours,8.3229296712441,close
BOTZ,2020-07-10,extended_hours,4.012841091493404,close
BOTZ,2020-08-04,extended_hours,3.840245775728883,close
BOTZ,2020-08-19,extended_hours,3.698224852071584,close
BOTZ,2020-09-01,extended_hours,3.6376864314288873,close
BOTZ,2020-11-30,extended_hours,1.5797788309644734,close
BOTZ,2020-12-04,extended_hours,3.0581039755367323,close
BOTZ,2020-12-15,extended_hours,0.3067484662591334,close
BOTZ,2021-02-08,extended_hours,2.806623631772415,close
BOTZ,2021-03-15,extended_hours,8.888888888889227,close
BOTZ,2021-03-24,extended_hours,3.1318509238965118,close
BOTZ,2021-03-26,extended_hours,9.049773755656451,close
BOTZ,2021-04-01,extended_hours,1.1747430249626383,close
BOTZ,2021-04-13,extended_hours,1.4388489208640454,close
BOTZ,2021-04-21,extended_hours,2.875215641172516,close
BOTZ,2021-05-10,extended_hours,2.9958058717789124,close
BOTZ,2021-07-09,extended_hours,5.7504312823470745,close
BOTZ,2021-08-27,extended_hours,2.7173913043472857,close
BOTZ,2021-12-01,extended_hours,5.648121999436071,close
BOTZ,2021-12-09,extended_hours,1.3808340237510517,close
BOTZ,2021-12-15,extended_hours,2.779321845469153,close
BOTZ,2022-01-05,extended_hours,2.873563218392275,close
BOTZ,2022-03-07,extended_hours,3.7565740045071414,close
BOTZ,2022-03-11,extended_hours,7.538635506973076,close
BOTZ,2022-03-16,extended_hours,17.94687724335991,close
BOTZ,2022-03-17,extended_hours,3.4782608695657613,close
BOTZ,2022-03-23,extended_hours,3.4782608695657613,close
BOTZ,2022-04-26,extended_hours,8.392782207303034,close
BOTZ,2022-05-02,extended_hours,4.145936981758525,close
BOTZ,2022-05-27,extended_hours,6.307821698906883,close
BOTZ,2022-06-09,extended_hours,4.327131112073372,close
BOTZ,2022-06-24,extended_hours,10.282538212135966,close
BOTZ,2022-07-01,extended_hours,4.861448711716851,close
BOTZ,2022-07-05,extended_hours,4.828585224529967,close
BOTZ,2022-08-25,extended_hours,4.520795660036873,close
BOTZ,2022-09-08,extended_hours,4.899559039687194,close
BOTZ,2022-09-21,extended_hours,5.2548607461891805,close
BOTZ,2022-09-30,extended_hours,11.061946902656597,close
BOTZ,2022-11-10,extended_hours,2.384358607534099,close
BOTZ,2022-11-22,extended_hours,4.768717215068198,close
BOTZ,2022-11-30,extended_hours,5.132991133924047,close
BOTZ,2022-12-09,extended_hours,4.728132387707595,close
BOTZ,2022-12-12,extended_hours,4.653327128896236,close
BOTZ,2023-01-17,extended_hours,2.189141856391859,close
BOTZ,2023-01-20,extended_hours,8.745080891998064,close
BOTZ,2023-02-21,extended_hours,2.1805494984731815,close
BOTZ,2023-03-29,extended_hours,4.0273862263383045,close
BOTZ,2023-04-10,extended_hours,4.050222762252557,close
BOTZ,2023-04-25,extended_hours,3.1275385865149543,close
BOTZ,2023-04-27,extended_hours,4.000000000000625,close
BOTZ,2023-07-10,extended_hours,3.500175008750985,close
BOTZ,2023-09-25,extended_hours,2.030869212023785,close
BOTZ,2023-10-25,extended_hours,4.39753737906841,close
BOTZ,2023-12-21,extended_hours,0.350877192982885,close
BOTZ,2024-03-12,extended_hours,3.0911901081910385,close
BOTZ,2024-04-04,extended_hours,3.2711808963029148,close
BOTZ,2024-04-30,extended_hours,1.6733601070959028,close
BOTZ,2024-05-16,extended_hours,1.5743073047855811,close
BOTZ,2024-12-05,extended_hours,2.949852507374045,close
BOTZ,2025-05-12,extended_hours,1.633453119895134,close
BOTZ,2025-06-02,extended_hours,3.2289312237642918,close
BOTZ,2025-06-26,extended_hours,1.5489467162337538,close
BOTZ,2025-07-11,extended_hours,6.1977068484648346,close
BOTZ,2025-08-25,extended_hours,1.4850014850001343,close
BOTZ,2026-07-30,extended_hours,4.297994269341137,close
BR,2016-06-02,extended_hours,1.5576323987546907,close
BR,2016-06-28,extended_hours,1.58881474420051,close
BR,2016-09-01,extended_hours,1.4255167498225396,close
BR,2016-09-02,extended_hours,1.4100394811061923,close
BR,2016-09-06,extended_hours,1.4040999719187188,close
BR,2016-12-20,extended_hours,1.5073861923432492,close
BR,2017-05-26,extended_hours,1.3304949441198932,close
BR,2017-09-12,extended_hours,2.485089463221947,close
BR,2017-09-22,extended_hours,4.942542938342549,close
BR,2018-01-30,extended_hours,2.0742584526027814,close
BR,2018-02-05,extended_hours,13.24210990951118,close
BR,2018-03-22,extended_hours,3.761873412960242,close
BR,2018-04-16,extended_hours,0.9114939385644797,close
BR,2018-11-16,extended_hours,4.774637127578033,close
BR,2018-11-30,extended_hours,80.28714461131656,close
BR,2019-02-05,extended_hours,1.916626736942599,close
BR,2020-05-12,extended_hours,5.091217649554712,close
BR,2023-12-15,extended_hours,1.032258064516657,close
BRK.B,2016-01-29,extended_hours,6.935347152654959,close
BRK.B,2016-03-01,extended_hours,3.6512341171324203,close
BRK.B,2016-05-31,extended_hours,4.269247189412429,close
BRK.B,2016-06-02,extended_hours,1.4073604953916143,close
BRK.B,2016-06-13,extended_hours,0.7095217823180718,close
BRK.B,2016-08-05,extended_hours,6.865774116031192,close
BRK.B,2016-09-23,extended_hours,0.689655172413166,close
BRK.B,2016-12-07,extended_hours,5.464812678365621,close
BRK.B,2017-01-09,extended_hours,1.8516232563881703,close
BRK.B,2017-08-17,extended_hours,1.6933845111764019,close
BRK.B,2017-10-20,extended_hours,2.1159542953867985,close
BRK.B,2017-12-29,extended_hours,7.567349409747033,close
BRK.B,2018-02-15,extended_hours,0.4904364884756904,close
BRK.B,2018-12-27,extended_hours,5.9964021587050045,close
BRK.B,2019-08-26,extended_hours,0.4995004995000452,close
BRK.B,2019-09-10,extended_hours,7.680860256348548,close
BRK.B,2020-01-02,extended_hours,0.8756950829713127,close
BRK.B,2020-06-29,extended_hours,1.1287318697449196,close
BRK.B,2022-11-30,extended_hours,5.963590709353349,close
BRK.B,2024-02-09,extended_hours,1.004116879205253,close
BRK.B,2025-07-24,extended_hours,4.785684560964655,close
BRK.B,2025-07-31,extended_hours,3.814529117572409,close
BRK.B,2025-08-14,extended_hours,0.4173448520520565,close
BRK.B,2025-10-10,extended_hours,0.8177785046924225,close
BRK.B,2025-12-03,extended_hours,9.53137410643291,close
BRK.B,2025-12-19,extended_hours,9.503973469759718,close
BRK.B,2026-01-27,extended_hours,0.63201803358065,close
BRK.B,2026-06-26,extended_hours,0.4010748806809981,close
BRO,2019-07-18,extended_hours,1.4232849416460454,close
BRO,2019-12-24,extended_hours,5.105948429919842,close
BSX,2016-02-29,extended_hours,5.889281507654894,close
BSX,2017-07-20,extended_hours,1.8031013342946287,close
BSX,2017-08-01,extended_hours,7.55287009063428,close
BSX,2018-04-30,extended_hours,3.481894150418372,close
BSX,2018-05-01,extended_hours,3.39213025780243,close
BSX,2018-12-27,extended_hours,2.9002320185609083,close
BSX,2019-05-02,extended_hours,2.710761724043917,close
BSX,2019-07-23,extended_hours,2.332089552239999,close
BSX,2025-07-22,extended_hours,0.9693679720826983,close
BSX,2026-05-01,extended_hours,1.7699115044244267,close
BWA,2017-04-13,extended_hours,1.3154433043942537,close
BWA,2018-02-05,extended_hours,5.730659025788182,close
BWA,2018-02-28,extended_hours,2.03748981255198,close
BWA,2018-03-12,extended_hours,1.9696671262552707,close
BWA,2018-06-29,extended_hours,4.633920296571624,close
BWA,2022-11-30,extended_hours,4.7047753469762466,close
BX,2016-02-16,extended_hours,15.402387370042028,close
BX,2017-03-02,extended_hours,3.4029649595691813,close
BX,2019-04-30,extended_hours,5.068423720222002,close
BX,2019-07-02,extended_hours,6.337135614702395,close
BX,2020-05-19,extended_hours,1.8917896329924349,close
BX,2020-06-19,extended_hours,67.79661016949127,close
BX,2021-01-26,extended_hours,26.194144838210704,close
BX,2021-02-04,extended_hours,1.4086491055065369,close
BX,2021-11-30,extended_hours,6.36267232237564,close
BX,2026-07-24,extended_hours,1.5384615384623255,close
BXLT,2016-05-31,extended_hours,6.632765863365274,close
BXP,2016-06-29,extended_hours,3.041825095056429,close
BXP,2017-05-30,extended_hours,7.449097831485136,close
BXP,2018-12-27,extended_hours,1.774937877175207,close
BXP,2019-05-09,extended_hours,0.7641170627333158,close
BXP,2019-09-10,extended_hours,2.2916507524254173,close
BXP,2019-12-27,extended_hours,0.7263219058700846,close
BXP,2022-10-25,extended_hours,2.654984733837252,close
BXP,2022-11-30,extended_hours,6.936736958934123,close
BXP,2023-01-05,extended_hours,3.1162355874097876,close
C,2017-02-17,extended_hours,1.661957786273079,close
C,2017-03-20,extended_hours,1.67813391508609,close
C,2018-03-29,extended_hours,79.25925925925876,close
C,2018-12-27,extended_hours,1.9316206297093135,close
C,2019-11-08,extended_hours,1.3137151865482286,close
C,2022-07-20,extended_hours,1.9065776930419667,close
C,2022-11-14,extended_hours,2.039983680130153,close
CA,2018-07-26,extended_hours,10.250569476082394,close
CA,2018-08-03,extended_hours,2.2686025408343946,close
CA,2018-09-28,extended_hours,4.530011325027412,close
CA,2025-05-05,unexplained,16.406890894175202,close
CAG,2016-06-29,extended_hours,10.79913606911424,close
CAG,2017-03-20,extended_hours,46.54581087702051,close
CAG,2017-06-27,extended_hours,2.702702702702165,close
CAG,2017-07-27,extended_hours,2.9112081513822443,close
CAG,2018-02-05,extended_hours,8.415147265077458,close
CAG,2020-06-19,extended_hours,32.78688524590147,close
CAG,2024-09-20,extended_hours,6.191950464397253,close
CAG,2024-11-25,extended_hours,1.8214936247719509,close
CAG,2024-12-24,extended_hours,3.6179450072364556,close
CAG,2026-02-06,extended_hours,5.064599483203346,close
CAG,2026-08-18,extended_hours,6.4432989690720275,close
CAH,2018-12-06,extended_hours,1.824484583106206,close
CAH,2018-12-27,extended_hours,4.486316733960525,close
CAH,2020-03-02,extended_hours,1.8511662347288254,close
CAH,2022-12-12,extended_hours,1.257545271628635,close
CAH,2024-03-15,extended_hours,5.424464334147208,close
CAH,2025-07-03,extended_hours,7.578972897592918,close
CAH,2025-12-19,extended_hours,0.4927322000488251,close
CAH,2026-02-02,extended_hours,0.45676700315257507,close
CAM,2016-03-07,extended_hours,4.361098996947396,close
CAM,2026-06-05,extended_hours,3.990422984835599,close
CAM,2026-06-24,extended_hours,3.9824771007572934,close
CAM,2026-09-09,extended_hours,2.03748981255198,close
CANE,2018-10-04,extended_hours,5.8904109589037645,close
CANE,2018-10-23,extended_hours,2.736318407958241,close
CANE,2019-01-02,extended_hours,130.43478260869543,close
CANE,2020-01-13,extended_hours,13.755158184318827,close
CANE,2020-02-10,extended_hours,13.458950201885163,close
CANE,2020-05-19,extended_hours,18.51851851851812,close
CANE,2020-07-02,extended_hours,33.898305084746546,close
CANE,2021-03-05,extended_hours,13.29787234042525,close
CANE,2021-04-27,extended_hours,11.961722488038024,close
CANE,2021-08-10,extended_hours,10.893246187363602,close
CANE,2021-09-28,extended_hours,10.604453870625438,close
CANE,2022-01-27,extended_hours,11.111111111110874,close
CANE,2022-02-02,extended_hours,11.415525114155008,close
CANE,2022-03-09,extended_hours,21.14164904862534,close
CANE,2022-04-22,extended_hours,10.449320794148157,close
CANE,2022-07-08,extended_hours,18.201058201057137,close
CANE,2022-07-11,extended_hours,34.30107526881557,close
CANE,2022-07-13,extended_hours,1.0615711252648043,close
CANE,2022-07-20,extended_hours,21.76278563656295,close
CANE,2022-08-12,extended_hours,10.905125408941972,close
CANE,2022-08-17,extended_hours,11.173184357543647,close
CANE,2022-08-18,extended_hours,11.389521640090875,close
CANE,2022-09-12,extended_hours,13.429522752497471,close
CANE,2022-09-15,extended_hours,45.351473922901526,close
CANE,2022-09-20,extended_hours,11.24859392575904,close
CANE,2022-09-22,extended_hours,8.724832214764637,close
CANE,2022-09-26,extended_hours,1.1520737327182555,close
CANE,2022-10-14,extended_hours,11.001100110010766,close
CANE,2022-11-21,extended_hours,31.578947368420376,close
CANE,2022-12-05,unexplained,2.781522134496512,close
CANE,2023-04-13,extended_hours,8.156606851549581,close
CANE,2023-05-10,extended_hours,7.1022727272725765,close
CANE,2023-07-10,extended_hours,7.7339520494971286,close
CANE,2023-10-20,extended_hours,13.431833445264992,close
CANE,2023-11-15,extended_hours,0.0661813368628504,close
CANE,2024-05-02,extended_hours,0.08417508417638324,close
CANE,2024-08-27,extended_hours,0.8340283569636745,close
CANE,2024-09-11,unexplained,0.43476370592636066,close
CANE,2025-03-19,extended_hours,48.03843074459608,close
CANE,2025-05-07,extended_hours,44.64285714285778,close
CANE,2025-07-03,extended_hours,22.686025408348783,close
CANE,2025-07-21,unexplained,4.301941365454225,close
CANE,2025-09-16,extended_hours,9.42507068802996,close
CANE,2026-07-15,extended_hours,5.096839959226077,close
CANE,2026-07-29,extended_hours,10.471204188481451,close
CARR,2026-01-29,extended_hours,1.67252048837565,close
CASY,2020-02-27,extended_hours,2.348658328929132,close
CASY,2022-06-02,extended_hours,0.47404598245986757,close
CASY,2022-12-28,extended_hours,1.32013201320137,close
CASY,2024-02-28,extended_hours,0.9864527160341167,close
CAT,2016-06-13,extended_hours,1.3292569453663305,close
CAT,2016-09-27,extended_hours,1.2065637065626094,close
CAT,2017-08-17,extended_hours,2.6515821106594606,close
CAT,2017-09-06,extended_hours,3.4193879295599285,close
CAT,2019-04-26,extended_hours,2.1578076674099935,close
CAT,2019-07-17,extended_hours,0.7367567965828725,close
CAT,2024-12-24,extended_hours,8.433767717713694,close
CAT,2025-06-04,extended_hours,1.1450490939804903,close
CAT,2025-10-10,extended_hours,0.20354162426197647,close
CAT,2026-08-06,extended_hours,0.466766243464848,close
CB,2016-03-31,extended_hours,3.35711288292002,close
CB,2016-04-11,extended_hours,1.6867673104503866,close
CB,2016-08-05,extended_hours,0.7874015748035524,close
CB,2017-03-17,extended_hours,1.448225923242709,close
CB,2017-06-01,extended_hours,1.3807386952006773,close
CB,2017-06-22,extended_hours,1.374098248023484,close
CB,2018-02-27,extended_hours,0.6935293709682298,close
CB,2018-03-09,extended_hours,0.6944444444438128,close
CB,2018-04-30,extended_hours,1.4741652539257193,close
CB,2019-02-05,extended_hours,1.4868782990098737,close
CB,2020-01-02,extended_hours,1.281886937572762,close
CB,2021-02-26,extended_hours,1.2301636117592452,close
CB,2022-04-26,extended_hours,45.722713864307124,close
CB,2024-06-13,extended_hours,0.3799247748942253,close
CB,2024-12-24,extended_hours,0.7232226802646508,close
CB,2026-07-16,extended_hours,2.327611288914288,close
CBOE,2018-10-16,extended_hours,15.52493692994339,close
CBOE,2018-11-21,extended_hours,22.308979364193615,close
CBOE,2018-12-24,extended_hours,4.384522635097231,close
CBOE,2018-12-26,extended_hours,14.855687606112115,close
CBOE,2018-12-27,extended_hours,10.455876202425168,close
CBOE,2019-02-07,extended_hours,3.155569580307871,close
CBOE,2019-03-18,extended_hours,2.087029114055726,close
CBOE,2019-04-01,extended_hours,3.0982133636270928,close
CBOE,2019-12-31,extended_hours,0.8333333333337596,close
CBOE,2020-02-13,extended_hours,4.0225261464197235,close
CBOE,2020-02-21,extended_hours,32.91850662384557,close
CBOE,2020-04-08,extended_hours,37.617554858934106,close
CBOE,2020-06-08,extended_hours,7.722007722007557,close
CBOE,2020-06-23,extended_hours,8.361204013377748,close
CBOE,2020-07-15,extended_hours,1.5935408477637913,close
CBOE,2020-07-30,extended_hours,1.1508804235245846,close
CBOE,2020-08-04,extended_hours,15.190465061929826,close
CBOE,2020-08-11,extended_hours,2.24946575188348,close
CBOE,2020-08-12,extended_hours,5.755726948313245,close
CBOE,2020-09-25,extended_hours,3.343363423604272,close
CBOE,2020-12-02,extended_hours,3.1996587030717936,close
CBOE,2020-12-23,extended_hours,1.0981770261356145,close
CBOE,2021-02-19,extended_hours,10.403662089054755,close
CBOE,2021-03-18,extended_hours,2.9242616239400663,close
CBOE,2021-05-24,extended_hours,2.7267769496456222,close
CBOE,2021-06-02,extended_hours,3.54107648725142,close
CBOE,2021-06-14,extended_hours,0.8713837574072077,close
CBOE,2021-06-25,extended_hours,20.530508335386386,close
CBOE,2021-06-28,extended_hours,0.8375209380226889,close
CBOE,2021-07-27,extended_hours,4.3260079598544,close
CBOE,2021-08-10,extended_hours,0.8177952240763098,close
CBOE,2021-08-11,extended_hours,4.001280409730887,close
CBOE,2021-09-07,extended_hours,10.535699813598788,close
CBOE,2021-10-05,extended_hours,9.102946044356127,close
CBOE,2021-10-22,extended_hours,0.7731560228847151,close
CBOE,2021-11-01,extended_hours,11.969776314804863,close
CBOE,2021-11-15,extended_hours,3.816793893130639,close
CBOE,2021-12-14,extended_hours,10.122245581250132,close
CBOE,2021-12-27,extended_hours,7.318952234206383,close
CBOE,2022-01-13,extended_hours,2.492522432701989,close
CBOE,2022-01-27,extended_hours,4.357298474945286,close
CBOE,2022-01-31,extended_hours,1.2655024044546164,close
CBOE,2022-02-17,extended_hours,3.37752258718163,close
CBOE,2022-03-08,extended_hours,3.518339343830262,close
CBOE,2022-03-11,extended_hours,6.140350877192384,close
CBOE,2022-03-18,extended_hours,10.273972602740114,close
CBOE,2022-03-23,extended_hours,13.010668748372925,close
CBOE,2022-04-26,extended_hours,14.342058085334939,close
CBOE,2022-05-09,extended_hours,0.9329228472810072,close
CBOE,2022-05-18,extended_hours,5.723006486074235,close
CBOE,2022-05-27,extended_hours,15.198927134554092,close
CBOE,2022-06-10,extended_hours,4.55497859160036,close
CBOE,2022-08-30,extended_hours,5.094243504839724,close
CBOE,2022-12-12,extended_hours,0.7956082425006687,close
CBOE,2022-12-15,extended_hours,9.666505558241063,close
CBOE,2023-02-07,extended_hours,4.709945835623069,close
CBOE,2023-02-16,extended_hours,0.7890791446374895,close
CBOE,2023-03-21,extended_hours,9.347250350522241,close
CBOE,2023-03-31,extended_hours,0.744934445770212,close
CBOE,2023-04-21,extended_hours,5.017561465127459,close
CBOE,2023-05-19,extended_hours,2.5185291789592426,close
CBOE,2023-06-08,extended_hours,2.9489826010020677,close
CBOE,2023-09-08,extended_hours,1.306677120084296,close
CBOE,2023-09-11,extended_hours,11.641443538999278,close
CBOE,2023-10-02,extended_hours,21.045918367347735,close
CBOE,2023-10-10,extended_hours,4.333023831630651,close
CBOE,2023-10-27,extended_hours,1.2402331638354356,close
CBOE,2023-11-09,extended_hours,7.938758151402686,close
CBOE,2023-11-13,extended_hours,18.489466606901843,close
CBOE,2023-11-16,extended_hours,1.1249226615659942,close
CBOE,2023-11-21,extended_hours,7.9118395026852095,close
CBOE,2023-11-30,extended_hours,3.2932652725178264,close
CBOE,2023-12-01,extended_hours,3.32852546321992,close
CBOE,2023-12-15,extended_hours,34.84917733089495,close
CBOE,2023-12-19,extended_hours,1.1300073450483208,close
CBOE,2024-01-08,extended_hours,12.471655328798121,close
CBOE,2024-01-19,extended_hours,8.630920271873805,close
CBOE,2024-02-15,extended_hours,2.4185746533384886,close
CBOE,2024-03-27,extended_hours,4.440250874173508,close
CBOE,2024-03-28,extended_hours,3.2656615686062307,close
CBOE,2024-04-03,extended_hours,33.551417547391054,close
CBOE,2024-04-26,extended_hours,37.556053811658494,close
CBOE,2024-05-02,extended_hours,52.83712382265033,close
CBOE,2024-05-30,extended_hours,34.913003663004446,close
CBOE,2024-05-31,extended_hours,4.046476674951915,close
CBOE,2024-06-17,extended_hours,19.380983144418423,close
CBOE,2024-06-20,extended_hours,1.1604966925850198,close
CBOE,2024-06-26,extended_hours,19.705882352941643,close
CBOE,2024-08-09,extended_hours,47.80400358530066,close
CBOE,2024-09-03,extended_hours,31.9488817891377,close
CBOE,2024-09-30,extended_hours,21.965148630839902,close
CBOE,2024-12-02,extended_hours,4.247086027087132,close
CBOE,2024-12-16,extended_hours,0.5111167901860928,close
CBOE,2024-12-19,extended_hours,21.671826625386352,close
CBOE,2024-12-20,extended_hours,3.1313605761689813,close
CBOE,2025-01-08,extended_hours,1.554484688325879,close
CBOE,2025-03-21,extended_hours,19.090189505051757,close
CBOE,2025-05-08,extended_hours,7.451564828614707,close
CBOE,2025-06-30,extended_hours,5.574375026799685,close
CBOE,2025-07-07,extended_hours,0.8502678343682608,close
CBOE,2025-07-21,extended_hours,1.2697875222213297,close
CBOE,2025-12-19,extended_hours,0.4044162251785864,close
CBOE,2025-12-31,extended_hours,0.7968127490043917,close
CBOE,2026-01-13,extended_hours,2.623983206507223,close
CBOE,2026-02-13,extended_hours,2.180945803496866,close
CBOE,2026-02-20,extended_hours,2.4248302618814317,close
CBOE,2026-03-18,extended_hours,0.34846848102557426,close
CBOE,2026-05-06,extended_hours,26.01156069364096,close
CBOE,2026-05-11,extended_hours,2.2825838849589397,close
CBOE,2026-07-30,extended_hours,17.53675974639278,close
CBOE,2026-08-12,extended_hours,0.3436662313557944,close
CBRE,2016-07-14,extended_hours,3.629764065335031,close
CBRE,2017-10-19,extended_hours,2.49937515621045,close
CBRE,2017-11-09,extended_hours,2.450379808871628,close
CBRE,2017-11-28,extended_hours,2.339181286549242,close
CBRE,2018-10-24,extended_hours,5.188067444877595,close
CBRE,2018-12-27,extended_hours,2.4919013207089744,close
CBRE,2019-07-16,extended_hours,1.9025875190254966,close
CBRE,2019-09-10,extended_hours,3.5887313834552343,close
CBRE,2020-03-02,extended_hours,3.4370166695301636,close
CBRE,2025-07-08,extended_hours,0.7148473800857336,close
CBRE,2026-01-07,extended_hours,0.601214453194908,close
CBS,2016-06-30,extended_hours,1.8368846436440138,close
CBS,2016-07-07,extended_hours,1.782213509178045,close
CBS,2016-09-09,extended_hours,5.779233288383961,close
CCEP,2016-02-29,extended_hours,4.122861265719053,close
CCEP,2017-04-17,extended_hours,2.654632333423179,close
CCEP,2018-02-27,extended_hours,3.9318479685453656,close
CCEP,2018-04-12,extended_hours,1.2236906510040524,close
CCEP,2018-06-06,extended_hours,2.6164311878592392,close
CCEP,2018-12-06,extended_hours,5.217028380634094,close
CCEP,2019-06-11,extended_hours,3.4340659340664708,close
CCEP,2020-06-19,extended_hours,12.997140629062715,close
CCI,2016-06-02,extended_hours,1.0893246187353927,close
CCI,2018-10-22,extended_hours,0.9453582907926938,close
CCI,2018-11-20,extended_hours,0.9121590805441135,close
CCI,2018-12-24,extended_hours,1.9254837777987888,close
CCI,2018-12-27,extended_hours,4.6347793845010345,close
CCI,2020-11-27,extended_hours,2.99096727881695,close
CCI,2023-01-31,extended_hours,1.350347714537184,close
CCI,2025-08-27,extended_hours,1.9970044932597124,close
CCL,2016-01-29,extended_hours,2.0777062123426377,close
CCL,2017-06-12,extended_hours,1.5725743041366749,close
CCL,2017-10-24,extended_hours,1.5055706112624383,close
CCL,2018-03-23,extended_hours,3.1051079025012003,close
CCL,2019-01-15,extended_hours,1.8896447467885706,close
CCL,2019-05-28,extended_hours,1.9512195121947338,close
CCL,2024-11-07,extended_hours,4.222972972973633,close
CCL,2025-09-12,extended_hours,1.5867978419546191,close
CDNS,2024-06-24,extended_hours,0.3234780358410722,close
CDW,2017-10-20,extended_hours,1.4363688595238604,close
CDW,2019-03-06,extended_hours,1.072846261131329,close
CDW,2020-03-02,extended_hours,0.8334722453746555,close
CDW,2020-03-10,extended_hours,1.9214141608233484,close
CDW,2023-03-24,extended_hours,0.5216211986865227,close
CE,2016-09-09,extended_hours,1.6244314489925293,close
CE,2017-10-19,extended_hours,3.7990312470326004,close
CE,2018-02-27,extended_hours,2.9174365457552405,close
CE,2018-12-26,extended_hours,4.560483411240685,close
CE,2022-11-02,extended_hours,5.31914893616991,close
CE,2023-04-27,extended_hours,0.9670244657181033,close
CE,2025-05-12,extended_hours,11.003117549972908,close
CELG,2018-03-15,extended_hours,1.1122233344461256,close
CELG,2019-03-21,extended_hours,1.1156978690160555,close
CERN,2020-06-19,extended_hours,28.696365127084984,close
CERN,2021-12-01,extended_hours,4.285102128267552,close
CERN,2022-06-07,extended_hours,1.0535187526343357,close
CF,2022-12-14,extended_hours,6.451612903226051,close
CF,2025-08-06,extended_hours,3.3370411568410603,close
CF,2025-11-28,extended_hours,2.5412960609905997,close
CFG,2016-01-29,extended_hours,4.705882352941912,close
CFG,2016-06-24,extended_hours,5.012531328321586,close
CFG,2019-12-16,extended_hours,1.2410027302066413,close
CFG,2026-08-17,extended_hours,1.3457139012233759,close
CHD,2017-06-27,extended_hours,1.8982536066814752,close
CHD,2017-10-19,extended_hours,2.1150592216577855,close
CHD,2018-02-28,extended_hours,2.0329335230748358,close
CHD,2018-12-24,extended_hours,1.595914458985815,close
CHD,2019-05-28,extended_hours,1.3681762210960329,close
CHD,2019-06-25,extended_hours,1.3285505513491587,close
CHD,2025-09-12,extended_hours,1.075962986873802,close
CHK,2019-12-24,extended_hours,24.528100671857096,close
CHK,2020-03-02,extended_hours,340.22988505747054,close
CHK,2020-03-13,extended_hours,3523.333333333333,close
CHK,2020-04-01,extended_hours,101.01010101010125,close
CHK,2020-04-08,extended_hours,58.479532163743514,close
CHK,2020-06-19,extended_hours,156.61707126076826,close
CHRW,2019-03-18,extended_hours,1.1100011100016778,close
CHRW,2023-04-10,extended_hours,1.051082615094084,close
CHRW,2025-04-30,extended_hours,2.2416498542923136,close
CHTR,2016-09-09,extended_hours,0.757231561410791,close
CHTR,2023-01-10,extended_hours,1.3346145633144184,close
CI,2016-01-11,extended_hours,2.2266755733690444,close
CI,2016-01-29,extended_hours,1.4970059880225906,close
CI,2016-10-31,extended_hours,2.524614996213173,close
CI,2017-01-11,extended_hours,1.4021312394827405,close
CI,2017-08-25,extended_hours,0.5577244841043449,close
CI,2017-09-11,extended_hours,1.0734220695567738,close
CI,2018-03-23,extended_hours,0.609756097560421,close
CI,2018-12-27,extended_hours,4.668291923855149,close
CI,2026-01-30,extended_hours,0.7296340885060251,close
CI,2026-07-02,extended_hours,2.779997915001011,close
CIEN,2020-07-22,extended_hours,1.8198362147416043,close
CIEN,2022-06-09,extended_hours,2.138579982892454,close
CIEN,2026-05-14,extended_hours,0.1690417025897965,close
CINF,2016-05-06,extended_hours,1.49767859817147,close
CINF,2019-12-18,extended_hours,0.963298333493007,close
CL,2016-03-03,extended_hours,1.4790711433227504,close
CL,2016-06-02,extended_hours,2.800336040324282,close
CL,2016-06-30,extended_hours,1.3661202185799337,close
CL,2017-06-19,extended_hours,2.6007802340715513,close
CL,2018-02-23,extended_hours,1.4224751066843393,close
CL,2018-02-27,extended_hours,1.4302059496574824,close
CL,2018-12-26,extended_hours,1.6835016835013488,close
CL,2018-12-27,extended_hours,1.6753224995808362,close
CL,2022-03-18,extended_hours,132.96398891966672,close
CL,2024-09-20,extended_hours,0.970308558121979,close
CLX,2016-08-10,extended_hours,0.7471049682473594,close
CLX,2016-10-18,extended_hours,0.8210180623977927,close
CLX,2016-11-25,extended_hours,2.5592902235114434,close
CLX,2018-02-01,extended_hours,4.275636000853264,close
CLX,2018-02-23,extended_hours,2.317855211311221,close
CMA,2016-12-16,extended_hours,8.866558297621141,close
CMA,2017-04-17,extended_hours,16.43508142836002,close
CMA,2018-02-28,extended_hours,1.0285949393134248,close
CMA,2022-10-04,extended_hours,2.6164311878592392,close
CMA,2022-11-14,extended_hours,1.3825521913459304,close
CMA,2025-02-28,extended_hours,1.5544846883266152,close
CMA,2025-06-09,extended_hours,3.415300546447408,close
CMA,2025-08-06,extended_hours,1.5037593984970097,close
CMA,2025-08-15,extended_hours,1.4729709824723989,close
CMA,2026-01-30,extended_hours,80.07217773767832,close
CMG,2019-06-05,extended_hours,7.3583517292125,close
CMG,2020-06-19,extended_hours,89.02077151335298,close
CMG,2020-10-21,extended_hours,18.294914013903096,close
CMG,2021-04-15,extended_hours,3.2414910859000203,close
CMG,2023-04-25,extended_hours,2.808988764044385,close
CMG,2024-05-09,extended_hours,4.639653572533427,close
CMG,2024-05-31,extended_hours,11.183895190925112,close
CMG,2024-11-29,extended_hours,1.6254876462935648,close
CMG,2025-07-28,extended_hours,2.2291573785104797,close
CMG,2026-08-21,extended_hours,2.710027100270464,close
CMI,2016-06-30,extended_hours,0.88936321593658,close
CMI,2017-02-24,extended_hours,0.6669334400420771,close
CMI,2017-05-08,extended_hours,0.6398362019317234,close
CMI,2018-02-05,extended_hours,3.9103960672600193,close
CMI,2019-08-27,extended_hours,0.700280112044181,close
CMI,2019-11-01,extended_hours,1.132695248342403,close
CMI,2022-10-12,extended_hours,0.4585052728115235,close
CMI,2023-01-11,extended_hours,0.7994563696678982,close
CMI,2025-06-12,extended_hours,0.615877317237846,close
CMI,2026-02-06,extended_hours,1.0385474183452326,close
CMS,2016-03-18,extended_hours,2.420721374969259,close
CMS,2017-04-17,extended_hours,2.1953896816680594,close
CMS,2017-06-01,extended_hours,2.0973154362411934,close
CMS,2017-07-03,extended_hours,4.347826086957202,close
CMS,2017-07-27,extended_hours,4.265301770100901,close
CMS,2018-02-27,extended_hours,2.339181286549242,close
CMS,2018-02-28,extended_hours,2.3557126030619577,close
CMS,2018-12-27,extended_hours,2.022653721682446,close
CMS,2019-03-11,extended_hours,1.8198362147416043,close
CMS,2019-04-05,extended_hours,1.8145527127559447,close
CMS,2019-12-30,extended_hours,1.5976993129901125,close
CMS,2020-02-04,extended_hours,1.4843402107749597,close
CMS,2020-06-19,extended_hours,1.726221301570518,close
CMS,2022-03-30,extended_hours,1.4287755393614667,close
CMS,2023-11-24,extended_hours,3.4728251432545796,close
CMS,2025-02-06,extended_hours,1.4634860237092224,close
CNC,2018-06-06,extended_hours,1.6809547823172155,close
CNC,2018-06-08,extended_hours,3.33834084459957,close
CNC,2019-10-21,extended_hours,2.184837229625958,close
CNC,2024-12-24,extended_hours,1.643925694558279,close
CNC,2025-09-03,extended_hours,3.3266799733858985,close
CNC,2026-03-24,extended_hours,3.0321406913274744,close
CNP,2018-02-05,extended_hours,3.7160906726129928,close
CNP,2021-02-19,extended_hours,2.3331777881469926,close
CNP,2023-06-30,extended_hours,3.4305317324178426,close
CNP,2023-11-24,extended_hours,3.580379520228432,close
CNP,2025-10-31,extended_hours,2.615062761505756,close
CNP,2026-07-16,extended_hours,1.1536686663596118,close
CNX,2018-02-07,extended_hours,4.22654268808181,close
CNX,2024-06-14,extended_hours,2.0358306188935495,close
CNX,2025-02-27,extended_hours,3.491620111731149,close
CNX,2025-09-11,extended_hours,3.342245989305335,close
COF,2016-03-15,extended_hours,1.4425851125203268,close
COF,2017-12-08,extended_hours,1.0439503079658747,close
COF,2018-03-23,extended_hours,1.0823682216695656,close
COF,2018-12-26,extended_hours,2.6878107781206855,close
COF,2018-12-27,extended_hours,2.667022269635421,close
COF,2022-03-31,extended_hours,0.7616726331037648,close
COF,2023-12-20,extended_hours,2.3487042981289545,close
COF,2026-09-09,extended_hours,0.4742483164180453,close
COG,2019-06-28,extended_hours,4.355400696864792,close
COHR,2020-02-10,extended_hours,2.8272547356511195,close
COHR,2022-03-28,extended_hours,1.3612850530888791,close
COHR,2022-09-08,extended_hours,9.246417013407108,close
COHR,2023-04-19,extended_hours,2.967359050446622,close
COIN,2021-10-05,extended_hours,0.8330209504773306,close
COL,2016-06-23,extended_hours,2.30388204123903,close
COL,2016-11-25,extended_hours,1.075731497417266,close
COL,2017-09-25,extended_hours,3.845858010923111,close
COL,2017-09-29,extended_hours,0.7650524060912957,close
COL,2017-12-08,extended_hours,0.7428868583329119,close
COL,2018-01-26,extended_hours,8.610174356031035,close
COL,2018-02-02,extended_hours,0.7263219058680204,close
COL,2018-02-08,extended_hours,4.500787637836792,close
COL,2018-02-27,extended_hours,0.7263746640531218,close
COL,2018-02-28,extended_hours,0.7261109497524618,close
COL,2018-03-29,extended_hours,15.572858731924953,close
COL,2018-04-04,extended_hours,0.7406858751196879,close
COL,2018-05-16,extended_hours,1.480604086465932,close
COL,2018-06-01,extended_hours,0.7233273056051288,close
COL,2018-09-13,extended_hours,1.4320492624953622,close
COL,2018-11-26,extended_hours,10.635280771412768,close
COO,2018-02-05,extended_hours,12.12121212121217,close
COO,2019-06-28,extended_hours,9.498931370220648,close
COO,2020-03-26,extended_hours,24.1100553113036,close
COO,2022-10-04,extended_hours,1.4308198597803856,close
COO,2022-11-02,extended_hours,4.43721342996615,close
COO,2023-08-10,extended_hours,2.1177467174921665,close
COO,2024-02-01,extended_hours,1.0484378276358677,close
COO,2024-12-24,extended_hours,1.0774701002052705,close
COP,2017-09-15,extended_hours,4.300150505266829,close
COP,2018-12-24,extended_hours,5.262234695667626,close
COP,2019-05-01,extended_hours,1.5956598053291862,close
COP,2019-10-18,extended_hours,3.7071362372559813,close
COP,2019-10-31,extended_hours,3.6231884057976678,close
COP,2020-07-29,extended_hours,2.5037556334496776,close
COP,2025-08-13,extended_hours,1.5644555694618867,close
COR,2016-08-03,extended_hours,1.112470797642131,close
COR,2017-02-24,extended_hours,3.2552083333334565,close
COR,2018-01-11,extended_hours,1.0189525168132378,close
COR,2018-12-27,extended_hours,1.3599891200877352,close
COR,2022-12-12,extended_hours,0.59808612440137,close
COR,2025-07-03,extended_hours,3.375755325254793,close
COR,2025-08-04,extended_hours,2.383871407165004,close
CORN,2016-04-07,extended_hours,0.19445794846819045,close
CORN,2018-02-15,extended_hours,5.169442848937589,close
CORN,2018-04-27,extended_hours,5.5187637969103545,close
CORN,2018-05-08,extended_hours,5.458515283843648,close
CORN,2019-05-28,extended_hours,6.009615384616324,close
CORN,2019-08-27,extended_hours,6.830601092896029,close
CORN,2019-10-23,extended_hours,0.06557377049165046,close
CORN,2019-11-13,extended_hours,6.82128240109126,close
CORN,2019-12-26,extended_hours,0.06738544474377826,close
CORN,2020-03-20,extended_hours,6.1538461538454765,close
CORN,2020-06-04,extended_hours,8.143322475569859,close
CORN,2020-06-15,extended_hours,4.088307440720181,close
CORN,2020-08-17,extended_hours,8.116883116882944,close
CORN,2020-08-20,extended_hours,3.2098765432097056,close
CORN,2020-08-26,extended_hours,7.94912559618425,close
CORN,2020-11-06,extended_hours,4.020467836257029,close
CORN,2020-11-27,extended_hours,20.847810979847903,close
CORN,2021-10-08,extended_hours,1.7874875868911198,close
CORN,2021-11-05,extended_hours,4.8030739673381415,close
CORN,2021-12-06,extended_hours,0.32527881040816387,close
CORN,2022-11-07,extended_hours,3.6954915003701267,close
CORN,2023-01-19,extended_hours,3.775009437524184,close
CORN,2023-03-27,extended_hours,3.9603960396045794,close
CORN,2023-08-15,extended_hours,0.8256880733942007,close
CORN,2023-09-21,extended_hours,4.564125969877482,close
CORN,2023-10-11,extended_hours,4.42673749446727,close
CORN,2023-11-24,extended_hours,4.55996352029255,close
CORN,2024-08-30,extended_hours,0.056497175141111265,close
CORN,2024-12-04,extended_hours,0.05630630630617508,close
CORN,2025-01-08,extended_hours,2.35924932975893,close
CORN,2025-01-24,extended_hours,2.530364372469132,close
CORN,2025-03-24,extended_hours,1.4791336502908503,close
CORN,2025-04-09,extended_hours,10.498687664041771,close
CORN,2025-04-14,extended_hours,15.499485066939931,close
CORN,2025-05-20,extended_hours,3.9459459459463515,close
CORN,2025-07-22,extended_hours,1.0309278350511786,close
CORN,2025-11-26,extended_hours,3.177257525084128,close
CORN,2026-01-30,extended_hours,40.04576659038918,close
CORN,2026-03-20,extended_hours,17.7127659574471,close
CORN,2026-05-06,extended_hours,0.0542299349239517,close
CORN,2026-08-31,extended_hours,4.985044865402797,close
COST,2018-02-27,extended_hours,0.5260389268816059,close
COST,2019-12-26,extended_hours,0.33814628208132097,close
COTY,2016-10-05,extended_hours,19.920318725099882,close
COTY,2016-10-07,extended_hours,55.06141465480687,close
COTY,2019-05-28,extended_hours,7.686395080706985,close
COTY,2024-12-02,extended_hours,6.535947712419322,close
CPAY,2016-03-15,extended_hours,7.144388083160272,close
CPAY,2016-06-02,extended_hours,0.655823714584923,close
CPAY,2016-06-23,extended_hours,1.3661202185799337,close
CPAY,2016-08-08,extended_hours,6.729063436715313,close
CPAY,2018-04-09,extended_hours,6.616112779276067,close
CPAY,2025-08-05,extended_hours,0.627785799486429,close
CPAY,2026-08-18,extended_hours,1.3519492650313853,close
CPB,2016-09-20,extended_hours,1.8175209014900053,close
CPB,2017-04-13,extended_hours,1.781261132881726,close
CPB,2017-06-01,extended_hours,1.7253278122839908,close
CPB,2017-08-25,extended_hours,17.50972762645981,close
CPB,2017-08-31,extended_hours,4.329004329003467,close
CPER,2016-11-25,extended_hours,5.678591709254975,close
CPER,2018-08-01,extended_hours,5.783689994217214,close
CPER,2019-06-21,extended_hours,35.65062388591936,close
CPER,2021-01-13,extended_hours,13.47103726987029,close
CPER,2021-02-16,extended_hours,8.421052631578767,close
CPER,2021-03-25,extended_hours,0.08107012565994592,close
CPER,2021-04-01,extended_hours,12.116316639741976,close
CPER,2021-05-03,extended_hours,3.580379520228432,close
CPER,2021-05-06,extended_hours,31.578947368421005,close
CPER,2021-05-11,extended_hours,6.756756756757812,close
CPER,2021-05-28,extended_hours,6.967071057193377,close
CPER,2021-06-14,extended_hours,7.1581961345739336,close
CPER,2021-07-16,extended_hours,7.595898214965107,close
CPER,2021-08-06,extended_hours,18.867924528302154,close
CPER,2021-08-24,extended_hours,11.538461538461977,close
CPER,2021-08-26,extended_hours,3.8520801232657975,close
CPER,2021-09-07,extended_hours,4.212945231711694,close
CPER,2021-09-21,extended_hours,3.9588281868573088,close
CPER,2021-09-29,extended_hours,7.843137254901794,close
CPER,2021-10-07,extended_hours,3.8328861632815494,close
CPER,2021-10-12,extended_hours,7.57575757575876,close
CPER,2022-01-31,extended_hours,3.773584905660967,close
CPER,2022-02-11,extended_hours,17.943994104642663,close
CPER,2022-03-03,extended_hours,6.849315068493004,close
CPER,2022-04-11,extended_hours,3.558718861209256,close
CPER,2022-05-26,extended_hours,3.868471953578941,close
CPER,2022-11-25,extended_hours,1.6506189821193342,close
CPER,2023-01-20,extended_hours,0.07713073659835476,close
CPER,2023-01-25,extended_hours,1.9319938176193994,close
CPER,2023-05-09,extended_hours,4.161464835622789,close
CPER,2023-11-02,extended_hours,17.429193899781765,close
CPER,2024-01-22,extended_hours,8.580008580008398,close
CPER,2024-03-28,extended_hours,0.7961783439500176,close
CPER,2024-06-18,extended_hours,3.648843930636319,close
CPER,2024-08-19,extended_hours,0.1896094046273748,close
CPER,2024-09-11,extended_hours,15.37279016141397,close
CPER,2025-01-17,extended_hours,3.6697247706427754,close
CPER,2025-01-21,extended_hours,3.672420124862858,close
CPER,2026-08-12,extended_hours,2.498750624687159,close
CPER,2026-08-13,extended_hours,2.509410288581684,close
CPRI,2016-06-30,extended_hours,4.042037186741314,close
CPRI,2020-02-28,extended_hours,3.87296669248705,close
CPRI,2023-02-28,extended_hours,2.0173492031466633,close
CPRI,2023-09-15,extended_hours,1.9160758766056938,close
CPRI,2023-12-15,extended_hours,2.0292207792203754,close
CPRT,2016-11-03,extended_hours,1.5370427297884013,close
CPT,2016-01-26,extended_hours,2.710761724043917,close
CPT,2016-11-22,extended_hours,2.573340195573343,close
CPT,2017-07-19,extended_hours,1.1337868480731423,close
CPT,2017-09-21,extended_hours,6.421920154124805,close
CPT,2017-10-12,extended_hours,6.3728093467872835,close
CPT,2018-02-20,extended_hours,1.2239902080772223,close
CPT,2018-03-22,extended_hours,1.2190661952950281,close
CPT,2018-05-03,extended_hours,10.585744530699062,close
CPT,2018-12-26,extended_hours,1.1457378551793211,close
CPT,2019-09-17,extended_hours,0.9031791907519072,close
CPT,2020-02-14,extended_hours,0.8411136344524448,close
CPT,2020-02-26,extended_hours,0.8589589417630232,close
CPT,2020-02-27,extended_hours,2.708559046587318,close
CPT,2020-03-04,extended_hours,0.8694140149531304,close
CPT,2020-06-19,extended_hours,9.624639076033494,close
CPT,2020-07-22,extended_hours,1.1041183614873475,close
CPT,2020-10-27,extended_hours,2.239641657334381,close
CPT,2021-11-30,extended_hours,0.605290236667932,close
CPT,2022-09-21,extended_hours,2.4499795835035636,close
CPT,2023-07-14,extended_hours,1.7865118356405556,close
CRH,2016-09-08,extended_hours,2.9859659599874617,close
CRH,2018-02-08,extended_hours,9.038867128653552,close
CRH,2018-10-10,extended_hours,3.226847370119898,close
CRH,2018-10-24,extended_hours,3.7622272385257958,close
CRH,2019-02-15,extended_hours,3.277613897083436,close
CRH,2019-07-03,extended_hours,2.9753049687587056,close
CRH,2020-01-16,extended_hours,5.144032921811503,close
CRH,2020-02-27,extended_hours,2.9231218941824055,close
CRH,2021-01-25,extended_hours,2.3137436372045377,close
CRH,2021-03-12,extended_hours,2.0546537908372953,close
CRH,2022-07-15,extended_hours,2.8694404591099025,close
CRH,2022-08-31,extended_hours,2.703433360367129,close
CRH,2022-11-09,extended_hours,1.38350857775389,close
CRH,2023-04-17,extended_hours,2.0157226365648078,close
CRH,2023-12-04,extended_hours,1.588310038119125,close
CRH,2024-02-28,extended_hours,1.2607160867361202,close
CRH,2024-05-30,extended_hours,0.6253126563275955,close
CRL,2017-12-27,extended_hours,0.9178522257921171,close
CRL,2018-02-28,extended_hours,0.937998311603519,close
CRL,2018-12-27,extended_hours,0.9060433088706276,close
CRL,2019-09-10,extended_hours,1.542257865515903,close
CRL,2019-11-05,extended_hours,2.2976181358659065,close
CRM,2016-11-30,extended_hours,2.7777777777772252,close
CRM,2017-02-17,extended_hours,1.2274456855290434,close
CRM,2017-04-13,extended_hours,1.2029351617953947,close
CRM,2017-10-11,extended_hours,1.0415581710243844,close
CRM,2018-05-23,extended_hours,0.7807010695597553,close
CRM,2018-12-06,extended_hours,1.4078558355631585,close
CRM,2018-12-27,extended_hours,5.177514792898904,close
CRM,2026-04-28,extended_hours,1.1030222810506416,close
CSCO,2017-05-02,extended_hours,2.920560747665045,close
CSCO,2017-06-01,extended_hours,3.142677561282704,close
CSCO,2017-11-08,extended_hours,1.0434782608691928,close
CSGP,2018-02-08,extended_hours,3.038590094197848,close
CSGP,2018-12-27,extended_hours,20.703933747412094,close
CSRA,2017-02-24,extended_hours,3.297065611605015,close
CSRA,2017-11-21,extended_hours,3.489183531054279,close
CSRA,2018-03-05,extended_hours,7.37100737100765,close
CSRA,2018-03-16,extended_hours,2.460024600245513,close
CSRA,2018-04-03,extended_hours,2.4254183846725965,close
CTAS,2017-02-14,extended_hours,3.417634996582899,close
CTAS,2021-10-19,extended_hours,0.9435742592946892,close
CTAS,2022-03-17,extended_hours,1.0126582278486194,close
CTAS,2022-03-24,extended_hours,2.923976608187245,close
CTAS,2022-09-01,extended_hours,0.9814505839635996,close
CTAS,2024-05-21,extended_hours,1.1429224527121682,close
CTL,2019-04-16,extended_hours,8.163265306122275,close
CTLT,2018-05-11,extended_hours,2.487562189055999,close
CTLT,2024-07-29,extended_hours,5.086469989826049,close
CTLT,2024-09-30,extended_hours,1.6509823344886927,close
CTLT,2024-12-09,extended_hours,1.603334936667951,close
CTRA,2018-12-06,extended_hours,4.66417910447558,close
CTRA,2018-12-21,extended_hours,21.783102536175598,close
CTRA,2018-12-26,extended_hours,22.76176024279297,close
CTRA,2019-03-04,extended_hours,1.6767270288393712,close
CTRA,2019-04-22,extended_hours,3.551136363636919,close
CTRA,2019-08-09,extended_hours,3.2840722495900043,close
CTRA,2020-11-20,extended_hours,97.0873786407771,close
CTRA,2025-06-25,extended_hours,1.917913310317992,close
CTRA,2025-10-10,extended_hours,2.1978021978017606,close
CTSH,2017-02-24,extended_hours,1.6806722689072287,close
CTSH,2018-12-26,extended_hours,1.603592046183132,close
CTVA,2020-02-28,extended_hours,7.352941176470432,close
CTVA,2020-08-05,extended_hours,7.005253940455192,close
CTVA,2020-08-20,extended_hours,3.472222222222765,close
CTXS,2020-03-04,extended_hours,0.9080177971479984,close
CVNA,2017-05-10,extended_hours,130.3538175046556,close
CVNA,2019-01-14,extended_hours,7.042253521126611,close
CVNA,2024-06-21,extended_hours,4.424778761062639,close
CVNA,2025-01-15,extended_hours,7.007708479327525,close
CVNA,2025-08-27,extended_hours,6.805498843064811,close
CVNA,2025-08-28,extended_hours,1.3248542660314142,close
CVNA,2025-12-15,extended_hours,2.2326412145563763,close
CVS,2016-01-29,extended_hours,2.0706077233678672,close
CVS,2016-09-09,extended_hours,3.2779720279721523,close
CVS,2018-01-26,extended_hours,1.2193634922576655,close
CVS,2018-02-05,extended_hours,2.727768685216889,close
CVS,2018-03-16,extended_hours,10.662604722009622,close
CVS,2018-05-01,extended_hours,7.35294117647017,close
CVS,2019-01-18,extended_hours,1.5262515262501382,close
CVS,2026-02-27,extended_hours,2.503128911140204,close
CVX,2017-03-17,extended_hours,4.643387815750107,close
CVX,2017-05-19,extended_hours,0.9387908374005732,close
CVX,2018-01-22,extended_hours,2.2631261315631512,close
CVX,2018-02-21,extended_hours,2.750779387493227,close
CVX,2018-12-26,extended_hours,1.8623707980255162,close
CVX,2022-03-18,extended_hours,35.86223953502653,close
CVX,2023-06-16,extended_hours,0.6358896095650087,close
CVX,2024-12-20,extended_hours,2.100105005250342,close
CVX,2026-01-02,extended_hours,0.64143681847462,close
CXO,2018-12-24,extended_hours,2.107481559535935,close
CXO,2020-07-29,extended_hours,1.8875047187614213,close
D,2016-08-18,extended_hours,1.3010668748380323,close
D,2017-06-01,extended_hours,1.2283503255117192,close
D,2018-12-26,extended_hours,1.3831258644524071,close
D,2018-12-27,extended_hours,1.3651877133112786,close
D,2019-02-22,extended_hours,1.3324450366410268,close
D,2020-06-19,extended_hours,22.02643171806251,close
D,2022-03-30,extended_hours,1.1705489874757244,close
D,2025-12-24,extended_hours,1.6946280291472648,close
D,2026-09-11,extended_hours,21.75264139216914,close
DAL,2017-03-17,extended_hours,62.35218232638124,close
DAL,2018-01-02,extended_hours,3.524850193867312,close
DAL,2018-12-27,extended_hours,1.9801980198015863,close
DAL,2026-04-08,extended_hours,1.4688601645130899,close
DAY,2025-09-17,extended_hours,32.159041075865936,close
DAY,2025-11-11,extended_hours,1.4534883720917013,close
DBA,2016-02-25,extended_hours,4.997501249374318,close
DBA,2017-02-01,extended_hours,2.087378640777008,close
DBA,2017-04-18,extended_hours,5.0684237202238025,close
DBA,2017-04-20,extended_hours,5.205622071836549,close
DBA,2017-06-21,extended_hours,4.359107420862345,close
DBA,2017-07-25,extended_hours,5.11770726714512,close
DBA,2017-10-17,extended_hours,5.285412262155396,close
DBA,2018-01-09,extended_hours,5.336179295623272,close
DBA,2018-02-01,extended_hours,2.631578947367897,close
DBA,2018-04-24,extended_hours,1.7960908610666566,close
DBA,2018-09-17,extended_hours,5.917159763314536,close
DBA,2019-02-04,extended_hours,2.920560747665045,close
DBA,2019-02-08,extended_hours,5.94177064765393,close
DBA,2019-03-15,extended_hours,5.995203836929263,close
DBA,2019-05-08,extended_hours,6.377551020408028,close
DBA,2019-05-16,extended_hours,6.222775357810555,close
DBA,2019-06-07,extended_hours,6.075334143376677,close
DBA,2019-07-25,extended_hours,3.045066991473206,close
DBA,2019-07-29,extended_hours,6.127450980390938,close
DBA,2019-07-30,extended_hours,6.18046971569936,close
DBA,2019-08-07,extended_hours,1.6698779704566766,close
DBA,2019-10-01,extended_hours,6.297229219144562,close
DBA,2019-11-12,extended_hours,6.1500615006159665,close
DBA,2020-03-24,extended_hours,6.80272108843523,close
DBA,2020-07-16,extended_hours,10.98096632503702,close
DBA,2020-08-12,extended_hours,7.117437722421041,close
DBA,2020-10-21,extended_hours,6.720430107526738,close
DBA,2020-11-09,extended_hours,13.377926421405586,close
DBA,2021-08-06,extended_hours,2.648305084745236,close
DBA,2022-01-14,extended_hours,10.030090270812222,close
DBA,2022-01-24,extended_hours,4.970178926442128,close
DBA,2022-06-17,extended_hours,4.587155963301839,close
DBA,2023-01-18,extended_hours,5.136106831022889,close
DBA,2023-04-19,extended_hours,4.73709142586526,close
DBA,2023-07-10,extended_hours,9.39565627950888,close
DBA,2023-10-05,extended_hours,2.332089552239999,close
DBA,2024-02-06,extended_hours,2.296738631143319,close
DBA,2025-01-27,extended_hours,3.6603221083461066,close
DBA,2025-03-28,extended_hours,3.777861730259921,close
DBA,2025-04-08,extended_hours,3.9572615749907256,close
DBA,2025-07-03,extended_hours,5.7937427578217715,close
DBA,2025-08-06,extended_hours,3.886110042323116,close
DBA,2025-08-29,extended_hours,10.694994598486959,close
DBA,2025-09-09,extended_hours,3.6900369003682694,close
DBA,2025-10-08,extended_hours,3.7537537537543404,close
DBA,2025-12-31,extended_hours,0.7445141065827291,close
DBA,2026-02-18,extended_hours,1.934984520123454,close
DBC,2016-07-21,extended_hours,2.7416038382450716,close
DBC,2017-04-10,extended_hours,6.439150032195613,close
DBC,2018-05-11,extended_hours,5.595970900950201,close
DBC,2019-05-24,extended_hours,6.397952655151351,close
DBC,2019-10-25,extended_hours,6.406149903907615,close
DBC,2020-02-06,extended_hours,6.8446269678301075,close
DBC,2020-05-08,extended_hours,8.8888888888887,close
DBC,2020-12-24,extended_hours,6.849315068493004,close
DBC,2021-02-04,extended_hours,6.33312222925889,close
DBC,2021-03-11,extended_hours,5.714285714286608,close
DBC,2021-03-29,extended_hours,0.5955926146501903,close
DBC,2021-04-13,extended_hours,0.41249263405914477,close
DBC,2021-07-29,extended_hours,2.549719530851099,close
DBC,2021-08-11,extended_hours,5.1948051948060066,close
DBC,2021-10-11,extended_hours,4.725897920605654,close
DBC,2022-06-03,extended_hours,3.346720214189428,close
DBC,2023-12-27,extended_hours,4.47427293064788,close
DBC,2024-10-17,extended_hours,1.9599109131404915,close
DBC,2024-12-09,extended_hours,4.520795660035267,close
DBC,2025-03-18,extended_hours,1.5405527865877577,close
DBC,2025-10-20,extended_hours,4.476275738586197,close
DD,2016-01-29,extended_hours,2.230524730944095,close
DD,2016-06-20,extended_hours,1.7652250661955888,close
DD,2017-08-31,extended_hours,29.86857825567383,close
DD,2017-12-29,extended_hours,1.3153567905282346,close
DD,2018-01-22,extended_hours,1.2297475943051503,close
DD,2018-02-27,extended_hours,1.6183324702230506,close
DD,2018-04-30,extended_hours,1.8517146878013246,close
DD,2019-06-03,extended_hours,140.6044678055194,close
DD,2019-10-30,extended_hours,6.098490623569453,close
DD,2022-03-17,extended_hours,1.3190871916634188,close
DD,2024-06-21,extended_hours,2.5053238131029385,close
DD,2026-06-26,extended_hours,10.931351114998229,close
DE,2016-01-29,extended_hours,2.5970653161940307,close
DE,2016-05-27,extended_hours,1.2422360248453561,close
DE,2016-11-30,extended_hours,0.9980039920150604,close
DE,2017-06-20,extended_hours,0.7933989209767458,close
DE,2017-10-30,extended_hours,2.2675736961452104,close
DE,2018-02-27,extended_hours,0.611321677466127,close
DE,2018-12-24,extended_hours,6.551171931868061,close
DE,2018-12-27,extended_hours,5.452562704471954,close
DE,2019-05-01,extended_hours,0.6077549532040433,close
DE,2019-07-17,extended_hours,0.6131959774338303,close
DE,2022-09-21,extended_hours,0.28586947199882523,close
DE,2025-09-04,extended_hours,1.2634238787113556,close
DE,2025-12-31,extended_hours,0.42958094378894285,close
DE,2026-05-05,extended_hours,3.1261397384474146,close
DECK,2022-07-28,extended_hours,43.84133611691041,close
DECK,2023-01-31,extended_hours,2.8070175438590907,close
DECK,2025-12-26,extended_hours,0.9700261907076453,close
DELL,2018-12-31,extended_hours,56.519983851433416,close
DELL,2019-01-30,extended_hours,4.11015207562598,close
DELL,2019-04-22,extended_hours,3.119151590768907,close
DELL,2020-03-04,extended_hours,4.547521600726699,close
DELL,2020-05-12,extended_hours,9.341429238673317,close
DELL,2020-05-27,extended_hours,4.329004329005006,close
DELL,2020-07-08,extended_hours,3.6429872495439017,close
DELL,2022-12-30,extended_hours,1.2431626056676908,close
DELL,2023-03-06,extended_hours,5.119017148708248,close
DELL,2026-03-20,extended_hours,9.513540939938206,close
DELL,2026-04-02,extended_hours,0.5734931467563746,close
DELL,2026-09-18,extended_hours,5.28113227476091,close
DFS,2016-06-02,extended_hours,1.7497812773399843,close
DFS,2016-06-23,extended_hours,0.9211495946946495,close
DFS,2016-09-09,extended_hours,2.5536261491318637,close
DFS,2017-12-08,extended_hours,1.355013550134269,close
DFS,2019-06-10,extended_hours,1.2789359253107964,close
DFS,2020-02-06,extended_hours,1.3097576948271272,close
DFS,2024-05-15,extended_hours,4.734474867829422,close
DG,2018-02-15,extended_hours,1.0157440325043285,close
DG,2018-02-28,extended_hours,1.0571942065747864,close
DG,2018-06-01,extended_hours,1.6804839793861268,close
DG,2020-05-27,extended_hours,5.341880341880039,close
DG,2022-08-26,extended_hours,0.8463100880166822,close
DG,2022-11-30,extended_hours,0.7822277847313138,close
DG,2024-07-03,extended_hours,3.9862871721276534,close
DG,2025-07-07,extended_hours,0.8598452278582033,close
DG,2025-12-03,extended_hours,2.7300027300028336,close
DGX,2016-06-02,extended_hours,1.2784454103816307,close
DGX,2016-10-14,extended_hours,1.2023566189738024,close
DGX,2017-07-03,extended_hours,0.9036688957170718,close
DGX,2017-12-12,extended_hours,2.06164312957386,close
DGX,2018-02-05,extended_hours,71.92807192807182,close
DGX,2018-02-26,extended_hours,1.9214141608233484,close
DGX,2018-12-27,extended_hours,1.2121212121218323,close
DGX,2019-11-20,extended_hours,0.4767353165518166,close
DGX,2022-11-14,extended_hours,1.3299640909702242,close
DGX,2022-11-30,extended_hours,0.6586313640268278,close
DHI,2016-06-23,extended_hours,3.1959092361770565,close
DHI,2023-06-22,extended_hours,0.41795536236691905,close
DHI,2025-05-27,extended_hours,0.8231807704976223,close
DHI,2025-08-08,extended_hours,6.389776357827113,close
DHI,2026-07-23,extended_hours,1.4072614691816938,close
DHR,2016-03-18,extended_hours,1.3842746400873347,close
DHR,2016-06-23,extended_hours,2.626395272489853,close
DHR,2016-07-05,extended_hours,6.218905472638229,close
DHR,2017-05-08,extended_hours,1.1991845545035515,close
DHR,2017-06-27,extended_hours,3.545261167572812,close
DHR,2017-07-03,extended_hours,2.3736055067643034,close
DHR,2017-08-17,extended_hours,1.2359411692009783,close
DHR,2018-12-27,extended_hours,2.9556650246306537,close
DHR,2019-02-04,extended_hours,0.9124920156953295,close
DHR,2020-06-02,extended_hours,0.5989458552958389,close
DHR,2020-06-19,extended_hours,44.521538016768446,close
DHR,2022-11-14,extended_hours,5.623875224954156,close
DHR,2022-11-30,extended_hours,9.509527815370605,close
DHR,2023-12-13,extended_hours,1.322401481089709,close
DHR,2024-08-30,extended_hours,0.7426385949271029,close
DHR,2025-12-12,extended_hours,1.3254981663942533,close
DHR,2026-06-26,extended_hours,2.5485498751216356,close
DHR,2026-08-10,extended_hours,0.9552466924588161,close
DIA,2016-02-12,extended_hours,1.2501562695325548,close
DIA,2016-02-25,extended_hours,0.5993766482852376,close
DIA,2016-02-29,extended_hours,4.243452958292505,close
DIA,2016-06-13,extended_hours,1.1276499774459747,close
DIA,2016-06-28,extended_hours,1.150350857011977,close
DIA,2016-07-19,extended_hours,0.5393161471249545,close
DIA,2018-02-15,extended_hours,0.7920792079211973,close
DIA,2019-05-28,extended_hours,0.3945240067854541,close
DIA,2020-05-27,extended_hours,2.3456741858556738,close
DIA,2020-06-29,extended_hours,3.5139778228967606,close
DIA,2020-11-16,extended_hours,3.665689149558678,close
DIA,2020-12-04,extended_hours,0.9914405631373382,close
DIA,2021-01-25,extended_hours,1.6140486797067122,close
DIA,2021-02-08,extended_hours,1.2743317722757532,close
DIA,2021-02-26,extended_hours,12.954206878684959,close
DIA,2021-05-04,extended_hours,0.2928343436115525,close
DIA,2022-03-24,extended_hours,0.864403849479328,close
DIA,2022-03-28,extended_hours,0.2861312197771297,close
DIA,2022-06-09,extended_hours,0.9287925696585979,close
DIA,2022-12-28,extended_hours,0.6086982986877015,close
DIA,2023-04-10,extended_hours,0.29765448267623845,close
DIA,2023-12-13,extended_hours,2.152041749609514,close
DIA,2026-07-06,extended_hours,1.1318832651070405,close
DINO,2016-02-19,extended_hours,3.2509752925882847,close
DINO,2022-12-15,extended_hours,3.911597887737752,close
DIS,2016-01-29,extended_hours,17.74159883114042,close
DIS,2017-02-24,extended_hours,0.906453952138407,close
DIS,2017-05-10,extended_hours,0.9119095385729441,close
DIS,2017-06-01,extended_hours,1.8482580168187803,close
DIS,2017-12-29,extended_hours,19.53306669146998,close
DIS,2018-03-15,extended_hours,0.9686168151884073,close
DIS,2018-12-24,extended_hours,5.979073243647462,close
DIS,2019-10-18,extended_hours,0.7640003056015988,close
DIS,2020-03-02,extended_hours,0.8334722453746555,close
DIS,2022-09-21,extended_hours,0.9570293808024802,close
DIS,2024-07-25,extended_hours,0.5604752830411012,close
DIS,2026-05-29,extended_hours,0.982028871649329,close
DLR,2016-04-25,extended_hours,1.1440338634013163,close
DLR,2016-08-01,extended_hours,0.9373828271470861,close
DLR,2017-08-30,extended_hours,5.505675080467366,close
DLR,2019-05-28,extended_hours,0.8397715821300904,close
DLR,2021-04-29,extended_hours,0.6709608158877419,close
DLR,2021-12-22,extended_hours,0.5833965346240537,close
DLR,2024-12-24,extended_hours,4.98891352549908,close
DNB,2016-06-02,extended_hours,0.7868439688413813,close
DNB,2017-09-28,extended_hours,2.5782055689241266,close
DNB,2018-02-05,extended_hours,1.7064846416378858,close
DNB,2018-04-18,extended_hours,0.8533879501613675,close
DNB,2018-12-13,extended_hours,4.164064126587707,close
DNB,2019-01-22,extended_hours,1.3829345871947332,close
DNB,2019-02-01,extended_hours,0.6903693476003386,close
DO,2016-09-09,extended_hours,19.23076923076996,close
DO,2018-02-28,extended_hours,6.896551724137784,close
DO,2020-03-25,extended_hours,49.019607843136214,close
DO,2020-04-01,extended_hours,62.89308176100634,close
DO,2022-03-31,extended_hours,42.075736325386046,close
DO,2022-07-15,extended_hours,8.91265597147931,close
DOC,2016-07-25,extended_hours,2.809778027537262,close
DOC,2017-11-27,extended_hours,1.8733608092914968,close
DOC,2018-02-23,extended_hours,4.47227191413149,close
DOC,2018-12-26,extended_hours,3.5790980672876027,close
DOC,2019-03-11,extended_hours,3.2320620555919723,close
DOC,2019-08-27,extended_hours,2.8910089621272075,close
DOC,2020-03-16,extended_hours,17.96138302649266,close
DOC,2022-10-10,extended_hours,4.627487274410719,close
DOC,2024-09-20,extended_hours,9.086778736939175,close
DOC,2025-03-14,extended_hours,2.442598925255987,close
DOC,2025-07-24,extended_hours,15.898251192367557,close
DOC,2026-06-03,extended_hours,5.243838489773472,close
DOC,2026-08-03,extended_hours,4.621072088723665,close
DOV,2017-02-14,extended_hours,1.552312946290766,close
DOV,2017-02-24,extended_hours,3.0926240915410577,close
DOV,2017-11-16,extended_hours,2.6336581511714536,close
DOV,2018-12-27,extended_hours,1.4263300527749418,close
DOV,2019-01-28,extended_hours,1.2619888944965807,close
DOV,2019-03-11,extended_hours,1.1044842058764208,close
DOV,2019-04-12,extended_hours,1.0295480284145893,close
DOV,2020-01-02,extended_hours,0.8556515786776004,close
DOV,2020-03-26,extended_hours,5.909466966079324,close
DOV,2022-11-30,extended_hours,1.4089468122565558,close
DOV,2023-09-26,extended_hours,0.7153075822597214,close
DOV,2025-10-13,extended_hours,0.6205013651024389,close
DOW,2016-01-29,extended_hours,2.3809523809519075,close
DOW,2016-06-20,extended_hours,1.884303749764087,close
DOW,2017-08-31,extended_hours,30.00750187546929,close
DOW,2019-06-03,extended_hours,2.085070892409927,close
DOW,2019-06-04,extended_hours,18.025235329460507,close
DOW,2020-03-02,extended_hours,2.4142926122658412,close
DOW,2022-11-30,extended_hours,1.9619383951340026,close
DOW,2025-07-02,extended_hours,3.480682213714432,close
DPZ,2020-04-30,extended_hours,1.657779128560834,close
DPZ,2020-09-16,extended_hours,0.25908078138740104,close
DPZ,2022-03-25,extended_hours,2.0266504534626355,close
DRE,2016-07-13,extended_hours,3.6403349108110703,close
DRE,2016-09-13,extended_hours,3.785011355033312,close
DRE,2017-07-25,extended_hours,7.212405337179796,close
DRE,2018-08-23,extended_hours,3.59066427288977,close
DRE,2019-11-01,extended_hours,2.829654782118029,close
DRI,2017-12-29,extended_hours,3.124349093938881,close
DRI,2018-02-05,extended_hours,11.674803651029446,close
DRI,2019-11-08,extended_hours,0.8702462796963628,close
DRI,2023-03-22,extended_hours,0.6620324395889378,close
DTE,2016-06-02,extended_hours,0.8780594885298613,close
DTE,2017-07-24,extended_hours,2.820344081978108,close
DTE,2017-08-14,extended_hours,9.170105456212225,close
DTE,2019-01-04,extended_hours,0.9091735612320125,close
DTE,2020-02-04,extended_hours,12.772351615328018,close
DTE,2021-10-27,extended_hours,1.7571604287480438,close
DTE,2023-05-05,extended_hours,1.7642907551160922,close
DTE,2025-06-12,extended_hours,2.20539586855849,close
DTE,2025-07-31,extended_hours,1.444982298967577,close
DTE,2025-09-16,extended_hours,1.4927601134505324,close
DTE,2026-07-01,extended_hours,0.6641429235584331,close
DUK,2016-08-18,extended_hours,1.2080212611748147,close
DUK,2016-09-20,extended_hours,1.2473493825626938,close
DUK,2017-02-13,extended_hours,1.2708095056539466,close
DUK,2017-07-27,extended_hours,1.175778953555662,close
DUK,2017-09-25,extended_hours,1.1745360582575892,close
DUK,2018-12-27,extended_hours,2.326663564448118,close
DUK,2020-05-12,extended_hours,1.2212994626288614,close
DUK,2020-06-19,extended_hours,30.446961393252952,close
DUK,2020-06-29,extended_hours,1.246105919003753,close
DUK,2024-08-05,extended_hours,0.9008197459680123,close
DVA,2016-06-02,extended_hours,2.56640574875019,close
DVA,2016-10-10,extended_hours,4.7095761381466295,close
DVA,2019-11-06,extended_hours,1.4182385477244526,close
DVA,2020-12-04,extended_hours,0.4574565416281292,close
DVA,2022-09-21,extended_hours,1.1150758251550963,close
DVA,2024-12-24,extended_hours,2.5796465884168738,close
DVA,2026-06-26,extended_hours,1.3822336896425147,close
DVN,2025-09-10,extended_hours,2.8153153153167554,close
DWDP,2018-01-22,extended_hours,1.9519812609795064,close
DWDP,2018-02-27,extended_hours,2.055076037814451,close
DWDP,2018-04-30,extended_hours,2.3512814483889044,close
DXC,2017-07-19,extended_hours,4.405933323542537,close
DXC,2017-10-06,extended_hours,2.64410364886251,close
DXC,2018-04-30,extended_hours,2.243409983173979,close
DXC,2018-12-27,extended_hours,3.7425149700591356,close
DXC,2019-06-28,extended_hours,0.906618313689112,close
DXC,2019-07-09,extended_hours,1.8001800180014422,close
DXC,2022-03-31,extended_hours,6.129328838490965,close
DXC,2024-11-14,extended_hours,4.612546125461976,close
DXC,2025-09-23,extended_hours,7.315288953913524,close
DXCM,2021-12-23,extended_hours,2.0979020979021774,close
EA,2018-10-30,extended_hours,4.218074449013186,close
EA,2026-05-26,extended_hours,0.24859543578757287,close
EA,2026-08-04,extended_hours,2.3843586075351153,close
EBAY,2016-03-01,extended_hours,4.12371134020683,close
EBAY,2016-09-23,extended_hours,3.118178983473031,close
ECHO,2018-02-08,extended_hours,3.4476814342360154,close
ECHO,2020-02-25,extended_hours,2.6695141484244553,close
ECHO,2023-06-28,extended_hours,2.9120559114749898,close
ECL,2016-06-02,extended_hours,0.8412551526882406,close
ECL,2017-02-24,extended_hours,0.7968127490043917,close
ECL,2017-10-20,extended_hours,3.012048192772625,close
ECL,2017-11-28,extended_hours,0.7448789571687825,close
ECL,2017-12-29,extended_hours,0.7452675510501494,close
ECL,2018-02-15,extended_hours,0.7588980799893242,close
ECL,2018-12-27,extended_hours,1.3802622498281734,close
ECL,2019-05-02,extended_hours,0.5425347222217288,close
ECL,2019-06-04,extended_hours,1.5756302521009,close
ECL,2019-06-05,extended_hours,1.0356255178132887,close
ECL,2019-06-28,extended_hours,2.532414910859571,close
ECL,2020-11-18,extended_hours,0.9549274255161494,close
ECL,2022-11-23,extended_hours,1.3994402239114359,close
ECL,2024-08-19,extended_hours,1.2385946079848533,close
ECL,2024-12-24,extended_hours,1.6615435739810778,close
ECL,2026-09-09,extended_hours,1.1020902979328298,close
ED,2017-04-03,extended_hours,2.5697031992799717,close
ED,2017-07-03,extended_hours,3.723470274295785,close
ED,2017-08-03,extended_hours,1.2030798845049464,close
ED,2018-12-27,extended_hours,1.3015749056364854,close
ED,2019-05-28,extended_hours,1.152737752161973,close
ED,2019-11-08,extended_hours,1.1373976342135026,close
ED,2020-06-19,extended_hours,5.599104143337941,close
ED,2022-11-14,extended_hours,1.1194447554018938,close
ED,2025-08-05,extended_hours,3.8395085429057443,close
ED,2025-08-13,extended_hours,1.9293845263357152,close
ED,2025-12-19,extended_hours,2.039567611665921,close
EFX,2016-06-23,extended_hours,1.5752993068679917,close
EFX,2016-09-06,extended_hours,0.7401924500363364,close
EFX,2017-02-24,extended_hours,1.545833977429418,close
EFX,2017-09-01,extended_hours,1.4125291334140992,close
EFX,2017-10-31,extended_hours,0.9214042200317991,close
EFX,2018-03-26,extended_hours,0.8476731372387146,close
EFX,2022-03-31,extended_hours,1.6870518768448772,close
EFX,2023-02-08,extended_hours,0.45413260672204026,close
EG,2016-02-16,extended_hours,1.0828956630034237,close
EG,2016-03-18,extended_hours,0.5227664802142991,close
EG,2016-05-10,extended_hours,1.637018443741195,close
EG,2016-06-28,extended_hours,1.1493592322269877,close
EG,2017-05-31,extended_hours,18.06400942470088,close
EG,2017-08-22,extended_hours,1.137742718447723,close
EG,2017-11-01,extended_hours,1.2777375527067225,close
EG,2018-02-08,extended_hours,1.2445034431262398,close
EG,2019-01-17,extended_hours,0.4644034737388811,close
EG,2020-02-26,extended_hours,0.7319840427472024,close
EG,2020-03-12,extended_hours,0.49795837068117355,close
EG,2020-10-28,extended_hours,0.5096839959235131,close
EG,2024-12-24,extended_hours,4.139301285942305,close
EG,2025-05-29,extended_hours,8.661758336942727,close
EG,2026-09-08,extended_hours,3.244734067003882,close
EIDO,2017-04-05,extended_hours,3.8226299694195576,close
EIDO,2017-09-19,extended_hours,3.691399040236827,close
EIDO,2017-12-22,extended_hours,3.5778175313051914,close
EIDO,2018-01-19,extended_hours,5.04201680672288,close
EIDO,2018-06-19,extended_hours,4.198152812763041,close
EIDO,2018-09-11,extended_hours,4.468275245754249,close
EIDO,2018-12-24,extended_hours,2.091175240484737,close
EIDO,2019-07-02,extended_hours,3.824091778203275,close
EIDO,2019-09-11,extended_hours,1.934984520123454,close
EIDO,2019-10-29,extended_hours,3.927729772190892,close
EIDO,2019-12-23,extended_hours,1.9493177387910352,close
EIDO,2020-05-19,extended_hours,6.795511221944804,close
EIDO,2020-06-11,extended_hours,5.602240896357428,close
EIDO,2020-07-28,extended_hours,2.6343519494199183,close
EIDO,2020-09-25,extended_hours,2.8702640642953834,close
EIDO,2020-10-23,extended_hours,5.291005291004239,close
EIDO,2021-02-08,extended_hours,4.152823920264955,close
EIDO,2021-03-15,extended_hours,4.351610095736103,close
EIDO,2021-05-10,extended_hours,9.165902841429684,close
EIDO,2021-07-12,extended_hours,0.9803921568622018,close
EIDO,2021-08-04,extended_hours,4.8899755501230135,close
EIDO,2021-08-12,extended_hours,2.427184466020659,close
EIDO,2021-08-18,extended_hours,9.569377990432118,close
EIDO,2021-09-16,extended_hours,4.659832246039871,close
EIDO,2022-01-21,extended_hours,4.982964224872723,close
EIDO,2022-04-11,extended_hours,4.091653027822426,close
EIDO,2022-09-19,extended_hours,4.063388866313698,close
EIDO,2022-10-24,extended_hours,4.219409282699583,close
EIDO,2022-11-02,extended_hours,4.317789291883232,close
EIDO,2022-11-17,extended_hours,6.544502617801295,close
EIDO,2022-12-09,extended_hours,4.44839857651157,close
EIDO,2022-12-19,extended_hours,8.791208791208604,close
EIDO,2022-12-28,extended_hours,2.270663033605361,close
EIDO,2023-01-06,extended_hours,4.549590536852395,close
EIDO,2023-01-13,extended_hours,4.480286738351955,close
EIDO,2023-01-25,extended_hours,8.676789587852308,close
EIDO,2023-03-24,extended_hours,4.368719965050923,close
EIDO,2023-04-10,extended_hours,10.642826734780154,close
EIDO,2023-06-01,extended_hours,6.385696040867185,close
EIDO,2024-05-06,extended_hours,4.764173415911391,close
EIDO,2024-08-22,extended_hours,2.348520432128961,close
EIDO,2024-12-18,extended_hours,5.411255411254334,close
EIDO,2025-01-03,extended_hours,5.265929436544503,close
EIDO,2025-01-21,extended_hours,2.6752273943298865,close
EIDO,2025-01-22,extended_hours,2.658160552898755,close
EIDO,2025-04-24,extended_hours,5.96658711217277,close
EIDO,2025-05-09,extended_hours,2.8719126938535355,close
EIDO,2025-06-04,extended_hours,5.420054200542854,close
EIDO,2025-07-07,extended_hours,2.8835063437133828,close
EIDO,2025-07-23,extended_hours,28.07411566535495,close
EIDO,2025-07-29,extended_hours,5.617977528090766,close
EIDO,2025-08-18,extended_hours,5.4259359739563555,close
EIDO,2025-09-11,unexplained,11.337868480725382,close
EIDO,2025-10-08,extended_hours,5.730659025786825,close
EIDO,2025-10-31,extended_hours,10.94091903719889,close
EIDO,2025-11-10,extended_hours,8.086253369272544,close
EIDO,2025-12-05,extended_hours,2.6567481402757736,close
EIDO,2026-01-06,extended_hours,7.861635220126084,close
EIDO,2026-02-19,extended_hours,5.608524957934947,close
EIDO,2026-04-20,extended_hours,3.065603923972413,close
EIDO,2026-05-12,extended_hours,6.877579092159413,close
EIS,2016-03-22,extended_hours,17.135603977153178,close
EIS,2017-01-06,extended_hours,6.377551020408405,close
EIS,2017-02-17,extended_hours,1.9936204146740664,close
EIS,2017-12-18,extended_hours,3.9231071008244665,close
EIS,2018-09-04,extended_hours,1.7717930545708735,close
EIS,2018-09-20,extended_hours,1.1839396019220456,close
EIS,2018-09-25,extended_hours,0.3476447071085241,close
EIS,2018-09-26,extended_hours,14.079549454417158,close
EIS,2018-10-10,extended_hours,39.24500093440494,close
EIS,2018-12-17,extended_hours,33.49225268176358,close
EIS,2018-12-26,extended_hours,20.44989775051154,close
EIS,2019-01-28,extended_hours,24.658573596357257,close
EIS,2020-03-09,extended_hours,30.362177401865228,close
EIS,2020-11-06,extended_hours,5.330490405117473,close
EIS,2021-10-13,extended_hours,4.066142586066839,close
EIS,2021-11-10,extended_hours,6.435006435006069,close
EIS,2022-02-09,extended_hours,2.5368574843948433,close
EIS,2022-03-15,extended_hours,1.4432096983699114,close
EIS,2022-03-18,extended_hours,30.219780219780066,close
EIS,2022-04-14,unexplained,5.573105589124756,close
EIS,2022-06-06,unexplained,0.4746091746529952,close
EIS,2022-06-07,unexplained,26.840813330172523,close
EIS,2022-08-11,extended_hours,3.1837916063683895,close
EIS,2023-02-27,unexplained,12.290536287058277,close
EIS,2023-06-27,extended_hours,12.936610608020752,close
EIS,2023-08-08,extended_hours,1.7571884984028747,close
EIS,2023-08-16,extended_hours,12.750455373406245,close
EIS,2023-12-21,extended_hours,6.487963121052384,close
EIS,2024-01-29,extended_hours,35.09944843723898,close
EIS,2024-09-24,unexplained,3.411230750639234,close
EIS,2025-02-05,extended_hours,3.628447024673577,close
EIS,2025-02-27,extended_hours,11.418421720375973,close
EIS,2025-03-21,extended_hours,12.310483348451323,close
EIS,2025-04-01,extended_hours,6.637519872814053,close
EIS,2025-08-21,unexplained,2.4068076389219537,close
EIS,2025-11-20,extended_hours,1.0060362173029078,close
EIS,2025-12-03,extended_hours,20.885780885781237,close
EIS,2025-12-04,extended_hours,5.574136008918829,close
EIS,2025-12-11,extended_hours,7.1447709207822,close
EIS,2025-12-24,extended_hours,2.66737796745809,close
EIS,2026-01-27,extended_hours,2.4707626420689457,close
EIS,2026-03-12,extended_hours,1.5632965165675234,close
EIS,2026-04-30,extended_hours,5.353319057815324,close
EIS,2026-07-20,extended_hours,0.8430992327801294,close
EIS,2026-07-30,extended_hours,23.841115216661297,close
EIS,2026-08-20,extended_hours,1.6511186328746166,close
EIS,2026-09-03,extended_hours,17.4617033097864,close
EIS,2026-09-10,extended_hours,7.776686313031996,close
EIX,2016-06-23,extended_hours,1.3515339910786466,close
EIX,2017-06-01,extended_hours,4.8691418137560865,close
EIX,2017-08-03,extended_hours,3.7764350453173634,close
EIX,2018-03-16,extended_hours,7.674597083654852,close
EIX,2019-03-11,extended_hours,1.5840329478861261,close
EIX,2019-09-10,extended_hours,2.747630168980661,close
EIX,2020-06-19,extended_hours,1.796622349982953,close
EIX,2024-11-05,extended_hours,1.2199585214108961,close
EIX,2025-06-25,extended_hours,1.9837333862339053,close
EIX,2025-07-22,extended_hours,5.765904285989071,close
EIX,2026-09-04,extended_hours,1.7614937466981004,close
EL,2018-11-15,extended_hours,0.6903693476003386,close
EL,2019-06-05,extended_hours,1.7648096946879896,close
EL,2022-03-31,extended_hours,1.1016451233853393,close
EL,2022-04-26,extended_hours,0.7850217843538019,close
EL,2022-09-21,extended_hours,0.8408307407711179,close
EL,2024-01-24,extended_hours,1.585288522511908,close
EL,2025-07-21,extended_hours,3.486750348673515,close
ELV,2016-01-28,extended_hours,2.373042240151965,close
ELV,2017-02-01,extended_hours,13.371478325766741,close
ELV,2018-09-21,extended_hours,2.2016732716865652,close
ELV,2020-05-12,extended_hours,0.3663540445504011,close
ELV,2024-10-29,extended_hours,0.9742553036028073,close
ELV,2025-11-06,extended_hours,0.31802569647598605,close
EMC,2016-01-29,extended_hours,8.074283407347426,close
EMC,2023-07-11,extended_hours,16.43564356435612,close
EMC,2024-01-30,unexplained,5.687588868575806,close
EMC,2024-06-05,unexplained,9.899760222537239,close
EMC,2024-07-02,unexplained,7.743077320156796,close
EMC,2024-08-19,unexplained,4.885520858969128,close
EMC,2024-12-24,unexplained,2.917218320130895,close
EMC,2025-01-23,unexplained,3.02737885754257,close
EMC,2025-03-14,unexplained,0.748853318355852,close
EMC,2025-06-06,unexplained,1.2331107861970867,close
EMC,2025-06-13,unexplained,1.2445904763933007,close
EMC,2025-06-23,extended_hours,24.647887323943763,close
EMC,2025-06-30,unexplained,10.504488281356332,close
EMC,2025-11-07,unexplained,20.465777403412947,close
EMC,2025-11-20,unexplained,0.8152838546625785,close
EMC,2025-12-29,unexplained,3.7960268252566065,close
EMC,2026-01-08,extended_hours,3.135779241141914,close
EMC,2026-02-19,extended_hours,14.845605700711744,close
EMC,2026-02-20,extended_hours,17.452006980803453,close
EMC,2026-04-22,unexplained,15.180591756651468,close
EME,2016-02-24,extended_hours,15.05700150570021,close
EME,2016-06-01,extended_hours,6.290763728171222,close
EME,2016-09-15,extended_hours,1.7784101013690221,close
EME,2019-06-27,extended_hours,1.1603620329548754,close
EME,2020-02-26,extended_hours,2.527805864509103,close
EME,2024-09-11,extended_hours,0.2596930428231466,close
EMN,2017-11-28,extended_hours,3.271894426873284,close
EMN,2019-06-04,extended_hours,2.805442558565048,close
EMN,2020-02-27,extended_hours,1.6005121638932645,close
EMN,2022-11-30,extended_hours,5.772338951744558,close
EMN,2025-01-30,extended_hours,1.07909787417774,close
EMR,2016-01-29,extended_hours,4.349717268376691,close
EMR,2016-04-11,extended_hours,1.859427296392341,close
EMR,2016-06-30,extended_hours,1.917177914110048,close
EMR,2016-11-25,extended_hours,3.620564808110631,close
EMR,2018-01-26,extended_hours,1.3504388926388797,close
EMR,2018-03-16,extended_hours,31.776733904392067,close
EMR,2018-11-28,extended_hours,1.4690759512253424,close
EMR,2018-12-27,extended_hours,3.370975897521662,close
EMR,2020-02-14,extended_hours,1.360359134812286,close
EMR,2020-06-29,extended_hours,1.629195177583108,close
EMR,2020-08-24,extended_hours,1.435750179469507,close
ENPH,2016-10-07,extended_hours,86.20689655172423,close
ENPH,2016-10-27,extended_hours,91.74311926605512,close
ENPH,2017-03-17,extended_hours,71.4285714285715,close
ENPH,2017-06-16,extended_hours,249.35064935064926,close
ENPH,2017-06-23,extended_hours,109.2342342342347,close
ENPH,2017-09-15,extended_hours,130.71895424836612,close
ENPH,2018-11-08,extended_hours,17.211703958691544,close
ENPH,2020-03-20,extended_hours,7.692307692307529,close
EOG,2017-03-30,extended_hours,7.2038695070487995,close
EOG,2025-03-21,extended_hours,3.9945673883516144,close
EOG,2025-06-04,extended_hours,0.9027715085316527,close
EOG,2025-07-21,extended_hours,0.8584427847888331,close
EOG,2025-08-13,extended_hours,0.8370302167912543,close
EPAM,2016-06-02,extended_hours,1.3170025023054281,close
EPAM,2017-08-18,extended_hours,28.482972136223403,close
EPAM,2018-04-09,extended_hours,5.42691751085404,close
EPAM,2019-05-30,extended_hours,1.155802126674862,close
EPAM,2019-07-05,extended_hours,1.6656487701960543,close
EPAM,2019-07-24,extended_hours,1.0156924483271663,close
EPAM,2019-07-30,extended_hours,0.7595705894260866,close
EPAM,2019-12-05,extended_hours,0.48426150121021333,close
EPAM,2020-01-29,extended_hours,1.7135758043093021,close
EPAM,2020-03-26,extended_hours,28.576050035046162,close
EPAM,2021-10-06,extended_hours,0.8588556607168788,close
EPAM,2022-07-05,extended_hours,0.9657481328860648,close
EPAM,2022-11-07,extended_hours,0.31644568209838,close
EPAM,2023-03-22,extended_hours,2.5442518082358587,close
EPAM,2023-12-28,extended_hours,4.350881890290687,close
EPAM,2024-11-05,extended_hours,0.5202372281755752,close
EPOL,2016-03-03,extended_hours,2.753303964757161,close
EPOL,2016-05-11,extended_hours,5.627462014632281,close
EPOL,2016-06-03,extended_hours,5.646527385658702,close
EPOL,2016-07-18,extended_hours,5.7208237986278965,close
EPOL,2016-09-20,extended_hours,5.540166204985047,close
EPOL,2017-01-27,extended_hours,2.471576866040042,close
EPOL,2017-11-15,extended_hours,3.827018752392485,close
EPOL,2018-01-11,extended_hours,1.7806267806264264,close
EPOL,2018-07-26,extended_hours,4.154549231407566,close
EPOL,2018-12-27,extended_hours,13.04347826087006,close
EPOL,2019-08-14,extended_hours,4.918839153960435,close
EPOL,2019-08-29,extended_hours,4.955401387511403,close
EPOL,2019-11-12,extended_hours,2.276867030964939,close
EPOL,2019-11-26,extended_hours,4.649000464900773,close
EPOL,2021-04-09,extended_hours,5.211047420532341,close
EPOL,2021-04-16,extended_hours,5.078720162519839,close
EPOL,2021-04-21,extended_hours,10.298661174048982,close
EPOL,2021-06-10,extended_hours,8.826125330979512,close
EPOL,2021-07-21,extended_hours,9.289363678587819,close
EPOL,2021-12-01,extended_hours,14.563106796115331,close
EPOL,2021-12-20,extended_hours,4.93583415597313,close
EPOL,2021-12-22,extended_hours,9.75134080936281,close
EPOL,2022-03-15,extended_hours,5.665722379602273,close
EPOL,2022-05-02,extended_hours,3.1766200762393786,close
EPOL,2022-10-12,extended_hours,18.65671641791005,close
EPOL,2022-11-09,extended_hours,7.473841554558883,close
EPOL,2022-12-28,extended_hours,6.644518272425108,close
EPOL,2023-01-20,extended_hours,2.9976019184646314,close
EPOL,2023-01-25,extended_hours,2.9976019184646314,close
EPOL,2023-03-09,extended_hours,3.215434083600646,close
EPOL,2023-06-06,extended_hours,10.741138560687203,close
EPOL,2023-06-08,extended_hours,10.741138560687203,close
EPOL,2023-07-11,extended_hours,5.149330587024491,close
EPOL,2023-09-20,extended_hours,5.624296962878521,close
EPOL,2023-10-23,extended_hours,5.3361792956251675,close
EPOL,2023-11-01,extended_hours,5.017561465126949,close
EPOL,2024-02-02,extended_hours,2.2026431718057293,close
EPOL,2024-09-12,extended_hours,2.118644067797694,close
EPOL,2024-10-10,extended_hours,2.118644067797694,close
EPOL,2024-10-22,extended_hours,4.438526409231252,close
EPOL,2024-12-19,extended_hours,2.374169040836922,close
EPOL,2024-12-24,extended_hours,4.692632566869081,close
EPOL,2025-01-14,extended_hours,9.263547938860386,close
EPOL,2025-01-21,extended_hours,8.752735229760667,close
EPOL,2025-03-14,extended_hours,0.350877192982885,close
EPOL,2025-06-30,extended_hours,3.099814011158714,close
EPOL,2025-08-12,extended_hours,0.8826125330980035,close
EPOL,2025-08-14,extended_hours,0.6612563871361521,close
EPOL,2025-11-07,extended_hours,8.86524822695069,close
EPOL,2025-11-10,extended_hours,1.4518002322867167,close
EPOL,2025-12-30,extended_hours,4.266211604095726,close
EPOL,2026-01-05,extended_hours,2.764722145425799,close
EPOL,2026-01-09,extended_hours,2.762430939227932,close
EPOL,2026-03-31,extended_hours,2.746498214775614,close
EQIX,2019-05-03,extended_hours,0.4192960020122395,close
EQIX,2019-05-28,extended_hours,0.8142825153179493,close
EQIX,2023-03-24,extended_hours,0.1466920932960379,close
EQIX,2023-11-24,extended_hours,0.7547169811313891,close
EQIX,2024-12-24,extended_hours,3.2631235460673618,close
EQR,2016-08-05,extended_hours,1.4874312063074693,close
EQR,2018-01-30,extended_hours,1.6509823344886927,close
EQR,2018-12-24,extended_hours,7.8517587939694025,close
EQR,2018-12-26,extended_hours,1.528584530725331,close
EQR,2019-12-31,extended_hours,1.235788433020899,close
EQR,2020-10-27,extended_hours,2.012477359630734,close
EQR,2022-11-25,extended_hours,4.722178498347416,close
EQR,2024-11-04,extended_hours,1.424095699231717,close
EQR,2026-05-14,extended_hours,1.537988311289621,close
EQR,2026-07-02,extended_hours,1.4320492624953622,close
EQT,2018-02-28,extended_hours,1.5900779138174608,close
EQT,2020-03-13,extended_hours,20.986358866736175,close
EQT,2022-04-18,extended_hours,4.3956043956050825,close
EQT,2023-07-03,extended_hours,4.9164208456251535,close
ERIE,2016-04-18,extended_hours,1.065870816456076,close
ERIE,2016-11-25,extended_hours,0.917515368381586,close
ERIE,2017-05-01,extended_hours,0.8021175904391686,close
ERIE,2017-10-26,extended_hours,0.8058017727631673,close
ERIE,2017-11-24,extended_hours,4.370915032679711,close
ERIE,2018-09-25,extended_hours,0.7902639481579663,close
ERIE,2018-12-27,extended_hours,4.542357483534126,close
ERIE,2019-02-01,extended_hours,0.6578514571403793,close
ERIE,2019-03-04,extended_hours,4.32502567984065,close
ERIE,2019-10-07,extended_hours,0.5581914596701594,close
ERIE,2020-02-27,extended_hours,9.693053311793582,close
ERIE,2020-08-12,extended_hours,5.321610365571916,close
ERIE,2020-11-10,extended_hours,0.42007981516569315,close
ERIE,2020-11-11,extended_hours,10.916147812727832,close
ERIE,2021-02-05,extended_hours,1.5532171009188687,close
ERIE,2021-03-08,extended_hours,4.325072444963207,close
ERIE,2021-07-22,extended_hours,9.31966449207916,close
ERIE,2021-08-23,extended_hours,14.463407578825572,close
ERIE,2022-02-17,extended_hours,0.27743868605013056,close
ERIE,2022-06-07,extended_hours,0.5623664379704704,close
ERIE,2022-07-07,extended_hours,4.025157232705032,close
ERIE,2022-08-05,extended_hours,12.34337882528233,close
ERIE,2022-09-01,extended_hours,4.131851987880058,close
ERIE,2022-09-26,extended_hours,2.3084025854114207,close
ERIE,2023-02-09,extended_hours,5.027230833682637,close
ERIE,2023-03-09,extended_hours,5.6605416702950215,close
ERIE,2023-03-14,extended_hours,2.576655501159592,close
ERIE,2023-04-05,extended_hours,1.7398112304811466,close
ERIE,2023-06-27,extended_hours,1.915800565162147,close
ERIE,2023-07-18,extended_hours,0.4861212386364739,close
ERIE,2024-02-01,extended_hours,2.4496383181081987,close
ERIE,2024-08-21,extended_hours,2.5239247029131255,close
ERIE,2024-12-18,extended_hours,0.6203166095983849,close
ERIE,2025-05-12,extended_hours,3.2170531792880266,close
ERIE,2025-09-15,extended_hours,4.971877816103446,close
ERIE,2026-07-24,extended_hours,0.8946544397231148,close
ES,2017-05-11,extended_hours,3.3624747814384706,close
ES,2017-06-01,extended_hours,1.6038492381712928,close
ES,2017-10-19,extended_hours,1.6113438607807147,close
ES,2018-02-05,extended_hours,3.428767358135287,close
ES,2018-12-21,extended_hours,1.5044380923732685,close
ES,2019-02-07,extended_hours,2.8563267637812086,close
ESRX,2017-09-15,extended_hours,6.384676775738092,close
ESRX,2018-03-12,extended_hours,1.277955271566149,close
ESS,2016-07-19,extended_hours,0.8826514850615751,close
ESS,2017-08-30,extended_hours,0.37544584193909325,close
ESS,2017-12-08,extended_hours,2.0465801645455106,close
ESS,2018-02-05,extended_hours,10.092206064498319,close
ESS,2018-02-23,extended_hours,1.7600211202543434,close
ESS,2019-08-27,extended_hours,0.31363693388683195,close
ESS,2019-12-31,extended_hours,0.33238050920663775,close
ESS,2020-01-29,extended_hours,7.248764415157406,close
ESS,2022-11-18,extended_hours,0.9452242544548528,close
ESS,2023-01-31,extended_hours,0.8846817357447609,close
ESS,2025-08-20,extended_hours,1.1448633796356553,close
ESS,2025-11-07,extended_hours,0.3839950848625645,close
ETN,2016-06-30,extended_hours,1.6742005692278605,close
ETN,2016-07-25,extended_hours,1.5755475027568946,close
ETN,2016-08-01,extended_hours,9.383797309977348,close
ETN,2017-02-17,extended_hours,1.3960631020509433,close
ETN,2017-04-13,extended_hours,1.360359134810353,close
ETN,2018-01-11,extended_hours,2.381235861411599,close
ETN,2018-02-05,extended_hours,1.2257906349601762,close
ETN,2018-12-27,extended_hours,1.4549687181733035,close
ETN,2021-08-02,extended_hours,15.336443223207915,close
ETN,2025-10-10,extended_hours,2.4384957190861556,close
ETN,2026-06-23,extended_hours,0.7402289774977684,close
ETR,2016-06-01,extended_hours,2.6096033402917564,close
ETR,2019-05-14,extended_hours,4.145077720207902,close
ETR,2019-10-29,extended_hours,6.720430107527932,close
ETR,2020-05-19,extended_hours,2.0712510356251057,close
ETR,2026-07-28,extended_hours,5.341880341880544,close
ETSY,2020-09-17,extended_hours,0.9154994049258551,close
ETSY,2025-12-24,extended_hours,1.7866714311234608,close
EVHC,2018-09-05,extended_hours,4.415011037528284,close
EVHC,2018-09-11,extended_hours,2.20118864186617,close
EVHC,2018-09-13,extended_hours,2.1963540522727896,close
EVRG,2019-06-03,extended_hours,10.166045408336542,close
EVRG,2022-06-09,extended_hours,1.4843402107749597,close
EVRG,2022-07-07,extended_hours,1.5518311607705022,close
EVRG,2023-12-18,extended_hours,1.9432568985616032,close
EW,2022-01-05,extended_hours,0.8069722401553514,close
EW,2024-12-24,extended_hours,1.3266118333763472,close
EWA,2016-03-15,extended_hours,5.243838489775335,close
EWA,2016-03-29,extended_hours,5.197505197504164,close
EWA,2016-04-14,extended_hours,5.078720162518034,close
EWA,2016-05-09,extended_hours,5.162622612286014,close
EWA,2016-06-20,extended_hours,5.10464522715751,close
EWA,2016-07-13,extended_hours,4.9407114624513655,close
EWA,2016-07-19,extended_hours,4.948045522019576,close
EWA,2017-01-04,extended_hours,2.398081534773409,close
EWA,2017-01-23,extended_hours,4.710315591145343,close
EWA,2017-01-30,extended_hours,2.355157795571835,close
EWA,2017-02-21,extended_hours,2.2391401701742075,close
EWA,2017-04-26,extended_hours,0.44622936189255785,close
EWA,2017-05-05,extended_hours,4.524886877828761,close
EWA,2017-11-16,extended_hours,4.380201489267635,close
EWA,2018-02-08,extended_hours,4.578754578755294,close
EWA,2018-02-27,extended_hours,4.329004329003467,close
EWA,2018-02-28,extended_hours,4.382120946537253,close
EWA,2018-03-22,extended_hours,4.512635379062077,close
EWA,2018-05-21,extended_hours,4.349717268376691,close
EWA,2018-11-01,extended_hours,4.777830864786436,close
EWA,2018-11-27,extended_hours,0.7692307692306846,close
EWA,2019-01-28,extended_hours,4.894762604012731,close
EWA,2019-03-06,extended_hours,843.9625850340134,close
EWA,2019-03-11,extended_hours,2.3310023310018675,close
EWA,2019-03-15,extended_hours,4.662004662003735,close
EWA,2019-03-18,extended_hours,4.64684014869796,close
EWA,2019-03-22,extended_hours,4.71031559114367,close
EWA,2019-04-25,extended_hours,2.28519195612386,close
EWA,2019-05-01,extended_hours,4.610419548177966,close
EWA,2019-05-28,extended_hours,4.568296025581549,close
EWA,2019-07-16,extended_hours,4.446420631392425,close
EWA,2019-08-30,extended_hours,4.612546125460337,close
EWA,2019-09-04,extended_hours,4.585052728105461,close
EWA,2019-10-04,extended_hours,4.5829514207156565,close
EWA,2019-10-07,extended_hours,4.601932811780032,close
EWA,2019-10-10,extended_hours,6.8555758683732035,close
EWA,2019-10-14,extended_hours,4.553734061929878,close
EWA,2019-10-21,extended_hours,4.442470013328104,close
EWA,2019-11-01,extended_hours,4.393673110721249,close
EWA,2019-11-27,extended_hours,4.3535045711789335,close
EWA,2019-12-04,extended_hours,8.8888888888887,close
EWA,2019-12-09,extended_hours,8.869179600886728,close
EWA,2019-12-12,extended_hours,4.368719965050923,close
EWA,2019-12-23,extended_hours,8.837825894829683,close
EWA,2019-12-27,extended_hours,4.3956043956050825,close
EWA,2020-01-16,extended_hours,4.248088360237047,close
EWA,2020-02-27,extended_hours,2.416626389559693,close
EWA,2020-03-04,extended_hours,4.814636494943674,close
EWA,2020-06-19,extended_hours,5.257623554154345,close
EWA,2020-07-30,extended_hours,4.926108374385007,close
EWA,2020-08-04,extended_hours,12.303149606298513,close
EWA,2020-08-07,extended_hours,4.904364884748192,close
EWA,2020-08-21,extended_hours,4.854368932039594,close
EWA,2020-10-08,extended_hours,4.8332527791211035,close
EWA,2021-07-02,extended_hours,3.8240917782019164,close
EWA,2021-10-27,extended_hours,3.765060240964444,close
EWA,2021-12-22,extended_hours,4.0257648953307426,close
EWA,2021-12-27,extended_hours,3.972983710767407,close
EWA,2022-01-11,extended_hours,4.042037186741314,close
EWA,2022-03-25,extended_hours,3.773584905660967,close
EWA,2022-07-26,extended_hours,2.2999080036810295,close
EWA,2022-08-31,extended_hours,4.564125969877482,close
EWA,2022-10-28,extended_hours,4.8100048100038535,close
EWA,2022-11-10,extended_hours,4.478280340348415,close
EWA,2022-11-14,extended_hours,4.440497335702292,close
EWA,2022-12-09,extended_hours,4.3159257660759645,close
EWA,2022-12-12,extended_hours,4.3066322136081014,close
EWA,2023-01-11,extended_hours,4.280821917807367,close
EWA,2023-04-24,extended_hours,4.286326618087446,close
EWA,2023-05-11,extended_hours,4.351610095736103,close
EWA,2023-06-08,extended_hours,4.468275245754249,close
EWA,2023-12-20,extended_hours,2.0253164556959797,close
EWA,2024-04-30,extended_hours,4.284490145673335,close
EWA,2024-05-17,extended_hours,0.9508716323288271,close
EWA,2024-11-29,extended_hours,1.8917896329924349,close
EWA,2025-01-27,extended_hours,6.0313630880581295,close
EWA,2025-01-28,extended_hours,8.06776926179894,close
EWA,2025-03-14,extended_hours,2.127659574467662,close
EWA,2025-05-05,extended_hours,4.001600640256728,close
EWA,2025-05-12,extended_hours,3.971405877679909,close
EWA,2025-05-16,extended_hours,7.852375343541254,close
EWA,2025-07-25,extended_hours,3.7764350453178106,close
EWA,2025-09-04,extended_hours,3.717472118958369,close
EWA,2025-09-11,extended_hours,1.8241517694268534,close
EWA,2025-09-15,extended_hours,3.6271309394274804,close
EWA,2025-09-26,extended_hours,3.7495313085870126,close
EWA,2025-12-17,extended_hours,3.9093041438630034,close
EWA,2025-12-30,extended_hours,9.4661113214686,close
EWA,2025-12-31,extended_hours,9.54562810232859,close
EWA,2026-07-08,extended_hours,1.7780938833579507,close
EWA,2026-08-18,extended_hours,1.6886187098949696,close
EWC,2016-01-29,extended_hours,4.78240076518487,close
EWC,2016-03-15,extended_hours,4.349717268376691,close
EWC,2016-03-24,extended_hours,4.330879168471877,close
EWC,2016-04-01,extended_hours,4.235493434984333,close
EWC,2016-08-03,extended_hours,3.9840637450205425,close
EWC,2016-08-05,extended_hours,3.9824771007558786,close
EWC,2017-03-02,extended_hours,5.622188905547439,close
EWC,2017-03-17,extended_hours,3.7439161362778024,close
EWC,2017-03-21,extended_hours,3.8008361839610654,close
EWC,2017-04-13,extended_hours,3.7467216185829937,close
EWC,2017-06-06,extended_hours,3.7750094375228427,close
EWC,2017-08-29,extended_hours,3.616636528028214,close
EWC,2017-12-06,extended_hours,3.4590107229337814,close
EWC,2018-01-29,extended_hours,6.657789613848061,close
EWC,2018-06-04,extended_hours,202.27111426543658,close
EWC,2018-06-08,extended_hours,1.7211703958688487,close
EWC,2018-09-10,extended_hours,1.7774617845725411,close
EWC,2018-10-30,extended_hours,7.595898214963758,close
EWC,2018-11-23,extended_hours,1.9113149847090998,close
EWC,2018-12-24,extended_hours,8.658008658008473,close
EWC,2019-01-04,extended_hours,2.0283975659225173,close
EWC,2019-01-09,extended_hours,3.8971161340614042,close
EWC,2019-01-24,extended_hours,3.8080731150044027,close
EWC,2019-01-28,extended_hours,3.7636432066246006,close
EWC,2019-02-11,extended_hours,1.87265917602959,close
EWC,2019-06-12,extended_hours,3.57142857142913,close
EWC,2019-06-19,extended_hours,1.7574692442878752,close
EWC,2019-07-18,extended_hours,6.9036934760095185,close
EWC,2019-11-04,extended_hours,4.651162790696555,close
EWC,2019-11-15,extended_hours,5.045408678103118,close
EWC,2019-11-18,extended_hours,3.360215053763966,close
EWC,2019-11-21,extended_hours,3.3863867253645656,close
EWC,2019-11-25,extended_hours,3.3829499323403285,close
EWC,2020-01-16,extended_hours,3.277613897083436,close
EWC,2020-01-28,extended_hours,3.304692663582803,close
EWC,2020-01-29,extended_hours,9.966777408637071,close
EWC,2020-02-03,extended_hours,10.128291694799994,close
EWC,2020-02-06,extended_hours,3.2927230819893194,close
EWC,2020-02-19,extended_hours,3.248862897986213,close
EWC,2020-02-26,extended_hours,3.448275862069505,close
EWC,2020-03-17,extended_hours,125.25562372188192,close
EWC,2020-04-22,extended_hours,115.29933481152905,close
EWC,2020-05-08,extended_hours,28.40909090909102,close
EWC,2020-05-12,extended_hours,8.281573498966099,close
EWC,2020-06-02,extended_hours,3.48525469168905,close
EWC,2020-07-22,extended_hours,1.830831197363239,close
EWC,2020-08-17,extended_hours,3.4928396786580547,close
EWC,2020-09-01,extended_hours,0.3460207612448683,close
EWC,2020-09-16,extended_hours,3.5790980672863313,close
EWC,2020-09-17,extended_hours,3.5790980672876027,close
EWC,2020-10-05,extended_hours,3.5625222657647178,close
EWC,2020-11-18,extended_hours,6.809669731017901,close
EWC,2020-12-02,extended_hours,3.261578604044867,close
EWC,2020-12-04,extended_hours,3.1908104658588266,close
EWC,2021-02-08,extended_hours,1.5403573629089828,close
EWC,2021-04-01,extended_hours,5.773672055428154,close
EWC,2021-07-21,extended_hours,0.8707482993196319,close
EWC,2021-07-23,extended_hours,2.707825616029789,close
EWC,2021-08-16,extended_hours,2.667377967459353,close
EWC,2021-08-23,extended_hours,2.686727565824291,close
EWC,2021-09-07,extended_hours,2.655337227829293,close
EWC,2021-09-10,extended_hours,5.3705692803426475,close
EWC,2021-10-13,extended_hours,5.241090146749482,close
EWC,2021-10-27,extended_hours,2.564102564102054,close
EWC,2021-11-12,extended_hours,2.4999999999995026,close
EWC,2021-11-22,extended_hours,5.148005148004123,close
EWC,2021-12-21,extended_hours,5.3908355795156675,close
EWC,2021-12-22,extended_hours,5.320563979782688,close
EWC,2022-01-20,extended_hours,7.770007770008065,close
EWC,2022-02-01,extended_hours,7.755946225439798,close
EWC,2022-03-25,extended_hours,4.927322000493501,close
EWC,2022-03-31,extended_hours,2.4869435463810023,close
EWC,2022-06-09,extended_hours,2.7012425715823905,close
EWC,2022-10-28,extended_hours,3.019323671496984,close
EWC,2022-11-10,extended_hours,2.8826751225131195,close
EWC,2022-11-22,extended_hours,2.8530670470750388,close
EWC,2022-12-23,extended_hours,3.044140030440795,close
EWC,2022-12-28,extended_hours,3.0864197530858055,close
EWC,2023-01-11,extended_hours,8.759124087591573,close
EWC,2023-01-12,extended_hours,8.645533141210702,close
EWC,2023-01-30,extended_hours,2.8409090909085255,close
EWC,2023-03-24,extended_hours,3.065603923972413,close
EWC,2023-10-18,extended_hours,1.51515151515229,close
EWC,2024-10-16,extended_hours,16.71841413900174,close
EWC,2024-11-11,extended_hours,3.582517315500494,close
EWC,2024-11-19,extended_hours,4.730368968780304,close
EWC,2024-11-21,extended_hours,2.3288309268742458,close
EWC,2024-12-12,extended_hours,16.607354685646566,close
EWC,2024-12-24,extended_hours,13.593672763222864,close
EWC,2025-01-08,extended_hours,7.352941176469126,close
EWC,2025-01-22,extended_hours,13.395031660983856,close
EWC,2025-01-24,extended_hours,9.603841536614443,close
EWC,2025-02-27,extended_hours,4.901960784314492,close
EWC,2025-07-16,extended_hours,6.455777921239754,close
EWC,2025-07-22,extended_hours,2.123593119559379,close
EWC,2025-08-18,extended_hours,2.1119324181621986,close
EWC,2025-08-25,extended_hours,2.124079915878303,close
EWC,2025-09-04,extended_hours,2.035830618892103,close
EWC,2025-09-11,extended_hours,3.004807692307806,close
EWC,2025-10-28,extended_hours,4.8628671464692825,close
EWC,2025-12-26,extended_hours,2.7372262773723666,close
EWC,2026-02-26,extended_hours,0.8598452278582033,close
EWC,2026-08-13,extended_hours,1.6103059581317247,close
EWD,2016-01-05,extended_hours,3.561253561252853,close
EWD,2016-02-24,extended_hours,10.936930368210405,close
EWD,2016-03-16,extended_hours,6.805035726437418,close
EWD,2016-05-10,extended_hours,1.7006802721085053,close
EWD,2016-05-11,extended_hours,5.622214604044328,close
EWD,2016-06-02,extended_hours,3.3829499323403285,close
EWD,2016-06-16,extended_hours,3.5790980672876027,close
EWD,2016-06-20,extended_hours,3.436426116837804,close
EWD,2016-07-06,extended_hours,3.7993920972650317,close
EWD,2016-08-23,extended_hours,2.1431040442446463,close
EWD,2016-09-20,extended_hours,3.50877192982511,close
EWD,2017-02-15,extended_hours,1.6254876462947196,close
EWD,2017-02-16,extended_hours,6.437077566784542,close
EWD,2017-03-17,extended_hours,6.33713561470202,close
EWD,2017-03-21,extended_hours,3.1948881789131023,close
EWD,2017-05-12,extended_hours,2.9585798816562168,close
EWD,2017-10-06,extended_hours,1.3842746400873347,close
EWD,2017-10-10,extended_hours,5.499037668406935,close
EWD,2017-11-20,extended_hours,2.9291154071464587,close
EWD,2018-03-07,extended_hours,1.474056603774339,close
EWD,2018-06-19,extended_hours,3.226847370118752,close
EWD,2018-07-09,extended_hours,3.2030749519532384,close
EWD,2018-11-06,extended_hours,3.3478406427859264,close
EWD,2018-11-26,extended_hours,6.9180214458663345,close
EWD,2019-01-10,extended_hours,1.6983695652182602,close
EWD,2019-02-27,extended_hours,3.3255736614559397,close
EWD,2019-04-23,extended_hours,3.0693677102510772,close
EWD,2019-05-03,extended_hours,1.5615240474711298,close
EWD,2019-05-31,extended_hours,3.427004797806035,close
EWD,2019-06-11,extended_hours,6.516780710328959,close
EWD,2019-06-25,extended_hours,3.272251308901035,close
EWD,2019-09-11,extended_hours,6.68449197861067,close
EWD,2019-10-04,extended_hours,10.478519035975404,close
EWD,2019-11-14,extended_hours,3.132832080200991,close
EWD,2019-11-15,extended_hours,4.681647940075084,close
EWD,2019-11-22,extended_hours,3.155569580309739,close
EWD,2019-11-25,extended_hours,6.275494195167735,close
EWD,2020-01-03,extended_hours,6.075334143376677,close
EWD,2020-01-29,extended_hours,6.191950464397253,close
EWD,2020-02-18,extended_hours,26.658767772510757,close
EWD,2020-02-26,extended_hours,1.5898251192365678,close
EWD,2020-02-27,extended_hours,3.291639236340212,close
EWD,2020-05-12,extended_hours,3.6563071297981753,close
EWD,2020-05-22,extended_hours,7.130124777183449,close
EWD,2020-07-08,extended_hours,3.0581039755367323,close
EWD,2020-07-28,extended_hours,5.785363031531133,close
EWD,2020-10-08,extended_hours,5.50357732526228,close
EWD,2020-10-15,extended_hours,56.70541536716635,close
EWD,2021-01-25,extended_hours,2.3707918444755833,close
EWD,2021-02-11,extended_hours,4.695938013618954,close
EWD,2021-02-25,extended_hours,14.041656915516564,close
EWD,2021-03-15,extended_hours,11.116051578478693,close
EWD,2021-03-24,extended_hours,4.503490204909509,close
EWD,2021-04-16,extended_hours,2.0691082143591997,close
EWD,2021-06-11,extended_hours,2.075550020755087,close
EWD,2021-09-02,extended_hours,2.043735949314942,close
EWD,2021-09-10,extended_hours,2.0995171110640376,close
EWD,2021-09-21,extended_hours,2.192501644375797,close
EWD,2021-12-01,extended_hours,2.239641657334381,close
EWD,2021-12-27,extended_hours,7.551240560950096,close
EWD,2022-01-11,extended_hours,2.1915406530802355,close
EWD,2022-04-26,extended_hours,2.8304557033696907,close
EWD,2022-06-24,extended_hours,4.725897920603975,close
EWD,2022-07-05,extended_hours,6.680026720106738,close
EWD,2022-07-26,extended_hours,3.161555485299261,close
EWD,2022-10-21,extended_hours,3.5310734463282354,close
EWD,2023-01-18,extended_hours,2.832861189803149,close
EWD,2023-04-25,extended_hours,2.7693159789526476,close
EWD,2023-04-27,extended_hours,8.086253369272544,close
EWD,2023-08-24,extended_hours,6.163328197225275,close
EWD,2023-11-09,extended_hours,3.048780487806438,close
EWD,2024-01-25,extended_hours,2.680246582686978,close
EWD,2024-04-30,extended_hours,5.209690023442569,close
EWD,2025-04-25,extended_hours,11.462631820265281,close
EWD,2025-04-30,extended_hours,4.5829514207156565,close
EWD,2025-05-16,extended_hours,4.385003288751594,close
EWD,2025-06-26,extended_hours,17.64835649680086,close
EWD,2025-08-07,extended_hours,4.385964912281387,close
EWD,2025-08-12,extended_hours,2.174385736030684,close
EWD,2025-08-13,extended_hours,10.864841373316874,close
EWD,2025-12-01,extended_hours,4.203446826398303,close
EWD,2025-12-26,extended_hours,10.070493454178683,close
EWD,2025-12-31,extended_hours,22.34409912655018,close
EWD,2026-01-09,extended_hours,1.9692792437963784,close
EWD,2026-06-03,extended_hours,1.9364833462428368,close
EWD,2026-06-23,extended_hours,4.100041000409188,close
EWD,2026-06-29,extended_hours,1.0076582023368506,close
EWD,2026-07-06,extended_hours,1.9569471624262251,close
EWD,2026-07-15,extended_hours,7.933359777865757,close
EWD,2026-08-05,extended_hours,1.8677624206197256,close
EWG,2016-03-29,extended_hours,3.8686987104330766,close
EWG,2016-04-11,extended_hours,1.9912385503779393,close
EWG,2017-01-30,extended_hours,3.628447024672718,close
EWG,2017-05-17,extended_hours,1.6350555918909608,close
EWG,2017-06-16,extended_hours,1.6010246557793804,close
EWG,2018-02-06,extended_hours,4.478948939982254,close
EWG,2018-09-04,extended_hours,3.345600535296609,close
EWG,2018-09-24,extended_hours,3.290556103980918,close
EWG,2018-10-30,extended_hours,5.54733727810672,close
EWG,2019-02-13,extended_hours,3.806623524933979,close
EWG,2019-08-19,extended_hours,3.8699690402482827,close
EWG,2019-08-23,extended_hours,3.892565200466333,close
EWG,2019-10-04,extended_hours,1.8910741301068674,close
EWG,2019-11-26,extended_hours,3.441156228492089,close
EWG,2020-01-13,extended_hours,6.702412868632566,close
EWG,2020-02-19,extended_hours,6.7796610169490075,close
EWG,2020-05-06,extended_hours,2.2065313327444858,close
EWG,2020-05-22,extended_hours,4.1271151465132325,close
EWG,2020-05-28,extended_hours,1.9425019425029364,close
EWG,2021-10-11,extended_hours,3.0769230769224647,close
EWG,2021-11-05,extended_hours,2.896032435562702,close
EWG,2021-12-09,extended_hours,6.1500615006137815,close
EWG,2021-12-15,extended_hours,3.065603923972413,close
EWG,2022-11-02,extended_hours,4.653327128897889,close
EWG,2023-01-10,extended_hours,1.853224610822463,close
EWG,2023-01-20,extended_hours,1.8005041411591665,close
EWG,2023-04-10,extended_hours,3.4977264777899837,close
EWG,2023-04-17,extended_hours,1.7253278122839908,close
EWG,2023-06-12,extended_hours,3.553660270078736,close
EWG,2023-07-10,extended_hours,3.585514521334372,close
EWG,2023-12-04,extended_hours,1.7458100558655745,close
EWG,2024-01-08,extended_hours,1.700102006120029,close
EWG,2024-02-01,extended_hours,3.389830508475106,close
EWG,2024-10-14,extended_hours,1.4983518130043312,close
EWG,2024-12-23,extended_hours,6.579357655128472,close
EWG,2025-01-03,extended_hours,3.1575623618571402,close
EWG,2025-01-21,extended_hours,2.942907592701004,close
EWG,2025-01-22,extended_hours,2.9342723004709845,close
EWG,2025-03-07,extended_hours,1.2883277505804065,close
EWG,2025-05-14,extended_hours,0.8676251859185412,close
EWG,2025-05-20,extended_hours,2.394062724444605,close
EWG,2025-07-25,extended_hours,1.0978743284278683,close
EWG,2025-11-28,extended_hours,2.4437927663746617,close
EWG,2026-01-16,extended_hours,2.3073373327192237,close
EWG,2026-05-22,extended_hours,1.1652295502219898,close
EWG,2026-07-06,extended_hours,4.68823253633287,close
EWG,2026-07-22,extended_hours,1.2103606874837696,close
EWH,2016-02-03,extended_hours,5.7208237986278965,close
EWH,2016-08-18,extended_hours,4.7236655644787735,close
EWH,2016-09-09,extended_hours,9.111617312072699,close
EWH,2018-02-02,extended_hours,1.9260400616328988,close
EWH,2018-02-08,extended_hours,4.078303425775515,close
EWH,2018-02-28,extended_hours,11.727912431587622,close
EWH,2018-12-24,extended_hours,8.956560680700013,close
EWH,2018-12-26,extended_hours,4.399472063353085,close
EWH,2019-04-26,extended_hours,7.52162467092876,close
EWH,2019-05-03,extended_hours,3.6873156342188658,close
EWH,2019-05-16,extended_hours,1.96155355041293,close
EWH,2019-06-04,extended_hours,12.111425111021855,close
EWH,2019-06-25,extended_hours,3.9108330074298046,close
EWH,2019-06-26,extended_hours,5.82977069568619,close
EWH,2019-07-18,extended_hours,3.806623524932627,close
EWH,2019-09-05,extended_hours,4.22832980972582,close
EWH,2019-10-08,extended_hours,4.484304932734534,close
EWH,2019-10-23,extended_hours,8.587376556461818,close
EWH,2019-12-09,extended_hours,4.290004290004961,close
EWH,2020-01-03,extended_hours,18.30756712774683,close
EWH,2020-01-06,extended_hours,2.0283975659225173,close
EWH,2020-02-25,extended_hours,4.3917435221789916,close
EWH,2020-04-17,extended_hours,4.614674665436808,close
EWH,2020-05-06,extended_hours,4.773269689738217,close
EWH,2020-06-23,extended_hours,4.587155963301839,close
EWH,2020-06-25,extended_hours,2.3062730627301686,close
EWH,2020-07-22,extended_hours,837.126960040466,close
EWH,2020-08-13,extended_hours,2.244165170557701,close
EWH,2020-09-28,extended_hours,4.5829514207156565,close
EWH,2020-12-14,extended_hours,4.156275976725505,close
EWH,2021-03-15,extended_hours,7.410151908113959,close
EWH,2022-01-31,extended_hours,8.435259384225885,close
EWH,2022-08-26,extended_hours,7.228915662650877,close
EWH,2022-11-22,extended_hours,5.205622071838398,close
EWH,2023-01-26,extended_hours,4.428697962798057,close
EWH,2023-02-15,extended_hours,2.355157795571835,close
EWH,2023-11-01,extended_hours,2.976190476189884,close
EWH,2024-03-07,extended_hours,3.099814011158714,close
EWH,2024-05-31,extended_hours,5.98086124401795,close
EWH,2024-06-14,extended_hours,6.349206349206214,close
EWH,2024-11-11,extended_hours,8.356545961003103,close
EWH,2024-12-18,extended_hours,6.093845216332458,close
EWH,2025-01-10,extended_hours,6.317119393556403,close
EWH,2025-01-16,extended_hours,6.8238213399498955,close
EWH,2025-02-07,extended_hours,7.279457125231906,close
EWH,2025-02-28,extended_hours,28.425241614554132,close
EWH,2025-03-21,extended_hours,2.8026905829590834,close
EWH,2025-04-29,extended_hours,2.9137529137523344,close
EWH,2025-05-09,extended_hours,2.724795640326433,close
EWH,2025-05-19,extended_hours,2.64410364886251,close
EWH,2025-05-21,extended_hours,2.550478214664969,close
EWH,2025-07-09,extended_hours,10.035122930255682,close
EWH,2025-07-10,extended_hours,10.030090270812222,close
EWH,2025-07-15,extended_hours,12.444001991039611,close
EWH,2025-07-18,extended_hours,2.314130969965389,close
EWH,2025-08-04,extended_hours,4.840271055179846,close
EWH,2025-08-08,extended_hours,11.876484560571084,close
EWH,2025-08-27,extended_hours,4.714757190005451,close
EWH,2025-09-08,extended_hours,4.672897196260753,close
EWH,2025-10-08,extended_hours,4.642525533889513,close
EWH,2025-11-12,extended_hours,4.321521175454436,close
EWH,2026-01-05,extended_hours,9.140518417462184,close
EWH,2026-01-12,extended_hours,2.2192632046172025,close
EWH,2026-01-20,extended_hours,0.7174887892375892,close
EWH,2026-03-18,extended_hours,4.415011037528284,close
EWH,2026-06-08,extended_hours,4.576659038900691,close
EWH,2026-08-05,extended_hours,8.837825894829683,close
EWH,2026-08-18,extended_hours,10.164957646009878,close
EWH,2026-08-25,extended_hours,2.1551724137926747,close
EWI,2016-02-22,extended_hours,4.355400696864792,close
EWI,2016-03-31,extended_hours,8.196721311476692,close
EWI,2016-04-06,extended_hours,4.273504273503423,close
EWI,2016-06-01,extended_hours,8.278145695364062,close
EWI,2016-07-14,extended_hours,9.02527075812255,close
EWI,2016-08-24,extended_hours,8.865248226950166,close
EWI,2016-11-15,extended_hours,4.595588235294835,close
EWI,2017-04-20,extended_hours,3.9904229848370165,close
EWI,2017-07-21,extended_hours,3.436426116839025,close
EWI,2018-02-21,extended_hours,3.1259768677716675,close
EWI,2019-03-18,extended_hours,3.585514521334372,close
EWI,2019-03-21,extended_hours,3.539823008850111,close
EWI,2019-03-29,extended_hours,1.7992083483263783,close
EWI,2019-04-22,extended_hours,3.51741118536687,close
EWI,2019-05-22,extended_hours,3.706449221644926,close
EWI,2019-05-28,extended_hours,3.765060240964444,close
EWI,2019-06-12,extended_hours,3.68459837877598,close
EWI,2019-06-24,extended_hours,3.610108303249662,close
EWI,2019-08-23,extended_hours,3.8819875776389794,close
EWI,2019-09-04,extended_hours,10.913059294287955,close
EWI,2019-09-19,extended_hours,7.19942404607616,close
EWI,2019-09-20,extended_hours,3.6179450072351704,close
EWI,2019-10-08,extended_hours,7.490636704119691,close
EWI,2019-11-14,extended_hours,3.407155025554195,close
EWI,2019-11-15,extended_hours,3.39213025780243,close
EWI,2019-12-19,extended_hours,6.761325219742925,close
EWI,2019-12-31,extended_hours,6.7796610169490075,close
EWI,2020-01-06,extended_hours,3.3772374197899393,close
EWI,2020-01-17,extended_hours,11.674449633088772,close
EWI,2020-01-30,extended_hours,6.765899864681859,close
EWI,2020-02-10,extended_hours,157.89473684210424,close
EWI,2020-04-07,extended_hours,4.8192771084344885,close
EWI,2020-07-17,extended_hours,3.8714672861006623,close
EWI,2020-08-04,extended_hours,7.830853563038204,close
EWI,2020-09-10,extended_hours,1.962323390894429,close
EWI,2020-09-28,extended_hours,4.073319755601451,close
EWI,2021-02-05,extended_hours,6.578947368420913,close
EWI,2021-02-12,extended_hours,1.6165535079207907,close
EWI,2021-03-29,extended_hours,125.58869701726911,close
EWI,2021-05-06,extended_hours,3.090234857848582,close
EWI,2021-06-01,extended_hours,5.917159763314536,close
EWI,2021-08-11,extended_hours,2.9735355337511495,close
EWI,2021-08-16,extended_hours,2.966478789676063,close
EWI,2021-09-13,extended_hours,3.0534351145032095,close
EWI,2021-09-15,extended_hours,1.5332720024540196,close
EWI,2021-10-14,extended_hours,6.093845216332458,close
EWI,2021-11-01,extended_hours,2.940311673036757,close
EWI,2021-11-17,extended_hours,2.970002970004489,close
EWI,2021-11-24,extended_hours,9.118541033434997,close
EWI,2021-12-01,extended_hours,6.38977635782734,close
EWI,2021-12-27,extended_hours,6.088280060883752,close
EWI,2022-01-05,extended_hours,1.5001500150022677,close
EWI,2022-02-17,extended_hours,1.5547263681599996,close
EWI,2022-03-15,extended_hours,3.580379520228432,close
EWI,2023-02-28,extended_hours,1.666111296234257,close
EWI,2023-03-16,extended_hours,6.966213862765438,close
EWI,2023-06-29,extended_hours,4.778591908251217,close
EWI,2023-12-15,extended_hours,1.48765248438041,close
EWI,2024-03-27,extended_hours,2.6350461133083307,close
EWI,2024-05-20,extended_hours,2.564102564102054,close
EWI,2024-06-17,extended_hours,1.3986013986021142,close
EWI,2024-09-16,extended_hours,2.6007802340715513,close
EWI,2024-09-25,extended_hours,5.202913631634529,close
EWI,2024-10-11,extended_hours,2.6089225150007853,close
EWI,2024-10-15,extended_hours,2.6157467957115137,close
EWI,2024-11-29,extended_hours,8.255365987892443,close
EWI,2025-01-21,extended_hours,3.9174719247846874,close
EWI,2025-01-22,extended_hours,2.640612622129685,close
EWI,2025-05-16,extended_hours,4.268943436500133,close
EWI,2025-07-02,extended_hours,5.177055290950213,close
EWI,2025-07-15,extended_hours,2.1132713440401543,close
EWI,2025-08-07,extended_hours,5.005005005006143,close
EWI,2026-02-19,extended_hours,0.8946144211849272,close
EWI,2026-03-26,extended_hours,0.9714396735967666,close
EWI,2026-06-23,extended_hours,1.6832183134161112,close
EWJ,2016-02-29,extended_hours,9.182736455463532,close
EWJ,2016-03-29,extended_hours,8.591065292096037,close
EWJ,2016-03-31,extended_hours,8.764241893076061,close
EWJ,2017-10-18,extended_hours,1.7385257301816959,close
EWJ,2017-11-30,extended_hours,1.669170422300971,close
EWJ,2017-12-26,extended_hours,1.665556295802467,close
EWJ,2018-01-11,extended_hours,1.580777742649069,close
EWJ,2018-01-22,extended_hours,0.7800312012473405,close
EWJ,2019-01-29,extended_hours,5.599104143337279,close
EWJ,2019-04-16,extended_hours,1.8092998009766619,close
EWJ,2019-04-17,extended_hours,0.9046499004876881,close
EWJ,2019-07-18,extended_hours,1.8338529249950504,close
EWJ,2019-09-17,extended_hours,1.7611835153219462,close
EWJ,2019-09-30,extended_hours,1.762425096934282,close
EWJ,2019-11-15,extended_hours,5.017561465128138,close
EWJ,2019-12-18,extended_hours,1.6688918558085972,close
EWJ,2020-01-21,extended_hours,1.682935038707171,close
EWJ,2020-01-27,extended_hours,1.710571330824155,close
EWJ,2020-02-19,extended_hours,1.7397355601957405,close
EWJ,2020-02-27,extended_hours,1.886080724254623,close
EWJ,2020-05-06,extended_hours,1.9723865877708104,close
EWJ,2020-05-08,extended_hours,1.9098548510309417,close
EWJ,2020-05-28,extended_hours,1.7895490336431656,close
EWJ,2020-08-04,extended_hours,1.7838030681421897,close
EWJ,2020-09-28,extended_hours,0.8392077878475079,close
EWJ,2020-11-23,extended_hours,2.31803430690783,close
EWJ,2021-04-16,extended_hours,1.4293882218397522,close
EWJ,2021-08-10,extended_hours,1.474491300499986,close
EWJ,2021-11-24,extended_hours,4.361733061936775,close
EWJ,2022-02-01,extended_hours,3.120124804991579,close
EWJ,2022-08-12,extended_hours,1.753463089601615,close
EWJ,2022-10-28,extended_hours,3.9777247414485135,close
EWJ,2022-11-22,extended_hours,0.9099181073708021,close
EWJ,2022-12-28,extended_hours,0.9281603861151955,close
EWJ,2023-02-13,extended_hours,0.8607333448102182,close
EWJ,2023-03-17,extended_hours,1.7950098725539418,close
EWJ,2023-11-10,extended_hours,2.4805688771292487,close
EWJ,2024-10-18,extended_hours,1.4259232853259525,close
EWJ,2025-02-13,extended_hours,0.7219174126493882,close
EWL,2016-01-26,extended_hours,3.436426116839025,close
EWL,2016-01-29,extended_hours,3.429355281207669,close
EWL,2016-02-12,extended_hours,3.5498757543491526,close
EWL,2016-02-16,extended_hours,3.502626970228218,close
EWL,2016-03-08,extended_hours,3.429355281207669,close
EWL,2016-03-29,extended_hours,3.374957813026666,close
EWL,2016-06-02,extended_hours,3.248862897986213,close
EWL,2016-06-28,extended_hours,3.485535029627593,close
EWL,2016-07-12,extended_hours,3.3806626098720636,close
EWL,2016-09-27,extended_hours,3.2605151613960097,close
EWL,2016-10-14,extended_hours,3.3647375504715895,close
EWL,2016-10-21,extended_hours,1.6897600540719857,close
EWL,2016-12-20,extended_hours,7.1794871794874515,close
EWL,2017-01-13,extended_hours,1.2123197903009446,close
EWL,2017-02-21,extended_hours,3.2164683177875726,close
EWL,2017-03-02,extended_hours,3.198976327574539,close
EWL,2017-05-04,extended_hours,1.4641288433368822,close
EWL,2017-05-05,extended_hours,5.807200929150993,close
EWL,2017-08-24,extended_hours,2.927400468385573,close
EWL,2017-08-29,extended_hours,2.9256875365705124,close
EWL,2017-09-14,extended_hours,2.8768699654769883,close
EWL,2017-11-01,extended_hours,5.825808330906824,close
EWL,2017-12-28,extended_hours,2.814522938361388,close
EWL,2018-01-02,extended_hours,2.7995520716679763,close
EWL,2018-02-08,extended_hours,2.8935185185179426,close
EWL,2018-04-04,extended_hours,4.43000590667471,close
EWL,2018-04-30,extended_hours,4.406580493537183,close
EWL,2018-06-18,extended_hours,3.0075187969918824,close
EWL,2018-07-26,extended_hours,1.4526438117360407,close
EWL,2018-07-30,extended_hours,2.884338044418232,close
EWL,2018-08-29,extended_hours,5.691519635743632,close
EWL,2019-02-15,extended_hours,2.9437739181625,close
EWL,2019-02-25,extended_hours,2.897710808462798,close
EWL,2019-02-28,extended_hours,1.446340757883297,close
EWL,2019-03-22,extended_hours,1.4380212827136762,close
EWL,2019-06-06,extended_hours,2.710027100270464,close
EWL,2019-10-04,extended_hours,2.700513097487985,close
EWL,2019-10-22,extended_hours,1.3354700854707686,close
EWL,2019-10-30,extended_hours,2.5920165889056532,close
EWL,2019-10-31,extended_hours,2.5920165889056532,close
EWL,2019-11-01,extended_hours,2.583311805734438,close
EWL,2019-11-11,extended_hours,1.2950012950019576,close
EWL,2020-02-10,extended_hours,2.3872045834323252,close
EWL,2020-04-22,extended_hours,2.7300027300021865,close
EWL,2020-06-02,extended_hours,5.133470225873492,close
EWL,2020-07-08,extended_hours,3.7369207772796633,close
EWL,2020-08-04,extended_hours,4.852013585637074,close
EWL,2020-08-21,extended_hours,4.795013186287012,close
EWL,2020-09-01,extended_hours,4.78240076518487,close
EWL,2021-05-07,extended_hours,2.101723413198405,close
EWL,2021-09-10,extended_hours,2.0247013565495062,close
EWL,2021-10-27,extended_hours,1.0129659643441165,close
EWL,2021-11-01,extended_hours,0.9900990099014967,close
EWL,2021-11-10,extended_hours,2.9620853080569844,close
EWL,2021-12-07,extended_hours,2.9539188656952673,close
EWL,2021-12-08,extended_hours,1.9489378288842556,close
EWL,2021-12-27,extended_hours,3.7972280235434073,close
EWL,2022-01-21,extended_hours,2.2070626003201603,close
EWL,2022-02-17,extended_hours,4.136504653566912,close
EWL,2022-03-11,extended_hours,2.2143489814006014,close
EWL,2022-04-26,extended_hours,4.330879168471877,close
EWL,2022-06-09,extended_hours,2.379819133745362,close
EWL,2022-07-26,extended_hours,1.1828720132470907,close
EWL,2022-08-02,extended_hours,2.337540906965407,close
EWL,2022-08-25,extended_hours,4.716981132074533,close
EWL,2022-10-28,extended_hours,1.2706480304962027,close
EWL,2022-11-22,extended_hours,2.3596035865986584,close
EWL,2022-12-12,extended_hours,1.167678654834787,close
EWL,2022-12-28,extended_hours,4.767580452919194,close
EWL,2023-01-09,extended_hours,2.2758306781987065,close
EWL,2023-01-23,extended_hours,2.2114108801410906,close
EWL,2023-01-30,extended_hours,1.1150758251550963,close
EWL,2023-02-13,extended_hours,2.2271714922044565,close
EWL,2023-04-03,extended_hours,3.298878381350466,close
EWL,2023-04-17,extended_hours,1.061120543292753,close
EWL,2023-05-01,extended_hours,2.07943439384446,close
EWL,2023-06-16,extended_hours,2.151925973746075,close
EWL,2023-06-29,extended_hours,2.1944261575593615,close
EWL,2024-02-01,extended_hours,2.089427496865443,close
EWL,2024-03-27,extended_hours,2.1105951878440514,close
EWL,2024-06-05,extended_hours,0.9960159362554896,close
EWL,2024-06-17,extended_hours,0.26617526617537324,close
EWL,2024-09-24,extended_hours,2.827813286849022,close
EWL,2024-10-04,extended_hours,2.9457973291438666,close
EWL,2024-10-11,extended_hours,3.8857586943843057,close
EWL,2024-10-14,extended_hours,0.9693679720813208,close
EWL,2024-11-20,extended_hours,4.238186056367032,close
EWL,2025-01-03,extended_hours,4.3233895373964595,close
EWL,2025-02-20,extended_hours,1.9496977968411018,close
EWL,2025-02-24,extended_hours,1.9402405898327533,close
EWL,2025-02-25,extended_hours,5.772561092938452,close
EWL,2025-05-14,extended_hours,1.8889308651313028,close
EWL,2025-05-15,extended_hours,3.7023324694563353,close
EWL,2025-05-19,extended_hours,0.9087604507456484,close
EWL,2025-07-23,extended_hours,5.338078291815148,close
EWL,2025-07-25,extended_hours,3.625815808556204,close
EWL,2025-08-12,extended_hours,0.9291953168560784,close
EWL,2025-08-15,extended_hours,7.174311926605081,close
EWL,2025-09-03,extended_hours,1.8155410312269444,close
EWL,2025-10-20,extended_hours,2.600554785020903,close
EWL,2025-10-28,extended_hours,1.7803097739003044,close
EWL,2025-11-07,extended_hours,1.7940437746690197,close
EWL,2026-04-20,extended_hours,1.6002560409673732,close
EWM,2016-01-22,extended_hours,13.140604467806407,close
EWM,2016-03-15,extended_hours,6.119951040392634,close
EWM,2016-12-20,extended_hours,5.142269454918415,close
EWM,2016-12-23,extended_hours,3.5880875493367648,close
EWM,2017-02-14,extended_hours,1.6846361185980474,close
EWM,2017-06-15,extended_hours,3.048780487804272,close
EWM,2017-06-27,extended_hours,3.136762860728219,close
EWM,2017-11-15,extended_hours,3.1318509238965118,close
EWM,2017-11-16,extended_hours,6.201550387597869,close
EWM,2017-12-04,extended_hours,1.5313935681477973,close
EWM,2018-02-27,extended_hours,2.8441410693984976,close
EWM,2018-05-02,extended_hours,1.441753171857716,close
EWM,2019-01-28,extended_hours,3.271180896304077,close
EWM,2019-03-11,extended_hours,3.301419610431829,close
EWM,2019-08-12,extended_hours,3.5835871707572156,close
EWM,2019-10-30,extended_hours,3.57142857142913,close
EWM,2019-12-26,extended_hours,1.7568517217155861,close
EWM,2020-02-04,extended_hours,3.6900369003682694,close
EWM,2020-02-05,extended_hours,3.696857670978932,close
EWM,2020-05-01,extended_hours,184.75852902082323,close
EWM,2020-05-22,extended_hours,24.49979583503419,close
EWM,2020-06-01,extended_hours,162.8787878787878,close
EWM,2020-06-08,extended_hours,285.11087645195306,close
EWM,2020-06-15,extended_hours,425.33003300330137,close
EWM,2020-06-22,extended_hours,359.6986817325807,close
EWM,2020-07-15,extended_hours,48.309178743960985,close
EWM,2020-07-22,extended_hours,43.8756855575872,close
EWM,2020-07-29,extended_hours,35.82945180938782,close
EWM,2020-08-04,extended_hours,1.831501831501467,close
EWM,2020-08-10,extended_hours,36.5497076023384,close
EWM,2020-09-16,extended_hours,3.78787878787938,close
EWM,2020-09-25,extended_hours,5.762581636573403,close
EWM,2020-10-15,extended_hours,15.031942878616743,close
EWM,2020-10-23,extended_hours,3.7950664136628323,close
EWM,2020-11-18,extended_hours,3.5984166966540347,close
EWM,2020-12-01,extended_hours,457.4309185959663,close
EWM,2020-12-04,extended_hours,3.484320557490596,close
EWM,2020-12-08,extended_hours,65.76670128072041,close
EWM,2020-12-29,extended_hours,65.15775034293597,close
EWM,2021-01-04,extended_hours,123.92426850258155,close
EWM,2021-05-12,extended_hours,5.56379821958478,close
EWM,2021-07-27,extended_hours,4.0225261464191515,close
EWM,2021-07-29,extended_hours,2.0088388911205324,close
EWM,2021-08-03,extended_hours,6.048387096774422,close
EWM,2021-08-11,extended_hours,4.046944556860204,close
EWM,2021-08-12,extended_hours,2.027575020275347,close
EWM,2021-08-16,extended_hours,8.077544426495608,close
EWM,2021-09-08,extended_hours,3.80807311500305,close
EWM,2021-09-15,extended_hours,3.8417210910493904,close
EWM,2021-09-21,extended_hours,3.984063745019127,close
EWM,2021-09-24,extended_hours,3.9666798889321737,close
EWM,2021-10-05,extended_hours,1.9708316909731987,close
EWM,2021-10-08,extended_hours,5.718642775448177,close
EWM,2021-10-14,extended_hours,3.7355248412394513,close
EWM,2021-12-01,extended_hours,4.081632653061862,close
EWM,2021-12-08,extended_hours,2.0193861066246193,close
EWM,2022-01-20,extended_hours,4.086636697998187,close
EWM,2022-01-27,extended_hours,4.14937759336017,close
EWM,2022-02-01,extended_hours,4.070004070004706,close
EWM,2022-02-09,extended_hours,3.9952057530969087,close
EWM,2022-02-11,extended_hours,3.9793076004781396,close
EWM,2022-07-20,extended_hours,2.3137436372045377,close
EWM,2022-07-28,extended_hours,4.442470013328104,close
EWM,2022-08-03,extended_hours,4.436557231587405,close
EWM,2022-08-11,extended_hours,4.409171075838432,close
EWM,2022-08-31,extended_hours,2.2401433691751818,close
EWM,2022-09-06,extended_hours,4.533091568450391,close
EWM,2022-09-08,extended_hours,4.5045045045036085,close
EWM,2022-09-13,extended_hours,4.55996352029255,close
EWM,2022-09-26,extended_hours,4.8614487117151235,close
EWM,2022-09-27,extended_hours,4.875670404679673,close
EWM,2022-11-04,extended_hours,4.821600771455165,close
EWM,2022-11-17,extended_hours,9.276437847866221,close
EWM,2022-11-29,extended_hours,8.992805755395493,close
EWM,2023-01-09,extended_hours,8.665511265166,close
EWM,2023-01-13,extended_hours,4.264392324092968,close
EWM,2023-01-25,extended_hours,2.0920502092046047,close
EWM,2023-02-15,extended_hours,4.355400696864792,close
EWM,2023-02-27,extended_hours,9.132420091325628,close
EWM,2023-03-27,extended_hours,2.3020257826883084,close
EWM,2023-04-17,extended_hours,4.482294935005832,close
EWM,2023-06-01,extended_hours,4.840271055179846,close
EWM,2023-06-12,extended_hours,4.930966469428778,close
EWM,2023-06-30,extended_hours,0.5997001499254153,close
EWM,2023-07-11,extended_hours,2.4727992087037616,close
EWM,2023-08-17,extended_hours,4.791566842356497,close
EWM,2023-12-14,extended_hours,2.3342670401505874,close
EWM,2024-01-29,extended_hours,2.349624060151578,close
EWM,2024-03-01,extended_hours,1.155268022181737,close
EWM,2024-04-18,extended_hours,4.621072088723665,close
EWM,2024-07-25,extended_hours,4.340277777778456,close
EWM,2024-09-11,extended_hours,1.9592476489024317,close
EWM,2024-10-14,extended_hours,3.8639876352387987,close
EWM,2024-10-22,extended_hours,3.877471888328038,close
EWM,2024-12-17,extended_hours,2.0815986677764386,close
EWM,2025-01-21,extended_hours,4.199916001679131,close
EWM,2025-03-21,extended_hours,4.319654427644929,close
EWM,2025-04-28,extended_hours,2.1088148460575953,close
EWM,2025-05-15,extended_hours,1.9936204146726497,close
EWM,2025-06-11,extended_hours,2.3721881390595887,close
EWM,2025-07-08,extended_hours,6.263048016701699,close
EWM,2025-07-14,extended_hours,2.075550020755087,close
EWM,2025-07-17,extended_hours,8.357709987463256,close
EWM,2025-07-23,extended_hours,4.130524576621876,close
EWM,2025-08-08,extended_hours,4.079967360261755,close
EWM,2025-09-04,extended_hours,8.009611533840438,close
EWM,2025-09-16,extended_hours,1.9577133907605944,close
EWM,2025-09-29,extended_hours,1.939487975175546,close
EWM,2025-09-30,extended_hours,9.645061728395882,close
EWM,2025-10-28,extended_hours,3.844675124952542,close
EWM,2025-11-06,extended_hours,1.922337562475588,close
EWM,2025-11-07,extended_hours,1.9062142584822743,close
EWM,2025-12-24,extended_hours,7.475622968581255,close
EWM,2025-12-31,extended_hours,7.30994152046768,close
EWM,2026-03-16,extended_hours,3.441156228492089,close
EWM,2026-06-10,extended_hours,3.6179450072351704,close
EWN,2016-03-29,extended_hours,2.0283975659225173,close
EWN,2016-08-08,extended_hours,4.1545492314090415,close
EWN,2016-08-18,extended_hours,4.0257648953307426,close
EWN,2016-11-30,extended_hours,2.29494262643352,close
EWN,2017-06-01,extended_hours,5.89424048501241,close
EWN,2017-06-20,extended_hours,1.7373175816535806,close
EWN,2017-09-22,extended_hours,3.2051282051287058,close
EWN,2018-02-28,extended_hours,3.143665513989803,close
EWN,2018-05-08,extended_hours,6.259780907668098,close
EWN,2018-05-23,extended_hours,3.1240237425798223,close
EWN,2018-08-07,extended_hours,3.161555485299261,close
EWN,2018-08-09,extended_hours,3.1695721077648207,close
EWN,2018-11-09,extended_hours,3.4686090877551203,close
EWN,2018-12-27,extended_hours,3.8299502106465,close
EWN,2019-01-10,extended_hours,3.6710719530095486,close
EWN,2019-01-28,extended_hours,1.7831669044218992,close
EWN,2019-03-29,extended_hours,3.345600535296609,close
EWN,2019-05-17,extended_hours,3.272251308901035,close
EWN,2019-06-12,extended_hours,3.2258064516134075,close
EWN,2019-07-22,extended_hours,1.5933715742507983,close
EWN,2019-07-24,extended_hours,3.1456432840509625,close
EWN,2019-07-25,extended_hours,3.1796502384742653,close
EWN,2019-09-11,extended_hours,6.319115323854526,close
EWN,2019-10-14,extended_hours,1.2937835279271388,close
EWN,2019-11-13,extended_hours,3.067484662576077,close
EWN,2020-01-17,extended_hours,2.9291154071464587,close
EWN,2020-01-22,extended_hours,2.9559562518489853,close
EWN,2020-04-07,extended_hours,7.527286413247864,close
EWN,2020-05-08,extended_hours,3.463803255975602,close
EWN,2020-09-23,extended_hours,2.94117647058765,close
EWN,2020-10-05,extended_hours,2.7770063871141377,close
EWN,2020-10-08,extended_hours,13.846579894765204,close
EWN,2020-10-15,extended_hours,93.16770186335354,close
EWN,2020-10-21,extended_hours,8.310249307479538,close
EWN,2020-11-09,extended_hours,7.974481658692487,close
EWN,2021-01-20,extended_hours,2.2846698652056467,close
EWN,2021-03-03,extended_hours,11.381743683131608,close
EWN,2021-04-09,extended_hours,2.084201750729056,close
EWN,2021-04-13,extended_hours,2.0920502092046047,close
EWN,2021-04-16,extended_hours,1.0298661174038009,close
EWN,2021-06-11,extended_hours,2.0104543626869953,close
EWN,2021-07-28,extended_hours,2.0157226365648078,close
EWN,2021-08-11,extended_hours,1.959631589260829,close
EWN,2021-08-20,extended_hours,5.906674542232946,close
EWN,2021-10-27,extended_hours,1.9204916458609584,close
EWN,2021-11-22,extended_hours,7.8064012490240335,close
EWN,2021-11-24,extended_hours,3.17838696861449,close
EWN,2021-12-01,extended_hours,4.098360655738346,close
EWN,2021-12-13,extended_hours,0.20605810838608477,close
EWN,2022-07-05,extended_hours,5.908419497785266,close
EWN,2022-07-19,extended_hours,2.77623542476544,close
EWN,2022-09-21,extended_hours,6.169031462059229,close
EWN,2022-11-22,extended_hours,2.6336581511714536,close
EWN,2022-12-12,extended_hours,5.4860933911702165,close
EWN,2023-01-20,extended_hours,11.964584828905757,close
EWN,2023-04-28,extended_hours,2.3629489603019875,close
EWN,2023-08-22,extended_hours,2.4425989252577227,close
EWN,2024-03-12,extended_hours,4.074149521288068,close
EWN,2024-03-27,extended_hours,4.020100502513191,close
EWN,2024-04-30,extended_hours,4.186728072010889,close
EWN,2024-07-17,extended_hours,5.96184419713854,close
EWN,2024-10-08,unexplained,4.762524137793306,close
EWN,2024-11-20,unexplained,14.423734782736137,close
EWN,2025-04-04,extended_hours,2.318034306907281,close
EWN,2025-04-14,extended_hours,4.290924694270762,close
EWN,2025-04-25,extended_hours,6.150061500615239,close
EWN,2025-06-23,extended_hours,14.14293795964602,close
EWN,2025-07-23,extended_hours,3.686635944701037,close
EWN,2025-08-04,extended_hours,3.8948393378779214,close
EWN,2025-08-07,extended_hours,1.9157088122615165,close
EWN,2025-08-12,unexplained,1.6425197385556942,close
EWN,2025-09-12,extended_hours,3.6589828027800992,close
EWN,2025-09-25,extended_hours,9.119607155384006,close
EWN,2025-11-20,extended_hours,12.608069164265181,close
EWN,2025-12-18,extended_hours,1.7850767583002518,close
EWN,2026-08-10,extended_hours,5.819874872689079,close
EWN,2026-08-28,extended_hours,4.378922784995057,close
EWN,2026-09-08,extended_hours,1.4432096983678604,close
EWP,2016-02-25,extended_hours,5.99760095961638,close
EWP,2016-03-01,extended_hours,3.877471888328038,close
EWP,2016-03-03,extended_hours,7.5301204819275505,close
EWP,2016-04-11,extended_hours,3.7593984962398532,close
EWP,2016-06-22,extended_hours,3.7622272385257958,close
EWP,2016-07-11,extended_hours,4.014452027298901,close
EWP,2016-08-24,extended_hours,3.790750568613178,close
EWP,2016-11-22,extended_hours,3.9447731755430224,close
EWP,2017-01-11,extended_hours,3.703703703704283,close
EWP,2017-04-05,extended_hours,3.315649867374524,close
EWP,2017-04-20,extended_hours,3.2959789057355184,close
EWP,2017-05-17,extended_hours,3.063725490195469,close
EWP,2018-03-26,extended_hours,3.089280197713318,close
EWP,2018-09-19,extended_hours,3.2927230819893194,close
EWP,2019-03-13,extended_hours,3.4602076124560592,close
EWP,2019-03-18,extended_hours,1.6835016835013488,close
EWP,2019-03-21,extended_hours,3.378378378378906,close
EWP,2019-06-12,extended_hours,3.429355281207669,close
EWP,2019-12-03,extended_hours,1.7838030681421897,close
EWP,2020-02-10,extended_hours,3.454231433505358,close
EWP,2020-02-27,extended_hours,7.555723460521184,close
EWP,2020-05-06,extended_hours,10.116337885685166,close
EWP,2021-02-03,extended_hours,3.741114852226548,close
EWP,2021-02-12,extended_hours,3.7050759540563214,close
EWP,2021-08-10,extended_hours,5.328596802840859,close
EWP,2021-08-11,extended_hours,7.024938531787697,close
EWP,2021-08-12,extended_hours,3.516174402250901,close
EWP,2021-08-16,extended_hours,7.054673721341491,close
EWP,2021-09-22,extended_hours,3.676470588235869,close
EWP,2021-10-27,extended_hours,3.5868005738886524,close
EWP,2022-01-19,extended_hours,1.876172607880885,close
EWP,2022-01-24,extended_hours,3.8109756097553396,close
EWP,2022-06-02,extended_hours,3.8197097020618833,close
EWP,2022-08-02,extended_hours,4.450378282154679,close
EWP,2022-09-19,extended_hours,2.236135957065745,close
EWP,2023-01-25,extended_hours,3.7285607755412244,close
EWP,2023-01-31,extended_hours,1.8580453363058362,close
EWP,2023-02-15,extended_hours,1.8221574344032645,close
EWP,2023-04-25,extended_hours,3.531073446326981,close
EWP,2023-05-15,extended_hours,3.556187766714638,close
EWP,2023-05-23,extended_hours,3.6114120621155688,close
EWP,2023-11-01,extended_hours,1.8559762435050324,close
EWP,2024-04-30,extended_hours,6.393861892582984,close
EWP,2024-05-17,extended_hours,1.4854426619118992,close
EWP,2024-06-18,extended_hours,1.579778830963351,close
EWP,2024-07-16,extended_hours,3.0684258975161445,close
EWP,2024-09-06,extended_hours,3.0111412225227374,close
EWP,2025-01-13,extended_hours,3.214400514303443,close
EWP,2025-01-17,extended_hours,9.445843828714604,close
EWP,2025-01-21,extended_hours,9.282178217822134,close
EWP,2025-05-12,extended_hours,2.4576062914716172,close
EWP,2025-05-21,extended_hours,3.4754402224283063,close
EWP,2025-06-09,extended_hours,4.597701149426006,close
EWP,2025-07-02,extended_hours,6.726457399103394,close
EWP,2025-08-07,extended_hours,3.214056138847347,close
EWP,2025-08-25,extended_hours,2.07039337474226,close
EWP,2025-08-27,extended_hours,1.049097775911761,close
EWP,2025-10-06,extended_hours,8.12677773262884,close
EWP,2025-10-17,extended_hours,1.0107135637751066,close
EWP,2026-03-04,extended_hours,4.573728503475774,close
EWP,2026-05-14,extended_hours,4.442864759196477,close
EWQ,2016-06-02,extended_hours,4.042037186741314,close
EWQ,2016-08-23,extended_hours,4.152823920266431,close
EWQ,2016-10-21,extended_hours,2.089427496865443,close
EWQ,2017-01-23,extended_hours,1.9825535289448872,close
EWQ,2017-05-02,extended_hours,3.522367030645144,close
EWQ,2017-05-04,extended_hours,3.4530386740336887,close
EWQ,2017-06-08,extended_hours,0.3403675970039719,close
EWQ,2018-01-26,extended_hours,2.9647198339750997,close
EWQ,2018-02-06,extended_hours,1.5605493133591006,close
EWQ,2018-02-28,extended_hours,3.161555485299261,close
EWQ,2018-03-09,extended_hours,1.0318949343337758,close
EWQ,2018-03-22,extended_hours,3.2258064516134075,close
EWQ,2018-04-30,extended_hours,1.529987760098702,close
EWQ,2018-08-03,extended_hours,3.1857279388345217,close
EWQ,2018-12-26,extended_hours,3.8080731150044027,close
EWQ,2019-01-10,extended_hours,3.6589828027800992,close
EWQ,2019-02-13,extended_hours,3.562522265763452,close
EWQ,2019-02-15,extended_hours,3.4904013961598643,close
EWQ,2019-03-08,extended_hours,6.891798759476076,close
EWQ,2019-04-25,extended_hours,3.2819166393167087,close
EWQ,2019-05-24,extended_hours,6.747638326585552,close
EWQ,2019-07-26,extended_hours,1.6431153466970112,close
EWQ,2019-11-14,extended_hours,1.5767896562606616,close
EWQ,2019-11-26,extended_hours,1.5673981191219453,close
EWQ,2019-12-03,extended_hours,6.416426050690768,close
EWQ,2019-12-19,extended_hours,1.5475085112976037,close
EWQ,2019-12-27,extended_hours,1.5304560759092294,close
EWQ,2020-01-22,extended_hours,3.0797659377881157,close
EWQ,2020-02-10,extended_hours,3.099814011158714,close
EWQ,2020-03-26,extended_hours,4.058441558442192,close
EWQ,2020-06-23,extended_hours,1.8115942028981902,close
EWQ,2020-08-03,extended_hours,3.5124692658932246,close
EWQ,2020-08-21,extended_hours,1.737317581654815,close
EWQ,2020-11-09,extended_hours,1.6202203499672734,close
EWQ,2020-12-15,extended_hours,2.9976019184646314,close
EWQ,2021-01-08,extended_hours,2.901073397156371,close
EWQ,2021-02-03,extended_hours,3.0111412225227374,close
EWQ,2021-03-12,extended_hours,2.8105677346818467,close
EWQ,2021-03-18,extended_hours,2.856326763783238,close
EWQ,2021-04-06,extended_hours,2.805836139168914,close
EWQ,2021-04-15,extended_hours,2.7292576419208547,close
EWQ,2021-05-06,extended_hours,2.6427061310795756,close
EWQ,2021-06-04,extended_hours,5.100739607243848,close
EWQ,2021-07-02,extended_hours,1.3133701076970206,close
EWQ,2021-08-10,extended_hours,2.564102564102054,close
EWQ,2021-11-05,extended_hours,2.4752475247519827,close
EWQ,2022-01-10,extended_hours,2.566735112935834,close
EWQ,2022-02-01,extended_hours,2.6028110359201238,close
EWQ,2022-02-09,extended_hours,7.668711656440193,close
EWQ,2022-07-05,extended_hours,3.4305317324178426,close
EWQ,2022-09-07,extended_hours,3.3726812816182163,close
EWQ,2022-11-14,extended_hours,3.0750307503068908,close
EWQ,2023-01-09,extended_hours,2.8449502133707,close
EWQ,2023-01-10,extended_hours,5.652911249294269,close
EWQ,2023-04-13,extended_hours,3.472750316856792,close
EWQ,2023-05-23,extended_hours,1.3099292638185622,close
EWQ,2023-07-10,extended_hours,6.664889362836198,close
EWQ,2023-07-14,extended_hours,10.14713343480445,close
EWQ,2023-07-25,extended_hours,2.5786487880345565,close
EWQ,2023-07-31,extended_hours,1.2771392081743445,close
EWQ,2024-02-06,extended_hours,2.585983966900728,close
EWQ,2024-02-14,extended_hours,1.291655902868137,close
EWQ,2024-02-27,extended_hours,2.474022761010667,close
EWQ,2024-03-27,extended_hours,2.4038461538456755,close
EWQ,2024-06-06,extended_hours,1.1859582542683713,close
EWQ,2024-09-16,extended_hours,2.5348542458821584,close
EWQ,2024-10-04,extended_hours,1.2664640324203273,close
EWQ,2024-12-09,extended_hours,2.6816840976127674,close
EWQ,2025-02-24,extended_hours,2.526528549773905,close
EWQ,2025-05-20,extended_hours,0.11600928074301332,close
EWQ,2025-07-01,extended_hours,1.1663167716341154,close
EWQ,2025-07-24,extended_hours,2.30414746543733,close
EWQ,2025-08-04,extended_hours,9.555661729574568,close
EWQ,2025-10-07,extended_hours,3.4254395980818835,close
EWQ,2025-10-21,extended_hours,5.558025789240926,close
EWQ,2025-11-14,extended_hours,5.57537912578182,close
EWS,2016-01-04,extended_hours,9.95024875622046,close
EWS,2016-01-25,extended_hours,10.96491228070347,close
EWS,2016-01-29,extended_hours,10.649627263045566,close
EWS,2016-03-07,extended_hours,4.730368968780304,close
EWS,2016-03-18,extended_hours,9.082652134423057,close
EWS,2016-03-24,extended_hours,9.337068160599031,close
EWS,2016-05-09,extended_hours,9.680542110357973,close
EWS,2016-06-13,extended_hours,9.578544061302479,close
EWS,2016-09-01,extended_hours,9.398496240601302,close
EWS,2016-09-06,extended_hours,9.009009009008818,close
EWS,2016-12-09,extended_hours,2.303086135422643,close
EWS,2016-12-19,extended_hours,4.78240076518487,close
EWS,2017-01-20,extended_hours,4.677268475209547,close
EWS,2017-01-27,extended_hours,4.633920296571624,close
EWS,2017-03-16,extended_hours,4.389815627744321,close
EWS,2017-03-29,extended_hours,4.349717268376691,close
EWS,2017-03-30,extended_hours,4.374453193351515,close
EWS,2017-03-31,extended_hours,4.384042086804719,close
EWS,2017-04-03,extended_hours,4.361098996946363,close
EWS,2017-05-05,extended_hours,4.262574595056079,close
EWS,2017-11-27,extended_hours,3.7921880925286344,close
EWS,2017-12-04,extended_hours,3.796507213364299,close
EWS,2018-01-19,extended_hours,3.6231884057976678,close
EWS,2018-02-02,extended_hours,1.8518518518514835,close
EWS,2018-02-15,extended_hours,3.7023324694563353,close
EWS,2018-03-22,extended_hours,1.8875047187627625,close
EWS,2018-06-01,extended_hours,3.773584905660967,close
EWS,2018-06-06,extended_hours,3.7147102526008777,close
EWS,2018-08-29,extended_hours,2.0576131687238703,close
EWS,2018-10-30,extended_hours,2.279981760145465,close
EWS,2019-01-02,extended_hours,4.524886877828761,close
EWS,2019-05-08,extended_hours,4.1118421052623395,close
EWS,2019-05-28,extended_hours,4.347826086957202,close
EWS,2019-05-29,extended_hours,4.344048653344053,close
EWS,2019-07-12,extended_hours,4.048582995950611,close
EWS,2019-07-18,extended_hours,6.048387096774422,close
EWS,2019-07-19,extended_hours,4.04858299595205,close
EWS,2019-07-29,extended_hours,2.031694433156849,close
EWS,2019-09-10,extended_hours,2.1258503401356315,close
EWS,2019-09-20,extended_hours,4.282655246251824,close
EWS,2019-10-30,extended_hours,4.118616144975932,close
EWS,2019-11-14,extended_hours,5.618892508143246,close
EWS,2019-11-25,extended_hours,2.0433183489983677,close
EWS,2019-11-27,extended_hours,2.0525451559930237,close
EWS,2019-12-02,extended_hours,4.173622704506682,close
EWS,2019-12-09,extended_hours,6.239600665557641,close
EWS,2019-12-19,extended_hours,4.173622704508165,close
EWS,2019-12-23,extended_hours,4.168403501458112,close
EWS,2019-12-26,extended_hours,4.158004158004808,close
EWS,2020-01-02,extended_hours,4.089979550101436,close
EWS,2020-01-17,extended_hours,4.115729421351988,close
EWS,2020-04-24,extended_hours,5.665722379602273,close
EWS,2020-05-14,extended_hours,5.5741360089194885,close
EWS,2020-08-17,extended_hours,2.5839793281666963,close
EWS,2020-11-09,extended_hours,4.9627791563283195,close
EWS,2020-11-19,extended_hours,2.3685457129317884,close
EWS,2021-02-05,extended_hours,4.599816007358791,close
EWS,2021-03-12,extended_hours,2.1872265966749804,close
EWS,2021-05-07,extended_hours,4.128819157720071,close
EWS,2021-05-17,extended_hours,4.330879168471877,close
EWS,2021-06-07,extended_hours,4.1407867494815775,close
EWS,2021-07-26,extended_hours,4.310344827585349,close
EWS,2021-09-01,extended_hours,4.288164665522303,close
EWS,2021-09-21,extended_hours,4.361098996947913,close
EWS,2021-10-28,extended_hours,4.133939644481837,close
EWS,2021-11-22,extended_hours,8.428150021070195,close
EWS,2021-12-27,extended_hours,2.3629489603019875,close
EWS,2021-12-29,extended_hours,9.394081728510837,close
EWS,2022-01-20,extended_hours,4.659832246038215,close
EWS,2022-02-01,extended_hours,4.675081813932475,close
EWS,2022-07-01,extended_hours,5.662514156286276,close
EWS,2022-07-07,extended_hours,2.779321845469153,close
EWS,2022-07-14,extended_hours,5.727376861398375,close
EWS,2022-07-15,extended_hours,5.659309564234047,close
EWS,2022-08-25,extended_hours,0.9071504802559183,close
EWS,2022-09-09,extended_hours,5.382131324003235,close
EWS,2022-11-25,extended_hours,5.330490405118104,close
EWS,2023-01-06,extended_hours,2.5813113061448414,close
EWS,2023-07-11,extended_hours,2.6896180742329237,close
EWS,2023-07-14,extended_hours,5.1840331778131485,close
EWS,2023-12-11,extended_hours,2.774694783573255,close
EWS,2024-01-29,extended_hours,5.608524957934947,close
EWS,2024-02-06,extended_hours,5.643340857786688,close
EWS,2024-04-30,extended_hours,5.316321105795621,close
EWS,2024-06-18,extended_hours,2.606882168925446,close
EWS,2024-07-19,extended_hours,5.091649694500005,close
EWS,2024-09-16,extended_hours,4.599816007358791,close
EWS,2024-09-24,extended_hours,4.458314757020959,close
EWS,2024-10-10,extended_hours,4.5808520384782465,close
EWS,2024-11-29,extended_hours,4.399472063353085,close
EWS,2024-12-09,extended_hours,2.1777003484316224,close
EWS,2024-12-13,extended_hours,4.361098996947913,close
EWS,2024-12-19,extended_hours,5.10110294117601,close
EWS,2025-01-21,extended_hours,4.486316733960525,close
EWS,2025-01-28,extended_hours,4.444444444445139,close
EWS,2025-02-13,extended_hours,8.503401360544038,close
EWS,2025-04-25,extended_hours,8.333333333333156,close
EWS,2025-05-15,extended_hours,7.815552950371072,close
EWS,2025-06-02,extended_hours,3.8417210910493904,close
EWS,2025-06-23,extended_hours,7.939658594680259,close
EWS,2025-07-25,extended_hours,7.278020378456905,close
EWS,2025-08-18,extended_hours,3.6297640653363206,close
EWS,2025-08-20,extended_hours,1.806358381502531,close
EWS,2025-08-28,extended_hours,3.5688793718765206,close
EWS,2025-09-09,extended_hours,3.503854239662933,close
EWS,2026-01-12,extended_hours,1.7605633802813399,close
EWT,2017-01-13,extended_hours,3.247807729781751,close
EWT,2017-03-03,extended_hours,1.5620118712888014,close
EWT,2017-03-10,extended_hours,3.1230480949422597,close
EWT,2017-03-29,extended_hours,2.969121140141927,close
EWT,2017-04-13,extended_hours,3.013863773356845,close
EWT,2017-05-05,extended_hours,5.847953216375182,close
EWT,2017-10-19,extended_hours,5.295207836908426,close
EWT,2017-10-20,extended_hours,2.6455026455021193,close
EWT,2018-04-09,extended_hours,1.3252054068387378,close
EWT,2018-06-06,extended_hours,10.40312093628251,close
EWT,2019-02-15,extended_hours,3.045994517209263,close
EWT,2019-03-06,extended_hours,5.9862316671664555,close
EWT,2019-03-08,extended_hours,3.0385900941956887,close
EWT,2019-03-22,extended_hours,1.4679976512024229,close
EWT,2019-04-05,extended_hours,8.467400508044351,close
EWT,2019-04-10,extended_hours,2.814522938361388,close
EWT,2019-05-22,extended_hours,1.510117789188329,close
EWT,2019-07-02,extended_hours,5.6258790435994435,close
EWT,2019-07-12,extended_hours,2.8113578858583104,close
EWT,2019-07-18,extended_hours,2.7855153203337077,close
EWT,2019-08-28,extended_hours,1.4607069821780465,close
EWT,2019-09-20,extended_hours,0.9900990099006367,close
EWT,2019-10-23,extended_hours,6.512112529304137,close
EWT,2019-11-08,extended_hours,4.98007968127391,close
EWT,2019-11-26,extended_hours,2.495009980039424,close
EWT,2020-01-06,extended_hours,4.90316253983722,close
EWT,2020-01-07,extended_hours,2.463054187191628,close
EWT,2020-02-10,extended_hours,2.5144581342733505,close
EWT,2020-06-08,extended_hours,4.995004995004002,close
EWT,2020-06-22,extended_hours,2.4925224327013984,close
EWT,2020-08-04,extended_hours,4.429678848282618,close
EWT,2020-11-25,extended_hours,2.0048115477155406,close
EWT,2021-06-28,extended_hours,3.1230480949422597,close
EWT,2021-07-09,extended_hours,4.654049022647677,close
EWT,2021-08-13,extended_hours,1.5931177314011653,close
EWT,2021-08-16,extended_hours,1.6015374759766192,close
EWT,2021-10-28,extended_hours,3.13873195229065,close
EWT,2021-11-01,extended_hours,0.7885191610148956,close
EWT,2022-06-02,extended_hours,1.7458100558655745,close
EWT,2022-12-09,extended_hours,5.05152556071905,close
EWT,2023-01-09,extended_hours,2.3468669326444522,close
EWT,2023-01-11,extended_hours,4.653327128896236,close
EWT,2023-01-30,extended_hours,2.2291573785104797,close
EWT,2023-03-24,extended_hours,2.1978021978017606,close
EWT,2025-02-10,extended_hours,1.904036557502878,close
EWT,2025-07-02,extended_hours,0.8510638297876695,close
EWT,2025-08-25,extended_hours,1.6874789065145321,close
EWT,2025-12-15,extended_hours,1.5598190609897231,close
EWU,2016-02-29,extended_hours,3.360215053762772,close
EWU,2016-06-28,extended_hours,6.854009595613288,close
EWU,2016-07-06,extended_hours,6.720430107527932,close
EWU,2016-11-07,extended_hours,5.016722408025759,close
EWU,2017-02-21,extended_hours,3.122073056508901,close
EWU,2017-04-17,extended_hours,3.060912151822808,close
EWU,2017-05-02,extended_hours,5.9934072520215835,close
EWU,2017-05-17,extended_hours,2.9095141111449276,close
EWU,2017-06-01,extended_hours,1.4347202295559707,close
EWU,2017-06-16,extended_hours,1.4607069821780465,close
EWU,2017-08-17,extended_hours,3.0048076923070943,close
EWU,2017-08-29,extended_hours,1.4903129657214464,close
EWU,2017-10-26,extended_hours,2.886002886002312,close
EWU,2017-11-14,extended_hours,2.9061319383894246,close
EWU,2017-12-29,extended_hours,1.3958682300397984,close
EWU,2018-01-05,extended_hours,1.3465237702663475,close
EWU,2018-01-09,extended_hours,5.497526113249897,close
EWU,2018-06-19,extended_hours,2.880184331796662,close
EWU,2018-09-11,extended_hours,3.0293850348373255,close
EWU,2018-09-17,extended_hours,3.00120048019148,close
EWU,2019-03-22,extended_hours,1.516990291262912,close
EWU,2019-04-12,extended_hours,2.9463759575716004,close
EWU,2019-09-04,extended_hours,3.243593902042819,close
EWU,2019-09-09,extended_hours,3.236245954691913,close
EWU,2019-10-04,extended_hours,3.2690421706445125,close
EWU,2020-01-06,extended_hours,4.405286343612502,close
EWU,2020-01-14,extended_hours,0.059101654848297665,close
EWU,2020-01-21,extended_hours,2.9647198339772065,close
EWU,2020-05-19,extended_hours,8.051529790660053,close
EWU,2020-08-28,extended_hours,1.8573551263010988,close
EWU,2020-11-18,extended_hours,3.5260930888580972,close
EWU,2020-11-27,extended_hours,3.455425017277665,close
EWU,2021-02-12,extended_hours,1.6371971185327456,close
EWU,2021-07-02,extended_hours,3.026634382565984,close
EWU,2021-07-27,extended_hours,3.061849357011026,close
EWU,2021-08-10,extended_hours,2.9958058717810414,close
EWU,2021-11-16,extended_hours,1.497005988024718,close
EWU,2021-11-23,extended_hours,3.0093289196503195,close
EWU,2021-12-01,extended_hours,3.143665513989803,close
EWU,2022-01-24,extended_hours,2.993115833582164,close
EWU,2022-02-01,extended_hours,1.458576429405647,close
EWU,2022-03-16,extended_hours,3.0497102775230283,close
EWU,2022-04-01,extended_hours,2.947244326554085,close
EWU,2022-04-26,extended_hours,6.299212598425063,close
EWU,2022-06-02,extended_hours,3.0003000300024034,close
EWU,2022-06-09,extended_hours,3.1635558367610135,close
EWU,2022-08-12,extended_hours,3.1979533098810395,close
EWU,2022-08-25,extended_hours,3.2851511169518934,close
EWU,2023-01-30,extended_hours,3.0750307503068908,close
EWU,2023-02-15,extended_hours,1.5243902439010528,close
EWU,2023-03-03,extended_hours,3.056234718825798,close
EWU,2023-04-24,extended_hours,1.4766686355589362,close
EWU,2023-06-29,extended_hours,1.5673981191219453,close
EWU,2023-08-29,extended_hours,3.10945273631779,close
EWU,2023-12-05,extended_hours,1.5451174289253888,close
EWU,2024-03-27,extended_hours,1.4667057788215185,close
EWU,2024-05-15,extended_hours,1.3627691469052747,close
EWU,2024-10-16,extended_hours,2.7166530834026394,close
EWU,2024-10-18,extended_hours,4.025938935422116,close
EWU,2024-12-12,extended_hours,2.8097780275352657,close
EWU,2025-01-08,extended_hours,1.471886959080204,close
EWU,2025-01-21,extended_hours,5.685048322911634,close
EWU,2025-03-14,extended_hours,15.910898965792168,close
EWU,2025-04-25,extended_hours,1.3178703215591598,close
EWU,2025-05-21,extended_hours,2.536139994927215,close
EWU,2025-05-29,extended_hours,3.7697914048757397,close
EWU,2025-06-02,extended_hours,4.964010920823038,close
EWU,2025-07-09,extended_hours,3.6740814796295216,close
EWU,2025-07-25,extended_hours,2.4606299212593528,close
EWU,2025-09-04,extended_hours,2.4160425223479125,close
EWU,2025-11-10,extended_hours,2.3020257826883084,close
EWU,2025-12-26,extended_hours,4.520795660036873,close
EWU,2026-01-02,extended_hours,1.1021142600088256,close
EWU,2026-01-14,extended_hours,2.2084805653705852,close
EWU,2026-04-21,extended_hours,1.0651896037500124,close
EWU,2026-08-25,extended_hours,2.0247013565495062,close
EWU,2026-09-09,extended_hours,1.0453690152629225,close
EWW,2016-06-23,extended_hours,3.9439952672062955,close
EWW,2016-11-25,extended_hours,11.325028312570138,close
EWW,2017-08-17,extended_hours,1.7787264318744238,close
EWW,2017-10-16,extended_hours,1.9425019425029364,close
EWW,2017-12-14,extended_hours,1.9992003198716533,close
EWW,2018-08-09,extended_hours,5.836575875486603,close
EWW,2018-12-26,extended_hours,26.829268292682787,close
EWW,2019-03-06,extended_hours,26.060175313906523,close
EWW,2019-07-17,extended_hours,2.311604253353009,close
EWW,2019-08-21,extended_hours,2.51698968034181,close
EWW,2019-09-24,extended_hours,13.901760889713225,close
EWW,2019-10-17,extended_hours,4.500450045005205,close
EWW,2019-12-20,extended_hours,2.1815008725999148,close
EWW,2020-08-07,extended_hours,2.9985007496245903,close
EWW,2022-08-25,extended_hours,2.0995171110655293,close
EWW,2023-01-25,extended_hours,3.440564252537954,close
EWW,2023-03-06,extended_hours,1.672240802676441,close
EWW,2025-05-08,extended_hours,0.8604371020482805,close
EWW,2025-06-04,extended_hours,4.979253112033384,close
EWY,2016-02-16,extended_hours,2.1353833013021593,close
EWY,2016-03-29,extended_hours,1.8975332068320903,close
EWY,2016-05-04,extended_hours,1.9786307874946598,close
EWY,2016-07-22,extended_hours,1.8412815319471765,close
EWY,2016-07-28,extended_hours,0.9127418765977653,close
EWY,2016-11-25,extended_hours,1.8857250612856893,close
EWY,2017-04-17,extended_hours,1.6523463317919886,close
EWY,2017-07-25,extended_hours,1.4048890137666346,close
EWY,2017-11-06,extended_hours,1.317175974710895,close
EWY,2017-11-24,extended_hours,2.5839793281648604,close
EWY,2018-01-19,extended_hours,0.6436663233792048,close
EWY,2018-02-28,extended_hours,1.387154945206118,close
EWY,2018-05-30,extended_hours,1.3789299503572676,close
EWY,2018-06-06,extended_hours,1.3422818791953177,close
EWY,2018-07-20,extended_hours,4.507764209256417,close
EWY,2018-07-25,extended_hours,1.4988009592333806,close
EWY,2019-08-19,extended_hours,1.9186492709142586,close
EWY,2019-09-04,extended_hours,1.8429782528562497,close
EWY,2019-09-19,extended_hours,4.0267276244065275,close
EWY,2021-01-21,extended_hours,3.1236984589755448,close
EWY,2021-10-11,extended_hours,3.8565368299250444,close
EWY,2021-12-30,extended_hours,0.6397952655144532,close
EWY,2022-01-13,extended_hours,2.551996937603167,close
EWY,2022-03-11,extended_hours,0.7450454477716365,close
EWY,2022-03-15,extended_hours,2.2202486678508833,close
EWY,2022-03-23,extended_hours,4.253509145044823,close
EWY,2022-10-04,extended_hours,5.917159763313833,close
EWY,2023-01-18,extended_hours,8.15394651011043,close
EWY,2023-01-25,extended_hours,1.5659254619476997,close
EWY,2023-02-13,extended_hours,1.597188947452166,close
EWY,2025-01-31,extended_hours,0.9264406151570423,close
EWY,2026-06-05,extended_hours,0.570808836120264,close
EWZ,2016-05-10,extended_hours,17.229496898690805,close
EWZ,2016-06-03,extended_hours,3.6683785766696855,close
EWZ,2016-06-10,extended_hours,3.675119441381114,close
EWZ,2016-08-03,extended_hours,6.049606775560534,close
EWZ,2017-08-10,extended_hours,2.6588673225200776,close
EWZ,2018-03-21,extended_hours,2.2232103156954226,close
EWZ,2018-10-30,extended_hours,2.4758603614751205,close
EWZ,2019-10-08,extended_hours,2.4642681123718866,close
EWZ,2019-12-23,extended_hours,4.278990158323304,close
EWZ,2021-02-26,extended_hours,22.005658597925272,close
EWZ,2022-03-31,extended_hours,2.6448029621787916,close
EWZ,2024-09-05,extended_hours,3.3388981636053456,close
EWZ,2024-09-17,extended_hours,6.626905235254995,close
EWZ,2024-11-22,extended_hours,7.270083605962604,close
EWZ,2025-07-02,extended_hours,1.7295053614662763,close
EWZ,2025-07-17,extended_hours,3.6114120621168517,close
EWZ,2025-11-07,extended_hours,3.0959752321975267,close
EXC,2016-06-17,extended_hours,2.886002886002312,close
EXC,2016-06-23,extended_hours,2.8612303290429515,close
EXC,2018-02-27,extended_hours,2.6852846401713237,close
EXC,2023-02-13,extended_hours,2.427773731487742,close
EXE,2019-12-24,extended_hours,24.528100671857096,close
EXE,2020-03-02,extended_hours,340.22988505747054,close
EXE,2020-03-13,extended_hours,3523.333333333333,close
EXE,2020-04-01,extended_hours,101.01010101010125,close
EXE,2020-04-08,extended_hours,58.479532163743514,close
EXE,2020-06-19,extended_hours,156.61707126076826,close
EXE,2022-08-19,extended_hours,2.076196408179801,close
EXR,2016-05-10,extended_hours,2.126754572523419,close
EXR,2017-06-28,extended_hours,1.2828736369455938,close
EXR,2021-08-30,extended_hours,0.5386479935372651,close
EXR,2024-12-24,extended_hours,5.34902380315676,close
EXR,2025-07-31,extended_hours,7.442691277165399,close
EXR,2025-09-03,extended_hours,2.0949720670391856,close
EZA,2016-06-29,extended_hours,7.74443368828638,close
EZA,2016-08-05,extended_hours,4.327505625758297,close
EZA,2018-02-05,extended_hours,1.5320974413980568,close
EZA,2018-03-08,extended_hours,0.5975825071288532,close
EZA,2019-03-21,extended_hours,0.9352787130569693,close
EZA,2019-05-16,extended_hours,3.6798528058870326,close
EZA,2020-08-21,extended_hours,3.990422984836543,close
EZA,2021-01-27,extended_hours,2.279462046958084,close
EZA,2021-05-17,extended_hours,11.670881151526,close
EZA,2022-06-02,extended_hours,4.11268764137428,close
EZA,2022-07-05,extended_hours,2.384358607534099,close
EZA,2022-09-30,extended_hours,5.549389567148482,close
EZA,2022-11-28,extended_hours,2.2841480127907743,close
EZA,2023-02-15,extended_hours,2.3100023100018503,close
EZA,2023-03-24,extended_hours,7.326007326007603,close
EZA,2024-08-29,extended_hours,2.1137180300143754,close
EZA,2024-12-24,extended_hours,9.250693802034956,close
EZA,2025-07-23,extended_hours,0.8885729518398006,close
EZA,2025-08-04,extended_hours,3.633060853768578,close
EZA,2025-09-30,extended_hours,7.800312012480056,close
EZA,2025-12-08,extended_hours,3.0125018828130776,close
EZA,2025-12-24,extended_hours,1.4445080091545246,close
EZA,2026-05-05,extended_hours,4.427390791027323,close
EZA,2026-09-18,extended_hours,8.76040297853527,close
F,2018-04-23,extended_hours,9.057971014492562,close
F,2020-06-19,extended_hours,16.051364365970763,close
F,2022-05-27,extended_hours,7.336757153339371,close
F,2022-09-21,extended_hours,7.662835249041982,close
F,2025-12-31,extended_hours,3.8109756097566936,close
F,2026-01-21,extended_hours,3.631082062453889,close
F,2026-02-10,extended_hours,3.68459837877598,close
F,2026-06-16,extended_hours,3.4698126301172834,close
FBIN,2016-06-23,extended_hours,3.5186488388451833,close
FBIN,2016-08-03,extended_hours,1.5762925598988038,close
FBIN,2017-02-17,extended_hours,1.7525411847187373,close
FBIN,2017-05-02,extended_hours,1.569365976145325,close
FBIN,2018-04-30,extended_hours,1.828487840556796,close
FBIN,2018-12-27,extended_hours,2.6385224274401087,close
FBIN,2019-11-19,extended_hours,0.803341902312894,close
FBIN,2020-05-12,extended_hours,1.9290123456786283,close
FBIN,2022-02-24,extended_hours,4.70311581422599,close
FBIN,2022-09-08,extended_hours,1.5845349389950896,close
FBIN,2024-06-17,extended_hours,1.4845605700720184,close
FBIN,2025-04-11,extended_hours,5.78368999421516,close
FCX,2016-12-16,extended_hours,7.230657989876925,close
FCX,2026-03-09,extended_hours,1.6531658125318427,close
FCX,2026-07-01,extended_hours,1.6520733520565027,close
FDS,2016-01-29,extended_hours,1.9907100199071757,close
FDS,2016-06-02,extended_hours,0.6239470892880343,close
FDS,2016-08-03,extended_hours,1.1614401858293735,close
FDS,2018-02-28,extended_hours,0.9843488532326907,close
FDS,2019-02-08,extended_hours,0.4517936206736652,close
FDS,2019-04-12,extended_hours,0.5766347595427809,close
FDS,2019-05-22,extended_hours,0.35645540742820647,close
FDS,2019-07-24,extended_hours,0.7171800480504109,close
FDS,2019-09-10,extended_hours,0.3706174486691463,close
FDS,2020-03-26,extended_hours,17.47165708960975,close
FDS,2020-05-06,extended_hours,3.004469147858975,close
FDS,2020-05-12,extended_hours,11.732081911264256,close
FDS,2021-03-31,extended_hours,0.6481091415806945,close
FDS,2021-09-30,extended_hours,1.0132225543345779,close
FDS,2022-05-27,extended_hours,0.25772531635759144,close
FDS,2022-11-30,extended_hours,2.601400420559833,close
FDS,2026-05-01,extended_hours,0.8788118463828899,close
FDS,2026-06-17,extended_hours,0.6570302233896783,close
FDX,2017-02-17,extended_hours,2.065049044914406,close
FDX,2017-02-24,extended_hours,1.5535187199006335,close
FDX,2017-06-20,extended_hours,7.178750897344134,close
FDX,2017-07-03,extended_hours,0.9200478424882801,close
FDX,2017-08-17,extended_hours,4.869260359351138,close
FDX,2017-09-06,extended_hours,3.775187579633453,close
FDX,2017-09-27,extended_hours,1.8181818181814564,close
FDX,2018-01-02,extended_hours,1.9409937888203168,close
FDX,2018-12-26,extended_hours,3.1220730565102324,close
FDX,2018-12-27,extended_hours,4.9683269159118435,close
FDX,2019-05-01,extended_hours,1.0774701002037395,close
FDX,2019-06-25,extended_hours,1.2822156686761272,close
FDX,2019-09-11,extended_hours,1.1496895838129588,close
FDX,2019-12-02,extended_hours,1.2655824843390642,close
FDX,2020-03-16,extended_hours,0.5525472427903264,close
FDX,2025-07-15,extended_hours,0.3251539061819639,close
FDX,2026-01-29,extended_hours,2.1879786203229825,close
FE,2017-09-14,extended_hours,3.160556257901885,close
FE,2022-11-14,extended_hours,2.688172043010218,close
FE,2024-12-16,extended_hours,5.012531328321586,close
FE,2025-05-16,extended_hours,1.1715089034682655,close
FE,2025-11-28,extended_hours,4.400670578374014,close
FE,2026-09-08,extended_hours,2.1528525296012937,close
FERG,2021-03-23,extended_hours,503.1948881789135,close
FERG,2021-03-26,extended_hours,2.462649811195775,close
FERG,2021-05-07,extended_hours,3.0165912518847695,close
FERG,2021-06-03,extended_hours,3.6051625928337563,close
FERG,2021-07-20,extended_hours,0.7184940365008857,close
FERG,2021-08-18,extended_hours,2.1649707728946477,close
FERG,2021-09-02,extended_hours,18.96248137613444,close
FERG,2021-09-15,extended_hours,0.6844626967824029,close
FERG,2021-11-15,extended_hours,23.413275960260997,close
FERG,2021-12-15,extended_hours,2.3593252329828975,close
FERG,2021-12-17,extended_hours,12.633098718643323,close
FERG,2022-03-04,extended_hours,2.3998902907293327,close
FERG,2022-09-14,extended_hours,9.487666034155549,close
FERG,2023-01-20,extended_hours,0.7246376811587613,close
FERG,2023-02-09,extended_hours,0.6938180808985572,close
FERG,2023-07-31,extended_hours,0.6187353050359427,close
FERG,2024-09-20,extended_hours,0.5088540606549412,close
FERG,2026-06-03,extended_hours,1.3269052147375442,close
FFIV,2021-10-12,extended_hours,0.5058424806510651,close
FFIV,2022-04-25,extended_hours,0.4926108374379756,close
FFIV,2022-08-25,extended_hours,0.5972645284608091,close
FFIV,2022-11-30,extended_hours,1.2935773882679147,close
FI,2020-06-19,extended_hours,44.4444444444435,close
FICO,2016-11-25,extended_hours,4.262938016882204,close
FICO,2017-02-17,extended_hours,3.0800030800024674,close
FICO,2017-10-26,extended_hours,0.6792094002594122,close
FICO,2018-05-22,extended_hours,4.4343439942360465,close
FICO,2018-12-27,extended_hours,0.5435668859048163,close
FICO,2019-04-08,extended_hours,4.7195498275547445,close
FICO,2019-04-24,extended_hours,4.946996466430614,close
FICO,2019-12-09,extended_hours,0.8386681949073148,close
FICO,2020-01-06,extended_hours,1.0416666666671996,close
FICO,2020-05-12,extended_hours,3.1287331475059346,close
FICO,2020-06-26,extended_hours,4.677498769079215,close
FICO,2021-07-01,extended_hours,4.796929964822695,close
FICO,2023-03-06,extended_hours,4.163197335553183,close
FICO,2024-08-26,extended_hours,0.6446810879879933,close
FICO,2024-08-30,extended_hours,3.0342085339287563,close
FICO,2024-10-11,extended_hours,3.692762186115214,close
FICO,2024-12-20,extended_hours,0.6217180460841765,close
FICO,2025-01-15,extended_hours,8.323196107305474,close
FICO,2025-02-28,extended_hours,4.8241312587794125,close
FICO,2025-06-25,extended_hours,0.6073569410336112,close
FICO,2025-07-21,extended_hours,6.465981751562673,close
FICO,2025-08-07,extended_hours,0.2999355138659513,close
FIS,2017-02-10,extended_hours,1.2428535918475163,close
FIS,2017-06-01,extended_hours,2.3049441051049926,close
FIS,2017-12-29,extended_hours,2.125624402167714,close
FIS,2018-12-31,extended_hours,1.9502681618718696,close
FIS,2019-04-22,extended_hours,1.7823723375809661,close
FIS,2020-03-16,extended_hours,11.998154130134717,close
FIS,2020-06-19,extended_hours,97.03703703703721,close
FIS,2025-07-15,extended_hours,1.270648030494397,close
FIS,2025-08-18,extended_hours,1.4341029685918405,close
FIS,2026-09-09,extended_hours,2.626740215392175,close
FISV,2016-05-27,extended_hours,1.9022256039562508,close
FISV,2024-12-24,extended_hours,0.9548818333722516,close
FITB,2020-01-21,extended_hours,3.4458993797386506,close
FITB,2026-07-21,extended_hours,1.7343045438775602,close
FIX,2020-03-13,extended_hours,103.01109350237732,close
FIX,2020-03-31,extended_hours,8.207934336523676,close
FIX,2020-05-01,extended_hours,3.067484662576077,close
FIX,2021-06-25,extended_hours,3.7807183364840755,close
FIX,2022-03-28,extended_hours,3.400974946149748,close
FIX,2023-01-31,extended_hours,1.2392597488434045,close
FIX,2024-11-08,extended_hours,0.21642210968252834,close
FIX,2025-08-18,extended_hours,0.14372772220292782,close
FIX,2026-01-06,extended_hours,0.09660808996136551,close
FIX,2026-06-16,extended_hours,1.985433190172533,close
FL,2024-12-13,extended_hours,4.587155963303469,close
FLEX,2020-03-09,extended_hours,10.62699256110498,close
FLR,2017-10-19,extended_hours,2.3223409196481923,close
FLR,2020-06-26,extended_hours,35.587188612098885,close
FLR,2022-06-07,extended_hours,3.3886818027792485,close
FLR,2022-07-26,extended_hours,4.032258064515326,close
FLS,2016-11-25,extended_hours,4.265301770100901,close
FLS,2020-03-02,extended_hours,2.400960384153184,close
FLS,2022-03-10,extended_hours,5.894488653110264,close
FLS,2025-07-02,extended_hours,1.8521948508992618,close
FLS,2026-03-18,extended_hours,1.345351809498872,close
FLT,2016-03-15,extended_hours,7.144388083160272,close
FLT,2016-06-02,extended_hours,0.655823714584923,close
FLT,2016-06-23,extended_hours,1.3661202185799337,close
FLT,2016-08-08,extended_hours,6.729063436715313,close
FLT,2018-04-09,extended_hours,6.616112779276067,close
FMC,2018-12-27,extended_hours,1.5627441787787335,close
FMC,2019-01-08,extended_hours,1.4577259475205402,close
FMC,2019-04-04,extended_hours,1.244864932155498,close
FMC,2020-09-01,extended_hours,0.9078529278261566,close
FMC,2021-09-30,extended_hours,2.1843599825246853,close
FMC,2023-12-15,extended_hours,1.680389850446163,close
FOSL,2020-04-03,extended_hours,30.395136778116203,close
FOSL,2021-12-01,extended_hours,9.233610341643386,close
FOSL,2022-06-17,extended_hours,34.30531732418604,close
FOSL,2023-06-27,extended_hours,39.370078740158384,close
FOSL,2023-12-11,extended_hours,40.983606557377996,close
FOSL,2026-02-11,extended_hours,25.51020408163211,close
FOX,2019-02-20,extended_hours,1.9849146486711224,close
FOX,2020-03-02,extended_hours,3.1456432840509625,close
FOX,2023-01-31,extended_hours,1.577287066245743,close
FOX,2023-12-11,extended_hours,3.6205648081093447,close
FOX,2024-12-24,extended_hours,2.1208907741247107,close
FOXA,2016-11-30,extended_hours,3.5574528637501115,close
FOXA,2018-10-10,extended_hours,8.964589870013256,close
FOXA,2019-01-31,extended_hours,2.0279862096948116,close
FOXA,2019-02-22,extended_hours,1.9542700801260728,close
FRC,2016-01-26,extended_hours,1.5042117930212267,close
FRC,2016-01-29,extended_hours,1.47058823529487,close
FRC,2016-06-30,extended_hours,1.4287755393614667,close
FRC,2017-02-17,extended_hours,5.230125523012255,close
FRC,2017-02-24,extended_hours,4.1977122468261365,close
FRC,2017-11-16,extended_hours,1.0928961748639472,close
FRC,2018-02-08,extended_hours,3.3795201081447717,close
FRC,2018-02-27,extended_hours,2.1148355715353953,close
FRC,2018-06-06,extended_hours,0.9773260359647092,close
FRC,2019-06-28,extended_hours,15.36098310291917,close
FRC,2019-12-11,extended_hours,0.889521437467098,close
FRT,2016-06-02,extended_hours,2.5841462626779537,close
FRT,2016-08-04,extended_hours,1.2086052695195935,close
FRT,2017-08-30,extended_hours,6.322111585270468,close
FRT,2018-08-28,extended_hours,0.7644091117559169,close
FRT,2018-12-24,extended_hours,18.20861874620723,close
FRT,2018-12-26,extended_hours,0.8344459279042986,close
FRT,2019-09-10,extended_hours,2.2029666617712684,close
FRT,2019-10-30,extended_hours,10.626239727968665,close
FRT,2021-02-12,extended_hours,2.9316915860452593,close
FRT,2021-10-27,extended_hours,0.8342370901802707,close
FRT,2022-10-21,extended_hours,1.0837758751480335,close
FRT,2025-02-11,extended_hours,0.9011444534563501,close
FRT,2025-02-13,extended_hours,0.8942944017162319,close
FRT,2026-06-01,extended_hours,0.8420343550009182,close
FSLR,2016-12-16,extended_hours,2.84819139846141,close
FSLR,2020-05-15,extended_hours,1.270002540003925,close
FTI,2019-02-04,extended_hours,4.251700680271263,close
FTI,2019-05-31,extended_hours,4.807692307691351,close
FTI,2019-07-05,extended_hours,3.9761431411522907,close
FTI,2019-11-01,extended_hours,2.4378352023415686,close
FTI,2019-11-25,extended_hours,5.12820512820593,close
FTI,2025-01-22,extended_hours,1.5683814303646668,close
FTI,2025-10-02,extended_hours,2.6028110359182746,close
FTNT,2017-04-11,extended_hours,2.6581605528971024,close
FTR,2019-08-23,extended_hours,10.126924115580843,close
FTR,2019-11-29,extended_hours,0.8445695658628649,close
FTR,2019-12-30,extended_hours,38.19551976876264,close
FTR,2019-12-31,extended_hours,4.4964028776985945,close
FTR,2020-01-23,extended_hours,11.850347045878346,close
FTR,2020-02-19,extended_hours,3.5100035100031235,close
FTR,2020-03-12,extended_hours,187.59018759018616,close
FTR,2020-03-18,extended_hours,2777.7777777777787,close
FTR,2020-03-20,extended_hours,666.6666666666673,close
FTR,2020-04-20,extended_hours,494.7526236881555,close
FTR,2020-04-21,extended_hours,500.00000000000045,close
FTV,2017-06-27,extended_hours,3.7714501225713786,close
FTV,2017-11-07,extended_hours,1.6265452179567357,close
FTV,2017-12-04,extended_hours,1.6097875080497612,close
FTV,2017-12-29,extended_hours,4.955401387512576,close
FTV,2018-06-06,extended_hours,1.5941335883943903,close
FTV,2018-10-10,extended_hours,1.489646953672742,close
FTV,2019-03-05,extended_hours,1.4528548598002493,close
FTV,2019-07-03,extended_hours,1.4471780028930399,close
FTV,2025-08-18,extended_hours,2.0942408376959185,close
FXI,2016-01-22,extended_hours,3.2530904359134714,close
FXI,2016-02-29,extended_hours,1.6512549537645327,close
FXI,2017-03-02,extended_hours,2.6476039184532723,close
FXI,2017-06-27,extended_hours,2.5106703489844633,close
FXI,2017-10-10,extended_hours,2.172496198131221,close
FXI,2018-01-11,extended_hours,4.084967320262076,close
FXI,2018-02-08,extended_hours,2.17155266015312,close
FXI,2018-06-06,extended_hours,4.100881689563897,close
FXI,2018-10-10,extended_hours,2.536139994927215,close
FXI,2018-10-24,extended_hours,7.745933384973183,close
FXI,2018-12-06,extended_hours,2.4125452352243943,close
FXI,2019-10-18,extended_hours,2.4248302618811857,close
FXI,2019-11-21,extended_hours,2.4160425223479125,close
FXI,2019-12-03,extended_hours,1.228199459592866,close
FXI,2019-12-23,extended_hours,9.276437847866221,close
FXI,2020-01-16,extended_hours,2.2271714922044565,close
FXI,2020-05-12,extended_hours,2.594033722439719,close
FXI,2020-11-23,extended_hours,71.52006831767586,close
FXI,2021-01-08,extended_hours,2.066969822241653,close
FXI,2022-02-08,extended_hours,1.311647429169846,close
FXI,2022-05-27,extended_hours,3.2320620555919723,close
FXI,2023-06-15,extended_hours,1.719394773039548,close
FXI,2024-01-12,extended_hours,4.3994720633515225,close
FXI,2024-02-16,extended_hours,4.334633723449506,close
FXI,2024-02-28,extended_hours,4.262574595054565,close
FXI,2024-06-07,extended_hours,18.867924528302154,close
FXI,2024-06-21,extended_hours,7.570022710067969,close
FXI,2025-01-03,extended_hours,6.581112207963005,close
FXI,2025-04-17,extended_hours,3.0864197530858055,close
FXI,2025-05-07,extended_hours,1.450536698579216,close
FXI,2026-03-26,extended_hours,2.8628685943309504,close
GAP,2026-06-11,extended_hours,4.5745654162845435,close
GD,2016-05-23,extended_hours,3.5149384885772488,close
GD,2016-06-21,extended_hours,0.35865432895742433,close
GD,2017-05-01,extended_hours,0.5177323323836864,close
GD,2017-05-02,extended_hours,5.152779924769121,close
GD,2017-07-21,extended_hours,9.044243461256528,close
GD,2017-08-04,extended_hours,4.4984255510573,close
GD,2019-06-13,extended_hours,0.5815982319408459,close
GD,2019-09-10,extended_hours,1.0645659232453415,close
GD,2022-04-26,extended_hours,2.954459122947418,close
GD,2023-01-20,extended_hours,3.436573735984539,close
GD,2023-03-22,extended_hours,0.9122839027510027,close
GD,2024-03-26,extended_hours,0.3592599245550891,close
GD,2024-12-24,extended_hours,2.6325686348248656,close
GD,2026-03-18,extended_hours,1.9809825673532142,close
GD,2026-07-29,extended_hours,3.9374212515758638,close
GDDY,2018-02-21,extended_hours,1.795332136444885,close
GDDY,2018-03-08,extended_hours,1.5805278963181786,close
GDDY,2020-01-06,extended_hours,2.8851702250427036,close
GDDY,2020-11-27,extended_hours,1.2578616352207692,close
GDDY,2022-12-12,extended_hours,5.234231876472946,close
GDDY,2023-03-20,extended_hours,1.344086021506064,close
GDDY,2023-05-03,extended_hours,4.201680672269067,close
GDDY,2025-01-23,extended_hours,0.48264877648491267,close
GDX,2016-02-01,extended_hours,3.412969283276984,close
GDX,2017-05-03,extended_hours,4.649000464899121,close
GDX,2018-06-19,extended_hours,13.623978201635394,close
GDX,2018-07-25,extended_hours,9.17431192660531,close
GDX,2020-03-17,extended_hours,54.90196078431395,close
GDX,2020-11-30,extended_hours,2.8835063437133828,close
GDX,2021-03-22,extended_hours,2.9859659599874617,close
GDX,2021-06-23,extended_hours,1.4564520827272234,close
GDX,2021-09-10,extended_hours,3.174603174603671,close
GDX,2021-11-05,extended_hours,3.0534351145032095,close
GDX,2022-03-01,extended_hours,2.7886224205237062,close
GDX,2022-03-03,extended_hours,5.552470849528907,close
GDX,2022-08-31,extended_hours,2.1008403361340355,close
GDX,2022-09-28,extended_hours,4.24088210347668,close
GDX,2022-11-22,extended_hours,3.5385704175518624,close
GDX,2023-05-22,extended_hours,6.275494195167735,close
GDX,2023-08-29,extended_hours,3.3863867253645656,close
GDX,2023-09-26,extended_hours,3.604902667628538,close
GDX,2024-08-16,extended_hours,1.2990387113542627,close
GDX,2024-10-09,extended_hours,2.5779840164985846,close
GDX,2024-11-01,extended_hours,2.509410288581684,close
GDX,2025-04-28,extended_hours,4.046125834514086,close
GDX,2025-06-11,extended_hours,1.9252984212549116,close
GDX,2025-06-26,extended_hours,3.8008361839597153,close
GDX,2025-07-10,extended_hours,3.853564547205399,close
GDX,2025-08-06,extended_hours,1.742463843874893,close
GDX,2025-08-26,extended_hours,1.6233766233763003,close
GDX,2025-09-11,extended_hours,0.7167431192674402,close
GDX,2025-10-08,extended_hours,1.2634238787119538,close
GE,2016-09-09,extended_hours,3.3211557622057666,close
GE,2017-09-12,extended_hours,4.182350480970959,close
GE,2018-02-08,extended_hours,6.920415224914577,close
GE,2018-08-01,extended_hours,7.55287009063428,close
GE,2019-07-17,extended_hours,10.020040080160106,close
GE,2019-09-11,extended_hours,10.683760683760456,close
GE,2023-01-04,extended_hours,1.4245014245021532,close
GE,2024-12-24,extended_hours,6.997492565164414,close
GE,2025-10-10,extended_hours,1.3722597687729807,close
GE,2026-09-17,extended_hours,1.2760391744014936,close
GEN,2020-06-19,extended_hours,16.818837097549327,close
GEV,2025-11-28,extended_hours,1.333844640444291,close
GEV,2026-04-20,extended_hours,15.85570300349482,close
GEV,2026-07-22,extended_hours,20.10091063216367,close
GILD,2016-06-30,extended_hours,1.1987532965721788,close
GIS,2016-11-04,extended_hours,1.6488046166525987,close
GIS,2017-03-20,extended_hours,8.297378028543688,close
GIS,2017-07-05,extended_hours,1.8244845831049097,close
GIS,2018-02-21,extended_hours,1.8355359765060786,close
GIS,2020-06-30,extended_hours,1.6220600162202776,close
GIS,2021-03-11,extended_hours,1.7202821262683659,close
GL,2016-06-02,extended_hours,1.625751910258171,close
GL,2016-11-25,extended_hours,7.032348804500304,close
GL,2017-06-27,extended_hours,5.286110744019036,close
GL,2017-10-11,extended_hours,1.233045622686918,close
GL,2019-01-08,extended_hours,1.2680699974645087,close
GL,2019-06-26,extended_hours,1.1418131993611687,close
GL,2020-05-08,extended_hours,1.2861736334411726,close
GL,2022-03-25,extended_hours,0.9778038525462899,close
GL,2025-04-22,extended_hours,1.643655489810177,close
GL,2025-07-15,extended_hours,2.5479870901988395,close
GL,2026-05-19,extended_hours,0.66724494561893,close
GL,2026-07-16,extended_hours,0.5418292154308032,close
GLD,2018-01-19,extended_hours,0.39553832766471514,close
GLD,2019-01-18,extended_hours,0.8263097008763111,close
GLD,2019-01-28,extended_hours,1.6221915808265255,close
GLD,2019-05-21,extended_hours,0.8308408109010565,close
GLD,2019-12-20,extended_hours,5.368405963303736,close
GLD,2022-11-30,extended_hours,0.606759298585699,close
GLD,2023-06-07,extended_hours,0.5550929780733225,close
GLD,2023-09-05,extended_hours,0.2798925212731681,close
GLD,2026-02-20,extended_hours,0.6401775425724373,close
GLW,2017-07-18,extended_hours,3.18369945877159,close
GLW,2018-02-27,extended_hours,3.4094783498130115,close
GLW,2018-03-16,extended_hours,3.389830508475106,close
GLW,2024-11-25,extended_hours,1.036054703688885,close
GLW,2024-12-20,extended_hours,2.1137180300158773,close
GLW,2026-05-15,extended_hours,2.6067462593197104,close
GM,2016-01-29,extended_hours,20.242914979757852,close
GM,2017-05-05,extended_hours,1.480604086468036,close
GM,2017-12-29,extended_hours,2.439619419370093,close
GM,2018-09-06,extended_hours,2.90866783013322,close
GM,2022-11-30,extended_hours,7.396449704142292,close
GM,2025-09-11,extended_hours,1.7032873445746908,close
GM,2026-09-04,extended_hours,2.2789425706483852,close
GME,2018-06-01,extended_hours,5.830903790088116,close
GME,2018-10-24,extended_hours,5.307855626327558,close
GME,2018-12-26,extended_hours,6.451612903226528,close
GME,2019-12-06,extended_hours,11.976047904191628,close
GME,2020-03-31,extended_hours,57.142857142857196,close
GME,2020-06-18,extended_hours,40.38772213247087,close
GME,2022-05-17,extended_hours,3.9840637450205425,close
GME,2022-07-14,extended_hours,2.9368575624097257,close
GME,2022-10-14,extended_hours,28.4206252537557,close
GME,2023-02-24,extended_hours,5.11770726714512,close
GME,2023-06-30,extended_hours,4.12371134020683,close
GME,2024-01-05,extended_hours,6.265664160400869,close
GME,2024-04-08,extended_hours,9.233610341643386,close
GME,2025-01-31,extended_hours,3.7174721189596895,close
GME,2025-03-20,extended_hours,4.253509145043815,close
GME,2025-04-28,extended_hours,1.8122508155125066,close
GME,2025-04-29,extended_hours,3.668378576668382,close
GME,2025-08-29,extended_hours,4.462293618920823,close
GME,2025-09-25,extended_hours,3.9572615749907256,close
GME,2025-10-31,extended_hours,8.972633467922645,close
GNRC,2016-09-23,extended_hours,2.8910089621272075,close
GNRC,2024-11-20,extended_hours,0.5549697541478942,close
GOOG,2019-02-04,extended_hours,3.5310734463282354,close
GOOG,2020-05-19,extended_hours,4.368719965050405,close
GOOGL,2018-11-30,extended_hours,3.604902667627257,close
GPC,2016-04-18,extended_hours,2.003405789842334,close
GPC,2016-08-03,extended_hours,1.985505807605503,close
GPC,2017-02-15,extended_hours,0.9988014382745821,close
GPC,2017-05-05,extended_hours,1.078399654912662,close
GPC,2018-02-27,extended_hours,1.0803802938624574,close
GPC,2018-12-27,extended_hours,1.0504201680677643,close
GPC,2019-07-12,extended_hours,0.4743382980737551,close
GPC,2019-09-27,extended_hours,1.0108157282932493,close
GPC,2020-05-14,extended_hours,1.4084507042260725,close
GPC,2022-08-12,extended_hours,0.6325110689431312,close
GPC,2022-12-12,extended_hours,1.098780353807836,close
GPC,2023-02-21,extended_hours,1.7207754961569999,close
GPC,2025-09-02,extended_hours,2.20539586855849,close
GPC,2025-12-03,extended_hours,0.7723797018607327,close
GPC,2026-01-30,extended_hours,1.079214331967392,close
GPN,2017-02-24,extended_hours,0.6331518298082123,close
GPN,2017-11-21,extended_hours,3.8755934502462983,close
GPN,2019-02-20,extended_hours,0.7940289026513344,close
GPN,2020-05-14,extended_hours,1.2172113687548067,close
GPN,2025-08-27,extended_hours,1.1384335154816605,close
GPN,2025-12-24,extended_hours,7.390072669048193,close
GREK,2016-02-12,extended_hours,17.06484641638088,close
GREK,2016-06-30,extended_hours,27.66251728907435,close
GREK,2016-07-06,extended_hours,14.727540500736934,close
GREK,2016-08-30,extended_hours,9.37646507266907,close
GREK,2016-09-20,extended_hours,14.306151645207981,close
GREK,2016-12-07,extended_hours,3.954132068010285,close
GREK,2016-12-16,extended_hours,25.641025641026612,close
GREK,2018-01-12,extended_hours,9.099181073703711,close
GREK,2018-02-06,extended_hours,27.39726027397364,close
GREK,2018-05-14,extended_hours,9.930486593842298,close
GREK,2018-06-29,extended_hours,10.952902519167996,close
GREK,2019-05-01,extended_hours,23.752969121139635,close
GREK,2019-06-25,extended_hours,10.787486515642266,close
GREK,2020-04-23,extended_hours,17.182130584191057,close
GREK,2020-09-02,extended_hours,7.163323782235228,close
GREK,2020-12-31,extended_hours,7.855459544383179,close
GREK,2021-03-03,extended_hours,23.428348301445638,close
GREK,2021-11-03,extended_hours,14.010507880910383,close
GREK,2022-12-19,extended_hours,7.4710496824802295,close
GREK,2023-01-18,extended_hours,6.966213862765438,close
GREK,2023-02-07,extended_hours,6.482982171800041,close
GREK,2023-03-16,extended_hours,3.389830508475106,close
GREK,2023-04-21,extended_hours,3.1007751937978325,close
GREK,2023-05-09,extended_hours,3.084515731031806,close
GREK,2023-08-14,extended_hours,10.732492621413,close
GREK,2024-01-25,extended_hours,2.5967281225668963,close
GREK,2024-03-01,extended_hours,2.466699555993589,close
GREK,2024-04-11,extended_hours,2.486325211337148,close
GREK,2024-05-03,extended_hours,2.407897905128343,close
GREK,2024-09-03,unexplained,16.3517528223401,close
GREK,2024-09-26,extended_hours,9.07646925346021,close
GREK,2024-11-13,extended_hours,7.500000000000284,close
GREK,2025-01-07,extended_hours,2.506893958385062,close
GREK,2025-03-07,extended_hours,2.1963540522727896,close
GREK,2025-05-01,extended_hours,4.056795131846476,close
GREK,2025-07-01,extended_hours,1.705611461709895,close
GREK,2025-10-28,extended_hours,9.540467482907024,close
GREK,2025-11-13,extended_hours,23.194680686561227,close
GREK,2025-11-24,extended_hours,48.4450695421152,close
GREK,2025-12-19,extended_hours,5.947955390335502,close
GREK,2026-01-27,extended_hours,10.524220305240778,close
GREK,2026-02-03,extended_hours,13.575374901341894,close
GREK,2026-04-13,extended_hours,14.00756408460489,close
GREK,2026-06-05,extended_hours,1.3943112102628439,close
GREK,2026-06-25,extended_hours,1.3317352510308835,close
GREK,2026-07-02,extended_hours,7.890583903207267,close
GREK,2026-07-07,extended_hours,1.2898232942093533,close
GREK,2026-07-30,unexplained,1.7221747970258021,close
GRMN,2019-07-03,extended_hours,1.2413108242310222,close
GRMN,2020-06-19,extended_hours,80.33353670937628,close
GRMN,2021-06-11,extended_hours,1.3815971262767208,close
GRMN,2022-01-05,extended_hours,0.7515971439301694,close
GRMN,2022-03-11,extended_hours,0.9107468123866226,close
GRMN,2022-07-21,extended_hours,0.9268699601450658,close
GRMN,2022-11-30,extended_hours,1.075384449939876,close
GRMN,2023-01-31,extended_hours,1.0113268608405042,close
GRMN,2024-06-21,extended_hours,0.6193868070604464,close
GRMN,2025-07-14,extended_hours,2.759762660411309,close
GS,2016-01-25,extended_hours,1.3234515616716391,close
GS,2016-06-07,extended_hours,0.6444544692929902,close
GS,2017-08-04,extended_hours,4.786979415987868,close
GS,2017-12-13,extended_hours,5.869463139771704,close
GS,2017-12-14,extended_hours,0.7828401440429871,close
GS,2018-02-27,extended_hours,1.8661590713996703,close
GS,2018-07-16,extended_hours,6.913238852402204,close
GS,2018-12-27,extended_hours,2.4182334804420558,close
GS,2024-12-24,extended_hours,6.6919473566805605,close
GS,2025-02-18,extended_hours,0.8926047694856977,close
GS,2025-12-15,extended_hours,1.3489360267089845,close
GS,2026-07-06,extended_hours,1.0423675008755884,close
GSG,2016-10-06,extended_hours,6.574621959238372,close
GSG,2017-03-15,extended_hours,6.854009595613288,close
GSG,2017-04-10,extended_hours,6.60066006600646,close
GSG,2017-08-02,extended_hours,5.582356995176197,close
GSG,2017-10-27,extended_hours,6.497725795971271,close
GSG,2017-11-13,extended_hours,2.0253164556959793,close
GSG,2018-02-05,extended_hours,99.76525821596135,close
GSG,2018-02-23,extended_hours,6.013229104027667,close
GSG,2018-06-22,extended_hours,5.747126436780466,close
GSG,2018-07-25,extended_hours,5.767012687428815,close
GSG,2018-08-27,extended_hours,5.773672055428154,close
GSG,2018-09-07,extended_hours,5.8173356602685065,close
GSG,2019-02-14,extended_hours,0.06501950585275897,close
GSG,2019-02-15,extended_hours,12.771392081736638,close
GSG,2020-01-17,extended_hours,6.277463904582414,close
GSG,2020-02-28,extended_hours,7.485029940119601,close
GSG,2020-03-17,extended_hours,0.09999999999976694,close
GSG,2020-06-15,extended_hours,9.891196834816803,close
GSG,2020-06-25,extended_hours,9.775171065493437,close
GSG,2020-07-10,extended_hours,4.664179104478341,close
GSG,2020-07-24,extended_hours,9.250693802034956,close
GSG,2020-07-31,extended_hours,18.6046511627903,close
GSG,2020-08-21,extended_hours,1.8083182640150703,close
GSG,2020-12-31,extended_hours,8.110300081102828,close
GSG,2021-03-29,extended_hours,3.528581510233438,close
GSG,2021-05-24,extended_hours,6.527415143602994,close
GSG,2021-06-15,extended_hours,6.277463904582414,close
GSG,2021-08-13,extended_hours,6.210392902408272,close
GSG,2021-08-20,extended_hours,6.715916722632496,close
GSG,2021-10-11,extended_hours,5.685048322911634,close
GSG,2022-01-05,extended_hours,2.875215641172516,close
GSG,2022-05-25,extended_hours,0.3654080389760059,close
GSG,2023-03-31,extended_hours,4.970178926442128,close
GSG,2023-05-16,extended_hours,2.615062761505756,close
GSG,2023-07-06,extended_hours,1.9299136617581523,close
GSG,2023-09-20,extended_hours,4.42869796279963,close
GSG,2024-03-27,extended_hours,4.5808520384782465,close
GSG,2024-04-22,extended_hours,2.22222222222178,close
GSG,2024-04-25,extended_hours,4.403346543373652,close
GSG,2024-06-10,extended_hours,4.56204379562115,close
GSG,2024-06-14,extended_hours,1.3181818181819758,close
GSG,2024-07-08,extended_hours,0.22471910112307178,close
GSG,2024-09-18,extended_hours,4.852013585638798,close
GSG,2024-12-16,extended_hours,2.3353573096679145,close
GSG,2024-12-17,extended_hours,4.735114861696099,close
GSG,2024-12-20,extended_hours,71.12970711297176,close
GSG,2025-04-02,extended_hours,0.5235602094244136,close
GSG,2025-05-14,extended_hours,2.314814814814354,close
GSG,2025-07-17,extended_hours,2.207505518763358,close
GT,2016-09-09,extended_hours,3.304692663581629,close
GWW,2016-06-02,extended_hours,1.0882340138413469,close
GWW,2016-09-20,extended_hours,1.8468073318247398,close
GWW,2016-11-21,extended_hours,2.4758046365071715,close
GWW,2017-06-16,extended_hours,13.309671694763791,close
GWW,2018-04-13,extended_hours,1.7946233085679397,close
GWW,2018-12-27,extended_hours,1.7734898733732263,close
GWW,2020-03-26,extended_hours,33.732230342944476,close
GWW,2020-05-08,extended_hours,6.30583289542851,close
GWW,2020-11-09,extended_hours,1.5455154293942979,close
GWW,2022-10-28,extended_hours,17.53837605056593,close
GWW,2022-12-12,extended_hours,4.04408047720165,close
GWW,2023-01-11,extended_hours,1.8891255066293475,close
GWW,2025-06-04,extended_hours,3.624670062082909,close
GWW,2025-07-09,extended_hours,1.9611782376175728,close
GWW,2025-07-29,extended_hours,0.18956088221617343,close
GWW,2025-09-03,extended_hours,1.8650489820764333,close
HACK,2016-06-30,extended_hours,4.185851820846197,close
HACK,2016-07-06,extended_hours,4.191114836545688,close
HACK,2016-09-09,extended_hours,3.70233246945502,close
HACK,2016-09-21,extended_hours,3.622392974752376,close
HACK,2016-11-04,extended_hours,3.8654812524151567,close
HACK,2016-11-30,extended_hours,5.5391432791730315,close
HACK,2016-12-23,extended_hours,11.185682326622349,close
HACK,2017-01-31,extended_hours,3.5149384885757504,close
HACK,2017-02-17,extended_hours,6.7544748395810785,close
HACK,2017-04-11,extended_hours,5.158184319118644,close
HACK,2017-05-05,extended_hours,3.348961821834565,close
HACK,2017-05-10,extended_hours,3.322259136213144,close
HACK,2017-06-20,extended_hours,6.688963210703387,close
HACK,2017-07-18,extended_hours,1.6420361247944188,close
HACK,2017-08-10,extended_hours,3.523608174771516,close
HACK,2017-08-14,extended_hours,2.44406196213467,close
HACK,2017-10-05,extended_hours,3.23415265200568,close
HACK,2017-10-06,extended_hours,3.2216494845354413,close
HACK,2017-11-03,extended_hours,3.289473684209872,close
HACK,2017-11-17,extended_hours,3.287310979619186,close
HACK,2018-01-02,extended_hours,3.10945273631779,close
HACK,2018-01-12,extended_hours,5.989817310572964,close
HACK,2018-02-02,extended_hours,3.052503052504614,close
HACK,2018-06-05,extended_hours,2.612330198536575,close
HACK,2018-06-06,extended_hours,5.1948051948060066,close
HACK,2018-09-04,extended_hours,7.40009866798252,close
HACK,2018-10-24,extended_hours,2.850627137971812,close
HACK,2019-01-08,extended_hours,2.8417163967030437,close
HACK,2019-06-21,extended_hours,2.517623363544313,close
HACK,2019-06-25,extended_hours,7.680491551459584,close
HACK,2019-07-02,extended_hours,2.493765586034417,close
HACK,2019-07-09,extended_hours,2.438429651304075,close
HACK,2019-08-23,extended_hours,2.6518164942980667,close
HACK,2019-09-11,extended_hours,2.6007802340715513,close
HACK,2019-09-12,extended_hours,2.6130128037622185,close
HACK,2019-09-17,extended_hours,6.409266409267017,close
HACK,2019-11-01,extended_hours,0.050543340914716677,close
HACK,2019-11-27,extended_hours,9.418412997409735,close
HACK,2019-12-19,extended_hours,2.397506593142654,close
HACK,2020-01-16,extended_hours,2.2512381810007014,close
HACK,2020-03-13,extended_hours,5.904930617064075,close
HACK,2020-05-18,extended_hours,4.792715073089655,close
HACK,2020-07-28,extended_hours,6.415739948674323,close
HACK,2021-01-13,extended_hours,1.6986580601333645,close
HACK,2021-10-29,extended_hours,1.5206812652075905,close
HACK,2022-01-10,extended_hours,1.7126220243188919,close
HACK,2022-01-28,extended_hours,1.8765246762991201,close
HACK,2023-01-11,extended_hours,2.300437083045321,close
HACK,2023-08-07,extended_hours,7.833920877398971,close
HACK,2023-08-24,extended_hours,5.704631286026757,close
HACK,2024-03-21,extended_hours,1.550147263988669,close
HACK,2024-11-13,extended_hours,4.018754186202429,close
HACK,2025-01-23,extended_hours,6.359704909693636,close
HACK,2025-02-13,extended_hours,3.6223134508557027,close
HACK,2025-02-27,extended_hours,5.292405398254334,close
HACK,2025-08-15,extended_hours,2.4125452352243943,close
HACK,2025-10-10,extended_hours,4.061738424045095,close
HACK,2025-12-03,extended_hours,1.1859582542683713,close
HACK,2025-12-17,extended_hours,1.2493753123426918,close
HACK,2025-12-24,extended_hours,3.6616623947273443,close
HACK,2026-02-25,extended_hours,5.5211345174164075,close
HACK,2026-02-27,extended_hours,13.668671405138644,close
HACK,2026-03-16,extended_hours,5.411734096526931,close
HACK,2026-04-22,extended_hours,1.234415504259365,close
HACK,2026-07-30,extended_hours,11.37225170583684,close
HACK,2026-08-05,extended_hours,0.43610989969432645,close
HACK,2026-09-03,extended_hours,6.276338204967936,close
HAL,2016-06-02,extended_hours,2.3736055067659896,close
HAL,2020-04-17,extended_hours,13.192612137202884,close
HAL,2026-06-22,extended_hours,2.843332385557326,close
HAR,2017-02-07,extended_hours,9.874326750448782,close
HAR,2017-02-15,extended_hours,1.7995321216480133,close
HAR,2017-02-17,extended_hours,2.7024592379065973,close
HAS,2020-06-29,extended_hours,1.3551971811905563,close
HAS,2022-07-05,extended_hours,1.2169891687970202,close
HAS,2022-08-26,extended_hours,0.6215813028338454,close
HBAN,2016-11-15,extended_hours,8.361204013379233,close
HBAN,2024-01-08,extended_hours,7.639419404125124,close
HBI,2018-02-28,extended_hours,2.5773195876301846,close
HBI,2018-06-11,extended_hours,29.268292682926205,close
HBI,2025-08-25,extended_hours,8.012820512820342,close
HCA,2018-04-30,extended_hours,1.044495508669847,close
HCA,2018-06-27,extended_hours,0.959877135725754,close
HCA,2018-12-26,extended_hours,2.4734108335395444,close
HCA,2022-11-14,extended_hours,2.6951756356123564,close
HCA,2024-07-03,extended_hours,1.531159087429532,close
HCA,2024-12-24,extended_hours,0.9848335631288017,close
HCA,2025-06-12,extended_hours,0.5381117658147995,close
HCA,2025-07-07,extended_hours,0.7915985012409509,close
HCA,2026-06-22,extended_hours,1.5915541526301036,close
HCP,2016-07-25,extended_hours,2.809778027537262,close
HCP,2017-11-27,extended_hours,1.8733608092914968,close
HCP,2018-02-23,extended_hours,4.47227191413149,close
HCP,2018-12-26,extended_hours,3.5790980672876027,close
HCP,2019-03-11,extended_hours,3.2320620555919723,close
HCP,2019-08-27,extended_hours,2.8910089621272075,close
HD,2016-01-04,extended_hours,5.340657663843227,close
HD,2016-01-29,extended_hours,5.5661577608148365,close
HD,2016-06-28,extended_hours,1.5682584489920819,close
HD,2016-10-10,extended_hours,0.7858546168962763,close
HD,2017-04-17,extended_hours,0.6788405403564527,close
HD,2017-08-04,extended_hours,0.6546644844511231,close
HD,2017-11-21,extended_hours,3.3958116394779565,close
HD,2017-12-29,extended_hours,3.165725742626617,close
HD,2018-01-17,extended_hours,0.5004504053643732,close
HD,2018-04-30,extended_hours,1.6233766233766846,close
HD,2019-02-04,extended_hours,1.6091830713941497,close
HD,2019-07-17,extended_hours,1.855201521264878,close
HD,2019-10-03,extended_hours,1.3226930029540644,close
HD,2021-03-19,extended_hours,6.22621930128007,close
HD,2022-03-18,extended_hours,30.52180548218643,close
HD,2023-11-10,extended_hours,0.34294728900136856,close
HD,2024-12-24,extended_hours,5.553592164385582,close
HD,2026-07-01,extended_hours,0.2850302132039605,close
HD,2026-09-16,extended_hours,1.9836678017636602,close
HES,2016-06-02,extended_hours,1.6883336147219334,close
HES,2020-02-26,extended_hours,1.7895490336431656,close
HES,2020-06-19,extended_hours,9.758001561279695,close
HES,2023-12-20,extended_hours,1.3720244220334643,close
HES,2024-04-08,extended_hours,0.9629582076129137,close
HES,2025-06-04,extended_hours,1.4986886474342624,close
HFC,2016-02-19,extended_hours,3.2509752925882847,close
HIG,2017-11-03,extended_hours,1.7908309455596554,close
HIG,2017-12-29,extended_hours,0.8884150675187371,close
HIG,2018-03-21,extended_hours,1.87265917602959,close
HIG,2018-03-29,extended_hours,3.8819875776389794,close
HIG,2018-12-31,extended_hours,2.2497187851530067,close
HIG,2019-06-05,extended_hours,0.9099181073708021,close
HIG,2022-05-17,extended_hours,1.4088475626944372,close
HIG,2022-09-30,extended_hours,1.614465611883293,close
HIG,2026-02-02,extended_hours,1.4580447619728665,close
HII,2016-04-18,extended_hours,0.6946856547405978,close
HII,2016-11-25,extended_hours,2.2123893805321053,close
HII,2019-07-31,extended_hours,22.777047744195432,close
HII,2019-10-31,extended_hours,0.4431445537530313,close
HII,2019-11-06,extended_hours,3.418949527758131,close
HII,2020-01-02,extended_hours,0.39085401602465925,close
HII,2020-02-12,extended_hours,2.2215639810427383,close
HII,2020-08-05,extended_hours,3.9178373537803317,close
HII,2023-12-15,extended_hours,1.971997633602167,close
HII,2024-07-03,extended_hours,0.40630586705635074,close
HII,2025-10-08,extended_hours,1.0315304473394327,close
HLT,2019-06-28,extended_hours,2.046245140167385,close
HLT,2019-10-22,extended_hours,2.204342554832582,close
HLT,2020-02-10,extended_hours,16.162341743737706,close
HLT,2023-11-24,extended_hours,0.5888587916628976,close
HLT,2025-07-21,extended_hours,0.7384160974702532,close
HOG,2020-06-25,extended_hours,8.193363375665536,close
HOG,2025-04-24,extended_hours,4.221190375686603,close
HOG,2025-08-20,extended_hours,3.664345914254879,close
HOLX,2020-04-17,extended_hours,1.1418131993611687,close
HOLX,2026-03-05,extended_hours,1.3201320132019956,close
HOLX,2026-03-17,extended_hours,0.6662225183224069,close
HOLX,2026-03-23,extended_hours,1.3220518244321942,close
HON,2016-06-02,extended_hours,0.9158347834042407,close
HON,2017-01-09,extended_hours,1.775174188966939,close
HON,2017-02-24,extended_hours,2.503442233069381,close
HON,2017-04-17,extended_hours,0.8453085376154611,close
HON,2017-08-17,extended_hours,0.7680196613026308,close
HON,2017-09-01,extended_hours,0.7580926389197866,close
HON,2017-12-29,extended_hours,12.926049391114887,close
HON,2018-01-04,extended_hours,0.6753106428970371,close
HON,2019-02-05,extended_hours,0.6725401842753989,close
HON,2019-07-18,extended_hours,0.5751092707609217,close
HON,2020-02-28,extended_hours,15.415921563791084,close
HON,2020-11-30,extended_hours,5.394272263633467,close
HONA,2026-06-17,extended_hours,1.8521948508987358,close
HONA,2026-08-05,extended_hours,23.079945000983468,close
HOT,2016-07-19,extended_hours,28.475278281128503,close
HPE,2016-05-31,extended_hours,9.319664492078086,close
HPE,2017-09-07,extended_hours,7.547169811320594,close
HPE,2018-04-30,extended_hours,5.865102639295021,close
HPE,2018-05-22,extended_hours,22.975301550832366,close
HPE,2018-06-15,extended_hours,6.269592476488895,close
HPE,2025-12-24,extended_hours,4.091653027822426,close
HPE,2025-12-30,extended_hours,4.154549231407566,close
HPE,2026-05-08,extended_hours,3.1897926634773723,close
HPQ,2017-08-25,extended_hours,5.178663904713394,close
HPQ,2018-05-23,extended_hours,4.566210045661192,close
HPQ,2019-04-25,extended_hours,5.102040816325515,close
HPQ,2023-12-18,extended_hours,3.304692663581629,close
HPQ,2024-02-01,extended_hours,3.455425017277665,close
HPQ,2025-05-28,extended_hours,31.250000000000316,close
HRB,2019-12-04,extended_hours,8.550662676357234,close
HRB,2020-02-06,extended_hours,4.306632213609632,close
HRB,2022-03-30,extended_hours,3.815337657383275,close
HRB,2025-01-08,extended_hours,1.8409425625916809,close
HRL,2018-02-08,extended_hours,3.1046258925793264,close
HRL,2018-02-28,extended_hours,3.0807147258157763,close
HRL,2018-12-27,extended_hours,2.349624060151578,close
HRL,2019-06-05,extended_hours,2.4142926122658412,close
HRL,2019-10-10,extended_hours,2.3998080153582935,close
HRL,2020-01-15,extended_hours,2.2075055187649264,close
HRL,2025-09-19,extended_hours,4.0290088638186985,close
HRS,2017-02-24,extended_hours,0.9000900090000815,close
HRS,2017-06-01,extended_hours,0.882145377558673,close
HRS,2018-12-27,extended_hours,0.7596475235483824,close
HSIC,2022-12-23,extended_hours,1.2400793650799995,close
HST,2018-12-26,extended_hours,5.938242280285963,close
HST,2019-02-04,extended_hours,5.488474204170149,close
HST,2021-12-01,extended_hours,6.510416666666528,close
HST,2024-01-08,extended_hours,4.904364884748192,close
HSY,2016-08-24,extended_hours,9.919740283163444,close
HSY,2017-06-01,extended_hours,10.360904852356272,close
HSY,2017-12-29,extended_hours,1.7619592987398485,close
HSY,2018-02-05,extended_hours,1.9966057701902784,close
HSY,2018-03-07,extended_hours,1.0012014417291655,close
HSY,2019-05-28,extended_hours,3.8971161340594658,close
HSY,2023-07-03,extended_hours,1.58900409168522,close
HSY,2024-03-15,extended_hours,0.5166890565267814,close
HSY,2024-12-24,extended_hours,2.9327233268820088,close
HUBB,2016-09-26,extended_hours,0.9450009450014285,close
HUBB,2016-11-25,extended_hours,0.883548330094108,close
HUBB,2017-02-17,extended_hours,0.8182636445455286,close
HUBB,2018-12-31,extended_hours,1.0066438494065952,close
HUBB,2019-02-04,extended_hours,15.280898876404649,close
HUBB,2019-06-28,extended_hours,1.5337423312891283,close
HUBB,2020-03-12,extended_hours,6.546950991394798,close
HUBB,2020-05-05,extended_hours,8.225037012667258,close
HUBB,2020-05-19,extended_hours,1.6985138004242903,close
HUBB,2021-06-15,extended_hours,1.0853638682373816,close
HUBB,2021-12-01,extended_hours,2.040295842896814,close
HUM,2016-07-15,extended_hours,7.552394738498618,close
HUM,2017-06-09,extended_hours,2.6122164656712212,close
HUM,2017-06-23,extended_hours,14.260548611692602,close
HUM,2017-08-28,extended_hours,6.2727878621553534,close
HUM,2018-02-28,extended_hours,2.94312412625944,close
HUM,2018-12-21,extended_hours,0.7282260413646466,close
HUM,2019-07-30,extended_hours,0.35146914100909976,close
HUM,2024-04-09,extended_hours,1.251486139791642,close
HUM,2025-04-02,extended_hours,3.7622272385260622,close
HUM,2025-12-24,extended_hours,2.314368370299027,close
HUM,2026-09-18,extended_hours,2.848117653151407,close
HWM,2022-08-26,extended_hours,1.3638843426084446,close
HWM,2024-02-13,extended_hours,1.613423685059376,close
HWM,2024-03-15,extended_hours,3.019323671496984,close
HWM,2024-05-16,extended_hours,1.2116806009941978,close
HWM,2024-11-05,extended_hours,0.9788566953789061,close
HWM,2025-07-03,extended_hours,0.5523031039429418,close
IAU,2016-02-16,extended_hours,8.643042350907335,close
IAU,2016-02-29,extended_hours,8.340283569641189,close
IAU,2017-04-05,extended_hours,8.264462809917179,close
IAU,2017-10-13,extended_hours,7.9744816586920155,close
IAU,2018-01-19,extended_hours,7.824726134585123,close
IAU,2018-07-11,extended_hours,8.403361344537636,close
IAU,2020-04-07,extended_hours,12.594458438288004,close
IAU,2020-06-01,extended_hours,6.009615384616324,close
IAU,2020-06-26,extended_hours,5.906674542231548,close
IAU,2020-07-15,extended_hours,5.770340450085407,close
IAU,2020-10-14,extended_hours,5.521811154059394,close
IAU,2021-01-04,extended_hours,5.3908355795156675,close
IAU,2021-05-11,extended_hours,5.70776255707649,close
IAU,2021-06-24,extended_hours,2.961208172933968,close
IAU,2023-02-01,extended_hours,2.6975991367677397,close
IAU,2024-07-24,extended_hours,2.207018318251602,close
IAU,2025-01-14,extended_hours,1.9790223629523076,close
IBB,2016-01-07,extended_hours,0.9747538746457652,close
IBB,2016-09-09,extended_hours,5.383290267012422,close
IBB,2016-10-03,extended_hours,1.0344470880319765,close
IBB,2017-03-10,extended_hours,0.9968102073356165,close
IBB,2018-02-05,extended_hours,0.9330098899039844,close
IBB,2018-03-23,extended_hours,1.8995156235156254,close
IBB,2018-07-06,extended_hours,0.8605111436185272,close
IBB,2018-11-30,extended_hours,1.8331805682856117,close
IBB,2018-12-27,extended_hours,1.0508617065984558,close
IBB,2019-06-10,extended_hours,1.937796725124526,close
IBB,2019-06-21,extended_hours,1.3704888076747892,close
IBB,2019-07-09,extended_hours,3.6751194413824195,close
IBB,2019-07-26,extended_hours,0.9494872768696264,close
IBB,2019-09-13,extended_hours,1.9193857965447239,close
IBB,2019-10-22,extended_hours,0.9496676163347689,close
IBB,2019-11-21,extended_hours,2.482083551827029,close
IBB,2019-12-24,extended_hours,0.9716599190283769,close
IBB,2020-02-27,extended_hours,1.763201974785861,close
IBB,2020-03-02,extended_hours,13.398090772064696,close
IBB,2020-03-04,extended_hours,4.109138724524274,close
IBB,2020-05-12,extended_hours,1.5261350629516832,close
IBB,2020-10-21,extended_hours,0.7452120128169688,close
IBB,2020-12-03,extended_hours,1.365747063644512,close
IBB,2020-12-08,extended_hours,2.659044073656881,close
IBB,2020-12-17,extended_hours,4.5135082855111985,close
IBB,2021-01-25,extended_hours,0.5961251862885786,close
IBB,2021-02-08,extended_hours,0.5793742757816284,close
IBB,2021-03-02,extended_hours,0.6395088571970905,close
IBB,2021-06-25,extended_hours,3.678048182431329,close
IBB,2021-07-23,extended_hours,2.9990403071024097,close
IBB,2021-08-03,extended_hours,8.264462809918228,close
IBB,2021-08-17,extended_hours,3.5178236397749925,close
IBB,2022-05-27,extended_hours,0.8368200836824365,close
IBB,2022-06-02,extended_hours,7.73461670677238,close
IBB,2022-11-30,extended_hours,2.92975902731942,close
IBB,2023-03-07,extended_hours,0.7858546168962763,close
IBB,2023-04-03,extended_hours,0.7705941280742333,close
IBB,2023-08-31,extended_hours,1.1654106130049224,close
IBB,2024-11-11,extended_hours,4.738694828052612,close
IBB,2024-11-13,extended_hours,0.6954102920716901,close
IBB,2026-07-22,extended_hours,0.5347593582882837,close
IBKR,2018-12-31,extended_hours,21.96193265007274,close
IBKR,2019-01-31,extended_hours,23.80952380952471,close
IBKR,2019-05-15,extended_hours,7.390983000738941,close
IBKR,2019-07-16,extended_hours,47.694753577106916,close
IBKR,2019-08-23,extended_hours,8.810572687224482,close
IBM,2016-01-29,extended_hours,4.808077570318316,close
IBM,2016-04-13,extended_hours,0.6612444620770287,close
IBM,2016-06-02,extended_hours,1.3029315960918717,close
IBM,2016-09-20,extended_hours,0.6474587245075641,close
IBM,2017-01-27,extended_hours,0.5640157924416754,close
IBM,2017-02-14,extended_hours,1.6654638316771853,close
IBM,2017-04-13,extended_hours,1.7695983011856977,close
IBM,2017-08-17,extended_hours,1.4214641080319994,close
IBM,2017-09-20,extended_hours,0.6854949273369142,close
IBM,2018-11-15,extended_hours,0.8234519104076833,close
IBM,2018-12-06,extended_hours,0.8070373658293039,close
IBM,2024-03-26,extended_hours,1.5915119363395829,close
IBM,2025-01-23,extended_hours,0.4423995752960054,close
IBM,2026-02-27,extended_hours,0.8326048041301458,close
IBM,2026-03-20,extended_hours,103.81767795838982,close
IBM,2026-05-12,extended_hours,1.368488276617149,close
IBM,2026-05-20,extended_hours,0.4444444444440402,close
ICE,2016-06-28,extended_hours,2.0132876988131905,close
ICE,2016-09-20,extended_hours,1.7844396859382603,close
ICE,2019-06-28,extended_hours,8.727018850361047,close
ICE,2020-03-02,extended_hours,1.0706638115637168,close
ICE,2023-07-03,extended_hours,2.6565128840875882,close
ICE,2025-07-03,extended_hours,1.6383594560647226,close
ICE,2025-11-05,extended_hours,0.6839477463915535,close
ICE,2026-07-27,extended_hours,1.3447186176280381,close
ICLN,2016-03-16,extended_hours,21.810250817883944,close
ICLN,2016-06-28,extended_hours,82.06330597889625,close
ICLN,2016-12-22,extended_hours,76.33587786259605,close
ICLN,2017-02-22,extended_hours,0.11415525114128645,close
ICLN,2017-03-22,extended_hours,4.481132075471728,close
ICLN,2017-05-05,extended_hours,37.75743707093761,close
ICLN,2017-07-07,extended_hours,14.935822637106613,close
ICLN,2017-07-26,extended_hours,76.83863885839769,close
ICLN,2017-08-22,extended_hours,11.173184357543647,close
ICLN,2017-08-30,extended_hours,10.976948408342249,close
ICLN,2017-09-06,extended_hours,10.94091903719889,close
ICLN,2017-09-13,extended_hours,11.062431544358764,close
ICLN,2017-09-14,extended_hours,53.93743257820813,close
ICLN,2017-10-05,extended_hours,10.989010989010756,close
ICLN,2017-10-17,extended_hours,10.81081081081058,close
ICLN,2017-10-23,extended_hours,17.139737991267154,close
ICLN,2017-11-01,extended_hours,2.15053763440741,close
ICLN,2017-12-08,extended_hours,11.198208286673895,close
ICLN,2018-02-08,extended_hours,11.350737797956626,close
ICLN,2018-02-13,extended_hours,10.95290251916929,close
ICLN,2018-02-15,extended_hours,10.582010582010357,close
ICLN,2018-03-23,extended_hours,0.6389776357812584,close
ICLN,2018-04-04,extended_hours,41.27966976264102,close
ICLN,2018-05-09,extended_hours,10.172939979653904,close
ICLN,2018-05-30,extended_hours,20.512820512820074,close
ICLN,2018-06-08,extended_hours,64.72491909384975,close
ICLN,2018-07-30,extended_hours,0.109649122806762,close
ICLN,2018-11-07,extended_hours,5.688282138792953,close
ICLN,2018-11-27,extended_hours,22.598870056496693,close
ICLN,2018-12-06,extended_hours,22.39641657334779,close
ICLN,2018-12-13,extended_hours,91.42857142857152,close
ICLN,2018-12-21,extended_hours,12.453300124532737,close
ICLN,2019-01-08,extended_hours,23.06805074971116,close
ICLN,2019-01-22,extended_hours,2.601809954751096,close
ICLN,2019-02-11,extended_hours,10.570824524314547,close
ICLN,2019-03-28,extended_hours,10.28806584362118,close
ICLN,2019-04-03,extended_hours,2.424242424242157,close
ICLN,2019-04-05,extended_hours,0.09900990098986827,close
ICLN,2019-04-15,extended_hours,9.910802775024566,close
ICLN,2019-04-23,extended_hours,19.627085377820976,close
ICLN,2019-05-01,extended_hours,9.881422924902731,close
ICLN,2019-05-08,extended_hours,9.92063492063471,close
ICLN,2019-07-09,extended_hours,9.225092250922312,close
ICLN,2019-08-07,extended_hours,18.535681186283202,close
ICLN,2019-08-26,extended_hours,18.34862385321062,close
ICLN,2019-09-12,extended_hours,9.090909090908898,close
ICLN,2019-10-03,extended_hours,9.259259259260705,close
ICLN,2019-10-04,extended_hours,9.049773755657522,close
ICLN,2019-10-11,extended_hours,8.152173913043788,close
ICLN,2019-10-22,extended_hours,9.157509157508962,close
ICLN,2019-11-27,extended_hours,9.107468123861372,close
ICLN,2019-12-03,extended_hours,19.477006311992245,close
ICLN,2020-01-17,extended_hours,24.019215372297328,close
ICLN,2020-01-28,extended_hours,16.235864297254537,close
ICLN,2020-02-10,extended_hours,7.812500000001221,close
ICLN,2020-02-28,extended_hours,39.80891719745279,close
ICLN,2020-03-04,extended_hours,22.59036144578265,close
ICLN,2020-05-14,extended_hours,23.020257826886354,close
ICLN,2020-06-01,extended_hours,8.2372322899504,close
ICLN,2020-06-08,extended_hours,15.432098765433139,close
ICLN,2021-03-24,extended_hours,4.4642857142864125,close
ICLN,2021-03-25,extended_hours,13.327410039982734,close
ICLN,2021-04-13,extended_hours,4.260758414997022,close
ICLN,2021-07-19,extended_hours,4.557885141295151,close
ICLN,2022-12-21,extended_hours,4.889975550121276,close
ICLN,2023-11-14,extended_hours,7.147962830593128,close
ICLN,2024-03-26,extended_hours,7.423904974016174,close
ICLN,2024-07-19,extended_hours,7.315288953913524,close
IDXX,2016-06-02,extended_hours,1.1249859376763545,close
IEX,2016-01-29,extended_hours,1.3791201213632762,close
IEX,2016-11-30,extended_hours,3.204785813481587,close
IEX,2016-12-01,extended_hours,1.0455876202431111,close
IEX,2018-12-06,extended_hours,0.7405213270135446,close
IEX,2019-05-01,extended_hours,0.6474587245075641,close
IEX,2019-06-20,extended_hours,3.009872381411712,close
IEX,2019-11-01,extended_hours,1.257545271628635,close
IEX,2019-12-02,extended_hours,0.6242586928017295,close
IEX,2020-12-24,extended_hours,2.03500203500163,close
IEX,2022-04-26,extended_hours,2.6759432700032844,close
IEX,2025-04-30,extended_hours,11.4962349830424,close
IEX,2025-08-18,extended_hours,0.6105751618018626,close
IEX,2025-09-12,extended_hours,0.6228589224534976,close
IEX,2025-10-30,extended_hours,2.3487962419255455,close
IEX,2026-01-29,extended_hours,0.5007009813734681,close
IFF,2016-02-03,extended_hours,0.8291873963508214,close
IFF,2016-08-03,extended_hours,2.2381378692928333,close
IFF,2016-09-23,extended_hours,0.7097232079482545,close
IFF,2016-12-22,extended_hours,7.540846250522765,close
IFF,2018-01-02,extended_hours,7.11697722567376,close
IFF,2018-05-01,extended_hours,1.4078558355631585,close
IFF,2018-12-31,extended_hours,0.7447680047679546,close
IFF,2019-03-18,extended_hours,0.8004482510209809,close
IFF,2020-01-06,extended_hours,0.39834289356354874,close
IFF,2020-03-26,extended_hours,23.570493234395112,close
IFF,2021-02-04,extended_hours,41.752008823066106,close
ILMN,2019-02-15,extended_hours,0.33353345340507323,close
ILMN,2019-10-03,extended_hours,0.33670033670003047,close
INCY,2021-05-10,extended_hours,1.228652168571706,close
INDA,2016-02-10,extended_hours,8.190008190008015,close
INDA,2016-02-12,extended_hours,4.1597337770374425,close
INDA,2016-02-23,extended_hours,12.448132780081986,close
INDA,2016-03-01,extended_hours,11.90003966679934,close
INDA,2016-03-11,extended_hours,11.389521640091548,close
INDA,2016-03-15,extended_hours,5.822981366459848,close
INDA,2016-04-21,extended_hours,5.5025678650025736,close
INDA,2016-04-26,extended_hours,3.6231884057976678,close
INDA,2016-05-03,extended_hours,3.7636432066232635,close
INDA,2016-05-11,extended_hours,9.262689885143436,close
INDA,2016-08-03,extended_hours,3.4048348655095553,close
INDA,2016-08-15,extended_hours,3.3670033670038935,close
INDA,2016-08-18,extended_hours,3.379520108145172,close
INDA,2016-08-19,extended_hours,6.7796610169490075,close
INDA,2016-09-01,extended_hours,16.801075268817442,close
INDA,2016-09-02,extended_hours,3.315649867374524,close
INDA,2016-09-23,extended_hours,6.722689075630109,close
INDA,2016-09-28,extended_hours,6.657789613848061,close
INDA,2016-10-20,extended_hours,1.6960651289006126,close
INDA,2016-12-02,extended_hours,7.547169811320594,close
INDA,2017-01-03,extended_hours,3.7133308577786894,close
INDA,2017-03-21,extended_hours,6.497725795971271,close
INDA,2017-03-30,extended_hours,6.3271116735209025,close
INDA,2017-04-17,extended_hours,6.309148264984093,close
INDA,2017-04-24,extended_hours,6.293266205160344,close
INDA,2017-05-10,extended_hours,3.084515731031806,close
INDA,2017-05-30,extended_hours,3.0712530712546426,close
INDA,2017-10-10,extended_hours,2.95159386068628,close
INDA,2018-03-26,extended_hours,5.875440658048185,close
INDA,2019-01-23,extended_hours,3.0684258975161445,close
INDA,2019-01-28,extended_hours,1.556178026767058,close
INDA,2019-05-15,extended_hours,1.5055706112624383,close
INDA,2019-06-17,extended_hours,2.8868360277130516,close
INDA,2019-08-19,extended_hours,1.565435190982782,close
INDA,2019-09-04,extended_hours,4.7438330170779786,close
INDA,2019-09-16,extended_hours,6.271558482282714,close
INDA,2019-10-03,extended_hours,6.056935190794405,close
INDA,2020-05-04,extended_hours,3.759398496241189,close
INDA,2020-05-05,extended_hours,3.8328861632815494,close
INDA,2020-05-11,extended_hours,3.8109756097566936,close
INDA,2020-06-25,extended_hours,3.4094783498118004,close
INDA,2020-08-11,extended_hours,4.5703839122488015,close
INDA,2020-09-02,extended_hours,2.935133548575876,close
INDA,2020-09-14,extended_hours,2.9146021568070872,close
INDA,2020-09-17,extended_hours,2.89519397799595,close
INDA,2020-09-21,extended_hours,2.9585798816562168,close
INDA,2020-11-20,extended_hours,8.230452674895481,close
INDA,2020-12-04,extended_hours,2.629503023927954,close
INDA,2021-01-08,extended_hours,2.399232245680905,close
INDA,2021-02-16,extended_hours,6.997900629811323,close
INDA,2021-02-24,extended_hours,2.337540906965407,close
INDA,2021-03-08,extended_hours,9.467455621301573,close
INDA,2021-03-25,extended_hours,4.8100048100038535,close
INDA,2021-08-16,extended_hours,2.151462994836061,close
INDA,2021-12-07,extended_hours,4.167534903105465,close
INDA,2022-03-28,extended_hours,2.242152466367267,close
INDA,2022-04-14,extended_hours,1.1195700850878993,close
INDA,2022-06-02,extended_hours,1.1792452830177955,close
INDA,2022-11-01,extended_hours,2.357378595001888,close
INDA,2023-01-05,extended_hours,1.2030798845032369,close
INDA,2023-01-20,extended_hours,2.3430178069348666,close
INDA,2023-02-15,extended_hours,2.4703557312248052,close
INDA,2023-02-21,extended_hours,2.508151492351421,close
INDA,2023-05-03,extended_hours,2.4437927663729253,close
INDA,2023-07-24,extended_hours,0.22456770716318647,close
INDA,2023-07-31,extended_hours,2.2341376228771246,close
INDA,2023-08-07,extended_hours,2.26295541977778,close
INDA,2023-10-19,extended_hours,2.255808707422765,close
INDA,2023-10-20,extended_hours,2.273760800364965,close
INDA,2023-11-02,extended_hours,2.2815423226096305,close
INDA,2023-12-13,extended_hours,2.085070892409927,close
INDA,2024-11-05,extended_hours,0.9132420091328873,close
INDA,2024-12-05,extended_hours,3.585514521334372,close
INDA,2024-12-24,extended_hours,3.746019853905811,close
INDA,2024-12-26,extended_hours,1.8779342723000958,close
INDA,2025-01-31,extended_hours,1.9611688566381662,close
INDA,2025-06-23,extended_hours,2.7619222979194564,close
INDA,2025-09-22,extended_hours,1.8691588785043012,close
INDA,2025-12-23,extended_hours,1.8358729575909694,close
INDA,2026-03-31,extended_hours,4.26985482493662,close
INDA,2026-04-24,extended_hours,1.0084711577239718,close
INDA,2026-06-11,extended_hours,2.0924879681937667,close
INFO,2016-09-09,extended_hours,2.699055330635659,close
INFO,2017-03-17,extended_hours,7.434944237918497,close
INFO,2021-03-22,extended_hours,8.455765775287844,close
INFO,2022-01-05,extended_hours,5.455537370430456,close
INFO,2026-07-29,unexplained,3.8904018229312873,close
INTC,2016-06-02,extended_hours,1.5743073047866996,close
INTC,2018-03-29,extended_hours,7.872503840245165,close
INTU,2023-05-23,extended_hours,5.335704757670277,close
INTU,2025-11-20,extended_hours,14.589608433734153,close
INVH,2017-07-19,extended_hours,4.612546125460337,close
INVH,2018-09-21,extended_hours,12.53132832080248,close
INVH,2019-10-18,extended_hours,6.4766839378236964,close
INVH,2021-02-26,extended_hours,10.29512697323306,close
INVH,2021-09-23,extended_hours,2.471576866040042,close
INVH,2024-12-24,extended_hours,3.065603923972413,close
INVH,2025-08-18,extended_hours,3.338898163606532,close
INVH,2025-11-06,extended_hours,1.7979144192745626,close
INVH,2026-06-26,extended_hours,1.6414970453061581,close
IP,2017-06-27,extended_hours,1.7799928800281257,close
IP,2019-05-22,extended_hours,2.278423331054457,close
IP,2024-12-23,extended_hours,1.8351991191053618,close
IPG,2016-11-30,extended_hours,2.077274615703783,close
IPG,2018-02-21,extended_hours,4.098360655738346,close
IPG,2019-09-27,extended_hours,4.670714619337488,close
IPGP,2016-07-19,extended_hours,1.2118274357720438,close
IPGP,2020-02-10,extended_hours,0.7237461098640013,close
IPGP,2020-12-07,extended_hours,1.8692462264601366,close
IQV,2016-08-22,extended_hours,1.3056534795671908,close
IQV,2017-08-21,extended_hours,11.817791147400026,close
IQV,2017-09-22,extended_hours,5.2798310454062465,close
IQV,2018-07-18,extended_hours,4.558716265500672,close
IQV,2023-03-31,extended_hours,0.5027904872035248,close
IQV,2025-07-03,extended_hours,1.2177301509974312,close
IQV,2025-09-11,extended_hours,0.5244113482610994,close
IQV,2026-01-09,extended_hours,0.8250484715981284,close
IR,2016-06-02,extended_hours,1.3255567338270025,close
IR,2016-06-28,extended_hours,1.4630577907814055,close
IR,2016-11-25,extended_hours,3.47785763969408,close
IR,2016-11-30,extended_hours,2.3677045104766217,close
IR,2018-02-28,extended_hours,2.756339581035835,close
IR,2019-05-10,extended_hours,2.5720164609066654,close
IR,2023-11-24,extended_hours,3.5048366746097677,close
IRM,2017-04-26,extended_hours,1.3850415512452776,close
IRM,2018-06-27,extended_hours,5.813953488373002,close
IRM,2024-12-24,extended_hours,1.8942981625304054,close
IRM,2025-07-16,extended_hours,1.0179153094453284,close
ISRG,2020-05-15,extended_hours,0.5764685536398746,close
ISRG,2026-04-21,extended_hours,0.22158700613775853,close
IT,2016-08-12,extended_hours,1.0715816545226229,close
IT,2017-02-27,extended_hours,4.782400765183851,close
IT,2018-02-02,extended_hours,0.739699681928464,close
IT,2018-02-05,extended_hours,227.68031189083723,close
IT,2018-11-28,extended_hours,1.3010668748380323,close
IT,2018-12-26,extended_hours,0.7788161993784521,close
IT,2019-02-04,extended_hours,5.584642233857767,close
IT,2020-06-02,extended_hours,1.5779092702166486,close
IT,2022-09-21,extended_hours,0.34770514603584507,close
IT,2023-06-23,extended_hours,2.06984239628591,close
IT,2025-07-16,extended_hours,4.4006821057255125,close
IT,2025-07-28,extended_hours,0.28371208897185307,close
ITB,2016-10-14,extended_hours,1.8684603886393891,close
ITB,2017-07-03,extended_hours,2.956830277941458,close
ITB,2017-08-10,extended_hours,4.4143613890525515,close
ITB,2017-08-17,extended_hours,2.9481132075465832,close
ITB,2017-08-18,extended_hours,2.981514609420993,close
ITB,2017-12-12,extended_hours,2.3663038334134208,close
ITB,2018-01-02,extended_hours,4.550625711035979,close
ITB,2018-01-22,extended_hours,2.16076058772645,close
ITB,2018-02-28,extended_hours,1.3048016701468053,close
ITB,2018-04-30,extended_hours,2.6021337496742154,close
ITB,2018-06-27,extended_hours,2.6659557451359945,close
ITB,2018-10-11,extended_hours,3.0959752321997267,close
ITB,2018-12-27,extended_hours,3.3377837116160087,close
ITB,2019-05-28,extended_hours,2.680246582685074,close
ITB,2019-12-24,extended_hours,1.1193194537726792,close
ITB,2020-05-01,extended_hours,2.791736460077613,close
ITB,2020-05-12,extended_hours,2.7389756231183555,close
ITB,2020-05-14,extended_hours,2.8019052956004518,close
ITB,2020-06-15,extended_hours,4.500450045003605,close
ITB,2020-12-14,extended_hours,5.4605023662178995,close
ITB,2020-12-24,extended_hours,3.448275862069505,close
ITB,2021-01-13,extended_hours,3.539823008850111,close
ITB,2021-02-22,extended_hours,1.6244314489925293,close
ITB,2021-03-03,extended_hours,5.029337803856016,close
ITB,2021-08-04,extended_hours,2.7936862690314315,close
ITB,2021-10-27,extended_hours,0.7028394714640782,close
ITB,2021-12-21,extended_hours,2.5464731347097316,close
ITB,2022-09-21,extended_hours,1.8604651162786996,close
ITB,2022-11-14,extended_hours,3.422899195619224,close
ITB,2022-11-17,extended_hours,1.7132088401572743,close
ITB,2022-11-30,extended_hours,1.6425755584765303,close
ITB,2023-01-11,extended_hours,3.0321406913274744,close
ITB,2023-01-31,extended_hours,2.8748023573373613,close
ITB,2023-07-10,extended_hours,1.1872254541143434,close
ITB,2023-08-24,extended_hours,1.2035142616429058,close
ITB,2024-01-25,extended_hours,1.0032102728737073,close
ITB,2024-03-27,extended_hours,0.8730574471804711,close
ITB,2025-01-28,extended_hours,0.9160025648076501,close
ITB,2025-10-22,extended_hours,3.85282219225643,close
ITB,2025-11-07,extended_hours,3.040129712201169,close
ITB,2026-02-12,extended_hours,4.4483985765122025,close
ITB,2026-04-21,extended_hours,3.993610223642797,close
ITB,2026-05-11,extended_hours,1.6395234451853284,close
ITB,2026-05-15,extended_hours,1.7351069982649587,close
ITB,2026-09-08,extended_hours,2.196595277319717,close
ITW,2016-01-29,extended_hours,2.2204951704225624,close
ITW,2016-03-18,extended_hours,1.9739439399917116,close
ITW,2016-05-06,extended_hours,0.9597850081572996,close
ITW,2016-06-02,extended_hours,0.9335324869310226,close
ITW,2016-06-23,extended_hours,1.8723085564497306,close
ITW,2016-08-09,extended_hours,0.8468834688351217,close
ITW,2016-11-25,extended_hours,3.1804086825150706,close
ITW,2016-11-30,extended_hours,0.798849656493921,close
ITW,2016-12-09,extended_hours,0.7872775940789565,close
ITW,2017-02-24,extended_hours,1.5188335358452485,close
ITW,2017-08-02,extended_hours,2.8214713973351526,close
ITW,2017-10-02,extended_hours,1.331912626532381,close
ITW,2017-12-04,extended_hours,1.2032246420412847,close
ITW,2018-01-22,extended_hours,1.7302035872871975,close
ITW,2018-05-01,extended_hours,5.555555555556424,close
ITW,2018-12-27,extended_hours,0.7940289026513344,close
ITW,2019-12-26,extended_hours,1.6548984995587563,close
ITW,2023-08-31,extended_hours,0.4042854255111917,close
ITW,2023-11-24,extended_hours,0.4134794293980114,close
ITW,2024-01-19,extended_hours,0.3913741145157099,close
ITW,2024-12-24,extended_hours,2.7009298915766937,close
IVZ,2024-12-24,extended_hours,5.633802816902289,close
IWM,2016-01-29,extended_hours,0.971250971250088,close
IWM,2016-02-29,extended_hours,0.973425484278293,close
IWM,2016-03-01,extended_hours,0.9529254812265013,close
IWM,2016-03-03,extended_hours,1.8668906935495213,close
IWM,2016-05-20,extended_hours,0.9026085386772376,close
IWM,2016-06-02,extended_hours,0.8571183680470658,close
IWM,2016-06-20,extended_hours,2.601908065915103,close
IWM,2016-09-20,extended_hours,1.6373311502248071,close
IWM,2017-02-27,extended_hours,1.4285714285721594,close
IWM,2017-09-15,extended_hours,0.701902154838977,close
IWM,2017-10-02,extended_hours,0.6666666666660603,close
IWM,2017-12-05,extended_hours,0.6626027034203106,close
IWM,2018-07-09,extended_hours,0.5905628063555971,close
IWM,2018-07-13,extended_hours,1.1946004061647493,close
IWM,2018-07-25,extended_hours,1.1941011403672,close
IWM,2018-11-07,extended_hours,1.9058509624548083,close
IWM,2018-12-06,extended_hours,1.35915732246077,close
IWM,2019-02-04,extended_hours,1.3247665099033072,close
IWM,2019-02-08,extended_hours,2.001334222815286,close
IWM,2019-05-28,extended_hours,1.336898395722609,close
IWM,2020-12-15,extended_hours,7.185751680953384,close
IWM,2021-06-24,extended_hours,0.4312389495015268,close
IWM,2022-01-21,extended_hours,1.5229199451749398,close
IWM,2022-01-31,extended_hours,3.478433710992924,close
IWM,2022-03-16,extended_hours,1.4855897791423758,close
IWM,2023-09-21,extended_hours,0.5647484045868485,close
IWM,2023-12-29,extended_hours,0.4982312789592399,close
IWM,2024-03-22,extended_hours,1.9505534695479818,close
IWM,2024-05-16,extended_hours,0.7213966238631442,close
IWM,2024-06-05,extended_hours,1.9506485906560052,close
IWM,2024-11-20,extended_hours,0.8660633092283475,close
J,2016-01-29,extended_hours,2.549069589599289,close
J,2016-10-14,extended_hours,3.996003996004621,close
J,2017-10-02,extended_hours,3.4019391052893386,close
J,2018-12-24,extended_hours,1.8102824040546723,close
J,2020-11-18,extended_hours,0.950209045990604,close
J,2023-05-08,extended_hours,2.557762810127626,close
JBHT,2016-07-18,extended_hours,1.2304663467460462,close
JBHT,2019-12-11,extended_hours,0.8977466558941661,close
JBL,2018-05-18,extended_hours,3.5803795202297044,close
JBL,2018-06-06,extended_hours,3.4013605442170105,close
JBL,2022-06-07,extended_hours,1.5931177314011653,close
JBL,2022-06-09,extended_hours,4.920452681646898,close
JBL,2025-03-21,extended_hours,1.3772207684898934,close
JCI,2016-09-01,extended_hours,2.2202486678503575,close
JCI,2016-11-30,extended_hours,4.446420631392425,close
JCI,2017-04-13,extended_hours,2.463054187191628,close
JCI,2018-02-27,extended_hours,2.630194634402422,close
JCI,2018-12-27,extended_hours,6.73174015482988,close
JCI,2019-06-21,extended_hours,9.977550511351023,close
JCI,2019-09-11,extended_hours,4.533091568448781,close
JCI,2022-11-02,extended_hours,5.253020486780097,close
JCI,2024-11-29,extended_hours,1.1924636298598994,close
JCI,2026-05-01,extended_hours,0.689274882822643,close
JEF,2018-12-26,extended_hours,5.763688760807817,close
JEF,2023-01-20,extended_hours,2.626740215392175,close
JEF,2026-05-13,extended_hours,1.875468867216431,close
JETS,2016-03-31,extended_hours,27.602523659306108,close
JETS,2016-11-03,extended_hours,4.210526315790132,close
JETS,2016-11-23,extended_hours,3.641660597232907,close
JETS,2017-05-05,extended_hours,10.128291694801193,close
JETS,2017-06-20,extended_hours,6.451612903225668,close
JETS,2017-11-21,extended_hours,13.783962889330343,close
JETS,2018-02-20,extended_hours,1.9811320754715496,close
JETS,2018-05-18,extended_hours,6.585446163977469,close
JETS,2018-10-18,extended_hours,8.10084033613468,close
JETS,2018-11-28,extended_hours,6.279142057818669,close
JETS,2020-04-23,extended_hours,7.46268656716402,close
JETS,2022-11-14,extended_hours,5.414185165133494,close
JETS,2023-01-05,extended_hours,5.537098560353273,close
JETS,2023-01-17,extended_hours,2.4691358024686445,close
JETS,2024-01-30,extended_hours,5.291005291006118,close
JETS,2024-07-29,extended_hours,0.47897817988369096,close
JETS,2024-11-07,extended_hours,8.281573498966099,close
JETS,2024-12-09,extended_hours,3.9666798889321737,close
JETS,2025-02-04,extended_hours,3.835826620637347,close
JETS,2025-07-02,extended_hours,2.101723413198405,close
JETS,2025-07-14,extended_hours,1.9778481012668345,close
JETS,2025-07-15,extended_hours,2.0185708518364978,close
JETS,2025-07-28,extended_hours,4.051863857373586,close
JETS,2025-08-26,extended_hours,3.8109756097553396,close
JETS,2025-09-12,extended_hours,3.84763370527186,close
JKHY,2016-12-21,extended_hours,1.1219566924722446,close
JKHY,2017-10-19,extended_hours,1.8962738219395108,close
JKHY,2018-10-24,extended_hours,1.3436345314081446,close
JKHY,2019-02-08,extended_hours,0.7537499057805763,close
JKHY,2025-05-08,extended_hours,0.5573514658338482,close
JNJ,2016-06-23,extended_hours,1.7038677798599438,close
JNJ,2016-09-27,extended_hours,0.8387854386852136,close
JNJ,2016-11-30,extended_hours,3.5938903863437783,close
JNJ,2017-06-01,extended_hours,3.106072371485638,close
JNJ,2018-04-30,extended_hours,11.858644952170582,close
JNJ,2018-06-06,extended_hours,2.4350517143099624,close
JNJ,2019-09-10,extended_hours,3.087610961020491,close
JNJ,2019-10-18,extended_hours,1.5661707126073627,close
JNJ,2024-12-24,extended_hours,3.428179636611789,close
JNJ,2025-12-01,extended_hours,1.2174929385412332,close
JNJ,2026-08-20,extended_hours,5.610203089350985,close
JNJ,2026-09-15,extended_hours,1.8712574850303656,close
JNPR,2018-12-26,extended_hours,3.759398496241189,close
JNPR,2018-12-27,extended_hours,3.7313432835826728,close
JNPR,2022-11-10,extended_hours,1.6388069485423002,close
JNPR,2025-02-04,extended_hours,11.220196353435947,close
JNPR,2025-06-04,extended_hours,2.786291446084706,close
JPM,2016-03-01,extended_hours,1.6891891891900532,close
JPM,2016-09-09,extended_hours,1.5003750937720786,close
JPM,2017-12-29,extended_hours,6.545726575650589,close
JPM,2018-01-26,extended_hours,12.035763411278058,close
JPM,2018-10-10,extended_hours,8.971023593791541,close
JPM,2018-12-26,extended_hours,1.0421008753637875,close
JPM,2019-11-15,extended_hours,0.7720219254219798,close
JPM,2020-01-13,extended_hours,0.7288629737602701,close
JPM,2022-05-27,extended_hours,0.7617886798216902,close
JPM,2022-11-14,extended_hours,6.720931969233322,close
JPM,2022-11-30,extended_hours,10.131712259372904,close
JPM,2026-04-16,extended_hours,0.9678980480713895,close
JPM,2026-08-17,extended_hours,0.2770390070935214,close
JPM,2026-08-20,extended_hours,3.982363817379785,close
JPM,2026-09-18,extended_hours,1.7159035662196434,close
JWN,2020-02-06,extended_hours,1.2565971349591751,close
JWN,2020-05-12,extended_hours,6.126237623761289,close
JWN,2025-01-08,extended_hours,4.15110004151165,close
JWN,2025-01-15,extended_hours,4.1476565740363185,close
JWN,2025-04-30,extended_hours,2.0712510356251057,close
K,2017-02-24,extended_hours,1.3292569453682195,close
K,2018-03-12,extended_hours,0.7160246312466636,close
K,2018-03-23,extended_hours,0.7942811755354173,close
K,2023-07-03,extended_hours,1.4587892049585565,close
K,2024-08-30,extended_hours,3.721622627465716,close
K,2024-12-13,extended_hours,1.2413108242292583,close
K,2024-12-19,extended_hours,2.489419965147625,close
K,2025-03-03,extended_hours,1.2105072025184742,close
K,2025-03-21,extended_hours,3.6359229184342667,close
K,2025-03-24,extended_hours,1.2121212121218323,close
K,2025-05-28,extended_hours,7.293946024797965,close
K,2025-07-08,extended_hours,5.0409577819793645,close
K,2025-08-22,extended_hours,0.6238303181546678,close
K,2025-09-18,extended_hours,1.9181585677750086,close
KDP,2018-02-02,extended_hours,4.211945076237164,close
KDP,2018-02-21,extended_hours,6.933610677760296,close
KDP,2018-06-06,extended_hours,0.8315316813574851,close
KDP,2018-06-13,extended_hours,3.3197775749030005,close
KDP,2018-10-26,extended_hours,4.149377593361645,close
KEY,2018-02-01,extended_hours,4.55996352029093,close
KEY,2026-02-25,extended_hours,2.3288309268742458,close
KEY,2026-07-22,extended_hours,4.327131112071835,close
KEY,2026-08-17,extended_hours,4.340277777778456,close
KEYS,2016-06-23,extended_hours,3.2226877215602845,close
KEYS,2017-05-11,extended_hours,1.279426816784916,close
KEYS,2017-09-12,extended_hours,2.463054187191628,close
KEYS,2018-02-21,extended_hours,2.1944261575593615,close
KEYS,2018-12-27,extended_hours,3.364171572750736,close
KEYS,2018-12-31,extended_hours,1.6108247422677207,close
KEYS,2020-05-12,extended_hours,2.019997980001618,close
KEYS,2021-09-28,extended_hours,0.5955926146510366,close
KEYS,2026-05-26,extended_hours,1.6866250632485038,close
KEYS,2026-06-26,extended_hours,101.60652345889231,close
KHC,2018-12-26,extended_hours,2.3100023100018503,close
KIM,2018-11-08,extended_hours,3.0693677102510772,close
KIM,2018-11-26,extended_hours,6.418485237483816,close
KIM,2018-12-24,extended_hours,6.988120195667216,close
KIM,2019-11-01,extended_hours,4.601932811781667,close
KIM,2020-10-08,extended_hours,8.319467554076363,close
KIM,2020-12-17,extended_hours,3.315649867374524,close
KIM,2026-07-16,extended_hours,3.8417210910493904,close
KKR,2016-03-08,extended_hours,7.496251874062809,close
KKR,2017-07-26,extended_hours,15.535991714138342,close
KKR,2017-07-27,extended_hours,41.55844155844067,close
KKR,2018-01-22,extended_hours,4.344048653344053,close
KKR,2018-03-22,extended_hours,4.746084480302805,close
KKR,2018-10-19,extended_hours,4.137360364086889,close
KKR,2020-05-19,extended_hours,3.8654812524151567,close
KKR,2021-02-04,extended_hours,2.279981760145465,close
KKR,2021-05-03,extended_hours,1.7771459036783384,close
KKR,2021-12-13,extended_hours,1.3814062715851798,close
KKR,2023-05-18,extended_hours,2.001200720431861,close
KKR,2024-12-24,extended_hours,9.175514484205975,close
KLAC,2016-01-29,extended_hours,1.4927601134489412,close
KLAC,2016-06-17,extended_hours,4.107900862659337,close
KMB,2016-06-02,extended_hours,1.5624999999996891,close
KMB,2019-05-01,extended_hours,0.7970032677138054,close
KMB,2019-10-22,extended_hours,5.4104189210073566,close
KMB,2022-10-25,extended_hours,0.8368901163269651,close
KMB,2022-11-25,extended_hours,2.2217285047768005,close
KMB,2023-09-06,extended_hours,0.7899518129386923,close
KMI,2018-02-27,extended_hours,6.009615384614189,close
KMI,2018-03-09,extended_hours,6.123698714022052,close
KMI,2018-05-01,extended_hours,6.304619225968371,close
KMI,2025-08-19,extended_hours,3.7878787878780344,close
KMX,2018-01-26,extended_hours,1.3808340237510517,close
KMX,2019-09-10,extended_hours,1.1454753722784543,close
KO,2016-02-19,extended_hours,2.2846698652056467,close
KO,2016-03-02,extended_hours,1.1423349326028234,close
KO,2016-08-16,extended_hours,2.2815423226112514,close
KO,2016-11-30,extended_hours,2.4783147459722454,close
KO,2016-12-07,extended_hours,2.4218939210457764,close
KO,2017-06-19,extended_hours,2.203613926841145,close
KO,2017-07-03,extended_hours,2.234137622878712,close
KO,2019-12-26,extended_hours,1.8175209014912967,close
KO,2023-03-20,extended_hours,1.650165016501322,close
KO,2024-12-24,extended_hours,3.182686187142445,close
KO,2026-01-13,extended_hours,1.4037057832665505,close
KO,2026-07-02,extended_hours,14.261944378417466,close
KORS,2016-06-30,extended_hours,4.042037186741314,close
KR,2017-02-24,extended_hours,3.003905076598982,close
KR,2018-02-28,extended_hours,3.6873156342175557,close
KR,2019-05-09,extended_hours,3.9432176656143576,close
KR,2023-06-02,extended_hours,2.1777003484331696,close
KR,2023-07-03,extended_hours,4.21585160202277,close
KR,2026-02-13,extended_hours,1.4035087719305426,close
KRE,2016-02-10,extended_hours,2.926543751828507,close
KRE,2016-04-19,extended_hours,14.921661278289548,close
KRE,2016-12-19,extended_hours,1.814223512336359,close
KRE,2016-12-20,extended_hours,1.7818959372769085,close
KRE,2017-10-02,extended_hours,3.5014005602233933,close
KRE,2018-01-29,extended_hours,1.592356687898904,close
KRE,2018-04-30,extended_hours,3.2446463335489972,close
KRE,2018-07-30,extended_hours,1.619170984456787,close
KRE,2018-12-24,extended_hours,5.653550429669512,close
KRE,2018-12-26,extended_hours,2.1528525296028236,close
KRE,2019-10-03,extended_hours,1.960399921583613,close
KRE,2019-11-01,extended_hours,5.450581395349044,close
KRE,2019-12-30,extended_hours,3.4263085399448703,close
KRE,2020-05-05,extended_hours,2.8449502133707,close
KRE,2021-05-04,extended_hours,8.576329331044606,close
KRE,2021-05-19,extended_hours,1.4326647564456885,close
KRE,2021-06-02,extended_hours,5.6657223796042855,close
KRE,2021-08-05,extended_hours,1.5678896205704,close
KRE,2021-08-26,extended_hours,0.7694675284695988,close
KRE,2021-10-14,extended_hours,1.4184397163127824,close
KRE,2021-10-15,extended_hours,1.4200511218411125,close
KRE,2022-01-28,extended_hours,1.4082523588234213,close
KRE,2023-09-05,extended_hours,2.242655303879347,close
KRE,2024-08-19,extended_hours,1.8018018018014432,close
KRE,2025-02-05,extended_hours,1.5444015444023345,close
KRE,2025-06-30,extended_hours,3.3675702980293014,close
KRE,2025-11-03,extended_hours,2.4941802460925455,close
KSA,2017-04-13,extended_hours,15.797788309636314,close
KSA,2018-01-31,extended_hours,7.215007215007061,close
KSA,2018-06-20,extended_hours,13.123359580052213,close
KSA,2018-08-27,extended_hours,7.723304231027431,close
KSA,2018-11-01,extended_hours,3.3704078193454703,close
KSA,2019-01-03,extended_hours,3.059805285117265,close
KSA,2019-03-01,extended_hours,6.246096189882301,close
KSA,2019-03-28,extended_hours,3.012048192772625,close
KSA,2019-10-04,extended_hours,9.99000999001037,close
KSA,2019-10-17,extended_hours,3.481894150417135,close
KSA,2019-10-30,extended_hours,13.633265167007208,close
KSA,2020-03-26,extended_hours,8.274720728176717,close
KSA,2020-05-06,extended_hours,4.145936981757052,close
KSA,2022-02-07,extended_hours,1.1081560283677865,close
KSA,2022-02-24,extended_hours,3.311258278145821,close
KSA,2022-02-28,extended_hours,2.146383344066348,close
KSA,2023-04-27,extended_hours,2.438429651304075,close
KSA,2023-05-05,extended_hours,4.881620698070789,close
KSA,2023-07-14,extended_hours,2.3584905660372666,close
KSA,2023-07-21,extended_hours,2.3730422401514026,close
KSA,2023-07-31,extended_hours,7.130972189208733,close
KSA,2023-11-10,extended_hours,2.5799793601646055,close
KSA,2024-05-08,extended_hours,2.3014959723832256,close
KSA,2024-06-11,extended_hours,3.675569713305701,close
KSA,2024-10-18,extended_hours,4.801920768308074,close
KSA,2024-11-20,extended_hours,12.056908608632062,close
KSA,2024-12-12,extended_hours,2.3651844843893115,close
KSA,2025-01-03,extended_hours,7.27625515401262,close
KSA,2025-02-24,extended_hours,1.1916110581512291,close
KSA,2025-02-28,extended_hours,9.725261366399014,close
KSA,2025-05-01,extended_hours,2.499375156212226,close
KSA,2025-05-22,extended_hours,2.5458248472500027,close
KSA,2025-07-15,extended_hours,10.5014439485427,close
KSA,2026-03-24,extended_hours,2.6511134676558887,close
KSA,2026-07-15,extended_hours,1.3524479307534358,close
KSS,2017-05-23,extended_hours,2.646202699126227,close
KSS,2018-03-23,extended_hours,1.6134236850605224,close
KSS,2018-06-19,extended_hours,5.308560053084545,close
KSS,2022-04-26,extended_hours,3.3927056827813433,close
KSS,2022-10-03,extended_hours,3.840245775728883,close
KSS,2023-01-31,extended_hours,3.089280197713318,close
KSS,2024-11-01,extended_hours,5.524861878451938,close
KSU,2020-05-12,extended_hours,3.7830067337528464,close
KSU,2021-04-05,extended_hours,5.247769697880021,close
KSU,2021-08-12,extended_hours,0.6842051246957617,close
KSU,2021-09-10,extended_hours,0.35714285714253236,close
KSU,2021-11-30,extended_hours,5.50111741447372,close
KVUE,2023-08-23,extended_hours,12.701100762065023,close
KVUE,2026-02-11,extended_hours,10.787486515641627,close
KVUE,2026-07-21,extended_hours,2.6301946344042912,close
KVUE,2026-07-24,extended_hours,7.780082987552162,close
KVUE,2026-08-05,extended_hours,5.0838840874436,close
L,2016-04-13,extended_hours,2.5348542458821584,close
L,2017-02-02,extended_hours,2.1612275772649916,close
L,2017-05-05,extended_hours,2.1272069772384623,close
L,2017-10-19,extended_hours,2.041649652919153,close
L,2018-12-24,extended_hours,9.402914903619923,close
L,2018-12-31,extended_hours,2.196836555361405,close
L,2019-02-05,extended_hours,2.0798668885187213,close
L,2019-04-26,extended_hours,1.9928258270223216,close
L,2019-06-20,extended_hours,1.849796522383484,close
L,2020-08-24,extended_hours,2.7314941272870827,close
L,2021-05-19,extended_hours,1.7179178835248259,close
L,2022-10-12,extended_hours,1.9425019425029364,close
L,2026-01-09,extended_hours,0.9562057754833732,close
L,2026-08-18,extended_hours,0.8892841262775371,close
LB,2024-07-03,extended_hours,62.49999999999941,close
LB,2024-11-08,extended_hours,9.271523178807042,close
LB,2025-02-21,extended_hours,1.533507130808943,close
LB,2025-11-10,extended_hours,2.6666666666661363,close
LB,2025-12-12,extended_hours,19.92392682485047,close
LDOS,2018-02-28,extended_hours,3.159058600536411,close
LDOS,2018-06-04,extended_hours,1.6236402013322155,close
LDOS,2018-10-24,extended_hours,46.318479476121894,close
LDOS,2019-05-01,extended_hours,1.3726835964317252,close
LDOS,2019-06-12,extended_hours,2.523659305993189,close
LDOS,2019-07-05,extended_hours,6.096074128261054,close
LDOS,2019-09-11,extended_hours,1.1731581417164367,close
LDOS,2020-12-14,extended_hours,0.9603380389902156,close
LDOS,2022-11-25,extended_hours,5.510147855634335,close
LDOS,2024-03-25,extended_hours,0.7799095304937533,close
LDOS,2025-09-04,extended_hours,0.5599731212912602,close
LDOS,2026-02-17,extended_hours,29.71584225840338,close
LEG,2016-07-08,extended_hours,1.921968095329235,close
LEG,2016-11-25,extended_hours,6.056935190793689,close
LEG,2017-02-17,extended_hours,2.0567667626487065,close
LEG,2017-06-01,extended_hours,7.676069852235491,close
LEG,2017-06-27,extended_hours,1.910584638899123,close
LEG,2017-07-03,extended_hours,5.720823798627219,close
LEG,2017-10-03,extended_hours,2.0593080724886974,close
LEG,2018-12-21,extended_hours,25.80275229357692,close
LEG,2018-12-27,extended_hours,2.7739251040216395,close
LEG,2021-03-11,extended_hours,2.066969822240184,close
LEG,2021-12-17,extended_hours,2.629503023927954,close
LEG,2026-07-02,extended_hours,8.375209380234327,close
LEN,2016-08-30,extended_hours,2.112824846819778,close
LEN,2019-05-24,extended_hours,1.9264110961275305,close
LEN,2020-03-09,extended_hours,3.6133694670272845,close
LEN,2025-10-24,extended_hours,1.5677667163134148,close
LEN,2025-11-07,extended_hours,0.8227067050588981,close
LH,2016-09-09,extended_hours,1.4812620352526893,close
LH,2017-04-06,extended_hours,15.970004166089305,close
LH,2017-06-27,extended_hours,3.992015968064023,close
LH,2018-02-05,extended_hours,10.415390270799382,close
LH,2018-02-21,extended_hours,1.151012891344972,close
LH,2018-11-21,extended_hours,0.6223162611233372,close
LH,2020-06-19,extended_hours,56.66769325531358,close
LH,2020-08-07,extended_hours,0.5178395733011923,close
LH,2022-10-14,extended_hours,2.3962426914603356,close
LH,2022-11-14,extended_hours,0.40794680373642167,close
LHX,2017-02-24,extended_hours,0.9000900090000815,close
LHX,2017-06-01,extended_hours,0.882145377558673,close
LHX,2018-12-27,extended_hours,0.7596475235483824,close
LHX,2019-07-01,extended_hours,17.962391243333887,close
LHX,2020-10-21,extended_hours,0.5888934691708912,close
LHX,2022-03-31,extended_hours,3.6221676661167708,close
LHX,2023-01-31,extended_hours,1.8620240201094889,close
LHX,2023-11-24,extended_hours,0.5235327993294019,close
LHX,2024-10-29,extended_hours,0.4080466805410425,close
LII,2016-04-01,extended_hours,0.7274843590876855,close
LII,2018-02-02,extended_hours,0.9525623928358645,close
LII,2018-02-05,extended_hours,322.4489795918364,close
LII,2019-07-19,extended_hours,3.944065973467682,close
LII,2021-08-02,extended_hours,13.092193399098978,close
LII,2021-08-04,extended_hours,0.6085501293180787,close
LII,2023-01-20,extended_hours,0.8345155637156902,close
LII,2023-08-24,extended_hours,0.5591746582039816,close
LII,2023-12-21,extended_hours,1.8030606955303046,close
LII,2024-09-18,extended_hours,0.3319998007998176,close
LII,2025-05-16,extended_hours,0.16507915545489055,close
LIN,2018-11-07,extended_hours,1.1986814504034649,close
LIN,2018-12-24,extended_hours,4.725578883412758,close
LIN,2018-12-27,extended_hours,4.475417172814601,close
LIN,2019-05-02,extended_hours,0.5540473156418265,close
LIN,2019-07-03,extended_hours,4.420215117135868,close
LIN,2019-07-23,extended_hours,0.9670244657181033,close
LIN,2019-09-10,extended_hours,1.6153349127719758,close
LIN,2021-04-29,extended_hours,0.34561415635553006,close
LIN,2021-11-22,extended_hours,0.30326924243315656,close
LIN,2022-04-26,extended_hours,0.9883701775781493,close
LIN,2022-07-15,extended_hours,2.1662213878259178,close
LIT,2016-06-28,extended_hours,14.38043928719324,close
LIT,2016-08-03,extended_hours,6.082725060827481,close
LIT,2016-12-13,extended_hours,3.9432176656157587,close
LIT,2017-05-05,extended_hours,17.482517482517732,close
LIT,2017-05-16,extended_hours,10.193679918450947,close
LIT,2017-05-24,extended_hours,1.1852353538782598,close
LIT,2017-12-11,extended_hours,2.612330198536575,close
LIT,2018-08-09,extended_hours,3.038590094197848,close
LIT,2019-04-24,extended_hours,7.1352122725649565,close
LIT,2019-06-04,extended_hours,3.9416633819477975,close
LIT,2019-08-20,extended_hours,4.180602006688131,close
LIT,2021-11-24,extended_hours,3.1840373593718043,close
LIT,2022-08-31,extended_hours,1.3555645926535334,close
LIT,2024-10-24,extended_hours,9.328358208955025,close
LIT,2025-05-05,extended_hours,8.079719903041752,close
LIT,2025-08-22,extended_hours,4.300150505266829,close
LITE,2016-12-13,extended_hours,12.376237623763432,close
LITE,2021-03-08,extended_hours,1.2061271257996764,close
LITE,2022-01-03,extended_hours,0.9334453467740974,close
LKQ,2016-08-18,extended_hours,0.19740552735530775,close
LKQ,2016-09-09,extended_hours,2.864508736753113,close
LLL,2017-02-24,extended_hours,1.1966016513091906,close
LLL,2017-05-09,extended_hours,0.5960541217154036,close
LLL,2017-07-03,extended_hours,7.034822370735404,close
LLL,2017-09-18,extended_hours,1.067805659370541,close
LLL,2017-10-20,extended_hours,1.0558547143903396,close
LLL,2022-04-12,extended_hours,68.96551724137937,close
LLL,2022-06-17,extended_hours,2.7777777777774717,close
LLTC,2016-10-18,extended_hours,1.696640651510878,close
LLY,2017-06-27,extended_hours,1.2042389210008315,close
LLY,2018-03-16,extended_hours,1.2423903590496839,close
LLY,2019-08-27,extended_hours,0.9030976248524252,close
LLY,2020-03-13,extended_hours,6.457630767023276,close
LLY,2024-06-28,extended_hours,2.9821732311292695,close
LLY,2024-11-25,extended_hours,9.80132450331138,close
LLY,2025-01-23,extended_hours,0.13044612574994657,close
LLY,2025-09-03,extended_hours,2.3040537793268467,close
LLY,2026-08-10,extended_hours,1.8669740409437001,close
LM,2017-07-26,extended_hours,14.489253803427957,close
LM,2018-02-14,extended_hours,2.55102040816457,close
LM,2018-02-27,extended_hours,2.4950099800411967,close
LM,2020-05-08,extended_hours,18.09045226130722,close
LM,2020-06-04,extended_hours,13.97205588822361,close
LM,2020-06-30,extended_hours,1.0050251256286549,close
LM,2020-07-16,extended_hours,2.0072260136487374,close
LM,2020-07-21,extended_hours,2.0004000800170267,close
LMT,2016-06-23,extended_hours,1.2500000000000473,close
LMT,2016-09-20,extended_hours,1.6633399866941312,close
LMT,2016-11-30,extended_hours,0.37700282752086356,close
LMT,2017-01-10,extended_hours,3.9036577272891395,close
LMT,2017-03-31,extended_hours,0.37369207772761226,close
LMT,2017-06-27,extended_hours,1.4397293308865302,close
LMT,2017-07-12,extended_hours,0.6984215672573616,close
LMT,2017-09-01,extended_hours,1.6545881730041156,close
LMT,2017-10-06,extended_hours,1.579978512290796,close
LMT,2017-10-20,extended_hours,3.4375000000004263,close
LMT,2017-11-02,extended_hours,0.32168821977709916,close
LMT,2018-10-10,extended_hours,2.32813659985116,close
LMT,2018-12-27,extended_hours,0.384926286617951,close
LMT,2020-04-20,extended_hours,14.874350878108432,close
LMT,2020-05-27,extended_hours,2.2663174858992705,close
LMT,2024-12-20,extended_hours,7.770643327471177,close
LMT,2025-05-27,extended_hours,1.0485477613507679,close
LMT,2025-05-30,extended_hours,1.6584435507273123,close
LMT,2025-06-12,extended_hours,0.8523877511872402,close
LMT,2025-07-21,extended_hours,11.508479360737185,close
LMT,2025-11-05,extended_hours,0.4227078665942143,close
LMT,2025-11-28,extended_hours,1.3104442405976122,close
LMT,2026-06-30,extended_hours,2.748007694421277,close
LNC,2016-05-27,extended_hours,2.1663778162907303,close
LNC,2016-06-02,extended_hours,2.1715526601515767,close
LNC,2019-10-01,extended_hours,3.464403256539603,close
LNC,2025-08-26,extended_hours,2.3468669326444522,close
LNT,2016-08-16,extended_hours,2.617801047119898,close
LNT,2016-08-24,extended_hours,2.5759917568258652,close
LNT,2017-02-07,extended_hours,2.6455026455021193,close
LNT,2017-02-08,extended_hours,2.621231979029623,close
LOW,2016-04-25,extended_hours,1.312508203175076,close
LOW,2016-06-02,extended_hours,1.238236750867399,close
LOW,2017-02-17,extended_hours,2.60620276257441,close
LOW,2017-06-01,extended_hours,1.2433171702107566,close
LOW,2018-01-26,extended_hours,1.8621973929246025,close
LOW,2018-06-29,extended_hours,1.0463534581987148,close
LOW,2020-02-25,extended_hours,4.218697266283932,close
LOW,2024-12-24,extended_hours,6.394372951802277,close
LOW,2025-12-08,extended_hours,3.0634752062746937,close
LOW,2026-07-02,extended_hours,0.43956043956003976,close
LRCX,2016-06-24,extended_hours,1.2153621779283492,close
LRCX,2016-06-30,extended_hours,1.189626457293864,close
LRCX,2016-12-07,extended_hours,9.380863039399426,close
LULU,2020-04-30,extended_hours,0.8949346697695648,close
LUMN,2019-04-16,extended_hours,8.163265306122275,close
LUMN,2023-10-23,extended_hours,76.92307692307699,close
LUV,2016-06-30,extended_hours,2.5503698036210176,close
LUV,2025-12-17,extended_hours,2.4402147388982716,close
LVLT,2016-06-02,extended_hours,1.8604651162786996,close
LVLT,2017-10-06,extended_hours,0.9077705156128272,close
LVS,2016-01-04,extended_hours,2.30414746543733,close
LVS,2019-03-14,extended_hours,1.6829350387083668,close
LVS,2019-11-08,extended_hours,1.5605493133591006,close
LVS,2026-02-03,extended_hours,1.7562346329466123,close
LVS,2026-04-13,extended_hours,1.8234865062007868,close
LW,2017-05-10,extended_hours,4.709206498704032,close
LW,2018-02-27,extended_hours,3.6771465342886596,close
LYV,2017-04-04,extended_hours,3.2289312237642918,close
LYV,2017-05-16,extended_hours,2.9061319383894246,close
LYV,2018-12-27,extended_hours,2.0483408439160202,close
LYV,2019-04-08,extended_hours,1.5728216420254812,close
LYV,2019-09-04,extended_hours,1.4184397163127824,close
LYV,2024-11-22,extended_hours,0.7128091809816028,close
LYV,2025-12-11,extended_hours,1.409741312469883,close
LYV,2026-05-19,extended_hours,3.067296484878926,close
M,2019-03-28,extended_hours,2.066969822240184,close
M,2019-08-20,extended_hours,6.510416666666528,close
M,2021-01-29,extended_hours,13.297872340426432,close
M,2024-05-09,extended_hours,5.141388174806175,close
M,2025-03-24,extended_hours,14.347202295552062,close
M,2026-07-21,extended_hours,2.1008403361340355,close
MA,2016-05-27,extended_hours,4.11607326610478,close
MA,2016-06-02,extended_hours,1.0322047894292843,close
MA,2016-06-08,extended_hours,2.0410245943459557,close
MA,2016-06-15,extended_hours,4.285408185128781,close
MA,2016-06-22,extended_hours,5.315755900488747,close
MA,2016-06-23,extended_hours,1.044822902517073,close
MA,2016-07-22,extended_hours,6.406149903907995,close
MA,2016-09-09,extended_hours,4.075394803870814,close
MA,2016-11-04,extended_hours,1.9411821799472018,close
MA,2016-11-25,extended_hours,4.729026766291228,close
MA,2017-01-27,extended_hours,0.9104151493085503,close
MA,2017-02-24,extended_hours,1.8018018018014432,close
MA,2017-06-01,extended_hours,0.810372771475293,close
MA,2017-06-27,extended_hours,0.8147303242630859,close
MA,2017-12-29,extended_hours,12.552854122621413,close
MA,2018-01-05,extended_hours,3.143863179073375,close
MA,2018-11-08,extended_hours,0.9575792396825735,close
MA,2019-07-03,extended_hours,4.0281236267744545,close
MA,2019-08-26,extended_hours,0.361755236406718,close
MA,2019-10-28,extended_hours,12.321965715943604,close
MA,2019-11-14,extended_hours,0.3576154203766014,close
MA,2020-02-10,extended_hours,0.30277340438388356,close
MA,2020-06-19,extended_hours,101.1804384485666,close
MA,2020-10-05,extended_hours,1.7479970866715886,close
MA,2020-11-20,extended_hours,6.811145510836758,close
MA,2022-09-30,extended_hours,9.143982556096496,close
MA,2022-11-30,extended_hours,6.734006734005395,close
MA,2023-05-18,extended_hours,6.122136625682596,close
MA,2025-05-30,extended_hours,11.782786885246832,close
MA,2025-07-16,extended_hours,1.4400921658973078,close
MA,2026-03-23,extended_hours,0.799392461729495,close
MAA,2016-04-14,extended_hours,1.0402579839805592,close
MAA,2016-05-27,extended_hours,0.9770395701017006,close
MAA,2018-02-05,extended_hours,4.499437570302816,close
MAA,2018-12-24,extended_hours,2.1684918139429707,close
MAA,2018-12-26,extended_hours,1.0497585555327646,close
MAA,2018-12-27,extended_hours,1.0473397570177123,close
MAA,2019-05-28,extended_hours,0.882846296460238,close
MAA,2019-09-10,extended_hours,1.563232765358451,close
MAA,2019-09-11,extended_hours,0.7779074290174505,close
MAA,2019-10-30,extended_hours,3.656039777711535,close
MAA,2019-12-05,extended_hours,1.4814814814822395,close
MAA,2020-08-25,extended_hours,1.721318529993633,close
MAA,2021-11-26,extended_hours,2.456157587071345,close
MAA,2022-09-21,extended_hours,3.1707781089486566,close
MAA,2023-04-25,extended_hours,1.3528138528145448,close
MAA,2024-10-29,extended_hours,0.6623832549507124,close
MAA,2025-06-12,extended_hours,0.6602839220858967,close
MAC,2016-04-11,extended_hours,7.6103500761037886,close
MAC,2018-01-04,extended_hours,1.5625000000007994,close
MAC,2019-11-01,extended_hours,3.5473572188724947,close
MAC,2022-08-25,extended_hours,9.784735812132864,close
MAC,2022-09-16,extended_hours,22.026431718061204,close
MAC,2022-11-17,extended_hours,7.5757575757574145,close
MAC,2026-01-29,extended_hours,5.353319057814781,close
MAR,2016-11-07,extended_hours,1.404889013768631,close
MAR,2017-02-15,extended_hours,1.1178180192254534,close
MAR,2018-01-19,extended_hours,0.5275213437909696,close
MAS,2018-10-15,extended_hours,3.120124804993796,close
MAS,2024-01-29,extended_hours,1.4622020763276964,close
MAT,2024-05-03,extended_hours,5.420054200542854,close
MCD,2016-05-11,extended_hours,2.323060244695767,close
MCD,2016-08-15,extended_hours,1.6874789065145321,close
MCD,2016-09-09,extended_hours,6.109268633269976,close
MCD,2016-11-30,extended_hours,0.8384338056514727,close
MCD,2017-06-01,extended_hours,3.2810551873471328,close
MCD,2017-09-06,extended_hours,3.1601567437752096,close
MCD,2017-12-11,extended_hours,1.154401154401745,close
MCD,2018-03-29,extended_hours,131.73040030694477,close
MCD,2018-07-02,extended_hours,0.6374705169880095,close
MCD,2018-09-21,extended_hours,41.74228675136102,close
MCD,2018-12-27,extended_hours,1.138239144044746,close
MCD,2019-01-17,extended_hours,0.5521506266920284,close
MCD,2019-07-02,extended_hours,0.9542895314443282,close
MCD,2019-08-27,extended_hours,0.46285582041152074,close
MCD,2019-10-03,extended_hours,3.8089796695716087,close
MCD,2022-05-27,extended_hours,0.3970302139989242,close
MCD,2025-06-23,extended_hours,1.726996407845901,close
MCD,2026-06-03,extended_hours,0.36591166892278915,close
MCD,2026-08-03,extended_hours,1.1310937676723114,close
MCHI,2016-01-08,extended_hours,5.0025012506260955,close
MCHI,2016-07-22,extended_hours,2.2578460149013346,close
MCHI,2017-03-02,extended_hours,2.064835845549868,close
MCHI,2017-04-13,extended_hours,1.0006003602166416,close
MCHI,2017-08-09,extended_hours,8.241305422779671,close
MCHI,2017-10-10,extended_hours,0.7574609907604398,close
MCHI,2018-01-11,extended_hours,1.41043723554374,close
MCHI,2018-01-19,extended_hours,1.3623978201641846,close
MCHI,2019-08-08,extended_hours,1.8057060310590676,close
MCHI,2019-08-27,extended_hours,3.6036036036041668,close
MCHI,2019-10-03,extended_hours,7.048458149779585,close
MCHI,2019-10-18,extended_hours,3.464403256539603,close
MCHI,2019-12-09,extended_hours,0.8336112037350047,close
MCHI,2020-01-16,extended_hours,4.467609828741792,close
MCHI,2020-02-12,extended_hours,3.040437823045914,close
MCHI,2020-02-26,extended_hours,1.5987210231822728,close
MCHI,2020-03-30,extended_hours,3.676470588235434,close
MCHI,2020-05-12,extended_hours,1.6458196181706906,close
MCHI,2020-06-08,extended_hours,3.099814011158714,close
MCHI,2020-09-21,extended_hours,8.140008140006522,close
MCHI,2021-05-27,extended_hours,3.6509675063893314,close
MCHI,2021-06-15,extended_hours,3.729951510628736,close
MCHI,2021-07-19,extended_hours,0.6496037417169616,close
MCHI,2021-07-21,extended_hours,5.158627805004675,close
MCHI,2022-01-28,extended_hours,3.3439224210003555,close
MCHI,2022-02-09,extended_hours,1.5615240474711298,close
MCHI,2022-06-30,extended_hours,1.791793585379881,close
MCHI,2022-08-12,extended_hours,1.0004001600631158,close
MCHI,2022-09-19,extended_hours,1.0799136069104651,close
MCHI,2023-12-06,extended_hours,1.2230919765155215,close
MCHI,2024-12-19,extended_hours,4.280821917808888,close
MCHI,2025-07-02,extended_hours,1.8181818181814564,close
MCHI,2025-12-23,extended_hours,3.296522169112103,close
MCHI,2026-01-07,extended_hours,1.6160310277954122,close
MCHI,2026-02-06,extended_hours,0.8107669855687624,close
MCHP,2016-07-29,extended_hours,3.5945363048159633,close
MCK,2016-02-02,extended_hours,1.2903225806458214,close
MCK,2016-03-01,extended_hours,0.6383657835952331,close
MCK,2016-12-06,extended_hours,1.3755158184326157,close
MCK,2018-02-05,extended_hours,9.843165562045128,close
MCK,2024-09-30,extended_hours,1.618057521945733,close
MCK,2025-06-11,extended_hours,1.3932233615696437,close
MCK,2025-07-03,extended_hours,2.7818712637273277,close
MCK,2026-02-27,extended_hours,5.3677952540584855,close
MCK,2026-05-19,extended_hours,1.8375356022521148,close
MCK,2026-08-13,extended_hours,1.9843817483565709,close
MCK,2026-09-16,extended_hours,2.817568100620992,close
MCO,2016-06-02,extended_hours,2.008233758410506,close
MCO,2016-06-23,extended_hours,0.9832841691253802,close
MCO,2017-02-14,extended_hours,0.9152480322171989,close
MCO,2017-10-12,extended_hours,4.863475300492821,close
MCO,2017-12-29,extended_hours,0.6774608766337582,close
MCO,2018-02-15,extended_hours,0.5988382537888093,close
MCO,2018-02-27,extended_hours,2.3757201401670156,close
MCO,2019-06-28,extended_hours,3.072039322103439,close
MCO,2020-03-10,extended_hours,3.075571177504094,close
MCO,2020-05-12,extended_hours,2.794522735438268,close
MCO,2022-03-31,extended_hours,0.8891259891518543,close
MDLZ,2016-01-29,extended_hours,2.320185614848726,close
MDLZ,2016-12-09,extended_hours,2.383790226461291,close
MDT,2016-05-27,extended_hours,2.448280083241036,close
MDT,2016-06-23,extended_hours,0.582954412964376,close
MDT,2017-06-27,extended_hours,2.252505912827573,close
MDT,2017-07-06,extended_hours,1.146000458399141,close
MDT,2018-03-16,extended_hours,12.301636117602941,close
MDT,2018-12-06,extended_hours,2.078137988362014,close
MDT,2018-12-24,extended_hours,1.1655011655017617,close
MDY,2016-02-19,extended_hours,1.6813787305587238,close
MDY,2016-02-29,extended_hours,2.881369885568172,close
MDY,2016-03-01,extended_hours,0.40241448692116316,close
MDY,2016-03-03,extended_hours,0.3947264545666261,close
MDY,2016-03-29,extended_hours,2.2844089091948327,close
MDY,2016-04-01,extended_hours,3.0281236988524958,close
MDY,2016-05-02,extended_hours,0.5963473723451194,close
MDY,2016-06-02,extended_hours,7.275637527737954,close
MDY,2016-06-23,extended_hours,2.5353132922872152,close
MDY,2016-06-29,extended_hours,2.9949523275384498,close
MDY,2016-08-03,extended_hours,0.7102272727286453,close
MDY,2016-09-02,extended_hours,0.34735489249334484,close
MDY,2016-09-20,extended_hours,2.887565421403504,close
MDY,2017-01-11,extended_hours,0.3260196263812116,close
MDY,2017-02-17,extended_hours,2.217997465147339,close
MDY,2017-02-24,extended_hours,2.2147693475920134,close
MDY,2017-03-08,extended_hours,0.9640102827772995,close
MDY,2017-04-13,extended_hours,0.6547716483888903,close
MDY,2017-04-17,extended_hours,0.32337343163856247,close
MDY,2017-05-05,extended_hours,0.9485566130196578,close
MDY,2017-06-01,extended_hours,0.3141591530266377,close
MDY,2017-11-27,extended_hours,1.184483269174429,close
MDY,2017-12-06,extended_hours,1.4673514306679785,close
MDY,2018-01-02,extended_hours,2.0074562661311495,close
MDY,2018-01-11,extended_hours,0.8419870895321234,close
MDY,2018-02-05,extended_hours,0.2980448259415506,close
MDY,2018-07-05,extended_hours,0.5568393796820073,close
MDY,2018-07-25,extended_hours,0.2763194252553442,close
MDY,2018-12-31,extended_hours,2.312749859582819,close
MDY,2019-02-15,extended_hours,2.006363037060196,close
MDY,2019-05-28,extended_hours,0.2975127930498306,close
MDY,2019-06-26,extended_hours,0.5790220317877829,close
MDY,2019-07-03,extended_hours,0.5591590248261521,close
MDY,2019-08-08,extended_hours,0.8542627712292715,close
MDY,2020-10-01,extended_hours,1.4555617012608475,close
MDY,2020-12-24,extended_hours,0.23710729104898412,close
MDY,2021-05-10,extended_hours,0.2005133140838728,close
MDY,2021-05-12,extended_hours,0.8352823254264213,close
MDY,2021-06-18,extended_hours,0.4209551472286799,close
MDY,2022-03-16,extended_hours,0.41198887629996517,close
MDY,2022-07-21,extended_hours,0.9065772177149826,close
MDY,2022-08-25,extended_hours,0.6375247040817034,close
MDY,2023-05-16,extended_hours,0.9061664627783883,close
MDY,2023-08-17,extended_hours,2.128791910591224,close
MDY,2023-08-24,extended_hours,1.7031060396394542,close
MDY,2024-01-08,extended_hours,1.196172248803873,close
MDY,2024-01-29,extended_hours,0.9818553138011814,close
MDY,2024-02-01,extended_hours,1.1870610347215802,close
MDY,2024-02-16,extended_hours,0.9679979865655085,close
MDY,2024-03-25,extended_hours,1.8322736683955283,close
MDY,2024-04-17,extended_hours,0.38666022232927616,close
MDY,2024-05-09,extended_hours,0.5474752267454918,close
MDY,2024-06-21,extended_hours,0.18679368637323068,close
MDY,2024-07-17,extended_hours,0.7135212272558619,close
MDY,2024-08-19,extended_hours,0.5400151204228808,close
MDY,2025-02-05,extended_hours,0.6744907594759818,close
MDY,2025-05-27,extended_hours,0.17962996227754455,close
MDY,2026-09-03,extended_hours,0.7239661762995848,close
MET,2016-11-25,extended_hours,2.0234722784308206,close
MET,2017-09-13,extended_hours,2.055498458375747,close
MET,2018-01-26,extended_hours,1.8258170531322104,close
META,2016-07-05,extended_hours,7.880910683012557,close
META,2016-09-09,extended_hours,0.7867820613694034,close
MGM,2018-12-06,extended_hours,3.6469730124002777,close
MGM,2018-12-26,extended_hours,8.62068965517223,close
MGM,2018-12-27,extended_hours,8.424599831507825,close
MGM,2019-05-28,extended_hours,3.9494470774083767,close
MHK,2016-06-02,extended_hours,0.502234945508479,close
MHK,2016-08-03,extended_hours,1.9177294083814584,close
MHK,2016-11-30,extended_hours,1.5194489465154548,close
MHK,2018-02-27,extended_hours,0.8112273870370014,close
MHK,2020-08-05,extended_hours,1.1739845034051555,close
MHK,2024-12-24,extended_hours,6.656127797653574,close
MJN,2017-05-01,extended_hours,1.1267605633808582,close
MJN,2017-06-02,extended_hours,2.222469163239918,close
MJN,2017-06-07,extended_hours,1.1112345816191695,close
MKC,2016-04-06,extended_hours,2.0076289901636453,close
MKC,2016-10-03,extended_hours,8.252527336496627,close
MKC,2016-11-25,extended_hours,6.500541711809564,close
MKC,2017-06-01,extended_hours,1.8960940462656646,close
MKC,2018-11-28,extended_hours,1.351716680184525,close
MKC,2018-12-26,extended_hours,1.4457134595930485,close
MKC,2019-01-28,extended_hours,1.641227638273102,close
MKC,2019-10-08,extended_hours,1.20019203072553,close
MKC,2022-11-29,extended_hours,1.1940298507468796,close
MKC,2023-07-03,extended_hours,1.7012589316094553,close
MKC,2025-07-03,extended_hours,1.3306719893534136,close
MKTX,2016-06-08,extended_hours,1.3932427725538301,close
MKTX,2016-08-24,extended_hours,0.6047046018014697,close
MKTX,2020-06-03,extended_hours,0.9594903187439928,close
MKTX,2023-03-01,extended_hours,0.8638811299557323,close
MKTX,2026-08-27,extended_hours,0.9233041979555803,close
MKTX,2026-09-01,extended_hours,0.614817091914596,close
MLM,2018-01-08,extended_hours,16.06948968512506,close
MLM,2020-03-26,extended_hours,21.03427046993621,close
MLM,2023-01-26,extended_hours,0.2865329512891377,close
MLM,2023-11-21,extended_hours,0.8730955603095225,close
MMC,2016-06-02,extended_hours,1.5051173991557654,close
MMC,2016-06-23,extended_hours,1.4725371815624952,close
MMC,2016-07-11,extended_hours,1.4892032762458531,close
MMC,2017-02-17,extended_hours,1.3601741022838554,close
MMC,2017-07-03,extended_hours,2.5637738751437023,close
MMC,2018-02-05,extended_hours,6.059137178865385,close
MMC,2018-04-30,extended_hours,1.2269938650313026,close
MMC,2018-07-05,extended_hours,1.199328376108288,close
MMC,2018-12-31,extended_hours,1.253918495298447,close
MMC,2019-07-02,extended_hours,0.9797198001362697,close
MMC,2020-01-02,extended_hours,0.8924587237832132,close
MMC,2020-01-17,extended_hours,0.8760402978541494,close
MMC,2020-05-15,extended_hours,12.443763759930645,close
MMC,2020-07-29,extended_hours,3.4608063678830283,close
MMM,2016-03-07,extended_hours,1.8683440244130995,close
MMM,2016-03-18,extended_hours,8.467912659530318,close
MMM,2017-03-17,extended_hours,5.198585984613366,close
MMM,2017-05-02,extended_hours,1.0176563374553622,close
MMM,2017-05-31,extended_hours,2.9344158067199233,close
MMM,2017-06-06,extended_hours,0.9736624312355889,close
MMM,2017-07-24,extended_hours,7.619047619047457,close
MMM,2017-08-30,extended_hours,0.49094211792385023,close
MMM,2017-10-20,extended_hours,0.4518344478578938,close
MMM,2017-12-29,extended_hours,7.647533670391589,close
MMM,2018-11-30,extended_hours,6.252404771065576,close
MMM,2018-12-27,extended_hours,3.6706869428418027,close
MMM,2019-03-05,extended_hours,0.49058084772325866,close
MMM,2019-10-23,extended_hours,0.5925574780748344,close
MMM,2020-02-05,extended_hours,1.8480872297173125,close
MMM,2023-01-31,extended_hours,0.8689607229757661,close
MMM,2024-12-24,extended_hours,3.8355323718940904,close
MNK,2020-09-30,extended_hours,34.93270317476697,close
MNK,2022-11-25,extended_hours,83.33333333333388,close
MNK,2022-12-14,extended_hours,105.37407797681732,close
MNK,2023-08-24,extended_hours,24.993751562109495,close
MO,2016-09-09,extended_hours,1.5733165512898064,close
MO,2017-03-30,extended_hours,1.3879250520478996,close
MO,2017-05-01,extended_hours,2.824858757061585,close
MO,2017-05-31,extended_hours,7.953340402969549,close
MO,2020-04-29,extended_hours,4.941932295528324,close
MO,2023-07-03,extended_hours,4.355400696864792,close
MO,2025-06-20,extended_hours,1.6736401673636838,close
MO,2025-07-03,extended_hours,1.6764459346182752,close
MO,2026-04-06,extended_hours,1.502629601801789,close
MOH,2016-09-02,extended_hours,1.8073377914328594,close
MOH,2020-06-19,extended_hours,61.19610570236407,close
MOH,2020-12-15,extended_hours,0.490099980395555,close
MOH,2023-02-07,extended_hours,4.293688278230851,close
MON,2017-01-06,extended_hours,3.6992509016916713,close
MON,2017-04-13,extended_hours,3.4551265440102146,close
MON,2017-06-01,extended_hours,2.547121752419862,close
MON,2017-06-26,extended_hours,25.466893039048994,close
MON,2017-08-16,extended_hours,2.5488530161428327,close
MON,2017-10-02,extended_hours,2.4931438544004934,close
MON,2017-10-30,extended_hours,0.8251505899830939,close
MON,2018-01-02,extended_hours,1.7018379850234873,close
MON,2018-02-08,extended_hours,0.8397715821300904,close
MON,2018-02-15,extended_hours,0.8264462809921584,close
MON,2018-03-09,extended_hours,0.8096510404020011,close
MON,2018-04-23,extended_hours,3.998400639743875,close
MON,2018-05-01,extended_hours,1.5922299179998425,close
MON,2018-05-10,extended_hours,4.804227720394128,close
MON,2018-06-01,extended_hours,0.783944810285757,close
MOS,2018-05-23,extended_hours,1.7825311942955455,close
MOS,2018-12-26,extended_hours,6.823609689525614,close
MOS,2019-06-04,extended_hours,4.40140845070335,close
MOS,2020-03-02,extended_hours,5.662514156286276,close
MOS,2021-08-02,extended_hours,3.3422459893041476,close
MPC,2016-01-29,extended_hours,4.785833931561623,close
MPC,2018-09-28,extended_hours,42.51594347880498,close
MPC,2018-10-10,extended_hours,14.879107253563586,close
MPC,2019-05-01,extended_hours,1.6680567139279416,close
MPC,2019-10-21,extended_hours,1.5463120457716275,close
MPC,2020-06-19,extended_hours,20.947892118357004,close
MPC,2022-12-12,extended_hours,10.790396547072238,close
MPC,2024-12-24,extended_hours,8.865903213890252,close
MPWR,2017-05-05,extended_hours,1.0699764605168955,close
MRK,2016-01-29,extended_hours,17.761989342807066,close
MRK,2016-06-23,extended_hours,1.733703190013525,close
MRK,2017-02-24,extended_hours,3.0229746070126997,close
MRK,2017-06-27,extended_hours,1.5257857796751457,close
MRK,2017-12-29,extended_hours,1.7771459036783384,close
MRK,2018-02-15,extended_hours,1.7860332202188098,close
MRK,2018-12-27,extended_hours,1.3266118333763472,close
MRK,2023-12-13,extended_hours,1.867239286714221,close
MRK,2025-01-17,extended_hours,1.0212418300658819,close
MRK,2026-06-03,extended_hours,2.6155187445511014,close
MRSH,2016-06-02,extended_hours,1.5051173991557654,close
MRSH,2016-06-23,extended_hours,1.4725371815624952,close
MRSH,2016-07-11,extended_hours,1.4892032762458531,close
MRSH,2017-02-17,extended_hours,1.3601741022838554,close
MRSH,2017-07-03,extended_hours,2.5637738751437023,close
MRSH,2018-02-05,extended_hours,6.059137178865385,close
MRSH,2018-04-30,extended_hours,1.2269938650313026,close
MRSH,2018-07-05,extended_hours,1.199328376108288,close
MRSH,2018-12-31,extended_hours,1.253918495298447,close
MRSH,2019-07-02,extended_hours,0.9797198001362697,close
MRSH,2020-01-02,extended_hours,0.8924587237832132,close
MRSH,2020-01-17,extended_hours,0.8760402978541494,close
MRSH,2020-05-15,extended_hours,12.443763759930645,close
MRSH,2020-07-29,extended_hours,3.4608063678830283,close
MRSH,2026-07-02,extended_hours,0.5600985773491042,close
MRVL,2022-11-09,extended_hours,2.72405339144593,close
MRVL,2025-04-11,extended_hours,9.365049634762531,close
MS,2016-09-09,extended_hours,3.1655587211147718,close
MS,2016-11-17,extended_hours,2.5018764073049815,close
MSCI,2016-04-01,extended_hours,6.701514542286176,close
MSCI,2016-07-19,extended_hours,1.2199585214108961,close
MSCI,2017-09-26,extended_hours,0.8681309141422968,close
MSCI,2018-03-08,extended_hours,1.3281976358088876,close
MSCI,2018-12-27,extended_hours,1.3767467474365134,close
MSCI,2019-05-01,extended_hours,0.44899425287315486,close
MSCI,2019-10-30,extended_hours,6.982630706118382,close
MSCI,2020-04-07,extended_hours,4.544183445189998,close
MSCI,2020-05-07,extended_hours,0.5986231667160075,close
MSCI,2020-11-09,extended_hours,12.549300824668574,close
MSCI,2022-03-31,extended_hours,0.5965637925554717,close
MSCI,2022-09-21,extended_hours,0.454990103964825,close
MSCI,2022-12-21,extended_hours,0.21170293843659296,close
MSCI,2023-03-02,extended_hours,3.866303234161337,close
MSCI,2024-07-03,extended_hours,0.6109855196437864,close
MSCI,2024-12-24,extended_hours,0.49349410274502337,close
MSCI,2025-02-28,extended_hours,0.16934514233443812,close
MSFT,2016-01-29,extended_hours,5.4456344164097175,close
MSFT,2016-05-27,extended_hours,1.9113149847090998,close
MSFT,2016-10-31,extended_hours,1.6688918558074115,close
MSFT,2018-02-21,extended_hours,1.09301563012407,close
MSFT,2018-02-27,extended_hours,1.0615711252644273,close
MSFT,2024-01-19,extended_hours,0.2508340231266688,close
MSI,2017-05-10,extended_hours,2.331817651859161,close
MSI,2017-06-27,extended_hours,2.279981760145465,close
MSI,2017-10-02,extended_hours,1.1649580615103816,close
MSI,2018-02-05,extended_hours,51.45458143676984,close
MSI,2018-02-28,extended_hours,1.8841262364574678,close
MSI,2018-11-26,extended_hours,0.7851142341214662,close
MSI,2018-12-24,extended_hours,0.9176837661746459,close
MSI,2018-12-31,extended_hours,0.8692628650908479,close
MSI,2019-01-08,extended_hours,0.8367500627566827,close
MSI,2019-10-11,extended_hours,0.5969080164741184,close
MSI,2022-11-02,extended_hours,3.751563151313189,close
MSI,2023-07-03,extended_hours,0.34157671813058155,close
MSI,2023-11-24,extended_hours,3.1168183518253927,close
MSI,2026-02-17,extended_hours,0.21845508563419488,close
MTB,2016-05-27,extended_hours,0.8377314233061167,close
MTB,2016-09-07,extended_hours,1.7241379310341398,close
MTB,2016-11-25,extended_hours,2.7833832022837983,close
MTB,2016-12-27,extended_hours,0.6325110689431312,close
MTB,2017-04-11,extended_hours,0.6601531555314831,close
MTB,2018-03-29,extended_hours,10.848340203949721,close
MTB,2018-10-22,extended_hours,1.2658227848107741,close
MTB,2018-12-27,extended_hours,0.7109847138300268,close
MTB,2019-12-24,extended_hours,2.9526396598565823,close
MTB,2021-10-19,extended_hours,3.2972830387749243,close
MTB,2022-11-30,extended_hours,1.7644982943183822,close
MTB,2023-07-03,extended_hours,16.477049823460803,close
MTB,2025-06-12,extended_hours,1.087015598674397,close
MTB,2025-09-02,extended_hours,2.512815358326613,close
MTCH,2017-09-15,extended_hours,2.123142250530363,close
MTCH,2019-11-05,extended_hours,23.99302021230279,close
MTCH,2020-01-23,extended_hours,2.260653328811577,close
MTCH,2020-02-03,extended_hours,1.238850346878731,close
MTD,2016-02-19,extended_hours,0.6208480784746324,close
MTD,2016-05-05,extended_hours,0.549375085840919,close
MTD,2016-09-02,extended_hours,3.9845598306554146,close
MTD,2017-11-24,extended_hours,0.9448521306406953,close
MTD,2018-02-08,extended_hours,405.3244592346092,close
MTD,2018-03-21,extended_hours,5.7716726307287605,close
MTD,2018-12-27,extended_hours,7.2741466184083485,close
MTD,2019-01-08,extended_hours,0.3593696656061993,close
MTD,2019-06-28,extended_hours,0.5952380952375539,close
MTD,2019-09-10,extended_hours,1.5722371505347557,close
MTD,2019-09-11,extended_hours,2.506335459076415,close
MTD,2020-04-17,extended_hours,2.2194171255769537,close
MTD,2021-12-22,extended_hours,7.289992149239676,close
MTD,2022-11-17,extended_hours,0.07200305292937872,close
MTD,2022-11-29,extended_hours,0.07081099836420153,close
MTD,2023-03-24,extended_hours,1.9866415482100608,close
MTD,2023-11-24,extended_hours,9.327761062998801,close
MTD,2023-12-01,extended_hours,0.2716234936211279,close
MTD,2023-12-20,extended_hours,1.263743207379111,close
MTD,2024-02-26,extended_hours,5.187155932601428,close
MTD,2024-11-19,extended_hours,0.5600213669675894,close
MTD,2025-07-31,extended_hours,2.999156993708991,close
MU,2017-01-11,extended_hours,4.370629370628501,close
MU,2017-10-06,extended_hours,2.520796571717952,close
MU,2024-07-03,extended_hours,0.7308872971781104,close
MU,2026-03-31,extended_hours,0.2959981056118549,close
MUR,2017-10-27,extended_hours,3.910833007431194,close
MUR,2017-12-13,extended_hours,3.533568904592937,close
MUR,2018-01-26,extended_hours,2.8743891922960656,close
MUR,2020-03-13,extended_hours,13.157894736841826,close
MXIM,2018-12-27,extended_hours,2.001200720431861,close
NAVI,2017-09-15,extended_hours,7.173601147776031,close
NAVI,2020-03-12,extended_hours,148.51485148514755,close
NAVI,2022-10-10,extended_hours,3.3852403520655256,close
NCLH,2019-02-26,extended_hours,5.398596364945319,close
NCLH,2019-03-18,extended_hours,1.7806267806264264,close
NCLH,2019-06-28,extended_hours,35.42793212754145,close
NCLH,2019-07-02,extended_hours,1.8611576400517422,close
NCLH,2019-09-19,extended_hours,1.8597731076804929,close
NCLH,2020-02-28,extended_hours,2.6838432635528746,close
NCLH,2024-12-24,extended_hours,7.570022710069313,close
NDAQ,2025-05-16,extended_hours,1.2210012210018455,close
NDSN,2021-11-24,extended_hours,1.1151587242574053,close
NDSN,2022-09-21,extended_hours,11.877027088757522,close
NDSN,2022-12-21,extended_hours,0.8396305625517133,close
NDSN,2024-01-03,extended_hours,0.7949441551735057,close
NDSN,2024-04-09,extended_hours,0.840151957918166,close
NEE,2017-06-01,extended_hours,2.818489289740138,close
NEE,2017-09-06,extended_hours,2.698327037236376,close
NEE,2018-12-27,extended_hours,9.293680297397572,close
NEE,2019-12-24,extended_hours,1.6630633627149702,close
NEE,2020-06-19,extended_hours,9.909165978530517,close
NEE,2024-12-24,extended_hours,1.3715539706474977,close
NEE,2026-06-26,extended_hours,20.32520325203329,close
NEM,2019-06-03,extended_hours,2.9735355337511495,close
NEM,2019-06-25,extended_hours,7.907221929362451,close
NFLX,2018-03-29,extended_hours,6.770480704129849,close
NFX,2016-03-01,extended_hours,3.496503496504043,close
NFX,2017-11-27,extended_hours,3.368137420006066,close
NI,2018-02-05,extended_hours,4.251700680272774,close
NI,2018-04-30,extended_hours,4.100041000409188,close
NI,2020-01-14,extended_hours,3.5486160397437936,close
NI,2020-02-25,extended_hours,3.523608174771516,close
NI,2024-12-24,extended_hours,1.356483993489571,close
NI,2025-06-12,extended_hours,2.505637684790281,close
NI,2026-05-20,extended_hours,2.1267545725219077,close
NI,2026-06-03,extended_hours,2.1963540522727896,close
NI,2026-06-26,extended_hours,2.037489812550532,close
NI,2026-07-02,extended_hours,2.091175240484737,close
NI,2026-07-28,extended_hours,2.1867483052711822,close
NKE,2016-11-30,extended_hours,1.997203914519275,close
NKE,2017-04-24,extended_hours,3.6055525509289934,close
NKE,2017-05-17,extended_hours,7.72200772200893,close
NKE,2018-02-27,extended_hours,1.4699397324717207,close
NKE,2018-12-26,extended_hours,2.7393507738679945,close
NKE,2019-06-21,extended_hours,1.1661807580180894,close
NKE,2020-06-19,extended_hours,1.04405930256892,close
NKE,2022-11-30,extended_hours,3.6466405324087923,close
NKTR,2023-03-07,extended_hours,35.08771929824576,close
NKTR,2023-05-31,extended_hours,213.7439669041599,close
NKTR,2023-06-20,extended_hours,43.82761139517846,close
NKTR,2023-07-06,extended_hours,66.99147381242352,close
NKTR,2023-07-19,extended_hours,8.266414737836175,close
NKTR,2023-07-27,extended_hours,39.21568627450897,close
NKTR,2023-07-31,extended_hours,97.0511384845084,close
NKTR,2023-08-21,extended_hours,9.37207122774113,close
NKTR,2023-11-08,extended_hours,5.333333333332746,close
NKTR,2023-11-20,extended_hours,5.128205128204563,close
NKTR,2023-11-22,extended_hours,86.36977058029697,close
NKTR,2023-11-27,extended_hours,69.6296296296292,close
NKTR,2023-11-28,extended_hours,171.89717710140354,close
NKTR,2023-12-13,extended_hours,179.04863709246436,close
NKTR,2023-12-15,extended_hours,159.36254980079698,close
NKTR,2024-02-01,extended_hours,172.41379310344664,close
NKTR,2024-03-25,extended_hours,22.522522522522042,close
NKTR,2024-09-10,extended_hours,80.64516129032373,close
NKTR,2024-12-12,extended_hours,100.00000000000023,close
NKTR,2025-04-01,extended_hours,31.380753138074645,close
NKTR,2025-05-22,extended_hours,79.79797979798043,close
NKTR,2025-05-23,extended_hours,64.20709335507424,close
NKTR,2026-03-18,extended_hours,6.83246788740054,close
NLOK,2020-06-19,extended_hours,16.818837097549327,close
NLSN,2018-08-17,extended_hours,3.824091778203275,close
NLSN,2019-06-28,extended_hours,2.2123893805321053,close
NLSN,2022-08-12,extended_hours,3.625815808556204,close
NOC,2016-11-30,extended_hours,3.204486280792473,close
NOC,2017-05-31,extended_hours,2.700408919066817,close
NOC,2017-08-04,extended_hours,1.1142475115149888,close
NOC,2017-09-01,extended_hours,6.323698991928577,close
NOC,2017-12-08,extended_hours,0.3271501946540683,close
NOC,2017-12-29,extended_hours,2.280798931282564,close
NOC,2018-12-06,extended_hours,1.9454495934014773,close
NOC,2020-01-02,extended_hours,0.8434073657568939,close
NOC,2022-04-27,extended_hours,13.87088705459703,close
NOC,2026-07-02,extended_hours,3.825066938672089,close
NOV,2016-01-04,extended_hours,7.22334585379907,close
NOV,2018-12-24,extended_hours,4.093327875563473,close
NOV,2018-12-27,extended_hours,3.8328861632815494,close
NOV,2019-02-26,extended_hours,1.755001755002653,close
NOV,2025-09-11,extended_hours,3.756574004508476,close
NOW,2019-06-28,extended_hours,29.138590420689074,close
NOW,2024-10-28,extended_hours,3.703703703703343,close
NOW,2025-10-28,extended_hours,2.132423499306538,close
NOW,2026-06-04,extended_hours,5.026809651474721,close
NRG,2018-10-24,extended_hours,2.7909572983547632,close
NRG,2018-12-06,extended_hours,4.930966469428778,close
NRG,2022-08-26,extended_hours,4.793863854267288,close
NRG,2024-12-12,extended_hours,1.051082615094084,close
NSC,2016-09-06,extended_hours,1.0509721492385828,close
NSC,2017-04-17,extended_hours,1.766940542450395,close
NSC,2018-06-27,extended_hours,0.6664889362849458,close
NSC,2019-07-17,extended_hours,2.6175269605268006,close
NSC,2022-04-26,extended_hours,32.59503612943813,close
NSC,2024-12-24,extended_hours,3.7827841291179807,close
NSC,2025-11-17,extended_hours,0.7107067979098756,close
NSC,2026-07-15,extended_hours,0.3043769404044484,close
NSC,2026-09-11,extended_hours,0.31223655041030707,close
NTAP,2021-02-24,extended_hours,4.191700433140552,close
NTRS,2016-06-23,extended_hours,1.397819401734011,close
NTRS,2018-12-27,extended_hours,1.2084592145021287,close
NTRS,2021-10-19,extended_hours,0.8236553825871762,close
NUE,2016-06-23,extended_hours,1.9801980198015863,close
NUE,2016-06-30,extended_hours,2.023881805302168,close
NUE,2016-09-09,extended_hours,4.2707666026058355,close
NUE,2017-06-27,extended_hours,1.758705592683435,close
NUE,2018-02-21,extended_hours,1.4958863126410047,close
NUE,2019-11-08,extended_hours,1.7998560115199993,close
NUE,2026-01-29,extended_hours,0.8337502084367938,close
NVDA,2020-05-29,extended_hours,9.014084507041261,close
NVDA,2025-04-30,extended_hours,1.8362100624307767,close
NVDA,2026-04-14,extended_hours,0.5088799552181011,close
NVR,2016-06-23,extended_hours,4.688531042705835,close
NVR,2016-07-11,extended_hours,0.054915485068429665,close
NVR,2016-09-28,extended_hours,0.06079101265663355,close
NVR,2016-12-06,extended_hours,0.062023581365578805,close
NVR,2017-06-01,extended_hours,33.56356153391406,close
NVR,2017-06-23,extended_hours,23.654496002638414,close
NVR,2017-08-16,extended_hours,0.9419675528399001,close
NVR,2017-08-31,extended_hours,22.272451623573314,close
NVR,2017-09-15,extended_hours,12.94456019402276,close
NVR,2017-11-29,extended_hours,2.0182216584023553,close
NVR,2017-12-07,extended_hours,6.021375884389475,close
NVR,2017-12-11,extended_hours,6.6018941009453505,close
NVR,2018-02-27,extended_hours,2.6840372048840715,close
NVR,2018-03-29,extended_hours,625.6785714285717,close
NVR,2018-06-05,extended_hours,1.9236224092234286,close
NVR,2018-06-07,extended_hours,6.847364564568001,close
NVR,2018-06-15,extended_hours,111.20572902755437,close
NVR,2018-06-29,extended_hours,0.6733213257706091,close
NVR,2018-07-30,extended_hours,2.324251535664918,close
NVR,2018-10-24,extended_hours,5.044304219131929,close
NVR,2018-12-21,extended_hours,1.449188880459587,close
NVR,2018-12-27,extended_hours,5.4076198279400405,close
NVR,2019-01-08,extended_hours,1.4829897072493783,close
NVR,2019-02-07,extended_hours,2.144759822824567,close
NVR,2019-04-04,extended_hours,0.7665772326570774,close
NVR,2019-06-04,extended_hours,1.6578499193687568,close
NVR,2019-06-20,extended_hours,15.180583764899477,close
NVR,2019-06-26,extended_hours,13.192286065610572,close
NVR,2019-07-10,extended_hours,17.73279702435042,close
NVR,2019-08-09,extended_hours,4.323943981659802,close
NVR,2020-03-02,extended_hours,0.9502918187796863,close
NVR,2020-05-07,extended_hours,3.933333333332788,close
NVR,2020-05-12,extended_hours,44.48491335867952,close
NVR,2020-06-11,extended_hours,1.6136163401245065,close
NVR,2020-10-19,extended_hours,6.96277268899467,close
NVR,2021-07-23,extended_hours,0.05847919017967798,close
NVR,2021-08-03,extended_hours,0.7176269963706953,close
NVR,2022-09-08,extended_hours,0.07157154410774223,close
NVR,2023-12-20,extended_hours,4.176926424754967,close
NVR,2024-02-05,extended_hours,15.725069416345193,close
NVR,2024-02-26,extended_hours,2.3251021195410417,close
NVR,2024-03-04,extended_hours,4.116662288628519,close
NVR,2024-03-25,extended_hours,20.22245970368188,close
NVR,2024-04-30,extended_hours,0.08065762853060712,close
NVR,2024-07-22,extended_hours,1.7358860888403354,close
NVR,2024-10-15,extended_hours,1.627715802866547,close
NVR,2024-12-16,extended_hours,15.671274459934457,close
NVR,2025-01-24,extended_hours,0.5609373018439544,close
NVR,2025-03-24,extended_hours,14.276942805290508,close
NVR,2025-05-16,extended_hours,2.9170697423883287,close
NVR,2025-05-28,extended_hours,11.942652411672475,close
NVR,2025-07-08,extended_hours,2.1680231220332455,close
NVR,2025-09-10,extended_hours,3.3589694681662934,close
NVR,2025-12-15,extended_hours,0.23583824117118715,close
NVR,2026-04-20,extended_hours,4.42442338068264,close
NVR,2026-04-24,extended_hours,2.1525380730180057,close
NVR,2026-05-26,extended_hours,6.182846496332516,close
NVR,2026-06-11,extended_hours,0.8333719153663961,close
NWS,2016-10-31,extended_hours,40.32258064516043,close
NWS,2018-12-26,extended_hours,4.40140845070335,close
NWS,2019-04-26,extended_hours,7.955449482895614,close
NWS,2020-09-17,extended_hours,19.78891820580433,close
NWS,2021-05-18,extended_hours,4.014452027298901,close
NWS,2022-09-01,extended_hours,2.89519397799595,close
NWS,2023-04-27,extended_hours,2.8818443804049325,close
NWS,2024-08-19,extended_hours,1.7301038062280296,close
NXPI,2016-05-31,extended_hours,13.758069636998144,close
NXPI,2017-04-17,extended_hours,1.9385480275269964,close
NXPI,2017-05-31,extended_hours,6.3694267515930285,close
NXPI,2017-06-23,extended_hours,7.274049827241162,close
NXPI,2017-09-15,extended_hours,2.658631690889856,close
NXPI,2017-10-19,extended_hours,1.731751666810635,close
NXPI,2017-12-15,extended_hours,1.7189514396214889,close
NXPI,2018-01-16,extended_hours,1.675041876046568,close
NXPI,2018-05-10,extended_hours,1.0071507704708544,close
NXPI,2018-12-27,extended_hours,1.3696753869339973,close
O,2016-06-23,extended_hours,3.1007751937978325,close
O,2017-02-24,extended_hours,1.5825288811517662,close
O,2017-09-21,extended_hours,1.7268174753937346,close
O,2018-04-30,extended_hours,1.9798059790150695,close
O,2018-12-03,extended_hours,1.551590380140437,close
O,2020-02-27,extended_hours,1.37193030594116,close
O,2021-06-18,extended_hours,1.496110113703008,close
O,2025-07-17,extended_hours,1.7743080198718968,close
O,2025-09-29,extended_hours,0.8257638315434274,close
O,2026-06-03,extended_hours,1.6744809109172825,close
ODFL,2018-01-22,extended_hours,2.012072434608675,close
ODFL,2020-05-04,extended_hours,1.350621285792155,close
OGN,2025-07-03,extended_hours,3.4136546184730734,close
OI,2017-09-26,extended_hours,4.130524576620409,close
OI,2018-02-27,extended_hours,4.636068613814562,close
OI,2018-02-28,extended_hours,2.319109461967791,close
OKE,2018-01-22,extended_hours,3.340013360053962,close
OKE,2018-12-24,extended_hours,7.875566056310129,close
OKE,2020-01-08,extended_hours,0.6609385327158561,close
OKE,2020-02-28,extended_hours,1.4988009592333806,close
OKE,2025-05-30,extended_hours,4.329539831766031,close
OKE,2025-07-02,extended_hours,1.217433649866705,close
OMC,2016-09-23,extended_hours,1.1872254541126563,close
OMC,2017-06-01,extended_hours,3.5186488388460164,close
OMC,2017-12-29,extended_hours,1.3730605519710444,close
OMC,2018-02-05,extended_hours,2.74386061188037,close
OMC,2019-09-10,extended_hours,2.4372410431386813,close
OMC,2020-06-19,extended_hours,13.12582036377279,close
OMC,2021-06-11,extended_hours,1.1931750387787992,close
OMC,2021-12-27,extended_hours,2.7416038382448282,close
OMC,2022-11-14,extended_hours,1.3090718680462254,close
OMC,2025-07-15,extended_hours,4.23848544786679,close
ORCL,2016-01-29,extended_hours,13.770311209034498,close
ORCL,2016-11-30,extended_hours,2.488181139588235,close
ORCL,2017-02-17,extended_hours,2.3775558725642214,close
ORCL,2018-07-23,extended_hours,2.0546537908372953,close
ORCL,2019-09-10,extended_hours,1.802776275463856,close
ORCL,2019-11-08,extended_hours,1.7702248185528615,close
ORCL,2024-11-25,extended_hours,4.787488696207427,close
ORCL,2026-07-01,extended_hours,3.5087719298253592,close
ORLY,2025-05-15,extended_hours,1.0948105977671465,close
OTIS,2024-01-30,extended_hours,4.444444444445139,close
OTIS,2026-02-27,extended_hours,1.0803802938639926,close
OTIS,2026-04-13,extended_hours,1.2229423994118755,close
OXY,2018-12-24,extended_hours,8.755034144632667,close
OXY,2019-05-01,extended_hours,3.4794711203902446,close
OXY,2019-07-30,extended_hours,1.905850962454357,close
OXY,2019-10-23,extended_hours,4.659832246039871,close
OXY,2025-09-10,extended_hours,3.2390412437919602,close
OXY,2025-11-05,extended_hours,1.2578616352207692,close
PALL,2016-01-25,extended_hours,2.120890774125841,close
PALL,2017-03-15,extended_hours,6.816632583503604,close
PALL,2018-06-21,extended_hours,22.172949002216825,close
PALL,2019-03-27,extended_hours,7.3991860895299935,close
PALL,2019-07-18,extended_hours,3.4626038781156545,close
PALL,2019-08-20,extended_hours,32.11991434689503,close
PALL,2019-10-09,extended_hours,3.1515915537340087,close
PALL,2020-01-27,extended_hours,11.834319526626546,close
PALL,2020-06-08,extended_hours,18.13471502590681,close
PALL,2020-08-11,extended_hours,10.162601626016043,close
PALL,2020-10-20,extended_hours,6.631299734748262,close
PALL,2020-10-23,extended_hours,19.986675549634334,close
PALL,2020-12-24,extended_hours,4.541326067210722,close
PALL,2021-01-12,extended_hours,8.880994671403007,close
PALL,2021-11-17,extended_hours,7.329587099926982,close
PALL,2022-03-30,extended_hours,18.961839298411544,close
PALL,2022-04-22,extended_hours,22.779043280182556,close
PALL,2022-09-30,extended_hours,7.466401194624474,close
PALL,2022-12-23,extended_hours,6.133088009811721,close
PALL,2023-06-26,unexplained,4.152823920266431,close
PALL,2023-12-13,extended_hours,21.574973031283253,close
PALL,2024-04-04,unexplained,5.327650506127631,close
PALL,2024-07-22,extended_hours,29.83293556085961,close
PALL,2025-04-30,extended_hours,5.813953488370936,close
PALL,2026-01-22,extended_hours,5.685048322911634,close
PALL,2026-02-25,extended_hours,3.0769230769224647,close
PALL,2026-02-26,extended_hours,15.389350569407283,close
PALL,2026-04-02,extended_hours,10.924981791697428,close
PALL,2026-04-21,extended_hours,3.6205648081093447,close
PANW,2017-02-08,extended_hours,3.94944707740978,close
PANW,2017-06-30,extended_hours,4.484304932734534,close
PANW,2019-07-19,extended_hours,2.6997840172780805,close
PARA,2016-10-07,extended_hours,105.78984989278055,close
PARA,2016-10-25,extended_hours,322.5806451612903,close
PARA,2016-12-14,extended_hours,74.24242424242424,close
PARA,2017-02-21,extended_hours,408.16326530612247,close
PARA,2017-05-15,extended_hours,200.0,close
PARA,2017-09-13,extended_hours,103.61445783132531,close
PARA,2017-11-16,extended_hours,108.33333333333334,close
PARA,2017-12-01,extended_hours,738.0952380952381,close
PARA,2021-04-08,extended_hours,10.070493454179255,close
PARA,2022-01-03,extended_hours,40.691759918616484,close
PARA,2024-02-20,extended_hours,70.10309278350515,close
PARA,2024-04-30,extended_hours,276.3819095477387,close
PARA,2024-06-21,extended_hours,55.865921787709496,close
PARA,2025-03-21,extended_hours,102.04081632653062,close
PARA,2025-04-15,extended_hours,6.557377049180189,close
PARA,2025-06-24,extended_hours,121.300339640951,close
PARA,2025-07-01,extended_hours,7.692307692307255,close
PARA,2025-08-28,extended_hours,30.30303030303073,close
PARA,2026-04-29,extended_hours,144.26229508196735,close
PARA,2026-05-27,extended_hours,58.82352941176477,close
PAYC,2017-06-01,extended_hours,2.980181791088664,close
PAYC,2019-06-05,extended_hours,1.383955344374274,close
PAYC,2019-06-19,extended_hours,0.8853866926372045,close
PAYC,2022-03-31,extended_hours,3.4644032565391925,close
PAYC,2025-10-15,extended_hours,1.0025062656646733,close
PAYX,2016-07-25,extended_hours,1.645819618169521,close
PBCT,2020-01-16,extended_hours,6.016847172082769,close
PBI,2025-04-24,extended_hours,23.612750885479752,close
PBI,2025-12-19,extended_hours,9.416195856873623,close
PBI,2026-06-26,extended_hours,212.4724061810163,close
PBI,2026-08-11,extended_hours,6.045949214027548,close
PBI,2026-08-21,extended_hours,6.067961165049492,close
PCAR,2016-06-30,extended_hours,2.8918449971075795,close
PCAR,2018-02-08,extended_hours,4.4792833146703535,close
PCG,2016-06-02,extended_hours,1.650165016501322,close
PCG,2017-07-03,extended_hours,3.047851264857668,close
PCG,2017-07-19,extended_hours,0.7451564828607232,close
PCG,2017-07-26,extended_hours,1.472754050074391,close
PCG,2017-11-20,extended_hours,3.798670465337726,close
PCG,2020-03-31,extended_hours,11.123470522802876,close
PCG,2023-11-24,extended_hours,5.54938956714651,close
PCG,2025-08-20,extended_hours,6.510416666666528,close
PCG,2026-07-22,extended_hours,11.043622308116827,close
PDCO,2019-12-09,extended_hours,4.357298474946215,close
PDCO,2022-11-30,extended_hours,1.758087201126075,close
PDCO,2022-12-22,extended_hours,3.6036036036041668,close
PDCO,2024-12-17,extended_hours,3.2362459546930626,close
PEAK,2020-03-16,extended_hours,17.96138302649266,close
PEG,2016-08-18,extended_hours,2.261931689662522,close
PEG,2019-02-07,extended_hours,1.7956545160707507,close
PEG,2019-07-05,extended_hours,1.6786973308709099,close
PEG,2019-08-29,extended_hours,1.6644474034617196,close
PEG,2019-09-11,extended_hours,1.6152479405585545,close
PEG,2020-02-25,extended_hours,1.7418568193703392,close
PEG,2020-06-19,extended_hours,6.158899609936591,close
PEG,2025-07-22,extended_hours,1.1656370206323714,close
PEP,2016-01-29,extended_hours,4.028197381670901,close
PEP,2016-03-04,extended_hours,4.000000000000625,close
PEP,2016-11-30,extended_hours,4.995004995006131,close
PEP,2017-06-27,extended_hours,0.8625150940145865,close
PFE,2016-01-29,extended_hours,6.559527714004453,close
PFE,2017-05-19,extended_hours,6.161429451633742,close
PFE,2019-01-11,extended_hours,2.332089552239999,close
PFE,2019-09-10,extended_hours,2.6752273943298865,close
PFE,2022-10-10,extended_hours,2.395209580837847,close
PFE,2022-11-16,extended_hours,4.1623309053076225,close
PFE,2022-11-30,extended_hours,1.9948134849401786,close
PFE,2022-12-16,extended_hours,1.945525291828407,close
PFE,2026-04-27,extended_hours,3.7327360955586273,close
PFE,2026-07-15,extended_hours,2.0145044319093492,close
PFE,2026-08-05,extended_hours,3.874467260750876,close
PFE,2026-08-07,extended_hours,3.7369207772801056,close
PFG,2019-02-20,extended_hours,0.9574875526609447,close
PFG,2026-01-09,extended_hours,1.1075423634943964,close
PG,2016-06-02,extended_hours,3.660768761440041,close
PG,2016-06-23,extended_hours,1.1875074219203072,close
PG,2016-06-29,extended_hours,0.5958765343815341,close
PG,2016-07-25,extended_hours,1.1655011655001055,close
PG,2016-09-01,extended_hours,1.1323745895147905,close
PG,2016-09-09,extended_hours,1.1595547309838956,close
PG,2017-12-29,extended_hours,4.353504571180481,close
PG,2018-04-12,extended_hours,1.2855122766410725,close
PG,2020-02-28,extended_hours,2.649474520886791,close
PG,2022-11-30,extended_hours,3.352105122015483,close
PG,2023-03-31,extended_hours,1.3450803685527093,close
PG,2026-01-20,extended_hours,0.34013605442145933,close
PGR,2017-06-01,extended_hours,2.3386342376047735,close
PGR,2018-02-27,extended_hours,1.7085255424565198,close
PGR,2018-04-30,extended_hours,1.6586498590144318,close
PGR,2018-12-24,extended_hours,3.504468196951661,close
PGR,2025-07-03,extended_hours,0.3821753420487559,close
PH,2016-01-29,extended_hours,1.0292301358574418,close
PH,2016-06-30,extended_hours,0.9254974548811573,close
PH,2016-11-25,extended_hours,1.438434982737472,close
PH,2017-08-17,extended_hours,6.427974545220437,close
PH,2017-08-23,extended_hours,0.6346788525000574,close
PH,2017-10-02,extended_hours,1.1353315168034872,close
PH,2018-06-06,extended_hours,1.148237455506386,close
PH,2018-12-27,extended_hours,0.6668444918657859,close
PH,2020-02-28,extended_hours,2.1648536017762874,close
PH,2023-05-03,extended_hours,2.629787760657742,close
PH,2026-06-10,extended_hours,0.4568296025578303,close
PHM,2019-03-28,extended_hours,3.533568904592937,close
PHM,2019-10-04,extended_hours,2.6961445133472948,close
PHM,2022-03-17,extended_hours,2.1119324181621986,close
PHM,2024-04-22,extended_hours,17.620328294537487,close
PKG,2016-07-06,extended_hours,1.4602803738325225,close
PKG,2018-02-27,extended_hours,0.8318083513562731,close
PKG,2018-06-29,extended_hours,0.8945343948466683,close
PKG,2020-02-27,extended_hours,5.439512619668968,close
PKG,2020-06-19,extended_hours,21.05263157894674,close
PKG,2023-01-31,extended_hours,2.8030833917303464,close
PKG,2026-09-09,extended_hours,0.4399859204501454,close
PKI,2018-02-05,extended_hours,21.39609521262324,close
PKI,2018-06-06,extended_hours,2.5539522410925835,close
PKI,2018-12-24,extended_hours,5.565604563794635,close
PKI,2018-12-27,extended_hours,1.2903225806458214,close
PKI,2019-08-14,extended_hours,1.2588116817730508,close
PKI,2020-07-17,extended_hours,0.9175995595513768,close
PLD,2016-06-02,extended_hours,2.0828993959587607,close
PLD,2017-06-07,extended_hours,1.7618040873851322,close
PLD,2017-08-17,extended_hours,4.893964110930039,close
PLD,2018-01-04,extended_hours,1.597188947452166,close
PLD,2018-10-02,extended_hours,1.5055706112624383,close
PLD,2018-12-26,extended_hours,1.7250301880279473,close
PLD,2024-10-17,extended_hours,0.8149959250196336,close
PLD,2024-11-05,extended_hours,0.8738967054098675,close
PLD,2026-01-13,extended_hours,4.607587160190621,close
PLD,2026-09-03,extended_hours,2.8912179255505635,close
PLTR,2020-10-20,extended_hours,32.36245954692679,close
PM,2016-09-09,extended_hours,1.0252204223898815,close
PM,2018-03-12,extended_hours,2.800074668657937,close
PM,2019-06-21,extended_hours,27.770764958343708,close
PM,2022-06-03,extended_hours,7.581501137225009,close
PM,2025-06-12,extended_hours,2.1727322107545923,close
PM,2025-07-03,extended_hours,1.6771019677997059,close
PNC,2016-03-01,extended_hours,3.551136363636498,close
PNC,2016-05-18,extended_hours,1.1314777098880862,close
PNC,2016-08-30,extended_hours,2.2504782266243084,close
PNC,2017-01-11,extended_hours,4.945190801945296,close
PNC,2017-03-17,extended_hours,10.454362685967805,close
PNC,2017-06-01,extended_hours,2.4972945975194487,close
PNC,2017-08-01,extended_hours,3.83406180507499,close
PNC,2018-12-27,extended_hours,2.5917926565875713,close
PNC,2019-05-28,extended_hours,0.7713668620810958,close
PNR,2017-09-28,extended_hours,1.4887598630348542,close
PNR,2018-02-28,extended_hours,1.4558159848602588,close
PNR,2018-06-06,extended_hours,2.256317689530237,close
PNR,2018-11-28,extended_hours,2.3315458148747985,close
PNR,2019-04-16,extended_hours,2.470966147763284,close
PNR,2019-05-21,extended_hours,2.7314941272870827,close
PNR,2022-04-26,extended_hours,3.8699690402482827,close
PNR,2023-11-24,extended_hours,4.745333755140958,close
PNR,2025-07-21,extended_hours,2.8609574670990976,close
PNW,2016-04-18,extended_hours,1.3381506757667758,close
PNW,2016-08-18,extended_hours,1.2871669455516677,close
PNW,2016-12-05,extended_hours,1.354646437278638,close
PNW,2017-07-03,extended_hours,8.252770572978942,close
PNW,2018-01-08,extended_hours,1.2040939193246123,close
PNW,2018-12-03,extended_hours,1.1082788429574548,close
PNW,2019-06-03,extended_hours,2.0964360587012822,close
PNW,2019-06-26,extended_hours,1.0584250635045411,close
PNW,2020-01-14,extended_hours,1.0864841373321508,close
PNW,2020-02-04,extended_hours,3.073140749846459,close
PNW,2020-06-29,extended_hours,1.3706140350864728,close
PNW,2022-04-26,extended_hours,1.326084073730953,close
PNW,2023-08-03,extended_hours,1.2610340479199391,close
PNW,2024-11-29,extended_hours,1.067235859123896,close
PNW,2025-07-28,extended_hours,2.255045664674261,close
PODD,2019-07-22,extended_hours,0.8273351534699185,close
PODD,2020-08-05,extended_hours,1.3932751253948141,close
POM,2025-11-26,extended_hours,51.2820512820512,close
POOL,2017-02-08,extended_hours,42.435424354244276,close
POOL,2022-08-25,extended_hours,3.7821482602129675,close
POOL,2022-12-21,extended_hours,0.32084188911675127,close
POOL,2023-03-08,extended_hours,1.4022492077295166,close
PPG,2016-06-02,extended_hours,0.9242144177453897,close
PPG,2016-11-25,extended_hours,5.0952817690815415,close
PPG,2017-02-17,extended_hours,1.9536973722780335,close
PPG,2017-04-21,extended_hours,3.7757221068535256,close
PPG,2017-06-09,extended_hours,0.9096697898667438,close
PPG,2019-06-03,extended_hours,0.9278159213216846,close
PPG,2019-09-10,extended_hours,1.7054660185892403,close
PPG,2020-10-19,extended_hours,6.700416914830511,close
PPG,2022-03-17,extended_hours,0.7771215418106407,close
PPG,2025-04-02,extended_hours,0.9081827263650092,close
PPG,2026-01-27,extended_hours,0.9067827348571922,close
PPL,2020-06-19,extended_hours,34.61538461538456,close
PPL,2020-11-04,extended_hours,3.5816618911167657,close
PPL,2022-11-14,extended_hours,3.6900369003682694,close
PPL,2024-04-03,extended_hours,1.832844574779694,close
PPL,2025-12-09,extended_hours,2.9585798816583186,close
PPL,2026-04-27,extended_hours,2.581311306143007,close
PPL,2026-05-15,extended_hours,2.8669724770636495,close
PPL,2026-07-16,extended_hours,2.748763056625925,close
PPLT,2016-12-22,extended_hours,1.1506155793343065,close
PPLT,2017-05-08,extended_hours,3.4056079010104594,close
PPLT,2017-05-24,extended_hours,2.203371157872279,close
PPLT,2017-07-28,extended_hours,3.353828954723436,close
PPLT,2017-07-31,extended_hours,2.222469163241102,close
PPLT,2017-08-24,extended_hours,2.142933676203437,close
PPLT,2018-08-16,extended_hours,1.3509862199398077,close
PPLT,2018-10-08,extended_hours,3.8560411311055445,close
PPLT,2018-11-12,extended_hours,6.275100401606292,close
PPLT,2018-11-23,extended_hours,18.867924528301483,close
PPLT,2018-12-26,extended_hours,1.32538104705147,close
PPLT,2019-01-17,extended_hours,7.79828437743726,close
PPLT,2019-03-22,extended_hours,1.2481278082868767,close
PPLT,2019-04-09,extended_hours,2.3747328425538963,close
PPLT,2019-04-18,extended_hours,15.231400117164497,close
PPLT,2019-06-25,extended_hours,5.2417769623896735,close
PPLT,2020-03-24,extended_hours,4.491017964072027,close
PPLT,2020-04-28,extended_hours,16.26016260162543,close
PPLT,2020-08-04,extended_hours,2.2502250225030016,close
PPLT,2020-09-18,extended_hours,1.147052076163622,close
PPLT,2020-11-19,extended_hours,1.1208249271477495,close
PPLT,2021-08-05,extended_hours,1.063490375411513,close
PPLT,2021-11-19,extended_hours,2.081598667775699,close
PPLT,2023-08-16,extended_hours,2.4446889133365945,close
PPLT,2023-08-23,extended_hours,9.321836401770122,close
PPLT,2023-11-06,extended_hours,9.569377990431693,close
PPLT,2023-11-17,extended_hours,3.6131518728171907,close
PPLT,2024-05-14,extended_hours,2.0992967355924126,close
PPLT,2024-06-14,extended_hours,4.543389368468377,close
PPLT,2024-07-22,extended_hours,9.15855752718846,close
PPLT,2025-02-07,extended_hours,13.487692480611953,close
PPLT,2025-02-13,extended_hours,1.0928961748647235,close
PPLT,2025-02-19,extended_hours,1.1185682326615725,close
PPLT,2025-03-12,extended_hours,12.135922330096239,close
PPLT,2025-03-13,extended_hours,4.395604395603912,close
PPLT,2025-03-21,extended_hours,12.231735794507959,close
PPLT,2025-06-04,extended_hours,29.850746268657847,close
PPLT,2025-07-21,extended_hours,7.633587786259379,close
PPLT,2026-02-26,extended_hours,4.828585224529967,close
PPLT,2026-05-05,extended_hours,5.659309564232037,close
PRGO,2016-06-23,extended_hours,7.352941176471364,close
PRGO,2016-08-17,extended_hours,1.1168192986380518,close
PRGO,2020-03-02,extended_hours,1.849796522383484,close
PRGO,2022-11-25,extended_hours,3.0349013657071673,close
PRU,2016-01-29,extended_hours,2.853881278538245,close
PRU,2016-04-18,extended_hours,1.3046314416184104,close
PRU,2016-05-27,extended_hours,1.2572290671366753,close
PRU,2016-06-30,extended_hours,1.4017381553133046,close
PRU,2017-09-21,extended_hours,8.58942546287492,close
PRU,2018-01-26,extended_hours,1.587049674654501,close
PRU,2018-07-02,extended_hours,1.0601081310299072,close
PRU,2018-12-27,extended_hours,1.2285012285018568,close
PRU,2025-06-04,extended_hours,0.9635767970712195,close
PSA,2016-12-21,extended_hours,3.2538465114113877,close
PSA,2017-03-24,extended_hours,2.691669283567461,close
PSA,2017-06-07,extended_hours,0.9529708867398976,close
PSA,2017-08-17,extended_hours,1.0114803014216474,close
PSA,2017-08-30,extended_hours,1.456734971350934,close
PSA,2019-05-28,extended_hours,1.2860633600549207,close
PSA,2021-11-26,extended_hours,0.91737508409362,close
PSA,2023-04-06,extended_hours,0.3217606744119099,close
PSA,2024-02-01,extended_hours,1.9199888291561416,close
PSA,2024-09-20,extended_hours,0.829370784032665,close
PSA,2026-05-29,extended_hours,1.6464157529062984,close
PSA,2026-07-14,extended_hours,0.31354842755435064,close
PSX,2017-12-14,extended_hours,2.0090406830734326,close
PSX,2017-12-29,extended_hours,4.943153732080787,close
PSX,2019-02-04,extended_hours,1.0552975939220257,close
PSX,2019-12-31,extended_hours,0.8975854950175841,close
PSX,2025-10-28,extended_hours,0.7481669908716823,close
PSX,2026-02-27,extended_hours,3.239810795050305,close
PSX,2026-03-18,extended_hours,0.5789047122838314,close
PSX,2026-09-17,extended_hours,4.376208015754515,close
PTC,2018-11-30,extended_hours,15.030639380276295,close
PTC,2020-06-22,extended_hours,1.2669453946541385,close
PTC,2021-01-27,extended_hours,4.965654224944325,close
PTC,2025-01-23,extended_hours,0.2644523192465993,close
PVH,2016-06-02,extended_hours,2.0548648926329007,close
PVH,2018-02-05,extended_hours,1.3675213675220672,close
PVH,2018-12-27,extended_hours,1.0886131069023641,close
PVH,2020-05-14,extended_hours,2.4254183846708735,close
PVH,2022-07-27,extended_hours,1.6644474034617196,close
PVH,2024-12-18,extended_hours,1.8857250612856893,close
PWR,2019-07-01,extended_hours,2.5588536335716507,close
PWR,2021-09-30,extended_hours,0.8785802143740219,close
PWR,2024-12-24,extended_hours,2.116018258214479,close
PX,2017-10-20,extended_hours,2.7944669554276964,close
PX,2017-10-23,extended_hours,1.4040999719187188,close
PX,2017-11-07,extended_hours,1.342732460556013,close
PX,2018-02-21,extended_hours,3.9282440748986693,close
PX,2021-12-20,extended_hours,8.2372322899504,close
PX,2022-03-18,extended_hours,42.01680672268818,close
PX,2022-04-13,extended_hours,8.46740050804385,close
PX,2022-06-10,extended_hours,9.469696969696766,close
PX,2022-07-05,extended_hours,33.72681281618815,close
PX,2022-07-15,extended_hours,8.382229673092864,close
PX,2022-10-26,extended_hours,9.380863039399426,close
PX,2022-11-03,extended_hours,9.871668311944507,close
PX,2025-12-19,extended_hours,2.8254288597382238,close
PXD,2016-07-05,extended_hours,1.3204806549590804,close
PXD,2018-02-01,extended_hours,2.1430484864715797,close
PXD,2018-12-06,extended_hours,3.5058196606374534,close
PXD,2019-02-13,extended_hours,6.851661527920132,close
PXD,2023-12-28,extended_hours,1.3342228152101907,close
PXD,2024-01-16,extended_hours,1.1467363882393322,close
PYPL,2020-01-03,extended_hours,0.91945568223528,close
Q,2016-08-22,extended_hours,1.3056534795671908,close
Q,2017-08-21,extended_hours,11.817791147400026,close
Q,2017-09-22,extended_hours,5.2798310454062465,close
Q,2025-11-06,extended_hours,18.214936247723315,close
QCOM,2016-08-18,extended_hours,1.5862944162433392,close
QCOM,2018-01-26,extended_hours,4.377644827083196,close
QQQ,2016-02-16,extended_hours,6.983936945027176,close
QQQ,2016-02-25,extended_hours,0.9656237929707527,close
QQQ,2016-02-29,extended_hours,2.926829268292794,close
QQQ,2017-10-06,extended_hours,0.6772314777184685,close
QQQ,2018-02-08,extended_hours,1.3033561420664865,close
QQQ,2018-02-15,extended_hours,2.4140012070001236,close
QQQ,2018-02-23,extended_hours,2.3785455194144047,close
QQQ,2018-02-26,extended_hours,2.34741784037512,close
QQQ,2018-03-09,extended_hours,3.4650034650035964,close
QQQ,2018-07-12,extended_hours,1.1144544745352853,close
QQQ,2018-08-27,extended_hours,0.5424758598237444,close
QQQ,2018-11-07,extended_hours,2.2781637999783837,close
QQQ,2018-11-28,extended_hours,0.5927682276224603,close
QQQ,2018-12-24,extended_hours,1.3937282229972288,close
QQQ,2019-02-04,extended_hours,1.7695983011856977,close
QQQ,2019-02-08,extended_hours,2.9663028001905176,close
QQQ,2019-11-15,extended_hours,5.174707998619573,close
QQQ,2020-01-02,extended_hours,0.46262028127271027,close
QQQ,2020-06-29,extended_hours,1.2353813210344728,close
QQQ,2020-09-28,extended_hours,5.772005772004624,close
QQQ,2020-12-15,extended_hours,0.32542549383474073,close
QQQ,2021-06-14,extended_hours,0.29026733621639156,close
QQQ,2021-07-21,extended_hours,0.5531585352356956,close
QQQ,2025-04-04,extended_hours,8.990465374878639,close
QQQ,2025-11-28,extended_hours,0.1614856681468051,close
QQQ,2026-05-08,extended_hours,1.2654134386911664,close
QQQ,2026-05-20,extended_hours,0.28044590899504745,close
QRVO,2018-03-09,extended_hours,1.1694538650456223,close
QRVO,2020-03-16,extended_hours,16.973125884015605,close
QRVO,2022-11-02,extended_hours,17.755681818180808,close
R,2017-12-20,extended_hours,10.715561376354735,close
RAI,2017-02-08,extended_hours,11.570247933884346,close
RAI,2017-05-02,extended_hours,6.9369508247266385,close
RAI,2017-05-31,extended_hours,28.25278810408888,close
RAI,2017-06-01,extended_hours,5.937360843106167,close
RAI,2017-06-22,extended_hours,3.0557677616495065,close
RAI,2017-07-10,extended_hours,3.127932436659857,close
RCL,2018-05-01,extended_hours,3.650967506389764,close
RCL,2018-12-24,extended_hours,3.3527045149755406,close
RCL,2019-07-30,extended_hours,0.8621432882137171,close
RCL,2023-09-20,extended_hours,1.039392994491749,close
RCL,2024-07-17,extended_hours,3.0402529490443233,close
RCL,2025-07-03,extended_hours,3.587658454915228,close
RDDT,2024-10-11,extended_hours,6.825938566552513,close
RDDT,2024-11-08,extended_hours,0.7418397626127097,close
RDDT,2025-06-06,extended_hours,0.8244702778469053,close
RE,2016-02-16,extended_hours,1.0828956630034237,close
RE,2016-03-18,extended_hours,0.5227664802142991,close
RE,2016-05-10,extended_hours,1.637018443741195,close
RE,2016-06-28,extended_hours,1.1493592322269877,close
RE,2017-05-31,extended_hours,18.06400942470088,close
RE,2017-08-22,extended_hours,1.137742718447723,close
RE,2017-11-01,extended_hours,1.2777375527067225,close
RE,2018-02-08,extended_hours,1.2445034431262398,close
RE,2019-01-17,extended_hours,0.4644034737388811,close
RE,2020-02-26,extended_hours,0.7319840427472024,close
RE,2020-03-12,extended_hours,0.49795837068117355,close
RE,2020-10-28,extended_hours,0.5096839959235131,close
REG,2016-02-26,extended_hours,1.417434443657706,close
REG,2016-04-25,extended_hours,1.3508037282189809,close
REG,2017-07-10,extended_hours,1.6276041666674996,close
REG,2018-02-05,extended_hours,3.431120260765676,close
REG,2018-02-27,extended_hours,1.7268174753937346,close
REG,2020-10-27,extended_hours,2.7609055770287165,close
REGN,2016-06-09,extended_hours,0.26241209194895837,close
REGN,2024-02-28,extended_hours,0.8100363503816378,close
RF,2016-02-29,extended_hours,13.297872340426432,close
RF,2016-08-19,extended_hours,10.319917440660255,close
RF,2016-09-09,extended_hours,10.172939979653904,close
RF,2018-11-06,extended_hours,5.668934240363698,close
RF,2024-12-24,extended_hours,8.326394671107233,close
RF,2025-04-22,extended_hours,2.5278058645108987,close
RHI,2017-02-17,extended_hours,2.058036633053121,close
RHI,2017-04-11,extended_hours,2.1767522855894668,close
RHI,2019-07-15,extended_hours,3.403096818105007,close
RHI,2020-01-02,extended_hours,1.5686274509800802,close
RHI,2021-07-27,extended_hours,1.0525207872860873,close
RHI,2025-07-28,extended_hours,1.266143327423513,close
RHT,2016-02-29,extended_hours,1.5302218821736981,close
RHT,2016-03-09,extended_hours,1.4306151645214757,close
RHT,2017-02-24,extended_hours,2.3568230025920363,close
RHT,2017-11-03,extended_hours,0.822097994081315,close
RHT,2017-11-24,extended_hours,2.3371766905578943,close
RHT,2018-05-09,extended_hours,0.5842486562275593,close
RHT,2018-12-31,extended_hours,3.4160783420618226,close
RHT,2019-04-10,extended_hours,2.185792349726341,close
RHT,2019-04-11,extended_hours,9.86301369863051,close
RHT,2019-05-24,extended_hours,4.846787656847617,close
RHT,2019-06-14,extended_hours,4.319654427646464,close
RHT,2019-06-25,extended_hours,1.0664960273028439,close
RHT,2019-06-26,extended_hours,17.66406166363411,close
RHT,2019-07-01,extended_hours,1.0931861600510364,close
RIG,2022-11-30,extended_hours,23.529411764705383,close
RJF,2016-05-27,extended_hours,2.707825616029789,close
RJF,2016-12-20,extended_hours,2.0563438206878706,close
RJF,2017-12-13,extended_hours,3.414717432133025,close
RJF,2018-06-06,extended_hours,1.4914243102149003,close
RJF,2018-12-27,extended_hours,4.0314452731296155,close
RJF,2020-02-26,extended_hours,1.666111296234257,close
RJF,2020-08-24,extended_hours,1.9611688566395598,close
RJF,2021-10-27,extended_hours,1.001301692198949,close
RJF,2024-12-24,extended_hours,1.9074262461852198,close
RJF,2025-12-30,extended_hours,0.6151953245149742,close
RL,2020-11-18,extended_hours,1.223391240519344,close
RL,2022-10-04,extended_hours,5.449591280653641,close
RL,2024-06-12,extended_hours,0.5367974663169965,close
RL,2024-12-24,extended_hours,5.182018396165503,close
RL,2026-09-18,extended_hours,1.4920919128621715,close
RMD,2017-02-15,extended_hours,8.3682008368204,close
RMD,2017-04-11,extended_hours,1.4402995823138578,close
RMD,2017-08-15,extended_hours,6.902263942572771,close
RMD,2017-12-04,extended_hours,7.179609907861946,close
RMD,2018-01-05,extended_hours,3.4211426616491205,close
RMD,2020-05-12,extended_hours,0.59826503140837,close
RMD,2022-03-17,extended_hours,1.157318108171806,close
RMD,2023-04-10,extended_hours,3.601332493021702,close
RMD,2024-12-24,extended_hours,0.42995958379995386,close
RMD,2025-07-31,extended_hours,1.103184525999469,close
RMD,2025-10-28,extended_hours,0.3897571812757106,close
RMD,2026-04-29,extended_hours,0.9437078280555754,close
ROK,2016-06-02,extended_hours,1.7025623563459624,close
ROK,2018-01-11,extended_hours,0.48510720869268004,close
ROK,2018-02-05,extended_hours,8.669267446900552,close
ROK,2018-03-29,extended_hours,17.795637198622405,close
ROK,2019-12-26,extended_hours,1.9586720203697994,close
ROK,2022-03-24,extended_hours,0.18181818181801648,close
ROK,2023-01-11,extended_hours,3.5701535166020255,close
ROK,2023-01-19,extended_hours,0.7538067239552921,close
ROK,2025-06-12,extended_hours,0.6151196407695704,close
ROK,2025-11-06,extended_hours,1.073825503356254,close
ROK,2026-05-04,extended_hours,0.24980640003974183,close
ROK,2026-05-29,extended_hours,0.6650999866973953,close
ROL,2017-06-27,extended_hours,5.464480874315852,close
ROL,2018-02-23,extended_hours,4.3956043956050825,close
ROL,2018-02-28,extended_hours,4.476275738586197,close
ROL,2018-04-16,extended_hours,4.273504273503423,close
ROL,2019-01-23,extended_hours,4.032258064516759,close
ROL,2025-07-03,extended_hours,3.543586109141747,close
ROL,2025-08-14,extended_hours,1.7415534656910503,close
ROL,2026-09-08,extended_hours,2.8612303290409185,close
ROP,2016-08-18,extended_hours,0.577300542661985,close
ROP,2016-09-09,extended_hours,0.5679881858452178,close
ROP,2016-11-21,extended_hours,1.098659635244002,close
ROP,2017-04-17,extended_hours,1.9282684149629794,close
ROP,2017-05-17,extended_hours,1.365436256884126,close
ROP,2017-05-31,extended_hours,4.401408450705226,close
ROP,2017-10-20,extended_hours,4.316772623812308,close
ROP,2017-12-19,extended_hours,3.473026163464993,close
ROP,2017-12-29,extended_hours,0.38610038610003494,close
ROP,2018-02-07,extended_hours,5.635072692436879,close
ROP,2018-04-03,extended_hours,1.0844418739145718,close
ROP,2019-08-14,extended_hours,0.2877615032658314,close
ROP,2020-01-02,extended_hours,3.0122956431254932,close
ROP,2020-03-26,extended_hours,11.915643771219935,close
ROP,2020-04-02,extended_hours,12.128363982037058,close
ROP,2020-08-25,extended_hours,0.2318733044262505,close
ROP,2020-12-04,extended_hours,0.9570522789798689,close
ROP,2021-02-26,extended_hours,1.059265928711945,close
ROP,2022-03-17,extended_hours,0.4329191739910527,close
ROP,2022-11-10,extended_hours,0.11404329083309657,close
ROP,2023-01-19,extended_hours,1.6196954972463597,close
ROP,2023-03-31,extended_hours,1.815335042773471,close
ROST,2016-11-17,extended_hours,1.5260186174279133,close
ROST,2016-12-16,extended_hours,11.50582482381681,close
RRC,2024-11-25,extended_hours,1.3954786491773816,close
RRC,2025-07-15,extended_hours,2.626050420169411,close
RRC,2026-03-20,extended_hours,6.746120980436506,close
RSG,2016-02-29,extended_hours,1.0940919037189174,close
RSG,2016-09-01,extended_hours,0.985804416402889,close
RSG,2017-04-11,extended_hours,1.5900779138174608,close
RSG,2018-03-26,extended_hours,1.5010507355156284,close
RSG,2018-12-26,extended_hours,2.7999440011214096,close
RSG,2019-03-18,extended_hours,1.2661433274253122,close
RSG,2020-08-06,extended_hours,2.2753128555187976,close
RSG,2022-11-30,extended_hours,2.1537798836959676,close
RSG,2024-04-02,extended_hours,0.7939868727511529,close
RSG,2025-07-03,extended_hours,4.976362279172934,close
RSG,2025-07-07,extended_hours,0.8248102936317144,close
RTN,2016-01-29,extended_hours,3.8989394884600257,close
RTN,2016-09-09,extended_hours,0.529100529099296,close
RTN,2017-03-17,extended_hours,3.1853220360585697,close
RTN,2017-06-27,extended_hours,1.8615040953090802,close
RTN,2017-08-02,extended_hours,1.1508142010461944,close
RTN,2017-08-03,extended_hours,1.7227518088878326,close
RTN,2017-09-01,extended_hours,0.5513287021717337,close
RTN,2017-10-03,extended_hours,0.5310392437996339,close
RTN,2017-10-20,extended_hours,1.0587612493388159,close
RTN,2018-03-29,extended_hours,2.316745436010701,close
RTN,2018-12-27,extended_hours,1.3023376961634312,close
RTN,2020-02-13,extended_hours,0.4409948844601926,close
RTX,2016-04-25,extended_hours,0.9505703422058095,close
RTX,2016-06-07,extended_hours,0.9857072449473538,close
RTX,2016-06-15,extended_hours,1.9892580067630814,close
RTX,2017-09-19,extended_hours,2.6396832380115387,close
RTX,2017-10-13,extended_hours,2.52695417789767,close
RTX,2017-12-29,extended_hours,3.135533432625716,close
RTX,2018-01-12,extended_hours,0.7321716210293839,close
RTX,2018-01-19,extended_hours,0.7358351729226877,close
RTX,2018-02-06,extended_hours,2.311070025421858,close
RTX,2018-12-27,extended_hours,3.782148260212391,close
RTX,2018-12-31,extended_hours,0.9391435011274527,close
RTX,2020-05-12,extended_hours,1.7630465444284222,close
RTX,2026-02-27,extended_hours,1.9741387819559788,close
RTX,2026-06-03,extended_hours,0.579542161691736,close
RTX,2026-07-14,extended_hours,6.722167640520393,close
RTX,2026-09-18,extended_hours,1.5463917525773783,close
RVTY,2018-02-05,extended_hours,21.39609521262324,close
RVTY,2018-06-06,extended_hours,2.5539522410925835,close
RVTY,2018-12-24,extended_hours,5.565604563794635,close
RVTY,2018-12-27,extended_hours,1.2903225806458214,close
RVTY,2019-08-14,extended_hours,1.2588116817730508,close
RVTY,2020-07-17,extended_hours,0.9175995595513768,close
RVTY,2021-02-04,extended_hours,0.7023951675206086,close
RVTY,2023-11-24,extended_hours,3.3300033300034557,close
SATS,2018-02-08,extended_hours,3.4476814342360154,close
SATS,2020-02-25,extended_hours,2.6695141484244553,close
SBAC,2022-09-21,extended_hours,0.3330446945977122,close
SBNY,2020-08-31,extended_hours,1.0306090899727007,close
SCG,2016-06-28,extended_hours,1.3524479307534358,close
SCG,2017-09-14,extended_hours,3.3545790003347906,close
SCG,2018-02-05,extended_hours,16.025641025641633,close
SCG,2018-11-27,extended_hours,2.1281123643339255,close
SCG,2018-12-26,extended_hours,2.087246921310376,close
SCHW,2016-06-24,extended_hours,3.824091778203275,close
SCHW,2017-02-24,extended_hours,2.4324981756258843,close
SCHW,2018-06-06,extended_hours,1.7256255392588637,close
SCHW,2025-09-02,extended_hours,1.0403662089060668,close
SCHW,2026-06-26,extended_hours,22.05801257306748,close
SE,2022-11-02,extended_hours,4.231013327691141,close
SE,2025-02-13,extended_hours,2.253436490648324,close
SEDG,2019-01-03,extended_hours,2.8169014084501436,close
SEE,2025-01-17,extended_hours,2.8968713789101996,close
SEE,2026-02-13,extended_hours,2.384927259718104,close
SEE,2026-03-24,extended_hours,4.767580452919194,close
SHW,2016-05-06,extended_hours,1.0327377878761868,close
SHW,2016-05-26,extended_hours,1.040149781569078,close
SHW,2016-07-29,extended_hours,5.004504053648,close
SHW,2016-08-09,extended_hours,6.095702529715337,close
SHW,2016-09-09,extended_hours,6.560244915810439,close
SHW,2016-10-04,extended_hours,2.2141038414697243,close
SHW,2016-12-07,extended_hours,1.1119759813193724,close
SHW,2017-01-25,extended_hours,4.23414840690082,close
SHW,2017-05-01,extended_hours,4.510599909789028,close
SHW,2017-06-19,extended_hours,4.201680672268669,close
SHW,2018-01-23,extended_hours,4.892709862304689,close
SHW,2018-12-27,extended_hours,5.3685098550497115,close
SHW,2019-05-28,extended_hours,4.917802444849879,close
SHW,2019-06-04,extended_hours,0.6890374147309933,close
SHW,2019-06-06,extended_hours,0.64300411522758,close
SHW,2019-06-28,extended_hours,1.963864886095911,close
SHW,2020-01-29,extended_hours,3.049555273189442,close
SHW,2020-02-14,extended_hours,0.5124263387148003,close
SHW,2020-03-02,extended_hours,9.473918858670727,close
SHW,2020-05-12,extended_hours,1.6261043959022783,close
SHW,2020-05-15,extended_hours,11.611949751926467,close
SHW,2020-08-05,extended_hours,5.5322483979532775,close
SHW,2022-03-31,extended_hours,8.412787436904413,close
SHW,2024-12-24,extended_hours,10.677594366847645,close
SHW,2026-07-02,extended_hours,5.6740807989118665,close
SIG,2016-07-11,extended_hours,37.59398496240582,close
SIG,2016-07-14,extended_hours,5.459111256687101,close
SIG,2017-03-02,extended_hours,10.612492419647237,close
SIG,2018-10-29,extended_hours,5.494505494505703,close
SIG,2019-04-11,extended_hours,8.38574423480066,close
SIG,2022-10-20,extended_hours,1.8129079042793903,close
SIG,2025-07-15,extended_hours,1.267105930056401,close
SIVB,2016-06-23,extended_hours,1.906395958440189,close
SIVB,2022-01-11,extended_hours,5.044651987183919,close
SJM,2016-06-02,extended_hours,1.5337423312891283,close
SJM,2016-07-25,extended_hours,0.6463288521193709,close
SJM,2016-11-30,extended_hours,2.3818975784042187,close
SJM,2017-06-07,extended_hours,2.2921760391198913,close
SJM,2017-07-21,extended_hours,3.3760972316007978,close
SJM,2018-02-05,extended_hours,9.431535625482246,close
SJM,2019-08-12,extended_hours,5.291938613512284,close
SJM,2022-11-25,extended_hours,2.6444532592881163,close
SJM,2024-04-26,extended_hours,0.8802816901412954,close
SJM,2025-09-12,extended_hours,0.9276437847871165,close
SKYY,2016-02-25,extended_hours,1.886108088501465,close
SKYY,2016-12-07,extended_hours,2.84819139846141,close
SKYY,2017-02-07,extended_hours,2.700513097487985,close
SKYY,2017-02-22,extended_hours,2.618486514793928,close
SKYY,2017-02-24,extended_hours,5.2548607461910475,close
SKYY,2017-05-05,extended_hours,2.5188916876587193,close
SKYY,2017-07-18,extended_hours,7.306380905991508,close
SKYY,2017-08-01,extended_hours,2.4313153416010493,close
SKYY,2017-08-09,extended_hours,2.4557956777991183,close
SKYY,2017-11-27,extended_hours,6.557377049180577,close
SKYY,2018-02-08,extended_hours,11.061946902654238,close
SKYY,2018-03-09,extended_hours,1.9301293186653379,close
SKYY,2018-06-15,extended_hours,1.8115942028994774,close
SKYY,2018-07-02,extended_hours,3.7057624606255364,close
SKYY,2018-07-09,extended_hours,1.812907904278102,close
SKYY,2018-07-12,extended_hours,3.5467281432883713,close
SKYY,2018-12-26,extended_hours,11.494252873563159,close
SKYY,2019-03-11,extended_hours,2.9535864978909068,close
SKYY,2019-05-28,extended_hours,3.4680076296160953,close
SKYY,2019-07-19,extended_hours,1.6835016835013488,close
SKYY,2019-10-08,extended_hours,1.8148820326675155,close
SKYY,2020-01-16,extended_hours,6.149116064564496,close
SKYY,2020-03-10,extended_hours,1.5703069236261256,close
SKYY,2020-05-12,extended_hours,9.328244274808574,close
SKYY,2020-05-14,extended_hours,7.731560228853743,close
SKYY,2020-05-27,extended_hours,7.295010213015956,close
SKYY,2020-06-18,extended_hours,1.3751375137520785,close
SKYY,2020-07-08,extended_hours,2.5687130747490396,close
SKYY,2020-09-01,extended_hours,1.1701380762919384,close
SKYY,2020-10-20,extended_hours,1.2097749818539942,close
SKYY,2020-12-02,extended_hours,4.474272930649469,close
SKYY,2021-02-04,extended_hours,5.671613574062035,close
SKYY,2021-08-12,extended_hours,1.8735362997654352,close
SKYY,2021-10-13,extended_hours,3.6078289889064896,close
SKYY,2021-10-27,extended_hours,1.7744654422864192,close
SKYY,2022-01-21,extended_hours,4.476275738586197,close
SKYY,2022-04-25,extended_hours,1.2442453651866512,close
SKYY,2022-04-26,extended_hours,5.200208008319298,close
SKYY,2022-05-02,extended_hours,9.004373552867659,close
SKYY,2023-01-12,extended_hours,0.8350033400137872,close
SKYY,2023-06-13,extended_hours,2.603488674823747,close
SKYY,2023-11-24,extended_hours,8.705384902374478,close
SKYY,2024-01-31,extended_hours,4.457817898137974,close
SKYY,2024-08-21,extended_hours,3.055612140965689,close
SKYY,2024-09-20,extended_hours,0.9823182711189494,close
SKYY,2025-07-18,extended_hours,0.8100445524507991,close
SKYY,2025-08-13,extended_hours,0.8263097008751368,close
SKYY,2026-01-16,extended_hours,0.8051529790652903,close
SLB,2016-09-20,extended_hours,1.3267878466221181,close
SLG,2016-01-26,extended_hours,0.9137426900576484,close
SLG,2016-04-25,extended_hours,0.8901548869507847,close
SLG,2016-08-23,extended_hours,0.8130742336779508,close
SLG,2017-08-17,extended_hours,0.9653441451868815,close
SLG,2017-12-13,extended_hours,3.6650174088332648,close
SLG,2018-02-05,extended_hours,21.14377768828111,close
SLG,2018-11-16,extended_hours,1.9882692116522747,close
SLG,2018-12-24,extended_hours,4.857906242408554,close
SLG,2019-05-01,extended_hours,4.2707666026058355,close
SLG,2020-02-27,extended_hours,1.1720581340840504,close
SLG,2022-07-05,extended_hours,2.0973154362411934,close
SLG,2022-12-02,extended_hours,4.924895345974668,close
SLG,2024-06-27,extended_hours,1.790189760114216,close
SLG,2025-02-18,extended_hours,1.5186028853441011,close
SLV,2016-07-08,extended_hours,0.0520291363162159,close
SLV,2017-02-22,extended_hours,5.844535359437762,close
SLV,2017-04-21,extended_hours,5.875440658048185,close
SLV,2017-07-17,extended_hours,6.57030223390262,close
SLV,2019-09-23,extended_hours,5.7110222729877576,close
SLV,2020-08-04,extended_hours,4.12371134020683,close
SLV,2022-01-05,extended_hours,4.761904761905506,close
SLV,2022-02-23,extended_hours,4.399472063353085,close
SLV,2022-04-05,extended_hours,4.472271914133079,close
SLV,2022-10-03,extended_hours,5.2356020942416555,close
SLV,2022-11-04,extended_hours,5.192107995847125,close
SLV,2023-05-04,extended_hours,2.088554720134736,close
SMH,2016-03-16,extended_hours,3.7119524870087464,close
SMH,2016-05-20,extended_hours,3.6927621861144795,close
SMH,2016-06-23,extended_hours,10.24590163934465,close
SMH,2016-06-24,extended_hours,14.508523757707344,close
SMH,2016-07-08,extended_hours,3.451846738004146,close
SMH,2016-08-03,extended_hours,3.174603174603671,close
SMH,2016-09-01,extended_hours,2.993115833582164,close
SMH,2016-10-24,extended_hours,5.815644082583055,close
SMH,2016-11-11,extended_hours,2.9171528588092213,close
SMH,2016-12-06,extended_hours,2.84819139846141,close
SMH,2016-12-28,extended_hours,11.028398125172084,close
SMH,2017-01-18,extended_hours,21.72732210754978,close
SMH,2017-02-13,extended_hours,26.198585276395445,close
SMH,2017-02-15,extended_hours,5.227391531624679,close
SMH,2017-02-16,extended_hours,2.603488674823747,close
SMH,2017-02-21,extended_hours,2.5700334104338243,close
SMH,2017-02-27,extended_hours,2.594033722437876,close
SMH,2017-03-03,extended_hours,2.60145681581634,close
SMH,2017-03-13,extended_hours,7.660878447393778,close
SMH,2017-04-13,extended_hours,5.2452137424589615,close
SMH,2017-05-01,extended_hours,4.9664762850765145,close
SMH,2017-05-15,extended_hours,7.161613750298672,close
SMH,2017-05-16,extended_hours,9.436187780136624,close
SMH,2017-06-20,extended_hours,2.3646252069042353,close
SMH,2017-06-27,extended_hours,4.82509047044536,close
SMH,2017-07-03,extended_hours,4.943153732080084,close
SMH,2017-07-18,extended_hours,4.601932811781667,close
SMH,2017-07-19,extended_hours,4.556846662110533,close
SMH,2017-10-19,extended_hours,2.043735949314942,close
SMH,2017-11-03,extended_hours,1.9428793471921528,close
SMH,2017-11-06,extended_hours,5.753739930955339,close
SMH,2017-11-16,extended_hours,62.9290617848967,close
SMH,2017-12-15,extended_hours,4.029820672980683,close
SMH,2018-02-05,extended_hours,8.140008140007966,close
SMH,2018-02-06,extended_hours,13.73895976447503,close
SMH,2018-02-15,extended_hours,1.941370607648614,close
SMH,2018-03-09,extended_hours,1.7866714311234608,close
SMH,2018-05-04,extended_hours,1.9841269841265894,close
SMH,2018-05-08,extended_hours,1.959631589260829,close
SMH,2018-05-10,extended_hours,1.9007793195206255,close
SMH,2018-06-06,extended_hours,7.167174341515705,close
SMH,2018-06-15,extended_hours,5.439709882139826,close
SMH,2018-07-03,extended_hours,17.835909631390468,close
SMH,2018-07-31,extended_hours,39.66005665722261,close
SMH,2018-08-06,extended_hours,1.8491124260351353,close
SMH,2018-08-07,extended_hours,1.8365472910936849,close
SMH,2018-10-10,extended_hours,2.0768431983381124,close
SMH,2018-11-30,extended_hours,97.14758164530922,close
SMH,2019-05-31,extended_hours,32.67306514192438,close
SMH,2020-01-16,extended_hours,1.3749484394342246,close
SMH,2020-03-04,extended_hours,2.8810141169685997,close
SMH,2020-03-10,extended_hours,4.674353381115789,close
SMH,2020-04-07,extended_hours,8.143322475570727,close
SMH,2020-10-05,extended_hours,1.116944041104112,close
SMH,2020-11-30,extended_hours,5.752085130860155,close
SMH,2020-12-04,extended_hours,0.9115770282593543,close
SMH,2020-12-21,extended_hours,0.9320533134500061,close
SMH,2021-02-04,extended_hours,0.8440955516168748,close
SMH,2021-06-14,extended_hours,1.569365976145325,close
SMH,2022-03-16,extended_hours,0.7637668983441019,close
SMH,2022-03-17,extended_hours,3.7950664136631023,close
SMH,2022-04-26,extended_hours,0.8748141020025287,close
SMH,2022-11-25,extended_hours,4.519569736962069,close
SMH,2023-03-22,extended_hours,2.3807634314737824,close
SMH,2023-04-28,extended_hours,0.8088651621767293,close
SMH,2023-05-15,extended_hours,0.7928956549322167,close
SMH,2024-04-30,extended_hours,0.46709327852729715,close
SMH,2024-12-24,extended_hours,0.7956398933846613,close
SMH,2025-10-06,extended_hours,1.1648902090983886,close
SMH,2026-04-29,extended_hours,1.2010088474318883,close
SMH,2026-06-05,extended_hours,0.1755340623846461,close
SMH,2026-06-16,extended_hours,0.32467532467502935,close
SNA,2016-01-29,extended_hours,0.6189650903683402,close
SNA,2019-07-30,extended_hours,0.6418073294391184,close
SNA,2020-03-02,extended_hours,0.6724497343836545,close
SNA,2020-11-27,extended_hours,19.209039548022794,close
SNA,2025-03-21,extended_hours,2.134341555631613,close
SNA,2025-07-15,extended_hours,1.5970869134701942,close
SNA,2025-11-28,extended_hours,2.0585208057636577,close
SNA,2026-04-13,extended_hours,0.6549474732120527,close
SNDK,2025-02-18,extended_hours,212.08907741251326,close
SNI,2016-01-29,extended_hours,6.560603575528809,close
SNI,2017-08-11,extended_hours,2.3078698361424226,close
SO,2016-03-03,extended_hours,2.0751193193604505,close
SO,2016-05-31,extended_hours,2.022653721682446,close
SO,2018-12-27,extended_hours,2.2753128555187976,close
SO,2020-06-19,extended_hours,50.363738108562416,close
SO,2020-06-29,extended_hours,0.19394879751838145,close
SO,2026-07-28,extended_hours,0.5166356685260852,close
SOXX,2016-01-04,extended_hours,3.378378378378906,close
SOXX,2018-06-29,extended_hours,1.6832183134161112,close
SOXX,2018-12-06,extended_hours,9.170946441673562,close
SOXX,2018-12-24,extended_hours,18.621973929237207,close
SOXX,2018-12-26,extended_hours,1.9519812609795064,close
SOXX,2019-07-23,extended_hours,4.207573632538729,close
SOXX,2019-09-18,extended_hours,1.3749484394342246,close
SOXX,2019-10-22,extended_hours,4.127682993944266,close
SOXX,2019-11-01,extended_hours,1.3071895424843287,close
SOXX,2019-12-19,extended_hours,3.615328994938676,close
SOXX,2020-01-02,extended_hours,4.682195949901234,close
SOXX,2020-01-17,extended_hours,1.1532695190855617,close
SOXX,2020-03-02,extended_hours,1.2500000000006395,close
SOXX,2020-03-04,extended_hours,1.2325896708974369,close
SOXX,2020-09-21,extended_hours,10.215548064153062,close
SOXX,2021-01-05,extended_hours,3.8928682653387865,close
SOXX,2021-06-09,extended_hours,2.0979020979021774,close
SOXX,2021-06-11,extended_hours,0.6887052341591533,close
SOXX,2021-06-14,extended_hours,0.6790710308292073,close
SOXX,2021-08-03,extended_hours,0.6475425759256185,close
SOXX,2021-09-01,extended_hours,5.798595451324232,close
SOXX,2021-10-14,extended_hours,3.32468914156413,close
SOXX,2021-10-19,extended_hours,0.6472910868029856,close
SOXX,2021-12-22,extended_hours,1.6802957320489045,close
SOXX,2022-01-28,extended_hours,0.659282700423215,close
SOXX,2022-02-25,extended_hours,1.2577034335310169,close
SOXX,2022-03-17,extended_hours,3.8697194453403596,close
SOXX,2022-03-28,extended_hours,1.840152119241927,close
SOXX,2022-06-24,extended_hours,0.8045052292832587,close
SOXX,2022-07-05,extended_hours,1.7652250661955888,close
SOXX,2022-09-21,extended_hours,5.1759834368531985,close
SOXX,2022-11-25,extended_hours,0.7959248646931802,close
SOXX,2023-12-20,extended_hours,0.542711386085929,close
SOXX,2024-01-29,extended_hours,2.483484825908278,close
SOXX,2024-05-07,extended_hours,0.45722646426733593,close
SOXX,2025-10-06,extended_hours,0.3467887363015295,close
SOXX,2026-01-15,extended_hours,1.4827115829415374,close
SOXX,2026-08-10,extended_hours,0.5666899639202235,close
SOYB,2016-04-19,extended_hours,5.1948051948060066,close
SOYB,2017-06-29,extended_hours,3.2460136674264963,close
SOYB,2018-01-03,extended_hours,5.54938956714651,close
SOYB,2018-02-15,extended_hours,0.5299417064129422,close
SOYB,2018-07-25,extended_hours,12.232415902142584,close
SOYB,2018-10-24,extended_hours,6.301197227474206,close
SOYB,2019-06-04,extended_hours,6.447453255963757,close
SOYB,2019-08-08,extended_hours,0.06570302233887447,close
SOYB,2019-08-19,extended_hours,0.20107238605851263,close
SOYB,2019-11-29,extended_hours,6.7114093959730114,close
SOYB,2019-12-26,extended_hours,6.345177664974484,close
SOYB,2020-05-05,extended_hours,14.880952380953385,close
SOYB,2020-07-15,extended_hours,7.107320540156209,close
SOYB,2020-07-23,extended_hours,6.993006993008086,close
SOYB,2020-08-25,extended_hours,6.82128240109126,close
SOYB,2020-09-11,extended_hours,6.418485237483816,close
SOYB,2020-11-09,extended_hours,5.927682276228814,close
SOYB,2021-04-26,extended_hours,4.321521175454436,close
SOYB,2021-10-07,extended_hours,0.45433893684744303,close
SOYB,2021-10-11,extended_hours,9.246417013407108,close
SOYB,2022-02-16,extended_hours,3.767897513186892,close
SOYB,2022-04-07,extended_hours,3.616636528028214,close
SOYB,2022-06-17,extended_hours,3.5124692658944725,close
SOYB,2022-06-23,extended_hours,5.692599620492226,close
SOYB,2023-01-11,extended_hours,3.5829451809392916,close
SOYB,2023-01-13,extended_hours,3.5186488388464334,close
SOYB,2023-01-20,extended_hours,7.220216606498042,close
SOYB,2023-02-21,extended_hours,3.485535029627593,close
SOYB,2023-04-18,extended_hours,3.6536353671909256,close
SOYB,2023-05-01,extended_hours,3.7608123354650482,close
SOYB,2023-06-21,extended_hours,3.5473572188724947,close
SOYB,2023-08-23,extended_hours,8.767605633802399,close
SOYB,2023-08-25,extended_hours,52.50262513125607,close
SOYB,2023-10-16,extended_hours,15.401540154014684,close
SOYB,2023-11-13,extended_hours,6.9396252602357995,close
SOYB,2023-11-14,extended_hours,3.4590107229337814,close
SOYB,2023-12-18,extended_hours,17.901897601145976,close
SOYB,2024-01-08,extended_hours,11.51631477927107,close
SOYB,2025-01-21,extended_hours,11.150758251562056,close
SOYB,2025-03-18,extended_hours,4.686035613871398,close
SOYB,2025-03-19,extended_hours,4.712535344015817,close
SOYB,2025-04-10,extended_hours,4.68823253633287,close
SOYB,2025-09-17,extended_hours,1.1235955056185523,close
SOYB,2025-10-16,extended_hours,0.36951501154812394,close
SOYB,2026-03-25,extended_hours,4.106776180698794,close
SOYB,2026-08-18,extended_hours,9.689922480619604,close
SPG,2016-01-26,extended_hours,2.103713053539079,close
SPG,2016-03-11,extended_hours,0.9934926233177801,close
SPG,2016-04-25,extended_hours,3.9279226199236064,close
SPG,2016-07-19,extended_hours,1.7934806976636346,close
SPG,2017-01-03,extended_hours,1.095170298982052,close
SPG,2017-08-17,extended_hours,1.908396946564958,close
SPG,2017-09-13,extended_hours,1.246649629122373,close
SPG,2018-02-27,extended_hours,1.2992918859209905,close
SPG,2018-06-27,extended_hours,0.585069038147632,close
SPG,2018-11-16,extended_hours,1.621008267142224,close
SPG,2019-06-13,extended_hours,2.4417043096076205,close
SPG,2022-11-25,extended_hours,0.8285004142506309,close
SPG,2024-11-29,extended_hours,2.723311546841578,close
SPGI,2016-08-03,extended_hours,0.829806655049798,close
SPGI,2016-09-09,extended_hours,0.8181966944857729,close
SPGI,2016-09-23,extended_hours,0.8001280204825496,close
SPGI,2016-11-02,extended_hours,8.371002846141682,close
SPGI,2017-07-03,extended_hours,2.0587427944002976,close
SPGI,2018-07-02,extended_hours,3.67071260767368,close
SPGI,2020-05-12,extended_hours,6.35005514521566,close
SPGI,2022-09-21,extended_hours,3.5833731485906757,close
SPGI,2024-12-24,extended_hours,6.141654284299204,close
SPGI,2025-07-03,extended_hours,8.49681841355045,close
SPGI,2025-08-04,extended_hours,1.953749422756095,close
SPGI,2025-11-07,extended_hours,1.2086539623706192,close
SPY,2016-02-29,extended_hours,4.654771140419106,close
SPY,2016-05-27,extended_hours,1.4269406392694604,close
SPY,2016-12-09,extended_hours,1.3243279035889788,close
SPY,2017-09-12,extended_hours,0.7997121036430976,close
SPY,2017-10-26,extended_hours,3.131360576170836,close
SPY,2017-12-04,extended_hours,0.3786301162391013,close
SPY,2018-02-21,extended_hours,0.37041152720638976,close
SPY,2018-12-27,extended_hours,0.4028846541243031,close
SPY,2019-02-08,extended_hours,1.1088933244632793,close
SPY,2019-08-08,extended_hours,1.021833168703727,close
SPY,2019-10-03,extended_hours,1.7214666896199473,close
SPY,2019-12-26,extended_hours,0.3096550442803897,close
SPY,2020-01-02,extended_hours,0.6156308677311482,close
SPY,2020-02-10,extended_hours,0.8961911874525083,close
SPY,2020-06-29,extended_hours,3.611767796165407,close
SPY,2020-09-21,extended_hours,0.9170946441681816,close
SPY,2020-12-24,extended_hours,0.5419613581546706,close
SPY,2022-03-17,extended_hours,0.22672138209333906,close
SPY,2022-03-24,extended_hours,0.6659415303342928,close
SPY,2022-06-09,extended_hours,0.2491032283776132,close
SPY,2022-11-30,extended_hours,3.18877551020397,close
SPY,2022-12-12,extended_hours,0.5013159543797923,close
SPY,2024-01-31,extended_hours,0.20709078860153465,close
SPY,2024-04-30,extended_hours,0.9960556197449008,close
SPY,2024-07-02,extended_hours,0.5464381340954211,close
SPY,2024-08-19,extended_hours,0.5360876324578315,close
SPY,2024-12-12,extended_hours,0.16547250674285416,close
SPY,2025-01-21,extended_hours,1.16076610562866,close
SPY,2025-01-23,extended_hours,0.16400164001625103,close
SPY,2025-04-03,extended_hours,3.726476616357961,close
SPY,2025-04-09,extended_hours,41.74109584047179,close
SPY,2025-06-12,extended_hours,0.4968944099374363,close
SPY,2025-07-23,extended_hours,0.7883823969989153,close
SPY,2025-10-30,extended_hours,0.4412867922859055,close
SRCL,2022-07-05,extended_hours,2.2446689113351317,close
SRCL,2022-11-30,extended_hours,1.9182812200278372,close
SRE,2017-04-17,extended_hours,3.5631569570645154,close
SRE,2020-06-19,extended_hours,30.701006310762356,close
SRE,2024-11-29,extended_hours,1.0675776662757677,close
STE,2016-11-30,extended_hours,1.5241579027595056,close
STE,2017-01-03,extended_hours,1.465845793023324,close
STE,2017-07-06,extended_hours,2.4743288383021182,close
STE,2019-06-05,extended_hours,5.1102350708127595,close
STE,2019-11-29,extended_hours,12.571126108245743,close
STE,2020-03-02,extended_hours,2.4479804161561836,close
STE,2026-04-13,extended_hours,0.44474093840297557,close
STE,2026-05-01,extended_hours,0.932835820894674,close
STE,2026-08-06,extended_hours,5.608766934161509,close
STI,2024-12-23,extended_hours,5.000000000000782,close
STI,2025-02-13,extended_hours,93.02325581395316,close
STI,2025-02-14,extended_hours,31.818181818181948,close
STI,2025-02-28,extended_hours,94.9554896142434,close
STI,2025-04-09,extended_hours,202.02020202020307,close
STI,2025-04-11,extended_hours,573.4144222415292,close
STI,2025-04-14,extended_hours,329.0129611166501,close
STI,2025-04-28,extended_hours,9.999999999999787,close
STI,2025-06-27,extended_hours,100.25062656641612,close
STI,2025-08-26,extended_hours,13.134328358208835,close
STI,2025-09-10,extended_hours,19.999999999999574,close
STI,2025-09-15,extended_hours,63.55932203389883,close
STI,2025-09-19,extended_hours,43.95604395604497,close
STI,2025-12-04,extended_hours,11.454753722794717,close
STI,2026-01-30,extended_hours,0.6839945280446116,close
STI,2026-02-09,extended_hours,74.18397626112733,close
STI,2026-04-07,extended_hours,43.252595155709955,close
STJ,2016-06-10,extended_hours,5.171299288947156,close
STJ,2016-06-23,extended_hours,1.2740476493809283,close
STJ,2016-09-09,extended_hours,2.5627883136847793,close
STJ,2016-11-14,extended_hours,1.2743723716076356,close
STJ,2016-11-25,extended_hours,0.6227425582276327,close
STJ,2016-12-07,extended_hours,3.7650602409639977,close
STT,2016-02-25,extended_hours,1.8268176835961119,close
STT,2016-09-09,extended_hours,1.4347202295539319,close
STT,2018-01-26,extended_hours,0.9016319538356239,close
STT,2018-12-27,extended_hours,1.5817779183799447,close
STT,2020-06-19,extended_hours,21.406727828746263,close
STT,2022-04-26,extended_hours,5.167577144544011,close
STT,2025-01-16,extended_hours,0.9951238929237641,close
STX,2017-05-31,extended_hours,2.2951572182689945,close
STX,2020-03-16,extended_hours,65.90187942396952,close
STX,2020-06-19,extended_hours,97.9827089337172,close
STX,2022-10-25,extended_hours,1.7241379310341398,close
STZ,2016-06-20,extended_hours,3.2398107950484634,close
STZ,2017-06-01,extended_hours,1.624343494504366,close
STZ,2018-02-28,extended_hours,0.46408019305825726,close
STZ,2018-08-01,extended_hours,1.9188333493232295,close
STZ,2019-02-08,extended_hours,0.5707111060376044,close
STZ,2022-11-30,extended_hours,2.3314552166311353,close
STZ,2025-08-06,extended_hours,2.3646252069042353,close
STZ,2026-01-07,extended_hours,1.423588867533761,close
SW,2016-11-25,extended_hours,1.9565642731359834,close
SW,2018-12-26,extended_hours,5.360493165372052,close
SW,2018-12-27,extended_hours,2.6364355391505434,close
SW,2019-02-26,extended_hours,2.5490695896011,close
SW,2022-03-31,extended_hours,2.1263023601951967,close
SW,2022-05-27,extended_hours,2.0391517128870333,close
SW,2023-09-15,extended_hours,2.737476047084043,close
SW,2025-06-04,extended_hours,1.1739845034034873,close
SWK,2016-01-29,extended_hours,2.119991520035004,close
SWK,2016-06-23,extended_hours,0.8691873098644854,close
SWK,2016-11-25,extended_hours,2.4671052631579884,close
SWK,2017-02-24,extended_hours,3.913281678014961,close
SWK,2020-01-02,extended_hours,0.5951672419961508,close
SWK,2020-05-12,extended_hours,1.8395879323027982,close
SWK,2020-06-19,extended_hours,12.694145758663078,close
SWK,2022-09-21,extended_hours,3.594536304816815,close
SWK,2023-01-31,extended_hours,3.35908632851877,close
SWKS,2020-02-10,extended_hours,0.8599931200554795,close
SYF,2016-09-09,extended_hours,3.7133308577800084,close
SYF,2018-06-06,extended_hours,2.8105677346818467,close
SYF,2018-07-02,extended_hours,2.955082742318296,close
SYF,2019-04-26,extended_hours,2.906976744185468,close
SYF,2019-05-21,extended_hours,5.689900426743422,close
SYF,2020-01-06,extended_hours,2.8026905829590834,close
SYF,2022-05-27,extended_hours,2.767017155505814,close
SYK,2016-05-06,extended_hours,0.8991997122552744,close
SYK,2016-08-12,extended_hours,1.7305529116549296,close
SYK,2016-09-27,extended_hours,0.8488964346342024,close
SYK,2016-11-30,extended_hours,3.5192679922581607,close
SYK,2017-06-01,extended_hours,3.455425017275947,close
SYK,2017-12-29,extended_hours,1.9374838543012876,close
SYK,2018-12-06,extended_hours,6.958942240779666,close
SYK,2018-12-26,extended_hours,2.65199230922366,close
SYK,2018-12-27,extended_hours,5.821474773609536,close
SYK,2022-04-26,extended_hours,3.615910004017815,close
SYK,2025-10-10,extended_hours,0.27427317608312957,close
SYY,2018-02-05,extended_hours,38.27418232428775,close
SYY,2018-02-23,extended_hours,1.6756032171578437,close
SYY,2018-02-27,extended_hours,1.6708437761066015,close
SYY,2018-12-27,extended_hours,1.6116035455274798,close
SYY,2019-08-09,extended_hours,1.428775539363497,close
SYY,2022-08-31,extended_hours,1.2162490878138064,close
SYY,2025-07-24,extended_hours,1.2521913348366036,close
T,2016-03-02,extended_hours,2.6532236667545797,close
T,2016-04-04,extended_hours,2.5406504065035596,close
T,2017-02-24,extended_hours,2.3607176581676135,close
T,2017-06-01,extended_hours,2.572678157961927,close
T,2018-01-26,extended_hours,2.64410364886251,close
T,2018-09-21,extended_hours,29.60331557134441,close
T,2020-05-12,extended_hours,1.7307026652817603,close
T,2025-05-30,extended_hours,3.5971223021588354,close
T,2025-11-28,extended_hours,3.84319754035281,close
T,2026-03-31,extended_hours,3.4494653328727183,close
TAN,2016-01-04,extended_hours,6.499837504062261,close
TAN,2016-02-25,extended_hours,4.415011037526716,close
TAN,2016-03-18,extended_hours,20.491803278688817,close
TAN,2016-05-10,extended_hours,4.672897196260753,close
TAN,2016-07-12,extended_hours,4.593477262288269,close
TAN,2016-08-05,extended_hours,4.551661356394179,close
TAN,2016-10-31,extended_hours,20.942408376962902,close
TAN,2017-02-23,extended_hours,47.12041884816746,close
TAN,2017-04-13,extended_hours,5.777007510110666,close
TAN,2017-05-03,extended_hours,5.636978579482279,close
TAN,2017-05-05,extended_hours,5.595970900952189,close
TAN,2017-08-17,extended_hours,4.708097928437648,close
TAN,2017-12-04,extended_hours,38.7763894872899,close
TAN,2017-12-22,extended_hours,0.27678924476012995,close
TAN,2018-07-05,extended_hours,4.299226139295599,close
TAN,2018-07-25,extended_hours,4.255319148936835,close
TAN,2019-02-22,extended_hours,7.94912559618425,close
TAN,2019-04-22,extended_hours,3.94944707740978,close
TAN,2019-07-30,extended_hours,0.34614053305684395,close
TAN,2019-09-03,extended_hours,3.360215053762772,close
TAN,2019-11-14,extended_hours,7.217610970768521,close
TAN,2019-11-27,extended_hours,2.5813295615278466,close
TAN,2019-12-11,extended_hours,3.448275862069505,close
TAN,2020-01-27,extended_hours,3.1328320801998775,close
TAN,2020-01-30,extended_hours,0.815956482322262,close
TAN,2020-06-08,extended_hours,2.747252747252201,close
TAN,2020-08-25,extended_hours,0.18145527127520766,close
TAN,2020-10-01,extended_hours,3.125930336409764,close
TAN,2022-07-15,extended_hours,8.607086501217626,close
TAN,2023-02-16,extended_hours,6.559097468188003,close
TAN,2025-02-26,extended_hours,2.860411899312932,close
TAN,2025-08-07,extended_hours,5.482456140351735,close
TAP,2016-06-20,extended_hours,0.9896091044042669,close
TAP,2016-11-30,extended_hours,3.0602876670408174,close
TAP,2017-06-01,extended_hours,2.0706077233678672,close
TAP,2019-03-25,extended_hours,1.7021276595741295,close
TAP,2019-04-23,extended_hours,1.6318537859004587,close
TAP,2024-03-26,extended_hours,1.494768310910449,close
TAP,2026-06-26,extended_hours,1.2054001928629345,close
TDC,2018-02-02,extended_hours,2.450980392158117,close
TDC,2018-12-24,extended_hours,5.643340857788693,close
TDC,2019-05-28,extended_hours,2.9061319383914896,close
TDC,2019-06-04,extended_hours,2.8312570781421322,close
TDG,2016-01-29,extended_hours,3.5598273483728957,close
TDG,2017-01-10,extended_hours,1.5793422039717315,close
TDG,2017-12-29,extended_hours,0.5462093074061014,close
TDG,2018-12-27,extended_hours,6.327969625746893,close
TDG,2019-01-04,extended_hours,2.0529665366469194,close
TDG,2019-02-06,extended_hours,1.1907597046905103,close
TDG,2019-02-08,extended_hours,1.8806271891672133,close
TDG,2020-01-02,extended_hours,1.938530946003342,close
TDG,2020-06-29,extended_hours,2.478817378763603,close
TDG,2022-04-26,extended_hours,0.16292217207824997,close
TDG,2024-05-24,extended_hours,3.3325680769604427,close
TDG,2024-09-11,extended_hours,0.7529950377620164,close
TDG,2024-09-12,extended_hours,1.3352818557455226,close
TDG,2024-12-24,extended_hours,2.8425241614562804,close
TDG,2025-04-04,extended_hours,1.4541341842716295,close
TDG,2025-07-14,extended_hours,1.587452773279995,close
TDY,2016-12-09,extended_hours,3.9324960753532556,close
TDY,2017-12-13,extended_hours,18.555913332969677,close
TDY,2018-12-31,extended_hours,9.658569565846749,close
TDY,2019-04-24,extended_hours,3.6040365209035485,close
TDY,2019-05-01,extended_hours,1.6302575806974258,close
TDY,2019-06-12,extended_hours,0.7896087488642193,close
TDY,2019-06-28,extended_hours,0.36513674371018745,close
TDY,2019-09-26,extended_hours,0.9405273223178579,close
TDY,2020-03-26,extended_hours,26.18400811704103,close
TDY,2020-05-12,extended_hours,0.6145903755141605,close
TDY,2021-07-29,extended_hours,0.668240744866342,close
TDY,2022-04-26,extended_hours,0.21618349655167662,close
TDY,2022-08-26,extended_hours,0.2606202762572558,close
TDY,2025-09-02,extended_hours,2.044951757729242,close
TDY,2026-07-30,extended_hours,1.386364336546384,close
TE,2021-07-15,extended_hours,23.86634844868684,close
TE,2022-03-17,extended_hours,9.79431929481054,close
TE,2022-11-09,extended_hours,8.058017727638829,close
TE,2024-04-16,extended_hours,57.47126436781615,close
TE,2024-07-18,extended_hours,28.248587570620863,close
TE,2024-09-20,extended_hours,99.0099009900991,close
TE,2025-12-10,extended_hours,16.26016260162567,close
TECH,2018-12-24,extended_hours,3.012955709552611,close
TECH,2020-03-13,extended_hours,35.62680917390261,close
TECH,2022-07-01,extended_hours,2.265005662513706,close
TECH,2022-08-31,extended_hours,1.2055455093418812,close
TECH,2026-09-10,extended_hours,2.774694783573255,close
TEL,2016-06-23,extended_hours,2.380952380952471,close
TEL,2016-09-07,extended_hours,1.581027667983875,close
TEL,2017-02-17,extended_hours,1.3296104241445161,close
TEL,2017-02-24,extended_hours,1.345895020187201,close
TEL,2017-04-13,extended_hours,1.3902405116072436,close
TEL,2017-06-27,extended_hours,1.2828736369455938,close
TEL,2017-12-29,extended_hours,1.052188552187595,close
TEL,2018-01-22,extended_hours,0.9875567845156148,close
TEL,2018-02-05,extended_hours,1.0129659643441165,close
TEL,2018-06-06,extended_hours,1.0260619741423052,close
TEL,2019-07-05,extended_hours,1.0483279169729653,close
TEL,2020-08-04,extended_hours,1.0980564401000226,close
TEL,2022-03-17,extended_hours,0.7538067239552921,close
TEL,2022-04-26,extended_hours,0.8315316813563034,close
TEL,2024-01-19,extended_hours,0.7544892108035993,close
TEL,2025-01-23,extended_hours,0.6370238246904641,close
TEL,2025-02-24,extended_hours,0.6527415143615749,close
TER,2018-02-07,extended_hours,2.3820867079573884,close
TER,2018-02-27,extended_hours,2.234137622878712,close
TER,2019-05-01,extended_hours,2.0517029134177287,close
TFC,2018-06-27,extended_hours,1.972775695404442,close
TFC,2018-12-27,extended_hours,2.326663564448118,close
TFC,2019-02-04,extended_hours,2.037489812550532,close
TFC,2024-12-24,extended_hours,2.2732439190736793,close
TFC,2025-11-07,extended_hours,1.1175681716590429,close
TFC,2026-07-21,extended_hours,1.9462826002345495,close
TFX,2018-01-04,extended_hours,0.7873705759619792,close
TFX,2018-05-04,extended_hours,1.8444059168525038,close
TFX,2018-11-26,extended_hours,0.7751036701151731,close
TFX,2018-12-26,extended_hours,0.4182175567738416,close
TFX,2018-12-31,extended_hours,6.576911173012067,close
TFX,2019-07-05,extended_hours,2.0948675744424117,close
TFX,2020-02-28,extended_hours,7.760730702644347,close
TFX,2022-02-15,extended_hours,0.30501753850992064,close
TFX,2024-08-07,extended_hours,0.44383294128049816,close
TFX,2025-05-01,extended_hours,10.328116310478704,close
TFX,2026-08-12,extended_hours,0.7335680751167037,close
TGNA,2016-01-29,extended_hours,4.16493127863406,close
TGNA,2016-07-06,extended_hours,4.355400696864277,close
TGNA,2022-06-24,extended_hours,9.332711152589628,close
TGNA,2022-09-08,extended_hours,4.644681839294734,close
TGNA,2022-12-09,extended_hours,2.5050100200395815,close
TGNA,2025-11-26,extended_hours,5.120327700971843,close
TGT,2016-04-25,extended_hours,1.2106537530255332,close
TGT,2016-07-14,extended_hours,1.3607293509327958,close
TGT,2018-05-01,extended_hours,1.4070634585627013,close
TGT,2019-08-20,extended_hours,1.169180404537018,close
TGT,2020-05-12,extended_hours,0.8375910880312519,close
TGT,2024-07-16,extended_hours,0.6451196696981424,close
TGT,2025-09-12,extended_hours,3.334815473543924,close
THC,2020-12-14,extended_hours,17.574692442882323,close
THC,2026-06-26,extended_hours,55.55555555555616,close
THD,2016-04-21,extended_hours,24.59134963113,close
THD,2017-09-29,extended_hours,9.253903990745899,close
THD,2017-10-10,extended_hours,1.1340440009078152,close
THD,2018-02-07,extended_hours,1.0510979290242715,close
THD,2019-12-26,extended_hours,2.2927891780346235,close
THD,2020-02-27,extended_hours,12.677841949570844,close
THD,2020-03-09,extended_hours,6.309148264984093,close
THD,2021-05-12,extended_hours,1.2680699974645087,close
THD,2021-12-07,extended_hours,1.324678765398186,close
THD,2022-03-17,extended_hours,1.2724265173692728,close
THD,2022-07-05,extended_hours,3.0097817908195665,close
THD,2022-09-08,extended_hours,2.8413126864605798,close
THD,2022-09-19,extended_hours,1.4459224985527623,close
THD,2023-02-15,extended_hours,1.3376136971649433,close
THD,2023-03-03,extended_hours,1.378549765647245,close
THD,2023-04-10,extended_hours,1.3777900248009254,close
THD,2023-04-24,extended_hours,1.4056789429301542,close
THD,2023-05-18,extended_hours,1.4382281029778679,close
THD,2023-06-15,extended_hours,1.4411298457998438,close
THD,2024-03-08,extended_hours,1.6474464579897874,close
THD,2024-03-11,extended_hours,1.6539861065163763,close
THD,2024-04-23,extended_hours,18.952446588559518,close
THD,2024-06-24,extended_hours,3.6350418029800107,close
THD,2024-11-14,extended_hours,9.643201542912612,close
THD,2024-12-24,extended_hours,8.215576733486223,close
THD,2025-01-07,extended_hours,8.385041086700847,close
THD,2025-02-13,extended_hours,7.004027315706383,close
THD,2025-03-31,extended_hours,1.924557351808701,close
THD,2025-06-17,extended_hours,1.9600156801250508,close
THD,2025-07-03,extended_hours,5.729564553094182,close
THD,2025-07-25,extended_hours,2.3902266288940166,close
THD,2025-09-04,extended_hours,1.7137960582687248,close
THD,2025-09-29,extended_hours,0.2843284830238486,close
THD,2025-10-10,extended_hours,1.7179178835248259,close
THD,2025-11-07,extended_hours,4.977600796416316,close
THD,2026-02-10,extended_hours,2.9226947245354404,close
THD,2026-02-20,extended_hours,11.049723756907802,close
THD,2026-03-09,extended_hours,3.7458795325129572,close
THD,2026-03-31,extended_hours,20.178725857595932,close
THD,2026-04-08,extended_hours,9.845288326300025,close
THD,2026-05-11,extended_hours,2.8176951253868725,close
THD,2026-05-14,extended_hours,2.732240437157926,close
THD,2026-06-04,extended_hours,2.667377967459353,close
THD,2026-06-26,extended_hours,2.8939372015621503,close
THD,2026-07-08,extended_hours,3.524601720006441,close
THD,2026-08-07,extended_hours,1.3581420616584146,close
THD,2026-08-26,extended_hours,3.7559322033892664,close
THD,2026-09-15,extended_hours,1.3814062715851798,close
TIF,2017-06-16,extended_hours,1.086012163336785,close
TIF,2017-12-12,extended_hours,3.141361256544622,close
TIF,2020-01-21,extended_hours,2.9786283416480783,close
TIF,2020-02-04,extended_hours,1.4916467780416027,close
TIF,2020-02-06,extended_hours,0.7456009543685435,close
TIF,2020-04-09,extended_hours,39.077764751855085,close
TIF,2020-10-07,extended_hours,0.8496176720480133,close
TIF,2020-12-03,extended_hours,0.7610929294459933,close
TJX,2017-05-02,extended_hours,2.534211860111001,close
TJX,2018-12-26,extended_hours,2.2810218978113856,close
TJX,2019-01-31,extended_hours,2.0108586366374444,close
TJX,2022-04-26,extended_hours,1.628134158254316,close
TJX,2022-09-21,extended_hours,1.588310038119125,close
TJX,2023-01-20,extended_hours,1.2572290671366753,close
TJX,2024-11-29,extended_hours,3.9780412125067355,close
TJX,2024-12-24,extended_hours,8.097821685966014,close
TJX,2025-08-04,extended_hours,1.5477480266220578,close
TJX,2026-02-27,extended_hours,1.8557466287270281,close
TJX,2026-07-02,extended_hours,1.9447685725399417,close
TKO,2016-04-26,extended_hours,5.858230814294998,close
TKO,2017-10-10,extended_hours,4.293688278231672,close
TKO,2021-11-04,extended_hours,4.971826317532985,close
TKO,2022-09-19,extended_hours,2.9086678301352866,close
TMK,2016-06-02,extended_hours,1.625751910258171,close
TMK,2016-11-25,extended_hours,7.032348804500304,close
TMK,2017-06-27,extended_hours,5.286110744019036,close
TMK,2017-10-11,extended_hours,1.233045622686918,close
TMK,2019-01-08,extended_hours,1.2680699974645087,close
TMK,2019-06-26,extended_hours,1.1418131993611687,close
TMO,2016-01-29,extended_hours,0.757231561410791,close
TMO,2017-02-24,extended_hours,1.258019876712908,close
TMO,2017-06-01,extended_hours,2.8600846585049164,close
TMO,2017-06-02,extended_hours,1.1338511253462107,close
TMO,2017-10-02,extended_hours,0.5220841599661118,close
TMO,2018-12-24,extended_hours,0.4796853264254283,close
TMO,2020-03-02,extended_hours,1.311647429169846,close
TMO,2020-05-12,extended_hours,3.918967804172056,close
TMO,2023-02-02,extended_hours,4.088098523172627,close
TMO,2023-04-10,extended_hours,1.5669614875693265,close
TMO,2024-12-24,extended_hours,4.5370335362397265,close
TMO,2025-09-12,extended_hours,0.41713594460515274,close
TMO,2026-04-22,extended_hours,0.19456009961459406,close
TMO,2026-08-10,extended_hours,0.5002584668759925,close
TNL,2017-12-29,extended_hours,6.041253128505495,close
TNL,2018-05-01,extended_hours,2.609376359050286,close
TNL,2018-12-12,extended_hours,2.6336581511714536,close
TNL,2019-01-28,extended_hours,2.406159769009893,close
TNL,2021-02-17,extended_hours,1.8573551263010988,close
TNL,2021-03-31,extended_hours,1.6350555918909608,close
TNL,2022-08-26,extended_hours,2.294630564480293,close
TNL,2026-04-13,extended_hours,1.2956724540042905,close
TPL,2016-01-05,extended_hours,7.142857142856991,close
TPL,2016-01-20,extended_hours,194.4012441679627,close
TPL,2016-05-09,extended_hours,66.22516556291357,close
TPL,2016-05-17,extended_hours,33.86004514672815,close
TPL,2016-06-07,extended_hours,10.531858873092746,close
TPL,2016-06-16,extended_hours,5.327650506125738,close
TPL,2016-06-23,extended_hours,42.78074866310259,close
TPL,2016-10-17,extended_hours,9.897723523589951,close
TPL,2016-11-09,extended_hours,71.13821138211411,close
TPL,2016-12-05,extended_hours,12.113870381586658,close
TPL,2016-12-14,extended_hours,18.110473890732017,close
TPL,2016-12-21,extended_hours,2.9994001199775386,close
TPL,2017-01-04,extended_hours,2.9214139643581687,close
TPL,2017-06-20,extended_hours,3.025718608170988,close
TPL,2017-09-08,extended_hours,18.531387537641486,close
TPL,2017-09-22,extended_hours,11.258725512272973,close
TPL,2018-01-29,extended_hours,47.3856209150337,close
TPL,2018-02-12,extended_hours,14.82854494902656,close
TPL,2018-06-29,extended_hours,29.76960911208772,close
TPL,2018-07-09,extended_hours,1.2271444348988718,close
TPL,2018-09-21,extended_hours,1.0713520462829564,close
TPL,2018-10-22,extended_hours,32.834731849689405,close
TPL,2018-11-26,extended_hours,29.649151704826174,close
TPL,2018-12-26,extended_hours,57.738871298192436,close
TPL,2019-02-06,extended_hours,1.2517211165358764,close
TPL,2019-03-06,extended_hours,7.434944237918497,close
TPL,2019-03-12,extended_hours,20.037570444584947,close
TPL,2019-03-14,extended_hours,6.063545961678045,close
TPL,2019-06-24,extended_hours,12.446254808780203,close
TPL,2019-06-26,extended_hours,4.504504504505209,close
TPL,2019-07-02,extended_hours,8.07009453539398,close
TPL,2019-09-18,extended_hours,29.68560248279569,close
TPL,2019-10-29,extended_hours,42.892156862745274,close
TPL,2019-11-19,extended_hours,38.23335530652499,close
TPL,2019-11-26,extended_hours,39.12046404964337,close
TPL,2020-01-07,extended_hours,6.712160196890286,close
TPL,2020-02-28,extended_hours,90.5445608588802,close
TPL,2020-03-27,extended_hours,9.492168960607296,close
TPL,2020-06-04,extended_hours,1.4398848092159995,close
TPL,2020-06-09,extended_hours,32.43243243243174,close
TPL,2020-07-07,extended_hours,4.9115913555994,close
TPL,2020-09-09,extended_hours,37.14841676985686,close
TPL,2020-09-15,extended_hours,9.706853038245828,close
TPL,2020-09-30,extended_hours,11.959338249949207,close
TPL,2020-10-08,extended_hours,24.136650575566758,close
TPL,2020-10-16,extended_hours,93.94171779141143,close
TPL,2020-10-27,extended_hours,27.200310860695662,close
TPL,2020-10-30,extended_hours,5.994005994006221,close
TPL,2020-11-13,extended_hours,42.56015714519644,close
TPL,2020-11-23,extended_hours,8.939213349225605,close
TPL,2020-11-25,extended_hours,1.4587892049606295,close
TPL,2020-12-30,extended_hours,13.68329394203252,close
TPL,2021-01-11,extended_hours,21.736880240140124,close
TPL,2021-01-13,extended_hours,19.419570611717212,close
TPL,2021-04-23,extended_hours,16.50064169162197,close
TPL,2021-04-29,extended_hours,5.142857142857338,close
TPL,2021-04-30,extended_hours,2.92175539063936,close
TPL,2021-05-07,extended_hours,12.833016785585956,close
TPL,2021-06-03,extended_hours,1.2245147860149275,close
TPL,2021-09-17,extended_hours,52.59879576441409,close
TPL,2021-12-03,extended_hours,3.7324574499837966,close
TPL,2021-12-13,extended_hours,20.955271334635484,close
TPL,2022-02-17,extended_hours,2.6872088857041505,close
TPL,2022-03-29,extended_hours,6.289308176100271,close
TPL,2022-04-05,extended_hours,1.9043991620644407,close
TPL,2022-04-21,extended_hours,1.2562814070358188,close
TPL,2022-05-24,extended_hours,17.663386323492375,close
TPL,2022-07-27,extended_hours,3.9368141331633533,close
TPL,2022-08-04,extended_hours,23.027578266353196,close
TPL,2022-08-18,extended_hours,30.159847190107286,close
TPL,2022-11-10,extended_hours,26.806956405187528,close
TPL,2022-11-16,extended_hours,14.05168277469412,close
TPL,2022-12-09,extended_hours,14.747589336357965,close
TPL,2022-12-21,extended_hours,16.615320710303624,close
TPL,2023-03-29,extended_hours,4.786979415988693,close
TPL,2023-05-04,extended_hours,27.366912100083894,close
TPL,2023-07-14,extended_hours,7.231608704226232,close
TPL,2023-09-29,extended_hours,27.637942947389313,close
TPL,2023-10-13,extended_hours,4.800537660217672,close
TPL,2023-10-20,extended_hours,6.583897667419808,close
TPL,2023-11-01,extended_hours,5.372405372406038,close
TPL,2024-02-20,extended_hours,5.432814197754643,close
TPL,2024-10-29,extended_hours,1.8937856775692767,close
TPL,2025-03-05,extended_hours,7.230816424908719,close
TPL,2025-05-19,extended_hours,8.872177274550774,close
TPL,2025-05-20,extended_hours,3.5018603633185603,close
TPL,2025-08-19,extended_hours,1.3300967645403006,close
TPL,2025-09-04,extended_hours,1.9377341428756711,close
TPL,2025-09-17,extended_hours,8.214766864916374,close
TPL,2026-02-26,extended_hours,0.3902134467550203,close
TPR,2018-02-02,extended_hours,4.351610095734556,close
TPR,2018-02-05,extended_hours,24.460751612185774,close
TPR,2018-12-27,extended_hours,2.928257686675845,close
TPR,2019-01-30,extended_hours,2.6055237102670965,close
TPR,2019-06-13,extended_hours,3.340013360053962,close
TPR,2023-12-15,extended_hours,6.929046563192512,close
TPR,2024-12-24,extended_hours,10.723039215687406,close
TRGP,2017-02-08,extended_hours,1.6917611233290495,close
TRGP,2018-12-26,extended_hours,2.742731760833245,close
TRIP,2023-04-25,extended_hours,5.720823798625864,close
TROW,2016-03-01,extended_hours,1.4005602240903523,close
TROW,2017-06-20,extended_hours,1.3635124079616725,close
TRV,2016-03-01,extended_hours,1.816035594297287,close
TRV,2016-08-18,extended_hours,2.5462570022056465,close
TRV,2017-06-13,extended_hours,1.5860428231559098,close
TRV,2018-01-22,extended_hours,1.4352350197331762,close
TRV,2018-11-26,extended_hours,2.3016725487188228,close
TRV,2019-12-02,extended_hours,4.435901227266175,close
TRV,2023-04-17,extended_hours,0.5838393274165637,close
TRV,2025-01-17,extended_hours,0.4175016700063003,close
TRV,2025-07-03,extended_hours,3.786014462576108,close
TSLA,2020-12-04,extended_hours,0.5008012820522499,close
TSN,2016-09-09,extended_hours,1.3838915029049135,close
TSN,2017-12-29,extended_hours,1.2335019119285946,close
TSN,2019-08-02,extended_hours,1.2537612838504142,close
TSS,2017-02-24,extended_hours,1.8122508155125066,close
TSS,2017-10-19,extended_hours,1.4852220406958438,close
TSS,2018-02-28,extended_hours,1.1370096645811147,close
TSS,2018-03-09,extended_hours,2.2040996253026255,close
TSS,2019-06-10,extended_hours,1.552433439414873,close
TT,2016-06-02,extended_hours,1.7085255424565198,close
TT,2016-11-25,extended_hours,2.988643156006578,close
TT,2016-11-30,extended_hours,1.5260186174279133,close
TT,2018-02-27,extended_hours,1.2626262626251141,close
TT,2018-12-27,extended_hours,1.2467273407294486,close
TT,2021-11-22,extended_hours,0.5099439061713069,close
TT,2024-09-30,extended_hours,0.25724796130967265,close
TTD,2017-03-09,extended_hours,2.2532672374931177,close
TTD,2017-10-09,extended_hours,1.5581177937043407,close
TUR,2016-02-29,extended_hours,5.3361792956251675,close
TUR,2016-03-15,extended_hours,2.4509803921563753,close
TUR,2016-09-20,extended_hours,5.2273915316265365,close
TUR,2016-11-04,extended_hours,11.57742402315666,close
TUR,2016-12-12,extended_hours,3.0731407498457317,close
TUR,2016-12-21,extended_hours,6.167129201357733,close
TUR,2017-01-13,extended_hours,6.1406202026414265,close
TUR,2017-03-30,extended_hours,2.791736460077613,close
TUR,2017-05-15,extended_hours,2.4746349913382852,close
TUR,2017-06-01,extended_hours,2.413709872072897,close
TUR,2017-06-12,extended_hours,3.5502958579883,close
TUR,2017-08-04,extended_hours,3.3527045149755406,close
TUR,2017-10-19,extended_hours,6.419234360411627,close
TUR,2018-02-15,extended_hours,2.234636871507935,close
TUR,2018-02-26,extended_hours,4.388852315120282,close
TUR,2018-02-27,extended_hours,4.508566275924961,close
TUR,2018-03-16,extended_hours,4.6915317851269105,close
TUR,2018-04-25,extended_hours,3.9062500000001483,close
TUR,2018-12-06,extended_hours,3.94944707740978,close
TUR,2019-03-06,extended_hours,3.6927621861157913,close
TUR,2019-05-20,extended_hours,4.773269689738217,close
TUR,2020-04-15,extended_hours,2.557544757032739,close
TUR,2020-09-01,extended_hours,3.722084367245799,close
TUR,2021-01-29,extended_hours,3.7509377344341943,close
TUR,2021-03-29,extended_hours,13.14636283961487,close
TUR,2021-05-10,extended_hours,6.923714759535721,close
TUR,2021-08-18,extended_hours,4.347826086957202,close
TUR,2022-03-11,extended_hours,5.446623093682768,close
TUR,2022-06-10,extended_hours,15.487867836859877,close
TUR,2022-07-11,extended_hours,5.506607929516279,close
TUR,2022-08-31,extended_hours,4.446420631392425,close
TUR,2022-10-27,extended_hours,3.73831775700993,close
TUR,2022-11-09,extended_hours,3.4025178632181046,close
TUR,2022-11-25,extended_hours,2.985074626865078,close
TUR,2023-01-30,extended_hours,2.9163021288999738,close
TUR,2023-03-08,extended_hours,5.380683346785882,close
TUR,2023-07-14,unexplained,1.5979546180885282,close
TUR,2023-09-29,extended_hours,2.5933609958501065,close
TUR,2023-10-12,extended_hours,2.626740215392175,close
TUR,2023-11-20,extended_hours,2.893258426966535,close
TUR,2023-11-28,extended_hours,1.8862690707346361,close
TUR,2024-02-07,extended_hours,19.094380796508535,close
TUR,2024-04-25,extended_hours,7.739938080495649,close
TUR,2024-06-17,extended_hours,4.840271055179846,close
TUR,2024-07-02,extended_hours,2.397506593142654,close
TUR,2024-10-29,extended_hours,2.968239833780088,close
TUR,2024-11-26,extended_hours,2.7495188342034673,close
TUR,2024-11-29,extended_hours,2.7412280701748934,close
TUR,2024-12-18,extended_hours,2.77161862527858,close
TUR,2025-01-06,extended_hours,2.712967986977214,close
TUR,2025-01-15,extended_hours,8.389261744966761,close
TUR,2025-02-04,extended_hours,2.832058906824698,close
TUR,2025-02-13,extended_hours,2.8169014084501436,close
TUR,2025-02-18,extended_hours,2.5481313703285227,close
TUR,2025-03-17,extended_hours,2.594033722437876,close
TUR,2025-04-09,extended_hours,1.9494364910141015,close
TUR,2025-07-17,extended_hours,3.0165912518847695,close
TUR,2025-09-15,extended_hours,2.920560747665045,close
TUR,2025-09-25,extended_hours,2.8417163967050625,close
TUR,2025-11-20,extended_hours,2.9779630732594153,close
TUR,2026-02-10,extended_hours,14.644862094215835,close
TUR,2026-06-23,extended_hours,4.998750312422676,close
TUR,2026-08-11,extended_hours,6.934306569343576,close
TWC,2016-01-26,extended_hours,3.9069040576001344,close
TWC,2016-02-09,extended_hours,0.5537405171931394,close
TWC,2016-02-29,extended_hours,1.571832756993226,close
TWC,2016-03-01,extended_hours,2.056661010849939,close
TWC,2016-03-09,extended_hours,4.09249028033477,close
TWC,2016-04-11,extended_hours,5.431025970179404,close
TWTR,2021-11-19,extended_hours,2.066115702478928,close
TWTR,2022-06-09,extended_hours,5.059448520110301,close
TWTR,2022-09-21,extended_hours,2.423067603585658,close
TWTR,2022-10-27,extended_hours,1.8621973929232793,close
TWX,2016-06-30,extended_hours,1.3598041881975953,close
TWX,2016-10-31,extended_hours,2.2474435329807867,close
TWX,2016-11-30,extended_hours,3.267262034415284,close
TWX,2017-01-27,extended_hours,1.037559659679488,close
TWX,2017-02-24,extended_hours,3.0838815789474854,close
TWX,2017-07-13,extended_hours,1.008776354282772,close
TWX,2017-08-01,extended_hours,0.9763718023828467,close
TWX,2017-08-15,extended_hours,3.933136676498726,close
TWX,2017-10-26,extended_hours,2.5260179852486293,close
TWX,2017-11-24,extended_hours,1.1173184357547616,close
TWX,2018-04-23,extended_hours,1.037775010378281,close
TWX,2018-05-18,extended_hours,19.057702488089657,close
TWX,2018-05-31,extended_hours,2.1240441801185237,close
TWX,2018-06-04,extended_hours,1.069976460518416,close
TXN,2016-09-09,extended_hours,1.4999250037505796,close
TXN,2017-02-17,extended_hours,1.30821559392869,close
TXT,2017-09-01,extended_hours,2.031281738778208,close
TXT,2018-06-29,extended_hours,1.517220452132471,close
TXT,2018-09-21,extended_hours,4.177109440265515,close
TXT,2019-07-10,extended_hours,1.9076688286909598,close
TXT,2025-12-24,extended_hours,1.1004732034780582,close
TYL,2016-06-02,extended_hours,0.6370238246904641,close
TYL,2018-02-09,extended_hours,40.414507772020784,close
TYL,2018-04-17,extended_hours,0.44642857142816544,close
TYL,2018-05-01,extended_hours,0.90900827197574,close
TYL,2018-05-23,extended_hours,0.8834312469624017,close
TYL,2019-03-05,extended_hours,0.4985293384511144,close
TYL,2019-12-19,extended_hours,0.33734777181766035,close
TYL,2020-03-26,extended_hours,28.36585028365827,close
TYL,2020-06-02,extended_hours,0.5226571891506469,close
TYL,2020-09-17,extended_hours,3.596259889714833,close
TYL,2022-10-10,extended_hours,2.328695348430578,close
TYL,2022-10-25,extended_hours,2.8896723111605715,close
TYL,2023-01-11,extended_hours,1.2575057373687832,close
TYL,2024-05-31,extended_hours,1.6654176034649204,close
TYL,2024-12-24,extended_hours,5.506791709776073,close
TYL,2025-08-29,extended_hours,0.17765776009079923,close
UA,2018-01-22,extended_hours,7.5301204819275505,close
UA,2024-12-16,extended_hours,0.13123359580021907,close
UA,2025-06-26,extended_hours,7.763975155280717,close
UAA,2016-07-07,extended_hours,8.134490238612022,close
UAA,2016-10-28,extended_hours,11.578541103821356,close
UAA,2016-11-10,extended_hours,3.9047247169080683,close
UAA,2022-10-04,extended_hours,13.513513513514425,close
UAA,2022-11-25,extended_hours,10.34126163391912,close
UAA,2022-11-30,extended_hours,9.999999999999787,close
UAA,2024-12-18,extended_hours,11.806375442738828,close
UAA,2025-10-16,extended_hours,21.008403361344094,close
UAA,2025-10-20,extended_hours,10.57082452431267,close
UBER,2019-05-24,extended_hours,7.22717417489789,close
UBER,2019-12-09,extended_hours,7.2254335260114075,close
UBER,2021-12-31,extended_hours,2.384927259718104,close
UDR,2016-02-29,extended_hours,2.9129041654544467,close
UDR,2016-03-04,extended_hours,71.92174913693901,close
UDR,2017-07-10,extended_hours,2.643404705261728,close
UDR,2018-01-02,extended_hours,2.6274303730945903,close
UDR,2018-02-05,extended_hours,2.9256875365705124,close
UDR,2018-12-24,extended_hours,1.2993762993769642,close
UDR,2019-08-27,extended_hours,2.1003990758239888,close
UDR,2026-04-21,extended_hours,1.4293882218417835,close
UDR,2026-06-01,extended_hours,2.732240437157926,close
UDR,2026-06-09,extended_hours,2.5400050800096547,close
UDR,2026-08-18,extended_hours,2.696144513345379,close
UGA,2016-02-11,extended_hours,13.661202185792867,close
UGA,2016-08-10,extended_hours,8.97666068222602,close
UGA,2016-10-12,extended_hours,43.71584699453588,close
UGA,2017-01-24,extended_hours,0.5794137695976792,close
UGA,2017-06-08,extended_hours,2.6083298275135722,close
UGA,2017-08-17,extended_hours,10.92307692307743,close
UGA,2017-10-20,extended_hours,3.3726812816182163,close
UGA,2018-01-02,extended_hours,1.4012738853504472,close
UGA,2018-05-22,extended_hours,2.7754648903685846,close
UGA,2019-04-25,extended_hours,6.08828006088159,close
UGA,2020-01-30,extended_hours,10.34482758620729,close
UGA,2020-05-04,extended_hours,22.238695329873508,close
UGA,2020-08-28,extended_hours,7.194244604316819,close
UGA,2020-10-19,extended_hours,10.714285714284307,close
UGA,2021-03-02,extended_hours,6.451612903225668,close
UGA,2021-07-26,extended_hours,8.145533532446684,close
UGA,2021-08-11,extended_hours,7.872111767866527,close
UGA,2021-12-21,extended_hours,2.5163563160556404,close
UGA,2023-03-23,extended_hours,3.464403256539603,close
UGA,2023-07-03,extended_hours,16.305233980107847,close
UGA,2023-07-12,extended_hours,1.5163002274458097,close
UGA,2024-02-07,extended_hours,1.5382248884794825,close
UGA,2024-07-03,extended_hours,2.8699163541977084,close
UGA,2024-12-10,extended_hours,6.53061224489782,close
UGA,2025-01-02,extended_hours,10.896637608967527,close
UGA,2025-01-15,extended_hours,1.5553925165092914,close
UGA,2025-02-21,unexplained,1.6716764391405248,close
UGA,2025-06-23,extended_hours,18.92445986437542,close
UGA,2025-07-03,extended_hours,8.434712084347057,close
UGA,2025-07-30,unexplained,10.805266273719912,close
UGA,2025-08-07,unexplained,0.7951305555689545,close
UGA,2025-10-17,extended_hours,8.136696501221198,close
UGA,2025-11-24,unexplained,0.7425378732209541,close
UGA,2025-12-16,extended_hours,7.193532420392322,close
UGA,2026-01-06,unexplained,0.16369559167849773,close
UGA,2026-02-03,extended_hours,3.9477546228350016,close
UGA,2026-09-01,extended_hours,5.31511009870867,close
UGA,2026-09-03,extended_hours,9.907781419098807,close
UGA,2026-09-09,extended_hours,6.7144136078785,close
UGA,2026-09-16,extended_hours,21.245973545336323,close
UHS,2016-02-29,extended_hours,0.90604330886934,close
UHS,2016-06-23,extended_hours,0.7231703789406208,close
UHS,2017-05-17,extended_hours,2.5295109612142612,close
UHS,2018-02-05,extended_hours,2.6422406200446473,close
UHS,2019-06-28,extended_hours,0.7669299792921931,close
UHS,2020-05-12,extended_hours,1.069289991446227,close
UHS,2022-11-25,extended_hours,3.767045882617566,close
UHS,2024-02-27,extended_hours,4.222208818384293,close
UHS,2024-12-24,extended_hours,2.759077364529929,close
UHS,2025-12-01,extended_hours,1.6706344234219621,close
UHS,2026-08-19,extended_hours,0.5802820170597635,close
ULTA,2016-09-09,extended_hours,0.41888325723701786,close
ULTA,2016-12-12,extended_hours,0.39744048328839576,close
ULTA,2018-02-05,extended_hours,0.4695056105916195,close
ULTA,2022-04-04,extended_hours,2.5086548592650324,close
ULTA,2024-04-29,extended_hours,0.24387864598692194,close
UNG,2018-12-14,extended_hours,6.504065040650268,close
UNG,2019-10-21,extended_hours,5.151983513653561,close
UNG,2019-12-09,extended_hours,5.780346820810152,close
UNG,2020-02-26,extended_hours,3.5486160397450544,close
UNG,2021-02-25,extended_hours,9.699321047526466,close
UNG,2021-06-23,extended_hours,8.591065292096037,close
UNG,2021-07-27,extended_hours,7.278020378456905,close
UNG,2026-08-18,extended_hours,4.9504950495039655,close
UNH,2016-01-29,extended_hours,6.946856547412149,close
UNH,2016-09-09,extended_hours,0.7483909594365292,close
UNH,2017-02-23,extended_hours,1.2300123001218826,close
UNH,2017-06-01,extended_hours,4.4548390689393305,close
UNH,2017-12-29,extended_hours,5.896761317245552,close
UNH,2018-03-21,extended_hours,0.44879274751006765,close
UNH,2018-03-29,extended_hours,196.26168224299013,close
UNH,2018-04-30,extended_hours,0.846023688662513,close
UNH,2018-06-15,extended_hours,1.5626220798496775,close
UNH,2019-02-15,extended_hours,3.3194408586277797,close
UNH,2019-08-06,extended_hours,0.40277106492632936,close
UNH,2020-01-14,extended_hours,0.34693311129582655,close
UNH,2022-01-05,extended_hours,0.408421654515751,close
UNH,2022-05-27,extended_hours,1.183175247973857,close
UNH,2024-12-24,extended_hours,0.5927682276235835,close
UNH,2026-05-08,extended_hours,4.210747934102453,close
UNH,2026-06-09,extended_hours,0.968523002421803,close
UNM,2016-03-07,extended_hours,3.1786395422764024,close
UNM,2017-02-24,extended_hours,2.0627062706266526,close
UNM,2017-10-19,extended_hours,1.9127773527157632,close
UNM,2026-06-26,extended_hours,4.4385264092328285,close
UNP,2016-07-26,extended_hours,1.07515320933288,close
UNP,2016-09-09,extended_hours,1.07851596203679,close
UNP,2017-05-01,extended_hours,4.480286738352274,close
UNP,2017-09-15,extended_hours,7.054673721341491,close
UNP,2017-12-29,extended_hours,4.474272930648939,close
UNP,2018-01-02,extended_hours,1.4729709824723989,close
UNP,2018-12-27,extended_hours,2.1875455738641327,close
UNP,2020-03-13,extended_hours,2.085505735140851,close
UNP,2025-06-12,extended_hours,0.8869572930067955,close
UNP,2025-07-03,extended_hours,2.5393600812596184,close
UNP,2026-06-03,extended_hours,0.7629802006630989,close
UPS,2016-11-07,extended_hours,0.9107468123853284,close
UPS,2016-11-09,extended_hours,4.436557231588035,close
UPS,2017-06-27,extended_hours,1.3677395823835659,close
UPS,2018-01-26,extended_hours,1.4165159734779098,close
UPS,2018-12-24,extended_hours,3.3374123929248123,close
UPS,2018-12-27,extended_hours,2.045408058907345,close
UPS,2019-11-06,extended_hours,0.8200082000824203,close
UPS,2020-08-07,extended_hours,0.6373486297016779,close
UPS,2020-11-18,extended_hours,1.1872959335120352,close
UPS,2022-03-31,extended_hours,3.7302993565226186,close
UPS,2022-11-30,extended_hours,3.689453433826658,close
UPS,2025-07-03,extended_hours,2.8810141169692822,close
UPS,2026-03-16,extended_hours,1.0266940451736042,close
URBN,2025-02-12,extended_hours,1.786352268667026,close
URI,2016-11-25,extended_hours,1.0191602119858454,close
URI,2017-08-23,extended_hours,0.9200478424882801,close
URI,2021-02-16,extended_hours,6.24826437100829,close
URI,2022-06-10,extended_hours,0.35686246520558507,close
URI,2024-05-06,extended_hours,2.195100535604198,close
URI,2024-07-22,extended_hours,0.1354371233153776,close
URI,2024-12-24,extended_hours,4.536581342277189,close
URI,2025-07-15,extended_hours,2.881591640878738,close
URI,2025-08-15,extended_hours,0.8802042073765617,close
URI,2026-04-13,extended_hours,0.5131297063610589,close
URI,2026-07-29,extended_hours,2.1798675019667924,close
USB,2016-06-07,extended_hours,1.1720581340840504,close
USB,2016-08-05,extended_hours,2.3272050267623947,close
USB,2017-12-29,extended_hours,1.866368047779977,close
USB,2018-01-22,extended_hours,1.7464198393290273,close
USB,2018-01-26,extended_hours,1.7208742040953382,close
USB,2018-12-26,extended_hours,2.2031284423877526,close
USB,2024-07-03,extended_hours,2.531004808910432,close
USB,2025-08-15,extended_hours,2.177226213803181,close
USO,2016-07-01,extended_hours,8.488964346349563,close
USO,2016-12-30,extended_hours,4.26621160409623,close
USO,2020-12-24,extended_hours,3.037667071690497,close
USO,2021-10-07,extended_hours,1.806358381502531,close
UTX,2016-04-25,extended_hours,0.9505703422058095,close
UTX,2016-06-07,extended_hours,0.9857072449473538,close
UTX,2016-06-15,extended_hours,1.9892580067630814,close
UTX,2017-09-19,extended_hours,2.6396832380115387,close
UTX,2017-10-13,extended_hours,2.52695417789767,close
UTX,2017-12-29,extended_hours,3.135533432625716,close
UTX,2018-01-12,extended_hours,0.7321716210293839,close
UTX,2018-01-19,extended_hours,0.7358351729226877,close
UTX,2018-02-06,extended_hours,2.311070025421858,close
UTX,2018-12-27,extended_hours,3.782148260212391,close
UTX,2018-12-31,extended_hours,0.9391435011274527,close
V,2016-01-28,extended_hours,1.4423770373583031,close
V,2016-02-29,extended_hours,1.3814062715851798,close
V,2016-05-13,extended_hours,1.3015749056364854,close
V,2016-05-27,extended_hours,3.766005523474911,close
V,2016-06-02,extended_hours,2.5015634771727355,close
V,2016-08-03,extended_hours,1.270486596365253,close
V,2016-08-23,extended_hours,1.2376237623768709,close
V,2017-01-11,extended_hours,1.2224938875294504,close
V,2017-02-15,extended_hours,1.1423349326028234,close
V,2017-07-03,extended_hours,3.2137118371720557,close
V,2017-08-02,extended_hours,2.9620853080569844,close
V,2017-11-30,extended_hours,63.060662581046984,close
V,2017-12-14,extended_hours,27.01027275947508,close
V,2017-12-29,extended_hours,10.524469391335252,close
V,2018-01-22,extended_hours,0.8043111075368067,close
V,2018-06-20,extended_hours,1.4760147601483566,close
V,2018-06-29,extended_hours,1.51000377501021,close
V,2018-12-27,extended_hours,1.5150367396395585,close
V,2019-02-15,extended_hours,1.380167000207731,close
V,2019-04-12,extended_hours,0.6264094211971252,close
V,2019-06-28,extended_hours,31.691155286661555,close
V,2019-09-30,extended_hours,22.09173885239204,close
V,2019-12-18,extended_hours,1.622498647917855,close
V,2022-04-26,extended_hours,5.469915464943493,close
V,2022-11-30,extended_hours,35.02304147465396,close
V,2024-06-25,extended_hours,2.193543669798643,close
V,2024-07-02,extended_hours,0.3728143757219888,close
V,2024-08-20,extended_hours,1.8653932248922314,close
V,2025-06-25,extended_hours,9.268377454671644,close
V,2025-07-09,extended_hours,1.6771019677997059,close
V,2025-09-17,extended_hours,2.599653379548671,close
V,2025-09-18,extended_hours,0.887101543555879,close
V,2026-07-02,extended_hours,7.455886007786757,close
V,2026-07-16,extended_hours,6.298953825928722,close
V,2026-08-13,extended_hours,1.9154467095360017,close
VAR,2016-05-02,extended_hours,1.2186205215702066,close
VAR,2016-06-02,extended_hours,1.1956001912966423,close
VAR,2016-06-30,extended_hours,2.4322023592375324,close
VAR,2016-08-18,extended_hours,0.21287919106009043,close
VAR,2016-08-29,extended_hours,1.038313778424371,close
VAR,2017-01-03,extended_hours,1.1027790030883453,close
VAR,2017-09-12,extended_hours,0.9276437847857983,close
VAR,2017-10-05,extended_hours,0.975704946823193,close
VAR,2019-01-14,extended_hours,2.4248302618817603,close
VAR,2019-10-01,extended_hours,0.8650519031146294,close
VAR,2020-01-02,extended_hours,1.3811200883923922,close
VAR,2020-06-02,extended_hours,0.8051529790664345,close
VAR,2020-08-07,extended_hours,3.4518467380049636,close
VAR,2020-08-20,extended_hours,4.052098408103801,close
VAR,2020-09-14,extended_hours,0.5775339301178691,close
VAR,2020-09-15,extended_hours,1.7324016862043736,close
VAR,2020-11-05,extended_hours,0.5767677932858983,close
VAR,2020-12-07,extended_hours,1.1449507671175996,close
VAR,2021-01-22,extended_hours,3.9892859178203213,close
VAR,2021-02-03,extended_hours,7.965407373692239,close
VAR,2021-03-31,extended_hours,1.6994278592874377,close
VEEV,2016-03-24,extended_hours,8.09388911371897,close
VEEV,2016-06-03,extended_hours,2.8645087367510778,close
VEEV,2017-03-13,extended_hours,11.744608157164151,close
VEEV,2017-03-22,extended_hours,4.082465809349485,close
VEEV,2017-08-31,extended_hours,1.6806722689072287,close
VEEV,2017-10-19,extended_hours,5.033557046980056,close
VEEV,2018-12-27,extended_hours,3.4273963212614116,close
VEEV,2019-06-26,extended_hours,19.933127572016605,close
VEEV,2021-01-14,extended_hours,0.36567082312469024,close
VEEV,2022-11-30,extended_hours,0.525320445472753,close
VEEV,2023-01-11,extended_hours,0.6049240820271553,close
VEEV,2023-12-13,extended_hours,0.16913796019700764,close
VEEV,2024-09-20,extended_hours,0.9307520476536583,close
VEEV,2025-07-10,extended_hours,5.325948018748548,close
VEEV,2025-07-21,extended_hours,0.3558718861206728,close
VEEV,2025-10-28,extended_hours,0.3432297923456634,close
VFC,2016-05-11,extended_hours,3.5007876772266795,close
VFC,2016-09-07,extended_hours,1.7519271198314665,close
VFC,2016-12-23,extended_hours,3.98485754134352,close
VFC,2018-02-05,extended_hours,4.051863857372626,close
VFC,2018-02-27,extended_hours,2.8356727633625436,close
VFC,2018-12-26,extended_hours,3.0450669914753696,close
VFC,2023-01-31,extended_hours,6.464124111182796,close
VFC,2026-07-22,extended_hours,5.82411182294791,close
VICI,2018-08-15,extended_hours,4.899559039687194,close
VICI,2019-07-03,extended_hours,26.385224274405772,close
VICI,2019-10-08,extended_hours,8.673026886383164,close
VICI,2019-12-04,extended_hours,4.084967320260625,close
VICI,2020-07-15,extended_hours,4.719207173195641,close
VICI,2021-06-01,extended_hours,3.1575623618571402,close
VICI,2023-04-10,extended_hours,3.06466441924766,close
VICI,2026-04-21,extended_hours,3.5186488388451833,close
VICI,2026-06-11,extended_hours,1.7799928800281257,close
VLO,2018-12-27,extended_hours,4.019831167091135,close
VLO,2026-07-14,extended_hours,14.59708721759605,close
VLO,2026-07-29,extended_hours,5.973715651135232,close
VLTO,2024-12-24,extended_hours,0.9662769349686834,close
VLTO,2025-09-04,extended_hours,0.9380863039391093,close
VMC,2017-07-05,extended_hours,5.38461538461486,close
VMC,2018-12-31,extended_hours,2.0242914979753057,close
VMC,2019-06-03,extended_hours,0.7793017456352015,close
VMC,2019-06-18,extended_hours,2.265861027190418,close
VMC,2022-11-25,extended_hours,2.7271735573258082,close
VMC,2023-01-31,extended_hours,1.0909289259810304,close
VMC,2024-08-07,extended_hours,0.4145593234388071,close
VNO,2016-11-02,extended_hours,7.043245527540692,close
VNO,2017-12-08,extended_hours,1.2988699831135089,close
VNO,2018-02-05,extended_hours,29.59455460195366,close
VNO,2018-04-18,extended_hours,1.494768310910449,close
VNO,2018-08-02,extended_hours,1.3948946854519622,close
VNO,2019-10-08,extended_hours,1.5921031682849882,close
VNO,2020-02-14,extended_hours,1.4729709824723989,close
VNO,2022-11-25,extended_hours,3.9872408293452994,close
VNO,2026-01-29,extended_hours,3.1456432840509625,close
VNT,2021-04-01,extended_hours,6.435006435006298,close
VNT,2026-06-29,extended_hours,3.4831069313821006,close
VNT,2026-08-14,extended_hours,1.5225334957355212,close
VOO,2016-01-04,extended_hours,0.5425641582112151,close
VOO,2016-02-12,extended_hours,0.5843169335042016,close
VOO,2016-02-16,extended_hours,0.5746796161134938,close
VOO,2016-02-25,extended_hours,0.5576933801790701,close
VOO,2016-03-01,extended_hours,0.5502063273722644,close
VOO,2016-03-15,extended_hours,0.5391998274570973,close
VOO,2016-03-29,extended_hours,1.5938795027096555,close
VOO,2016-04-18,extended_hours,0.5209961446280559,close
VOO,2016-04-25,extended_hours,0.5226025607520725,close
VOO,2016-06-02,extended_hours,1.0336985734950284,close
VOO,2016-12-09,extended_hours,0.9613997981065343,close
VOO,2017-01-11,extended_hours,2.3979665243865016,close
VOO,2017-01-31,extended_hours,1.4356127673829324,close
VOO,2017-02-17,extended_hours,0.4633061527052866,close
VOO,2017-03-17,extended_hours,2.745241581259255,close
VOO,2017-04-13,extended_hours,0.4684498992828456,close
VOO,2017-08-17,extended_hours,0.4478681476169341,close
VOO,2017-09-13,extended_hours,0.43506634761761603,close
VOO,2017-10-02,extended_hours,0.4315367021961294,close
VOO,2017-10-11,extended_hours,0.426912568306836,close
VOO,2017-10-19,extended_hours,0.851100046810938,close
VOO,2017-10-26,extended_hours,2.7698470192195916,close
VOO,2017-12-04,extended_hours,1.648872583370792,close
VOO,2018-01-02,extended_hours,2.4282650046542664,close
VOO,2018-01-11,extended_hours,0.3941197335747017,close
VOO,2018-02-07,extended_hours,0.40661976985284043,close
VOO,2018-02-23,extended_hours,1.1881658679552116,close
VOO,2018-02-27,extended_hours,0.7932101213615544,close
VOO,2018-02-28,extended_hours,0.4010587952190144,close
VOO,2018-03-16,extended_hours,0.39530379096299584,close
VOO,2018-05-23,extended_hours,0.3981684252446477,close
VOO,2018-08-03,extended_hours,1.5345661014356042,close
VOO,2018-12-24,extended_hours,12.08908727391172,close
VOO,2019-02-08,extended_hours,0.4021555537678318,close
VOO,2019-09-10,extended_hours,0.7302734874203749,close
VOO,2019-09-11,extended_hours,0.18126450115992798,close
VOO,2019-10-03,extended_hours,0.7498500299954504,close
VOO,2019-11-08,extended_hours,1.4094432699091073,close
VOO,2020-05-27,extended_hours,1.075076151228438,close
VOO,2020-06-02,extended_hours,0.7060152499287564,close
VOO,2020-06-29,extended_hours,0.35752592062892047,close
VOO,2020-08-04,extended_hours,0.32975004946220754,close
VOO,2020-11-16,extended_hours,2.10134486071065,close
VOO,2021-02-08,extended_hours,0.5570409982185454,close
VOO,2021-03-24,extended_hours,0.5595657769565724,close
VOO,2021-06-14,extended_hours,0.7671260899576219,close
VOO,2021-10-11,extended_hours,0.2502753028328888,close
VOO,2021-10-19,extended_hours,0.24132438824245633,close
VOO,2022-06-28,extended_hours,7.6944998575103645,close
VOO,2022-08-25,extended_hours,1.0369947891017153,close
VOO,2022-08-26,extended_hours,0.805347507450258,close
VOO,2022-12-12,extended_hours,0.5454347114645416,close
VOO,2023-07-03,extended_hours,0.49012400137190143,close
VOO,2023-12-12,extended_hours,1.1718658447983539,close
VOO,2024-02-01,extended_hours,1.1119512520573627,close
VOO,2024-05-09,extended_hours,0.2091393914041808,close
VOO,2024-06-05,extended_hours,0.40687620791452855,close
VOO,2024-06-24,extended_hours,0.39965629558543275,close
VOO,2024-08-19,extended_hours,0.5832604257795804,close
VOO,2025-01-21,extended_hours,0.18035566136404618,close
VOO,2025-01-23,extended_hours,1.7834849295527506,close
VOO,2025-05-12,extended_hours,0.46648753545262844,close
VOO,2025-06-02,extended_hours,0.1835165440162762,close
VRSK,2019-02-07,extended_hours,0.8316008316012571,close
VRSN,2019-12-18,extended_hours,0.5259006047852172,close
VRSN,2020-05-04,extended_hours,1.436506416395381,close
VRT,2018-11-08,extended_hours,30.927835051547568,close
VRT,2020-01-17,extended_hours,17.54385964912243,close
VRT,2020-03-24,extended_hours,39.06249999999917,close
VRT,2021-09-20,extended_hours,4.191114836545688,close
VRT,2024-03-04,extended_hours,2.789789370901942,close
VRT,2024-07-03,extended_hours,10.704345964462483,close
VRT,2026-03-26,extended_hours,1.1885895404120894,close
VST,2019-10-02,extended_hours,3.8284839203667724,close
VST,2022-06-07,extended_hours,3.650967506389764,close
VTI,2016-02-25,extended_hours,1.0081661457799078,close
VTI,2016-02-29,extended_hours,4.068348250610889,close
VTI,2016-08-16,extended_hours,0.8943743851167967,close
VTI,2016-08-18,extended_hours,0.8904719501327609,close
VTI,2016-11-25,extended_hours,3.4919249236134475,close
VTI,2016-12-09,extended_hours,0.853606487409741,close
VTI,2017-01-11,extended_hours,0.8529512111899442,close
VTI,2017-01-31,extended_hours,1.702707304613998,close
VTI,2017-02-17,extended_hours,2.473003050037189,close
VTI,2017-05-05,extended_hours,1.6216654504172563,close
VTI,2017-06-01,extended_hours,0.8000000000004093,close
VTI,2017-07-03,extended_hours,4.0080160320639004,close
VTI,2017-08-17,extended_hours,0.803729303970834,close
VTI,2017-10-02,extended_hours,1.5360983102904617,close
VTI,2018-01-11,extended_hours,0.7046223224345339,close
VTI,2018-12-06,extended_hours,1.4475969889990037,close
VTI,2018-12-27,extended_hours,3.949759064696829,close
VTI,2019-04-26,extended_hours,1.331912626532381,close
VTI,2019-07-02,extended_hours,2.6402640264021153,close
VTI,2019-09-10,extended_hours,1.9747235387046562,close
VTI,2019-10-03,extended_hours,2.7063599458741856,close
VTI,2019-11-01,extended_hours,1.925174870050769,close
VTI,2019-11-08,extended_hours,1.9088826673454529,close
VTI,2019-11-25,extended_hours,1.2528188423942503,close
VTI,2019-12-19,extended_hours,0.3060912151818459,close
VTI,2019-12-26,extended_hours,1.8267064482738316,close
VTI,2020-05-19,extended_hours,2.0405387022174626,close
VTI,2020-05-27,extended_hours,1.9514733623886775,close
VTI,2020-08-04,extended_hours,2.386350077555903,close
VTI,2020-08-24,extended_hours,0.5751423477305404,close
VTI,2020-10-16,extended_hours,0.5632216277099918,close
VTI,2020-12-04,extended_hours,1.0443318886732709,close
VTI,2020-12-17,extended_hours,0.5154107823945637,close
VTI,2021-02-04,extended_hours,1.724392767403882,close
VTI,2021-03-24,extended_hours,1.976968319082293,close
VTI,2021-04-08,extended_hours,0.4698144233023681,close
VTI,2021-06-11,extended_hours,0.9048954845719949,close
VTI,2021-07-26,extended_hours,0.8775008775000795,close
VTI,2021-11-24,extended_hours,2.0728825504751613,close
VTI,2021-12-27,extended_hours,2.057951926243471,close
VTI,2021-12-31,extended_hours,0.8283631544073158,close
VTI,2022-01-03,extended_hours,0.41157344528093615,close
VTI,2022-03-16,extended_hours,0.9105809506456843,close
VTI,2022-03-23,extended_hours,0.44656812396690504,close
VTI,2022-03-28,extended_hours,0.43559698566846305,close
VTI,2022-12-12,extended_hours,1.0023555355089577,close
VTI,2023-02-28,extended_hours,0.5012028869281728,close
VTI,2023-03-01,extended_hours,3.0000000000001137,close
VTI,2023-05-11,extended_hours,3.175378602833304,close
VTI,2023-07-03,extended_hours,1.3578347062551435,close
VTI,2023-08-16,extended_hours,0.9151223976198495,close
VTI,2023-09-25,extended_hours,0.9324009324014094,close
VTI,2024-02-01,extended_hours,5.347593582887514,close
VTI,2024-06-05,extended_hours,1.137742718447723,close
VTI,2024-06-14,extended_hours,0.3749671903705015,close
VTI,2025-01-23,extended_hours,2.6474286848892743,close
VTI,2025-04-09,extended_hours,14.153754469606502,close
VTR,2017-08-15,extended_hours,1.5110305228173337,close
VTR,2017-09-11,extended_hours,1.4413375612555355,close
VTR,2018-02-08,extended_hours,15.710919088766358,close
VTR,2025-08-18,extended_hours,1.4878738283001216,close
VTR,2025-10-20,extended_hours,1.3986013986021142,close
VZ,2016-06-02,extended_hours,1.9696671262566703,close
VZ,2016-06-17,extended_hours,1.859427296392341,close
VZ,2017-12-29,extended_hours,6.045720763272923,close
VZ,2018-02-27,extended_hours,2.0815986677764386,close
VZ,2018-03-06,extended_hours,2.045408058907345,close
VZ,2019-08-27,extended_hours,1.7488632388943703,close
VZ,2022-03-18,extended_hours,43.3070866141744,close
VZ,2023-04-13,extended_hours,1.2716174974574155,close
VZ,2026-04-14,extended_hours,13.192612137202104,close
WAB,2016-04-19,extended_hours,6.131959774345274,close
WAB,2016-08-18,extended_hours,10.912563088255121,close
WAB,2016-09-09,extended_hours,1.3119916032544106,close
WAB,2017-04-27,extended_hours,2.3629489603019875,close
WAB,2017-07-14,extended_hours,3.339269813001017,close
WAB,2018-12-31,extended_hours,1.4234875444847142,close
WAB,2019-09-10,extended_hours,1.3840830449834072,close
WAB,2022-04-26,extended_hours,2.311871459946367,close
WAB,2024-08-19,extended_hours,3.106168851339465,close
WAB,2025-09-04,extended_hours,0.5160491278765045,close
WAT,2016-09-27,extended_hours,6.270378730874989,close
WAT,2019-06-04,extended_hours,5.449321311800933,close
WAT,2019-09-12,extended_hours,1.288770512930713,close
WAT,2021-03-15,extended_hours,0.36679749110482723,close
WAT,2025-06-11,extended_hours,0.28897558156309505,close
WAT,2025-08-12,extended_hours,0.3502381619498076,close
WAT,2025-12-19,extended_hours,1.851704891146025,close
WBA,2018-10-10,extended_hours,6.914672935969735,close
WBA,2025-08-15,extended_hours,8.361204013377748,close
WBD,2026-04-23,extended_hours,1.8587360594805051,close
WBD,2026-04-27,extended_hours,3.7285607755398997,close
WBD,2026-06-03,extended_hours,3.703703703704283,close
WCG,2018-02-27,extended_hours,1.0259567046275897,close
WCG,2018-04-30,extended_hours,0.9748488984212436,close
WCG,2018-12-26,extended_hours,1.7013312917366534,close
WCG,2019-05-15,extended_hours,0.3665017408829358,close
WCG,2019-06-26,extended_hours,3.5124692658947225,close
WCG,2019-12-04,extended_hours,6.562089869384301,close
WDAY,2023-08-24,extended_hours,1.7788055320848508,close
WEAT,2018-12-31,extended_hours,16.863406408094676,close
WEAT,2019-05-14,extended_hours,19.49317738791312,close
WEAT,2019-05-16,extended_hours,18.939393939392865,close
WEAT,2019-07-22,extended_hours,7.434944237919379,close
WEAT,2019-08-23,extended_hours,7.812500000001221,close
WEAT,2019-08-30,extended_hours,12.096774193547413,close
WEAT,2021-02-26,extended_hours,15.898251192369067,close
WEAT,2021-06-30,extended_hours,14.771048744462115,close
WEAT,2021-09-22,extended_hours,100.57471264367653,close
WEAT,2021-10-06,extended_hours,13.79310344827508,close
WEAT,2022-02-08,extended_hours,13.31557922769565,close
WEAT,2022-02-28,extended_hours,11.3122171945711,close
WEAT,2022-07-08,extended_hours,21.85792349726807,close
WEAT,2022-07-26,extended_hours,11.976047904190937,close
WEAT,2022-12-01,extended_hours,12.658227848100546,close
WEAT,2026-02-19,extended_hours,9.165902841429684,close
WEC,2016-08-18,extended_hours,1.6144656118821459,close
WEC,2017-06-01,extended_hours,1.583029919266284,close
WEC,2018-12-27,extended_hours,7.2275224053211,close
WEC,2019-03-15,extended_hours,5.0709939148062935,close
WEC,2024-06-21,extended_hours,3.8348459670204695,close
WEC,2024-09-06,extended_hours,1.0678056593690235,close
WEC,2026-09-18,extended_hours,0.9692740137641869,close
WELL,2016-06-02,extended_hours,1.439470274939559,close
WELL,2017-06-19,extended_hours,1.3114754098367365,close
WELL,2018-02-27,extended_hours,1.91497510532325,close
WELL,2018-12-21,extended_hours,1.4202528050000165,close
WELL,2018-12-26,extended_hours,4.341534008683233,close
WELL,2019-04-12,extended_hours,1.3077023669419532,close
WELL,2019-05-28,extended_hours,3.7448508301087426,close
WELL,2019-08-27,extended_hours,1.1241007194250356,close
WELL,2021-05-27,extended_hours,1.3495276653178294,close
WELL,2024-09-30,extended_hours,0.781066937435828,close
WELL,2024-11-29,extended_hours,2.171081198436904,close
WELL,2025-08-08,extended_hours,1.1902636433976215,close
WELL,2026-05-19,extended_hours,3.6697247706427754,close
WELL,2026-05-29,extended_hours,4.870208931962904,close
WELL,2026-07-02,extended_hours,0.8472422265530049,close
WELL,2026-07-27,extended_hours,0.40267375372436603,close
WFC,2016-06-02,extended_hours,1.9565642731359834,close
WFC,2016-11-25,extended_hours,3.8008361839597153,close
WFC,2017-10-02,extended_hours,1.802776275463856,close
WFC,2018-02-27,extended_hours,1.688903901367676,close
WFC,2018-04-30,extended_hours,1.924557351808701,close
WFC,2019-06-21,extended_hours,57.58157389635384,close
WFC,2022-11-14,extended_hours,2.1335609131651623,close
WFC,2022-11-30,extended_hours,1.0427528675709192,close
WFC,2023-04-17,extended_hours,2.421307506052787,close
WFC,2024-06-18,extended_hours,0.846740050803633,close
WFC,2024-09-20,extended_hours,1.776514478592647,close
WFC,2024-12-24,extended_hours,2.7936862690334165,close
WFC,2025-10-10,extended_hours,2.576655501158982,close
WFC,2026-01-29,extended_hours,6.619593998235025,close
WFC,2026-05-04,extended_hours,5.051780752714326,close
WHR,2018-06-01,extended_hours,0.6881838827328405,close
WHR,2020-04-30,extended_hours,66.22516556291473,close
WHR,2020-09-21,extended_hours,2.2503516174397773,close
WHR,2025-02-06,extended_hours,4.860503548167314,close
WHR,2025-07-08,extended_hours,4.640801930574659,close
WLTW,2019-07-03,extended_hours,0.5108817819566428,close
WM,2017-01-04,extended_hours,1.4220705346992488,close
WM,2017-10-02,extended_hours,1.2695188523538028,close
WM,2017-10-03,extended_hours,1.261352169526377,close
WM,2017-12-08,extended_hours,1.1824524062895716,close
WM,2017-12-14,extended_hours,1.181195369714755,close
WM,2018-02-14,extended_hours,3.631961259080041,close
WM,2020-01-02,extended_hours,0.8755034144637643,close
WM,2022-03-31,extended_hours,1.2618296529974908,close
WM,2022-11-30,extended_hours,4.769854519437903,close
WM,2025-06-12,extended_hours,2.530044275774922,close
WMB,2018-05-01,extended_hours,3.852080123267166,close
WMB,2018-12-24,extended_hours,4.859086491740313,close
WMB,2019-04-26,extended_hours,3.510003510002812,close
WMB,2020-01-14,extended_hours,4.194630872483877,close
WMB,2022-06-09,extended_hours,2.8097780275352657,close
WMB,2025-09-15,extended_hours,0.8561643835620818,close
WMB,2026-06-01,extended_hours,1.4277555682454175,close
WMT,2016-09-09,extended_hours,4.2680324370471885,close
WMT,2017-04-13,extended_hours,4.10172272354453,close
WMT,2017-12-29,extended_hours,6.075334143376677,close
WMT,2018-10-15,extended_hours,3.1979533098821755,close
WMT,2020-05-15,extended_hours,9.528346831824475,close
WMT,2021-05-27,extended_hours,2.1172983273354045,close
WMT,2024-12-12,extended_hours,1.0628122010831018,close
WRB,2016-04-18,extended_hours,3.522367030645144,close
WRB,2016-08-05,extended_hours,1.700102006120029,close
WRB,2016-11-25,extended_hours,4.835589941973104,close
WRB,2017-06-27,extended_hours,5.847098377431115,close
WRB,2017-07-19,extended_hours,2.8826751225131195,close
WRB,2018-02-27,extended_hours,1.4388489208640454,close
WRB,2018-03-21,extended_hours,1.3997760358349827,close
WRB,2018-12-31,extended_hours,1.3529968881059269,close
WRB,2019-06-26,extended_hours,6.148170919150329,close
WRB,2021-01-26,extended_hours,1.539645881445867,close
WRB,2025-12-24,extended_hours,1.415628539072072,close
WRK,2016-11-25,extended_hours,1.9565642731359834,close
WRK,2018-12-26,extended_hours,5.360493165372052,close
WRK,2018-12-27,extended_hours,2.6364355391505434,close
WRK,2019-02-26,extended_hours,2.5490695896011,close
WRK,2023-09-15,extended_hours,2.737476047084043,close
WSM,2016-05-16,extended_hours,3.9138943248524503,close
WSM,2019-04-11,extended_hours,3.4071550255529846,close
WSM,2019-08-12,extended_hours,6.1406202026414265,close
WSM,2019-11-29,extended_hours,2.881844380402885,close
WSM,2022-11-07,extended_hours,3.2393909944935415,close
WSM,2024-03-19,extended_hours,1.36351240796361,close
WSM,2025-01-03,extended_hours,0.5189413596258903,close
WSM,2025-05-27,extended_hours,3.596475454055162,close
WSM,2026-06-10,extended_hours,0.48323185464341867,close
WST,2016-03-07,extended_hours,1.5417823003399809,close
WST,2017-08-23,extended_hours,1.1828720132470907,close
WST,2017-10-10,extended_hours,5.290445455508556,close
WST,2020-02-27,extended_hours,0.6459531038040762,close
WST,2020-03-26,extended_hours,3.4146008331633793,close
WST,2022-10-24,extended_hours,0.8452370890038979,close
WST,2023-02-15,extended_hours,0.3581918475532239,close
WST,2024-12-24,extended_hours,1.5025392914011038,close
WST,2025-07-22,extended_hours,0.913659205116959,close
WST,2026-01-26,extended_hours,0.41425020712590416,close
WST,2026-07-20,extended_hours,0.5676657584009369,close
WTW,2019-07-03,extended_hours,0.5108817819566428,close
WTW,2021-05-18,extended_hours,0.7585239124656505,close
WU,2018-12-06,extended_hours,5.408328826391569,close
WU,2018-12-24,extended_hours,6.042296072506351,close
WU,2025-03-19,extended_hours,9.345794392524827,close
WU,2026-02-27,extended_hours,10.38421599169425,close
WY,2017-11-17,extended_hours,2.756339581035835,close
WY,2018-03-09,extended_hours,2.868617326448081,close
WY,2018-04-18,extended_hours,2.7137042062409797,close
WY,2018-12-27,extended_hours,2.3223409196481923,close
WY,2019-06-25,extended_hours,1.9561815336473232,close
WY,2020-08-21,extended_hours,3.4698126301172834,close
WY,2021-11-30,extended_hours,5.317734645042044,close
WYND,2018-12-12,extended_hours,2.6336581511714536,close
WYND,2019-01-28,extended_hours,2.406159769009893,close
WYNN,2020-11-20,extended_hours,1.0494280617054155,close
XBI,2016-02-23,extended_hours,24.875621890546732,close
XBI,2016-02-29,extended_hours,10.438413361169992,close
XBI,2016-09-12,extended_hours,4.7273873306021335,close
XBI,2016-12-08,extended_hours,3.2159511175423736,close
XBI,2017-11-06,extended_hours,3.532320734721173,close
XBI,2018-11-30,extended_hours,7.348438456828203,close
XBI,2018-12-31,extended_hours,31.272210376687827,close
XBI,2019-01-02,extended_hours,4.114097641250842,close
XBI,2019-06-21,extended_hours,6.87600275040136,close
XBI,2020-11-17,extended_hours,1.5780337699223623,close
XBI,2021-08-03,extended_hours,0.8011536612715034,close
XBI,2022-02-25,extended_hours,1.1135857461014371,close
XBI,2022-03-23,extended_hours,1.1128421989767545,close
XBI,2024-01-31,extended_hours,0.5718860802922855,close
XEC,2016-01-29,extended_hours,1.0752688172048512,close
XEL,2017-07-03,extended_hours,2.1944261575593615,close
XEL,2017-07-26,extended_hours,4.231013327692644,close
XEL,2017-12-18,extended_hours,1.9964064683565603,close
XEL,2025-09-23,extended_hours,0.6845564074492967,close
XL,2016-08-19,extended_hours,4.468275245755308,close
XL,2016-11-30,extended_hours,2.7677830058117934,close
XL,2017-08-23,extended_hours,1.1536686663579723,close
XL,2018-03-16,extended_hours,1.8073377914341435,close
XL,2018-04-03,extended_hours,3.604253018562466,close
XL,2018-04-30,extended_hours,1.7988846914909173,close
XL,2018-05-01,extended_hours,3.5835871707584888,close
XL,2018-08-31,extended_hours,5.2273915316259165,close
XL,2022-01-05,extended_hours,66.66666666666673,close
XL,2022-05-31,extended_hours,82.64462809917363,close
XL,2022-07-05,extended_hours,85.47008547008555,close
XL,2022-08-08,extended_hours,66.22516556291397,close
XL,2022-09-16,extended_hours,95.23809523809531,close
XL,2022-09-30,extended_hours,98.87640449438236,close
XL,2022-10-07,extended_hours,19.69580916949364,close
XLB,2016-02-12,extended_hours,2.5037556334496776,close
XLB,2016-03-15,extended_hours,104.07239819004543,close
XLB,2016-03-16,extended_hours,6.730984967467161,close
XLB,2016-03-21,extended_hours,54.78851632697786,close
XLB,2016-04-01,extended_hours,17.683465959329222,close
XLB,2016-04-06,extended_hours,24.5098039215685,close
XLB,2016-04-11,extended_hours,24.59749552772796,close
XLB,2016-08-18,extended_hours,2.044153720360817,close
XLB,2016-09-02,extended_hours,2.030456852791474,close
XLB,2016-11-02,extended_hours,2.163097555700869,close
XLB,2016-11-07,extended_hours,2.122691572914033,close
XLB,2017-08-17,extended_hours,1.8628912071531318,close
XLB,2017-10-05,extended_hours,1.723246596587629,close
XLB,2017-10-11,extended_hours,1.7253278122839908,close
XLB,2017-10-20,extended_hours,1.7024174327553823,close
XLB,2017-11-22,extended_hours,1.7082336863679553,close
XLB,2019-07-05,extended_hours,1.697216564834541,close
XLB,2019-07-23,extended_hours,1.6818028927006408,close
XLB,2019-12-02,extended_hours,1.6823687752363925,close
XLB,2019-12-26,extended_hours,1.6289297931255922,close
XLB,2020-01-27,extended_hours,5.132591958938243,close
XLB,2020-02-27,extended_hours,3.7523452157604367,close
XLB,2020-03-10,extended_hours,5.933544303797693,close
XLB,2020-05-14,extended_hours,1.9829466587344857,close
XLB,2020-08-10,extended_hours,1.6048788316490317,close
XLB,2020-08-31,extended_hours,1.5873015873012715,close
XLB,2020-09-01,extended_hours,7.712478790682888,close
XLB,2021-10-22,extended_hours,1.1788282447253469,close
XLB,2022-03-29,extended_hours,3.3467202141902206,close
XLB,2024-06-11,extended_hours,1.115200178432599,close
XLB,2025-01-23,extended_hours,1.1206993163739902,close
XLC,2018-11-23,extended_hours,9.32618325950085,close
XLC,2018-12-06,extended_hours,4.520795660036873,close
XLC,2018-12-27,extended_hours,2.4183796856101596,close
XLC,2019-02-04,extended_hours,2.1551724137926747,close
XLC,2019-02-08,extended_hours,2.1867483052696284,close
XLC,2019-12-19,extended_hours,1.8559762435050324,close
XLC,2020-01-02,extended_hours,1.8429782528562497,close
XLC,2020-01-16,extended_hours,1.7780938833579507,close
XLC,2020-02-27,extended_hours,1.9758940920762718,close
XLC,2020-03-24,extended_hours,9.345794392523166,close
XLC,2020-06-29,extended_hours,1.8712574850295678,close
XLC,2022-09-19,extended_hours,0.9554748710100235,close
XLC,2023-08-16,extended_hours,1.5103458692048206,close
XLC,2023-08-24,extended_hours,1.5311590874277912,close
XLC,2023-09-21,extended_hours,1.5220700152193158,close
XLC,2023-09-22,extended_hours,1.5239256324277513,close
XLC,2023-09-25,extended_hours,1.520218911524037,close
XLC,2023-12-12,extended_hours,1.4238929232528996,close
XLC,2024-01-04,extended_hours,0.5018120992480933,close
XLC,2024-01-25,extended_hours,0.6457445434598558,close
XLC,2024-12-24,extended_hours,1.5125541998588854,close
XLC,2025-01-23,extended_hours,1.0049241282288328,close
XLC,2025-11-28,extended_hours,1.7332524482187384,close
XLE,2016-08-18,extended_hours,11.267605633802576,close
XLE,2016-09-09,extended_hours,7.173601147775775,close
XLE,2016-09-20,extended_hours,2.99087782264035,close
XLE,2016-09-21,extended_hours,1.459854014599287,close
XLE,2016-11-07,extended_hours,2.8872527789802254,close
XLE,2016-11-15,extended_hours,2.7831895352067937,close
XLE,2018-02-21,extended_hours,1.5012760846727393,close
XLE,2018-05-21,extended_hours,1.26726650614509,close
XLE,2019-05-31,extended_hours,3.403096818103798,close
XLE,2020-11-10,extended_hours,11.71989452094906,close
XLE,2023-01-25,extended_hours,6.647462884999143,close
XLE,2023-04-05,extended_hours,2.3177656738915555,close
XLE,2023-09-15,extended_hours,4.347353548526469,close
XLE,2024-04-23,extended_hours,2.0807324178121336,close
XLE,2024-12-18,extended_hours,8.328375966687377,close
XLF,2016-03-15,extended_hours,4.462293618920823,close
XLF,2016-04-19,extended_hours,4.280821917807367,close
XLF,2016-06-28,extended_hours,4.545454545455256,close
XLF,2016-08-30,extended_hours,4.074979625101064,close
XLF,2016-09-09,extended_hours,2.079866888520199,close
XLF,2017-01-11,extended_hours,4.24088210347668,close
XLF,2017-03-17,extended_hours,4.089979550102889,close
XLF,2017-03-31,extended_hours,4.214075010534349,close
XLF,2017-04-13,extended_hours,4.366812227074918,close
XLF,2017-05-03,extended_hours,4.194630872483877,close
XLF,2017-06-01,extended_hours,4.2444821731740285,close
XLF,2017-07-06,extended_hours,4.019292604502236,close
XLF,2017-10-02,extended_hours,3.834355828220096,close
XLF,2017-11-22,extended_hours,3.8124285169645487,close
XLF,2017-12-29,extended_hours,7.1658903618773095,close
XLF,2018-02-28,extended_hours,3.4638032559743714,close
XLF,2018-03-16,extended_hours,3.4638032559743714,close
XLF,2018-10-22,extended_hours,3.8314176245203106,close
XLF,2018-11-06,extended_hours,3.7119524870087464,close
XLF,2018-11-28,extended_hours,3.695491500368814,close
XLF,2018-12-27,extended_hours,8.474576271187765,close
XLF,2019-02-20,extended_hours,3.7523452157591035,close
XLF,2019-08-06,extended_hours,3.6859565057124994,close
XLF,2019-10-03,extended_hours,7.418397626112601,close
XLF,2019-11-06,extended_hours,3.374957813026666,close
XLF,2020-02-10,extended_hours,3.224766204450681,close
XLF,2020-02-26,extended_hours,3.5026269702269737,close
XLF,2020-05-05,extended_hours,4.589261128958955,close
XLF,2021-04-01,extended_hours,2.901073397156371,close
XLF,2021-05-04,extended_hours,0.46283691805052846,close
XLF,2021-12-27,extended_hours,2.549719530851099,close
XLF,2023-01-11,extended_hours,2.794857462268868,close
XLF,2023-02-13,extended_hours,2.709292874559201,close
XLF,2023-09-21,extended_hours,2.9481132075465832,close
XLF,2023-09-22,extended_hours,2.9708853238280204,close
XLF,2024-05-17,extended_hours,9.413979759943315,close
XLF,2024-07-02,extended_hours,2.399232245680905,close
XLF,2024-07-24,extended_hours,4.697040864256254,close
XLF,2024-08-16,extended_hours,2.2846698652056467,close
XLF,2024-10-31,extended_hours,4.302925989673651,close
XLF,2025-07-15,extended_hours,1.936108422071251,close
XLF,2025-07-23,extended_hours,0.941619585687864,close
XLF,2025-08-04,extended_hours,1.9264110961275305,close
XLI,2016-03-15,extended_hours,5.567887532372263,close
XLI,2016-03-21,extended_hours,14.295925661186256,close
XLI,2016-03-30,extended_hours,7.194244604316394,close
XLI,2016-04-01,extended_hours,9.869011304503807,close
XLI,2016-04-06,extended_hours,16.354715609668073,close
XLI,2016-05-26,extended_hours,5.384063173008101,close
XLI,2016-06-13,extended_hours,1.790189760114216,close
XLI,2016-08-18,extended_hours,5.081300813008323,close
XLI,2016-09-09,extended_hours,1.7507002801129405,close
XLI,2016-10-31,extended_hours,1.7491691446559403,close
XLI,2017-02-14,extended_hours,0.7644091117559169,close
XLI,2017-03-31,extended_hours,1.53704272978649,close
XLI,2017-04-13,extended_hours,4.686035613870843,close
XLI,2017-09-15,extended_hours,1.4405070584853235,close
XLI,2017-10-02,extended_hours,1.3987970345490146,close
XLI,2017-12-04,extended_hours,1.34752728742826,close
XLI,2018-02-15,extended_hours,1.2941633234102377,close
XLI,2018-02-23,extended_hours,3.860010293360929,close
XLI,2018-02-27,extended_hours,2.5723472668805174,close
XLI,2018-05-23,extended_hours,1.3252054068368546,close
XLI,2018-08-22,extended_hours,1.3053126223737261,close
XLI,2019-07-05,extended_hours,5.1606244355575095,close
XLI,2019-07-30,extended_hours,1.2706480304962027,close
XLI,2019-11-01,extended_hours,1.2465719272008373,close
XLI,2019-12-26,extended_hours,0.6099048548438233,close
XLI,2020-02-19,extended_hours,3.567606136282689,close
XLI,2020-08-31,extended_hours,1.2851818532310635,close
XLI,2020-10-21,extended_hours,1.247038284075959,close
XLI,2020-12-31,extended_hours,1.6907123534716602,close
XLI,2023-07-10,extended_hours,0.9284189026080129,close
XLI,2024-01-08,extended_hours,1.3373751783167411,close
XLI,2024-05-09,extended_hours,0.7962417389923653,close
XLI,2025-05-16,extended_hours,4.17304214772585,close
XLI,2026-09-03,extended_hours,0.5728689275888464,close
XLK,2016-02-29,extended_hours,3.6612155235539587,close
XLK,2016-03-01,extended_hours,2.3702299123010215,close
XLK,2016-03-24,extended_hours,2.3154516276923944,close
XLK,2016-04-06,extended_hours,2.245677071636652,close
XLK,2016-04-11,extended_hours,2.284669865204023,close
XLK,2016-06-28,extended_hours,2.3668639053249727,close
XLK,2016-08-03,extended_hours,2.1574973031279416,close
XLK,2016-09-06,extended_hours,2.101281781888026,close
XLK,2016-12-09,extended_hours,1.0277492291871435,close
XLK,2017-01-11,extended_hours,2.0149103364910568,close
XLK,2017-02-14,extended_hours,3.8669760247478773,close
XLK,2017-02-17,extended_hours,1.9160758766043324,close
XLK,2017-04-04,extended_hours,0.9380863039391093,close
XLK,2017-04-13,extended_hours,1.9094901661266215,close
XLK,2018-01-02,extended_hours,1.5446400988555615,close
XLK,2018-01-22,extended_hours,2.920987293704691,close
XLK,2018-01-26,extended_hours,1.4452955629413073,close
XLK,2018-02-23,extended_hours,2.9286864841133737,close
XLK,2018-03-09,extended_hours,1.4182385477244526,close
XLK,2018-11-26,extended_hours,1.5260186174279133,close
XLK,2018-12-06,extended_hours,2.986857825566909,close
XLK,2019-02-08,extended_hours,1.4855125753778828,close
XLK,2019-07-03,extended_hours,1.2484394506855063,close
XLK,2019-11-01,extended_hours,2.3621117278842587,close
XLK,2019-11-25,extended_hours,1.1383039271475135,close
XLK,2020-01-02,extended_hours,1.0707784559380145,close
XLK,2020-10-16,extended_hours,4.131889926452125,close
XLK,2020-12-15,extended_hours,2.36537096901373,close
XLK,2021-02-04,extended_hours,1.4747087450236125,close
XLK,2021-06-11,extended_hours,0.7043741635550401,close
XLK,2021-07-01,extended_hours,1.3521736190933833,close
XLK,2022-12-12,extended_hours,0.747551767961376,close
XLK,2024-02-21,extended_hours,2.509410288582754,close
XLK,2024-10-17,extended_hours,0.4346125429175933,close
XLK,2026-04-14,extended_hours,1.6898742733544467,close
XLNX,2020-06-19,extended_hours,23.04147465437776,close
XLP,2016-03-30,extended_hours,0.9373828271470861,close
XLP,2016-04-18,extended_hours,8.136482939633563,close
XLP,2016-04-22,extended_hours,1.924557351808701,close
XLP,2016-04-25,extended_hours,3.8226299694195576,close
XLP,2016-06-01,extended_hours,9.398496240602304,close
XLP,2016-06-23,extended_hours,1.8470631695600315,close
XLP,2016-06-30,extended_hours,1.8132366273795124,close
XLP,2016-07-01,extended_hours,7.28995808274087,close
XLP,2016-07-19,extended_hours,3.5971223021588354,close
XLP,2016-08-15,extended_hours,2.4021838034572625,close
XLP,2016-09-19,extended_hours,1.8982536066814752,close
XLP,2016-12-06,extended_hours,1.9692792437963784,close
XLP,2016-12-28,extended_hours,1.9331142470529898,close
XLP,2017-03-31,extended_hours,1.8321729571280903,close
XLP,2017-04-17,extended_hours,3.621220351257654,close
XLP,2017-06-01,extended_hours,1.7513134851134868,close
XLP,2018-01-22,extended_hours,1.7102787754400566,close
XLP,2018-09-05,extended_hours,1.8406037180191444,close
XLP,2018-11-15,extended_hours,1.7882689556518447,close
XLP,2019-02-04,extended_hours,0.9335324869310226,close
XLP,2019-05-01,extended_hours,3.50877192982511,close
XLP,2019-07-02,extended_hours,10.181571355846305,close
XLP,2019-08-28,extended_hours,1.6455487905224808,close
XLP,2019-09-04,extended_hours,1.622849724115224,close
XLP,2019-09-20,extended_hours,3.315649867374524,close
XLP,2019-11-12,extended_hours,3.285690816493515,close
XLP,2021-02-26,extended_hours,1.580278128950381,close
XLP,2021-12-27,extended_hours,1.3149243918462727,close
XLP,2022-03-28,extended_hours,2.6542800265422724,close
XLP,2022-05-27,extended_hours,1.3333333333340156,close
XLP,2023-07-03,extended_hours,6.688963210701962,close
XLP,2023-07-27,extended_hours,1.3276686139146465,close
XLP,2023-08-23,extended_hours,2.7548209366385707,close
XLP,2023-10-20,extended_hours,1.4865467518961077,close
XLP,2023-12-12,extended_hours,0.7041261794127113,close
XLP,2023-12-20,extended_hours,1.4247043738431566,close
XLP,2023-12-27,extended_hours,0.6958942240773073,close
XLP,2024-02-01,extended_hours,1.3439053890593877,close
XLP,2024-03-27,extended_hours,1.311303435615672,close
XLP,2024-04-01,extended_hours,1.3201320132019956,close
XLP,2024-05-09,extended_hours,1.2956724540042905,close
XLP,2024-06-11,extended_hours,2.5786487880345565,close
XLP,2024-06-14,extended_hours,1.2995451591949467,close
XLP,2024-07-25,extended_hours,3.861003861004007,close
XLP,2024-08-20,extended_hours,1.231830500123813,close
XLP,2024-11-05,extended_hours,2.4727992087037616,close
XLP,2024-11-20,extended_hours,1.2465719272008373,close
XLP,2024-12-06,extended_hours,1.2138868657447337,close
XLP,2025-02-20,extended_hours,4.936599778408171,close
XLP,2025-05-16,extended_hours,1.2184720360656642,close
XLP,2026-01-30,extended_hours,1.1974613818710471,close
XLP,2026-09-18,extended_hours,1.2077294685996518,close
XLRE,2016-08-09,extended_hours,2.927400468383493,close
XLRE,2016-08-22,extended_hours,3.0239520958087813,close
XLRE,2016-08-23,extended_hours,5.991611743557825,close
XLRE,2016-09-20,extended_hours,3.1075201988806747,close
XLRE,2017-11-27,extended_hours,1.131963062257447,close
XLRE,2017-12-04,extended_hours,3.0238887208944694,close
XLRE,2017-12-11,extended_hours,3.0048076923070943,close
XLRE,2018-02-23,extended_hours,3.2573289902273648,close
XLRE,2018-02-27,extended_hours,1.6583747927039993,close
XLRE,2018-02-28,extended_hours,3.3211557622057666,close
XLRE,2018-03-08,extended_hours,0.32499187520351713,close
XLRE,2018-06-27,extended_hours,3.0950170225930083,close
XLRE,2019-10-30,extended_hours,2.534211860111001,close
XLRE,2019-11-14,extended_hours,5.213764337850892,close
XLRE,2019-11-26,extended_hours,2.5853154084793206,close
XLRE,2019-12-02,extended_hours,1.3178703215610328,close
XLRE,2019-12-05,extended_hours,2.596728122565051,close
XLRE,2020-01-16,extended_hours,2.5290844714208425,close
XLRE,2020-02-19,extended_hours,2.424242424241942,close
XLRE,2020-04-20,extended_hours,3.0066145520159697,close
XLRE,2020-05-19,extended_hours,6.277463904582414,close
XLRE,2020-12-23,extended_hours,2.8121484814392606,close
XLRE,2020-12-29,extended_hours,1.3919821826267962,close
XLRE,2021-01-05,extended_hours,2.832058906824698,close
XLRE,2021-03-12,extended_hours,2.5621316935685394,close
XLRE,2021-04-06,extended_hours,2.473410833538959,close
XLRE,2021-06-01,extended_hours,2.272727272726821,close
XLRE,2021-06-18,extended_hours,2.255808707422765,close
XLRE,2021-09-02,extended_hours,2.0521239482860683,close
XLRE,2022-01-28,extended_hours,2.135839384877832,close
XLRE,2022-03-07,extended_hours,2.1824530772584048,close
XLRE,2022-03-24,extended_hours,4.293688278230146,close
XLRE,2022-07-05,extended_hours,2.4142926122658412,close
XLRE,2022-11-14,extended_hours,2.6518164942980667,close
XLRE,2026-02-20,extended_hours,2.2956841138671065,close
XLU,2016-03-16,extended_hours,30.587275693311295,close
XLU,2016-08-18,extended_hours,1.9650225977594833,close
XLU,2016-10-25,extended_hours,2.0627062706266526,close
XLU,2016-12-07,extended_hours,2.1105951878440514,close
XLU,2017-07-27,extended_hours,1.8825301204815532,close
XLU,2017-08-03,extended_hours,1.8511662347288254,close
XLU,2018-08-29,extended_hours,1.8628912071531318,close
XLU,2018-12-03,extended_hours,7.123775601068415,close
XLU,2019-02-07,extended_hours,1.8037518037514448,close
XLU,2019-03-08,extended_hours,1.7361111111107657,close
XLU,2021-09-02,extended_hours,1.4271442842858435,close
XLU,2022-03-28,extended_hours,1.3651877133112786,close
XLU,2024-02-01,extended_hours,1.596933886936763,close
XLU,2024-03-27,extended_hours,0.6595092024540854,close
XLV,2016-06-02,extended_hours,2.7574796635869325,close
XLV,2016-06-13,extended_hours,2.8085942985550107,close
XLV,2016-06-23,extended_hours,4.202269225381865,close
XLV,2016-11-02,extended_hours,6.001500375092579,close
XLV,2017-01-31,extended_hours,8.508224617130214,close
XLV,2017-02-01,extended_hours,2.8149190710761465,close
XLV,2017-02-06,extended_hours,1.3986013986021142,close
XLV,2017-02-14,extended_hours,1.3723068478118725,close
XLV,2017-04-13,extended_hours,1.3517166801826042,close
XLV,2017-06-15,extended_hours,1.283202874375095,close
XLV,2017-06-30,extended_hours,0.6309944472500838,close
XLV,2017-07-18,extended_hours,5.001250312578926,close
XLV,2017-07-19,extended_hours,1.2414649286146375,close
XLV,2017-10-10,extended_hours,1.211240310078139,close
XLV,2018-01-22,extended_hours,4.490849893341422,close
XLV,2018-02-23,extended_hours,2.3430178069348666,close
XLV,2018-08-24,extended_hours,1.632386549134897,close
XLV,2018-09-05,extended_hours,0.5410669840921386,close
XLV,2018-11-30,extended_hours,90.74788776468182,close
XLV,2019-07-02,extended_hours,3.205813207950538,close
XLV,2019-09-10,extended_hours,1.1025358324151175,close
XLV,2020-02-10,extended_hours,1.9306882903765066,close
XLV,2020-03-02,extended_hours,6.179196704427196,close
XLV,2020-11-18,extended_hours,0.9165902841434571,close
XLV,2020-12-23,extended_hours,5.401998739533832,close
XLV,2021-07-07,extended_hours,1.5506280043403482,close
XLV,2021-07-22,extended_hours,2.308047391906535,close
XLV,2021-07-27,extended_hours,0.3809814081069378,close
XLV,2021-08-17,extended_hours,2.192822162122735,close
XLV,2022-07-21,extended_hours,3.06819053463159,close
XLV,2023-08-24,extended_hours,2.2651766837814207,close
XLV,2023-08-29,extended_hours,1.4823599169864967,close
XLV,2023-09-05,extended_hours,2.2694606248582447,close
XLV,2025-01-17,extended_hours,0.7133685261799761,close
XLY,2016-02-29,extended_hours,1.3433637829130998,close
XLY,2016-04-18,extended_hours,2.4925224327013984,close
XLY,2016-05-06,extended_hours,2.522704339050961,close
XLY,2016-06-02,extended_hours,3.7664783427496715,close
XLY,2016-06-23,extended_hours,2.5278058645108987,close
XLY,2016-06-28,extended_hours,1.311303435615672,close
XLY,2016-07-06,extended_hours,1.2674271229410792,close
XLY,2016-08-03,extended_hours,2.476473501734798,close
XLY,2016-09-06,extended_hours,1.2341108231525504,close
XLY,2016-09-09,extended_hours,1.275022312889316,close
XLY,2016-11-16,extended_hours,0.6212723658063697,close
XLY,2016-11-21,extended_hours,4.894163709776857,close
XLY,2017-01-31,extended_hours,3.536484734174365,close
XLY,2017-02-14,extended_hours,1.1584800741416712,close
XLY,2017-02-17,extended_hours,1.1546010853256108,close
XLY,2017-04-13,extended_hours,3.4662045060659894,close
XLY,2017-05-05,extended_hours,2.2180326050788532,close
XLY,2017-06-01,extended_hours,2.1760417800017433,close
XLY,2017-06-27,extended_hours,1.1219566924722446,close
XLY,2018-01-22,extended_hours,0.9365926758444232,close
XLY,2018-01-26,extended_hours,0.9174311926610198,close
XLY,2018-02-21,extended_hours,0.9585889570557051,close
XLY,2018-02-23,extended_hours,0.9441979038797946,close
XLY,2018-02-26,extended_hours,0.9363295880141298,close
XLY,2018-10-01,extended_hours,3.422899195619224,close
XLY,2018-12-06,extended_hours,2.815315315315422,close
XLY,2018-12-27,extended_hours,14.293006636038854,close
XLY,2019-04-26,extended_hours,2.486119167978879,close
XLY,2019-07-17,extended_hours,4.0607488020800275,close
XLY,2019-07-23,extended_hours,3.2509752925882847,close
XLY,2019-08-21,extended_hours,2.5075225677032043,close
XLY,2019-12-23,extended_hours,0.8047642040874703,close
XLY,2019-12-26,extended_hours,0.7932730445823509,close
XLY,2020-01-02,extended_hours,0.7879599716327244,close
XLY,2020-02-06,extended_hours,0.7759757895546602,close
XLY,2020-03-10,extended_hours,1.7641351327520711,close
XLY,2020-05-14,extended_hours,0.8756567425573656,close
XLY,2020-06-02,extended_hours,2.372666877570479,close
XLY,2021-02-04,extended_hours,0.5861664712773098,close
XLY,2021-03-24,extended_hours,0.612519906898158,close
XLY,2021-08-04,extended_hours,0.5539552404160705,close
XLY,2021-09-30,extended_hours,0.5572582892181291,close
XLY,2022-03-16,extended_hours,3.4244620740826592,close
XLY,2023-09-12,extended_hours,0.5823433496384175,close
XLY,2024-06-05,extended_hours,0.5646527385652685,close
XLY,2025-01-23,extended_hours,0.8944775732424436,close
XME,2016-06-30,extended_hours,8.193363375665536,close
XME,2016-07-08,extended_hours,5.349636988919716,close
XME,2016-07-22,extended_hours,3.7009622501843116,close
XME,2016-09-01,extended_hours,3.850596842509823,close
XME,2016-11-02,extended_hours,4.012841091491978,close
XME,2017-01-06,extended_hours,3.1446540880496885,close
XME,2017-04-13,extended_hours,3.3806626098720636,close
XME,2018-01-10,extended_hours,7.871949619522733,close
XME,2019-01-09,extended_hours,3.502626970228218,close
XME,2020-10-15,extended_hours,3.961965134706027,close
XME,2021-05-06,extended_hours,2.2123893805321053,close
XME,2021-12-27,extended_hours,1.1025358324151175,close
XME,2024-10-14,extended_hours,1.5472690700898817,close
XOM,2016-01-29,extended_hours,5.138086062940532,close
XOM,2016-07-12,extended_hours,1.053185887309649,close
XOM,2017-09-13,extended_hours,2.5072082236424746,close
XOM,2017-12-29,extended_hours,15.542802486847854,close
XOM,2018-01-26,extended_hours,1.1235955056185523,close
XOM,2018-02-27,extended_hours,2.580645161289809,close
XOM,2018-03-16,extended_hours,1.7305644302456376,close
XOM,2018-11-15,extended_hours,1.278935925308979,close
XOM,2019-10-07,extended_hours,1.4701558365194232,close
XOM,2020-02-28,extended_hours,1.9440124416792401,close
XOM,2020-06-19,extended_hours,6.524575902566581,close
XOM,2022-09-30,extended_hours,2.290688351849275,close
XOM,2024-06-21,extended_hours,0.9028530155282507,close
XOM,2025-08-13,extended_hours,1.8587360594791844,close
XOP,2016-06-23,extended_hours,5.464480874317793,close
XOP,2017-10-18,extended_hours,2.9985007496245903,close
XOP,2017-12-29,extended_hours,13.44809037116653,close
XOP,2018-02-27,extended_hours,4.419563936358448,close
XOP,2018-04-03,extended_hours,1.4425851125203268,close
XOP,2019-05-28,extended_hours,7.487832272556935,close
XOP,2019-07-09,extended_hours,3.8109756097553396,close
XOP,2020-02-20,extended_hours,5.22466039707315,close
XOP,2020-03-09,extended_hours,108.30324909747274,close
XOP,2020-06-02,extended_hours,1.8099547511308618,close
XOP,2020-06-17,extended_hours,1.7430712916167188,close
XOP,2024-01-08,extended_hours,0.7378440197735487,close
XRAY,2023-07-27,extended_hours,1.2297097884905457,close
XRX,2017-08-17,extended_hours,3.1397174254310865,close
XRX,2018-12-27,extended_hours,5.081300813007119,close
XRX,2019-03-26,extended_hours,3.122073056508901,close
XRX,2020-02-19,extended_hours,2.719608376393258,close
XRX,2021-12-22,extended_hours,2.2841480127907743,close
XYL,2016-06-01,extended_hours,2.2311468094596187,close
XYL,2018-11-28,extended_hours,1.405876564036399,close
XYL,2018-12-27,extended_hours,1.5302218821715237,close
XYL,2019-05-28,extended_hours,1.346982758621379,close
XYL,2019-09-10,extended_hours,2.552648372686155,close
XYL,2020-06-04,extended_hours,0.7104290991752561,close
XYL,2021-04-21,extended_hours,0.9134088417980559,close
XYL,2025-09-04,extended_hours,0.7045230379026987,close
XYZ,2018-07-25,extended_hours,1.378739831794446,close
XYZ,2019-02-08,extended_hours,1.360729350930862,close
XYZ,2019-05-15,extended_hours,3.0660738923823745,close
XYZ,2022-09-21,extended_hours,8.410428931875046,close
XYZ,2026-06-26,extended_hours,5.1400668208676485,close
YUM,2016-04-13,extended_hours,1.217285453439454,close
YUM,2016-06-28,extended_hours,2.463054187191628,close
YUM,2017-05-02,extended_hours,4.522158577027605,close
YUM,2017-08-02,extended_hours,2.6102845210141257,close
YUM,2018-02-27,extended_hours,3.741581441754418,close
YUM,2018-03-23,extended_hours,2.448579823701765,close
YUM,2019-09-04,extended_hours,0.8482483671223272,close
YUM,2021-02-03,extended_hours,1.9096724911673846,close
YUM,2021-10-27,extended_hours,0.7949757532388031,close
YUM,2022-05-27,extended_hours,1.6698672455536463,close
YUM,2022-09-30,extended_hours,2.8211397404552505,close
YUM,2023-02-24,extended_hours,3.153827958685347,close
YUM,2023-08-31,extended_hours,1.5458339774316148,close
YUM,2024-10-29,extended_hours,0.7464357692013813,close
YUM,2025-06-12,extended_hours,0.6945891505168371,close
YUM,2025-07-22,extended_hours,0.6732646603373665,close
YUM,2025-07-24,extended_hours,2.7429198381671838,close
YUM,2026-03-05,extended_hours,0.6304375236408337,close
ZBH,2016-03-11,extended_hours,1.9120458891009582,close
ZBH,2016-06-23,extended_hours,4.134965266291529,close
ZBH,2016-06-30,extended_hours,0.8307027745465115,close
ZBH,2016-08-16,extended_hours,0.7794232268114502,close
ZBH,2016-09-20,extended_hours,0.8013462617189602,close
ZBH,2019-09-10,extended_hours,0.7219174126493882,close
ZBH,2020-05-08,extended_hours,3.28245527654737,close
ZBH,2021-11-03,extended_hours,1.34462821030054,close
ZBH,2022-09-21,extended_hours,3.629764065335031,close
ZBH,2023-07-03,extended_hours,1.4034102869981218,close
ZBH,2023-08-31,extended_hours,0.8394895903283164,close
ZBH,2025-07-21,extended_hours,3.2400907225403537,close
ZBH,2026-01-16,extended_hours,1.1453441759238236,close
ZBRA,2018-02-05,extended_hours,4.2727738848057735,close
ZBRA,2020-03-10,extended_hours,0.9876543209881595,close
ZBRA,2020-05-04,extended_hours,4.371202517813644,close
ZBRA,2022-05-27,extended_hours,4.075335487438837,close
ZBRA,2022-10-04,extended_hours,0.17752529735471162,close
ZBRA,2024-05-24,extended_hours,0.3058103975532387,close
ZION,2023-12-18,extended_hours,0.23234200743440275,close
ZTS,2016-06-17,extended_hours,2.1533161068055806,close
ZTS,2016-06-23,extended_hours,2.087682672233405,close
ZTS,2017-12-29,extended_hours,1.3881177123807473,close
ZTS,2018-03-29,extended_hours,7.18476829122288,close
ZTS,2018-04-25,extended_hours,1.1824524062895716,close
ZTS,2018-06-22,extended_hours,44.27872290841409,close
ZTS,2018-12-27,extended_hours,1.1858176212504583,close
ZTS,2019-02-08,extended_hours,1.1516756881268129,close
ZTS,2019-11-15,extended_hours,4.240162822252134,close
ZTS,2026-08-13,extended_hours,1.3185654008445562,close
ZTS,2026-09-18,extended_hours,5.602240896357428,close
AVGO,2016-12-07,extended_hours,5.931198102015428,close
AVGO,2020-06-19,extended_hours,23.117569352708152,close
AVGO,2024-07-03,extended_hours,2.313208420078189,close
