data,timeframe,symbol,direction,method,grid,cell,n_trades,mean_atr,baseline_mean_atr,percentile,p_value
control,1D,AAPL,long,mr_candle_score,proposed,"{""level"": -2.0, ""mode"": ""level"", ""n"": 4}",80,0.21153419910015686,0.11841668223579163,73.4,0.26673326673326675
control,1D,AAPL,long,mr_candle_score,task,"{""level"": -2.0, ""mode"": ""level"", ""n"": 2}",173,0.18738731375930137,0.12972931049567088,71.8,0.2827172827172827
control,1D,AAPL,long,mr_connors_rsi,proposed,"{""rsi_len"": 2, ""t"": 25}",230,0.20304352331411066,0.11056458068426181,88.0,0.12087912087912088
control,1D,AAPL,long,mr_connors_rsi,task,"{""rsi_len"": 5, ""t"": 20}",82,0.24284637428681888,0.11200571888719817,82.5,0.17582417582417584
control,1D,AAPL,long,mr_daily_drop,task,"{""atr_expanding"": ""off"", ""d"": 0.005}",353,0.13691964825416095,0.11069059662890304,63.6,0.3646353646353646
control,1D,AAPL,long,mr_down_closes,task,"{""k"": 1}",424,0.095947769081313,0.1168203186366365,32.9,0.6713286713286714
control,1D,AAPL,long,mr_ema_slope_drop,proposed,"{""n"": 5, ""p"": 0.0075}",118,0.2635861094417299,0.11417342447631773,90.1,0.0999000999000999
control,1D,AAPL,long,mr_ema_slope_drop,task,"{""n"": 3, ""p"": 0.005}",223,0.21848637829543313,0.11330036787304963,88.0,0.12087912087912088
control,1D,AAPL,long,mr_ibs,proposed,"{""k"": 2, ""t"": 15}",35,0.2846137269127368,0.14156359650995973,72.6,0.27472527472527475
control,1D,AAPL,long,mr_ibs,task,"{""k"": 1, ""t"": 10}",156,0.12183786357147082,0.1357991183596801,45.7,0.5434565434565435
control,1D,AAPL,long,mr_ibs_after_new_high,proposed,"{""n"": 5, ""t"": 20}",135,0.12538947371331524,0.13614287854968862,45.8,0.5424575424575424
control,1D,AAPL,long,mr_ibs_after_new_high,task,"{""n"": 10, ""t"": 25}",118,0.14491867900916547,0.13664263222649675,52.8,0.4725274725274725
control,1D,AAPL,long,mr_keltner_lower,proposed,"{""mult"": 0.5, ""n"": 30}",206,0.19355680834905328,0.11265124135139701,81.9,0.18181818181818182
control,1D,AAPL,long,mr_keltner_lower,task,"{""mult"": 2.0, ""n"": 40}",61,0.12726760569487244,0.11049502599218353,53.3,0.4675324675324675
control,1D,AAPL,long,mr_lower_lows,proposed,"{""k"": 1}",432,0.12808880784528642,0.11554396570173567,58.9,0.4115884115884116
control,1D,AAPL,long,mr_lower_lows,task,"{""k"": 3}",89,0.11643430770677846,0.10439971437964997,51.4,0.4865134865134865
control,1D,AAPL,long,mr_ma_distance,task,"{""level"": 1, ""n"": 20, ""unit"": ""pct""}",224,0.230708768453656,0.1126420521906456,92.9,0.07192807192807193
control,1D,AAPL,long,mr_macd_hist_falling,task,"{""k"": 2}",126,0.290392087154434,0.11924060071398454,93.7,0.06393606393606394
control,1D,AAPL,long,mr_macd_hist_trough,task,"{""w"": 3}",332,0.20530005777293686,0.11284563423521708,93.9,0.061938061938061936
control,1D,AAPL,long,mr_macd_hist_turn,task,"{""k"": 1}",248,0.10193459017666309,0.117587630596689,41.8,0.5824175824175825
control,1D,AAPL,long,mr_n_day_low,proposed,"{""basis"": ""close"", ""n"": 10}",129,0.27125569766388974,0.10418943487617367,93.1,0.06993006993006994
control,1D,AAPL,long,mr_n_day_low,task,"{""basis"": ""close"", ""n"": 10}",129,0.27125569766388974,0.10418943487617367,93.1,0.06993006993006994
control,1D,AAPL,long,mr_rsi,proposed,"{""n"": 2, ""t"": 30}",248,0.22797038048559212,0.11393131599851797,93.9,0.061938061938061936
control,1D,AAPL,long,mr_rsi,task,"{""n"": 2, ""t"": 30}",248,0.22797038048559212,0.11393131599851797,93.9,0.061938061938061936
control,1D,AAPL,long,mr_rsi_sum,proposed,"{""level"": 20, ""m"": 3, ""n"": 5}",30,0.24408505305062117,0.11055678953002135,71.2,0.2887112887112887
control,1D,AAPL,long,mr_rsi_sum,task,"{""level"": 15, ""m"": 2, ""n"": 2}",104,0.11396437263202668,0.10646761992480232,52.7,0.47352647352647353
control,1D,AAPL,long,mr_stochastic_k,proposed,"{""n"": 21, ""t"": 15}",85,0.20093610012664356,0.10202755137783895,75.2,0.24875124875124874
control,1D,AAPL,long,mr_stochastic_k,task,"{""n"": 5, ""t"": 30}",166,0.20811353338369945,0.09581605209908255,87.2,0.12887112887112886
control,1D,AAPL,long,mr_williams_confirm,task,"{""confirm"": ""on"", ""n"": 20, ""t"": 10}",66,0.30035170322899807,0.12546064583204466,84.2,0.15884115884115885
control,1D,AAPL,long,mr_zscore,proposed,"{""n"": 30, ""t"": 1.25}",119,0.19309542048483996,0.11484259254747566,73.1,0.26973026973026976
control,1D,AAPL,long,mr_zscore,task,"{""n"": 30, ""t"": 2.0}",37,0.21329370040999268,0.09867108769196425,70.5,0.2957042957042957
control,1D,ADI,short,mr_candle_score,proposed,"{""level"": -1.5, ""mode"": ""rising"", ""n"": 2}",128,0.012044697372245297,-0.10581722385517046,85.0,0.15084915084915085
control,1D,ADI,short,mr_candle_score,task,"{""level"": -2.5, ""mode"": ""rising"", ""n"": 2}",67,-0.004322014345623094,-0.11692410341476771,74.6,0.2547452547452547
control,1D,ADI,short,mr_connors_rsi,proposed,"{""rsi_len"": 4, ""t"": 30}",46,-0.31964239209467316,-0.09209820379457588,12.0,0.8801198801198801
control,1D,ADI,short,mr_connors_rsi,task,,0,,,,
control,1D,ADI,short,mr_daily_drop,task,"{""atr_expanding"": ""off"", ""d"": 0.03}",80,-0.1419788659235912,-0.1079041257741994,42.7,0.5734265734265734
control,1D,ADI,short,mr_down_closes,task,"{""k"": 4}",80,-0.12134315255317478,-0.11334341374788195,48.1,0.5194805194805194
control,1D,ADI,short,mr_ema_slope_drop,proposed,"{""n"": 5, ""p"": 0.005}",213,-0.062122258008230465,-0.10806614696855103,70.4,0.2967032967032967
control,1D,ADI,short,mr_ema_slope_drop,task,"{""n"": 3, ""p"": 0.005}",261,-0.08684500641906276,-0.1106067163606744,64.7,0.35364635364635366
control,1D,ADI,short,mr_ibs,proposed,"{""k"": 3, ""t"": 30}",66,0.09952295062140405,-0.11084474607327882,88.8,0.11288711288711288
control,1D,ADI,short,mr_ibs,task,"{""k"": 3, ""t"": 30}",66,0.09952295062140405,-0.11084474607327882,88.8,0.11288711288711288
control,1D,ADI,short,mr_ibs_after_new_high,proposed,"{""n"": 3, ""t"": 15}",155,-0.03524601536113936,-0.12580015765643981,81.0,0.19080919080919082
control,1D,ADI,short,mr_ibs_after_new_high,task,"{""n"": 20, ""t"": 10}",40,0.2125900159765529,-0.10808448900683379,92.2,0.07892107892107893
control,1D,ADI,short,mr_keltner_lower,proposed,"{""mult"": 0.5, ""n"": 20}",254,-0.07897574141577464,-0.10528283720355296,63.9,0.36163836163836166
control,1D,ADI,short,mr_keltner_lower,task,"{""mult"": 1.0, ""n"": 40}",226,-0.06415636655871149,-0.10192857044898493,69.2,0.3086913086913087
control,1D,ADI,short,mr_lower_lows,proposed,"{""k"": 3}",119,0.02729486698086743,-0.10513484531364833,86.2,0.13886113886113885
control,1D,ADI,short,mr_lower_lows,task,"{""k"": 3}",119,0.02729486698086743,-0.10513484531364833,86.2,0.13886113886113885
control,1D,ADI,short,mr_ma_distance,task,"{""level"": 2, ""n"": 5, ""unit"": ""atr""}",46,-0.13125884130533935,-0.10876492862255505,45.1,0.5494505494505495
control,1D,ADI,short,mr_macd_hist_falling,task,"{""k"": 5}",79,-0.15599931021181565,-0.10197135644095892,36.1,0.6393606393606394
control,1D,ADI,short,mr_macd_hist_trough,task,"{""w"": 3}",305,-0.1053271962869516,-0.10799443848188499,50.8,0.4925074925074925
control,1D,ADI,short,mr_macd_hist_turn,task,"{""k"": 3}",110,0.05269607875699567,-0.09965912227747963,88.9,0.11188811188811189
control,1D,ADI,short,mr_n_day_low,proposed,"{""basis"": ""close"", ""n"": 10}",166,-0.020003115245810086,-0.10907685098097825,82.4,0.17682317682317683
control,1D,ADI,short,mr_n_day_low,task,"{""basis"": ""close"", ""n"": 10}",166,-0.020003115245810086,-0.10907685098097825,82.4,0.17682317682317683
control,1D,ADI,short,mr_rsi,proposed,"{""n"": 3, ""t"": 15}",110,-0.08194087085207968,-0.10948128378177915,58.8,0.4125874125874126
control,1D,ADI,short,mr_rsi,task,"{""n"": 3, ""t"": 20}",143,-0.13413245502329407,-0.108636732248117,39.5,0.6053946053946054
control,1D,ADI,short,mr_rsi_sum,proposed,"{""level"": 20, ""m"": 3, ""n"": 4}",89,-0.12824869219079474,-0.10476435606796816,43.1,0.5694305694305695
control,1D,ADI,short,mr_rsi_sum,task,"{""level"": 10, ""m"": 3, ""n"": 2}",84,0.002627380787413277,-0.10875949877043439,79.0,0.21078921078921078
control,1D,ADI,short,mr_stochastic_k,proposed,"{""n"": 14, ""t"": 10}",65,-0.039909034358023954,-0.0896843096760502,62.2,0.3786213786213786
control,1D,ADI,short,mr_stochastic_k,task,"{""n"": 14, ""t"": 10}",65,-0.039909034358023954,-0.0896843096760502,62.2,0.3786213786213786
control,1D,ADI,short,mr_williams_confirm,task,"{""confirm"": ""off"", ""n"": 5, ""t"": 5}",54,0.0007669582567389209,-0.11829888682501671,71.4,0.2867132867132867
control,1D,ADI,short,mr_zscore,proposed,"{""n"": 10, ""t"": 1.25}",177,-0.1387361590976224,-0.10544256345370001,36.5,0.6353646353646354
control,1D,ADI,short,mr_zscore,task,"{""n"": 40, ""t"": 2.5}",31,-0.13063109964650788,-0.09220589593365246,42.8,0.5724275724275725
control,1D,EEM,short,mr_candle_score,proposed,"{""level"": -1.0, ""mode"": ""rising"", ""n"": 4}",157,0.08844030119300858,-0.033022059355578164,87.4,0.12687312687312688
control,1D,EEM,short,mr_candle_score,task,"{""level"": -2.0, ""mode"": ""level"", ""n"": 8}",73,0.2305574058912518,-0.031409028720921335,93.3,0.06793206793206794
control,1D,EEM,short,mr_connors_rsi,proposed,"{""rsi_len"": 3, ""t"": 25}",30,0.1194016771477995,-0.026731910290162447,70.3,0.2977022977022977
control,1D,EEM,short,mr_connors_rsi,task,,0,,,,
control,1D,EEM,short,mr_daily_drop,task,"{""atr_expanding"": ""on"", ""d"": 0.02}",82,0.05729358398090464,-0.03172459405617031,70.2,0.2987012987012987
control,1D,EEM,short,mr_down_closes,task,"{""k"": 4}",78,-0.024980811476694603,-0.044738620919386726,54.2,0.45854145854145856
control,1D,EEM,short,mr_ema_slope_drop,proposed,"{""n"": 5, ""p"": 0.0075}",92,0.0237063842192915,-0.03476631777773273,68.1,0.3196803196803197
control,1D,EEM,short,mr_ema_slope_drop,task,"{""n"": 20, ""p"": 0.005}",47,-0.02333299477801277,-0.05190550771842344,54.7,0.45354645354645357
control,1D,EEM,short,mr_ibs,proposed,"{""k"": 3, ""t"": 30}",73,0.039617308684304124,-0.020904025922661225,63.6,0.3646353646353646
control,1D,EEM,short,mr_ibs,task,"{""k"": 3, ""t"": 30}",73,0.039617308684304124,-0.020904025922661225,63.6,0.3646353646353646
control,1D,EEM,short,mr_ibs_after_new_high,proposed,"{""n"": 20, ""t"": 30}",98,-0.07983728014874844,-0.0340545856300524,37.2,0.6283716283716284
control,1D,EEM,short,mr_ibs_after_new_high,task,"{""n"": 20, ""t"": 25}",79,-0.07577860063534596,-0.04380443950992196,42.3,0.5774225774225774
control,1D,EEM,short,mr_keltner_lower,proposed,"{""mult"": 0.5, ""n"": 30}",316,0.027982411215281684,-0.03002172537135682,79.6,0.2047952047952048
control,1D,EEM,short,mr_keltner_lower,task,"{""mult"": 1.5, ""n"": 10}",70,-0.05010752659444132,-0.03291390714528759,46.0,0.5404595404595405
control,1D,EEM,short,mr_lower_lows,proposed,"{""k"": 3}",119,0.2231153682951146,-0.03447649651496294,96.8,0.03296703296703297
control,1D,EEM,short,mr_lower_lows,task,"{""k"": 3}",119,0.2231153682951146,-0.03447649651496294,96.8,0.03296703296703297
control,1D,EEM,short,mr_ma_distance,task,"{""level"": 3, ""n"": 10, ""unit"": ""atr""}",70,-0.02246185037880274,-0.029165309389831234,51.3,0.4875124875124875
control,1D,EEM,short,mr_macd_hist_falling,task,"{""k"": 5}",81,0.04220046118807379,-0.02257431291021671,65.9,0.34165834165834164
control,1D,EEM,short,mr_macd_hist_trough,task,"{""w"": 10}",187,0.07318094914025387,-0.029703869748213572,85.8,0.14285714285714285
control,1D,EEM,short,mr_macd_hist_turn,task,"{""k"": 1}",246,-0.0067839836160798256,-0.02753084172666555,61.6,0.38461538461538464
control,1D,EEM,short,mr_n_day_low,proposed,"{""basis"": ""low"", ""n"": 10}",118,0.081310506814523,-0.023469106759175865,79.5,0.2057942057942058
control,1D,EEM,short,mr_n_day_low,task,"{""basis"": ""low"", ""n"": 7}",138,0.0686769224270896,-0.03601303762316977,82.5,0.17582417582417584
control,1D,EEM,short,mr_rsi,proposed,"{""n"": 5, ""t"": 30}",160,0.03633508921705471,-0.024632057172579026,71.0,0.2907092907092907
control,1D,EEM,short,mr_rsi,task,"{""n"": 2, ""t"": 10}",136,-0.006171674396800801,-0.03197012435974097,58.4,0.4165834165834166
control,1D,EEM,short,mr_rsi_sum,proposed,"{""level"": 25, ""m"": 3, ""n"": 2}",175,0.0672438105882671,-0.03540682981387219,83.6,0.16483516483516483
control,1D,EEM,short,mr_rsi_sum,task,"{""level"": 15, ""m"": 3, ""n"": 5}",30,0.0014629658746813101,-0.0468703882761817,55.1,0.44955044955044954
control,1D,EEM,short,mr_stochastic_k,proposed,"{""n"": 5, ""t"": 15}",94,0.13149663864508487,-0.0226476406707623,84.6,0.15484515484515485
control,1D,EEM,short,mr_stochastic_k,task,"{""n"": 14, ""t"": 30}",258,0.05621777995713181,-0.028554171454364365,87.7,0.12387612387612387
control,1D,EEM,short,mr_williams_confirm,task,"{""confirm"": ""on"", ""n"": 5, ""t"": 10}",151,0.03929125140645741,-0.036387988470892765,75.7,0.24375624375624375
control,1D,EEM,short,mr_zscore,proposed,"{""n"": 10, ""t"": 1.25}",185,-0.04372858847450443,-0.03642085839234656,47.9,0.5214785214785215
control,1D,EEM,short,mr_zscore,task,"{""n"": 10, ""t"": 1.5}",142,-0.07664924377861038,-0.03644950636953913,38.0,0.6203796203796204
control,1D,ETN,long,mr_candle_score,proposed,"{""level"": -2.5, ""mode"": ""level"", ""n"": 2}",142,0.21471097582045137,0.11714718223851624,80.5,0.1958041958041958
control,1D,ETN,long,mr_candle_score,task,"{""level"": -3.0, ""mode"": ""level"", ""n"": 2}",108,0.18345521360388015,0.11547849485297386,70.3,0.2977022977022977
control,1D,ETN,long,mr_connors_rsi,proposed,"{""rsi_len"": 3, ""t"": 25}",187,0.12732909471193232,0.11243881665677918,56.8,0.4325674325674326
control,1D,ETN,long,mr_connors_rsi,task,"{""rsi_len"": 2, ""t"": 20}",170,0.13137566997215716,0.11303394837221281,58.8,0.4125874125874126
control,1D,ETN,long,mr_daily_drop,task,"{""atr_expanding"": ""on"", ""d"": 0.005}",184,0.2988831778955511,0.11753409676057097,97.5,0.025974025974025976
control,1D,ETN,long,mr_down_closes,task,"{""k"": 1}",405,0.1627860920862355,0.10684766109031753,88.3,0.11788211788211789
control,1D,ETN,long,mr_ema_slope_drop,proposed,"{""n"": 5, ""p"": 0.0025}",246,0.12784734986353655,0.10740582864538058,60.4,0.3966033966033966
control,1D,ETN,long,mr_ema_slope_drop,task,"{""n"": 20, ""p"": 0.0025}",131,0.209118347447291,0.1042052638941833,82.8,0.17282717282717283
control,1D,ETN,long,mr_ibs,proposed,"{""k"": 2, ""t"": 30}",117,0.26500734081428157,0.12317113108266549,85.2,0.14885114885114886
control,1D,ETN,long,mr_ibs,task,"{""k"": 2, ""t"": 30}",117,0.26500734081428157,0.12317113108266549,85.2,0.14885114885114886
control,1D,ETN,long,mr_ibs_after_new_high,proposed,"{""n"": 3, ""t"": 30}",221,0.21263517399052395,0.12319408379852269,86.5,0.13586413586413587
control,1D,ETN,long,mr_ibs_after_new_high,task,"{""n"": 10, ""t"": 25}",129,0.2012846785536161,0.11994436430392184,75.1,0.24975024975024976
control,1D,ETN,long,mr_keltner_lower,proposed,"{""mult"": 1.0, ""n"": 10}",74,0.1686826467022956,0.11078940752762997,64.0,0.36063936063936064
control,1D,ETN,long,mr_keltner_lower,task,"{""mult"": 1.5, ""n"": 30}",95,0.20431348948650194,0.1018713923874256,77.1,0.22977022977022976
control,1D,ETN,long,mr_lower_lows,proposed,"{""k"": 2}",217,0.1492746373054378,0.10367695916602085,70.8,0.29270729270729273
control,1D,ETN,long,mr_lower_lows,task,"{""k"": 2}",217,0.1492746373054378,0.10367695916602085,70.8,0.29270729270729273
control,1D,ETN,long,mr_ma_distance,task,"{""level"": 3, ""n"": 50, ""unit"": ""pct""}",138,0.20851448472827866,0.10564912629088677,82.4,0.17682317682317683
control,1D,ETN,long,mr_macd_hist_falling,task,"{""k"": 5}",68,0.21237743251183183,0.10450508488544849,73.7,0.26373626373626374
control,1D,ETN,long,mr_macd_hist_trough,task,"{""w"": 10}",187,0.08725966382250323,0.10540527800098247,41.7,0.5834165834165834
control,1D,ETN,long,mr_macd_hist_turn,task,"{""k"": 4}",76,0.19954067520519408,0.08794341937815862,76.4,0.23676323676323677
control,1D,ETN,long,mr_n_day_low,proposed,"{""basis"": ""close"", ""n"": 20}",78,0.1350793504796658,0.11547257585374635,56.0,0.4405594405594406
control,1D,ETN,long,mr_n_day_low,task,"{""basis"": ""low"", ""n"": 7}",83,0.17334410128278455,0.10203075226926948,69.3,0.3076923076923077
control,1D,ETN,long,mr_rsi,proposed,"{""n"": 3, ""t"": 15}",81,0.16367531876616886,0.10688884225970843,65.7,0.3436563436563437
control,1D,ETN,long,mr_rsi,task,"{""n"": 14, ""t"": 30}",34,0.17558118289102057,0.09777218094491065,64.6,0.3546453546453546
control,1D,ETN,long,mr_rsi_sum,proposed,"{""level"": 30, ""m"": 2, ""n"": 3}",168,0.14067942229647717,0.1069365818022129,62.6,0.37462537462537465
control,1D,ETN,long,mr_rsi_sum,task,"{""level"": 15, ""m"": 3, ""n"": 4}",36,0.12705145484713826,0.10833529224192394,56.0,0.4405594405594406
control,1D,ETN,long,mr_stochastic_k,proposed,"{""n"": 21, ""t"": 20}",110,0.23760490261531017,0.10245247921061328,85.6,0.14485514485514486
control,1D,ETN,long,mr_stochastic_k,task,"{""n"": 21, ""t"": 30}",188,0.13239299048418873,0.10131948451273039,63.1,0.3696303696303696
control,1D,ETN,long,mr_williams_confirm,task,"{""confirm"": ""on"", ""n"": 5, ""t"": 20}",141,0.16680624327010787,0.1045060865998253,71.3,0.28771228771228774
control,1D,ETN,long,mr_zscore,proposed,"{""n"": 10, ""t"": 1.25}",131,0.12999508791800138,0.10591446874703637,57.8,0.4225774225774226
control,1D,ETN,long,mr_zscore,task,"{""n"": 20, ""t"": 1.5}",79,0.1638730408991418,0.1253066707444607,60.7,0.3936063936063936
control,1D,GNRC,short,mr_candle_score,proposed,"{""level"": -2.0, ""mode"": ""rising"", ""n"": 2}",76,0.08326657319385763,-0.08720874006646939,86.8,0.13286713286713286
control,1D,GNRC,short,mr_candle_score,task,"{""level"": -1.5, ""mode"": ""rising"", ""n"": 5}",49,0.09260316070342024,-0.11605339369796691,83.5,0.16583416583416583
control,1D,GNRC,short,mr_connors_rsi,proposed,"{""rsi_len"": 2, ""t"": 25}",35,0.1479811420760572,-0.10058580120309596,84.7,0.15384615384615385
control,1D,GNRC,short,mr_connors_rsi,task,,0,,,,
control,1D,GNRC,short,mr_daily_drop,task,"{""atr_expanding"": ""off"", ""d"": 0.03}",174,0.037257404309109475,-0.09699744328397433,92.7,0.07392607392607392
control,1D,GNRC,short,mr_down_closes,task,"{""k"": 4}",80,0.18781874206299845,-0.09878185775836086,96.9,0.03196803196803197
control,1D,GNRC,short,mr_ema_slope_drop,proposed,"{""n"": 10, ""p"": 0.01}",115,0.08718439301144966,-0.08507755432967049,91.2,0.08891108891108891
control,1D,GNRC,short,mr_ema_slope_drop,task,"{""n"": 3, ""p"": 0.015}",166,0.04846982858290766,-0.08738999370481941,90.5,0.0959040959040959
control,1D,GNRC,short,mr_ibs,proposed,"{""k"": 2, ""t"": 20}",81,-0.09847839301914524,-0.10477655365373494,51.7,0.4835164835164835
control,1D,GNRC,short,mr_ibs,task,"{""k"": 3, ""t"": 30}",44,-0.028635383323888753,-0.117370189683712,65.3,0.34765234765234765
control,1D,GNRC,short,mr_ibs_after_new_high,proposed,"{""n"": 10, ""t"": 25}",97,0.15398871699465386,-0.10710638347320081,96.3,0.03796203796203796
control,1D,GNRC,short,mr_ibs_after_new_high,task,"{""n"": 10, ""t"": 20}",85,0.2229315237191175,-0.11271767529803285,98.1,0.01998001998001998
control,1D,GNRC,short,mr_keltner_lower,proposed,"{""mult"": 2.0, ""n"": 20}",91,-0.06934454908192812,-0.0823742356563338,53.8,0.46253746253746253
control,1D,GNRC,short,mr_keltner_lower,task,"{""mult"": 2.0, ""n"": 20}",91,-0.06934454908192812,-0.0823742356563338,53.8,0.46253746253746253
control,1D,GNRC,short,mr_lower_lows,proposed,"{""k"": 3}",113,0.2280128218030616,-0.09967566163960453,99.0,0.01098901098901099
control,1D,GNRC,short,mr_lower_lows,task,"{""k"": 3}",113,0.2280128218030616,-0.09967566163960453,99.0,0.01098901098901099
control,1D,GNRC,short,mr_ma_distance,task,"{""level"": 0, ""n"": 5, ""unit"": ""atr""}",272,-0.013980855873143494,-0.08771336697388492,85.6,0.14485514485514486
control,1D,GNRC,short,mr_macd_hist_falling,task,"{""k"": 5}",78,0.1587718430749458,-0.09284619738376527,94.5,0.055944055944055944
control,1D,GNRC,short,mr_macd_hist_trough,task,"{""w"": 7}",216,-0.006636719081615079,-0.0933195821377094,85.3,0.14785214785214784
control,1D,GNRC,short,mr_macd_hist_turn,task,"{""k"": 4}",68,-0.08292186369192062,-0.10804693875059093,57.9,0.42157842157842157
control,1D,GNRC,short,mr_n_day_low,proposed,"{""basis"": ""close"", ""n"": 5}",236,0.029101905474753664,-0.09828881611249868,95.3,0.04795204795204795
control,1D,GNRC,short,mr_n_day_low,task,"{""basis"": ""close"", ""n"": 5}",236,0.029101905474753664,-0.09828881611249868,95.3,0.04795204795204795
control,1D,GNRC,short,mr_rsi,proposed,"{""n"": 3, ""t"": 30}",244,0.018306122709593458,-0.08911117428799271,92.0,0.08091908091908091
control,1D,GNRC,short,mr_rsi,task,"{""n"": 2, ""t"": 10}",150,0.04784962111270069,-0.09917312557893791,91.2,0.08891108891108891
control,1D,GNRC,short,mr_rsi_sum,proposed,"{""level"": 15, ""m"": 2, ""n"": 2}",145,0.06551727681329268,-0.09296105340074769,92.9,0.07192807192807193
control,1D,GNRC,short,mr_rsi_sum,task,"{""level"": 5, ""m"": 3, ""n"": 2}",39,0.1865142295896771,-0.09597293291855341,89.8,0.1028971028971029
control,1D,GNRC,short,mr_stochastic_k,proposed,"{""n"": 21, ""t"": 10}",67,-0.15373666122600968,-0.09262069611355542,35.6,0.6443556443556444
control,1D,GNRC,short,mr_stochastic_k,task,"{""n"": 9, ""t"": 10}",44,-0.21701631667386925,-0.08481777250483631,27.3,0.7272727272727273
control,1D,GNRC,short,mr_williams_confirm,task,"{""confirm"": ""on"", ""n"": 5, ""t"": 10}",105,-0.023839191982988752,-0.09013627756085582,66.7,0.3336663336663337
control,1D,GNRC,short,mr_zscore,proposed,"{""n"": 20, ""t"": 1.5}",155,0.005166572689461466,-0.09049643773964795,81.9,0.18181818181818182
control,1D,GNRC,short,mr_zscore,task,"{""n"": 10, ""t"": 1.5}",148,0.05091750505609458,-0.08845169602807712,91.4,0.08691308691308691
control,1D,K,short,mr_candle_score,proposed,"{""level"": -1.0, ""mode"": ""rising"", ""n"": 5}",103,0.0983990169908209,0.007809722424721565,77.5,0.22577422577422576
control,1D,K,short,mr_candle_score,task,"{""level"": -1.5, ""mode"": ""rising"", ""n"": 8}",39,0.054720433806041996,0.011870231092404716,58.3,0.4175824175824176
control,1D,K,short,mr_connors_rsi,proposed,"{""rsi_len"": 2, ""t"": 30}",69,-0.12087642133836406,0.016747316410090685,18.4,0.8161838161838162
control,1D,K,short,mr_connors_rsi,task,,0,,,,
control,1D,K,short,mr_daily_drop,task,"{""atr_expanding"": ""off"", ""d"": 0.005}",299,0.06822783490715796,0.011260936272989406,81.8,0.18281718281718282
control,1D,K,short,mr_down_closes,task,"{""k"": 4}",65,0.0752019508505451,0.0109640800839382,64.5,0.35564435564435565
control,1D,K,short,mr_ema_slope_drop,proposed,"{""n"": 3, ""p"": 0.0075}",125,0.02426495591356892,0.013736305929290022,53.5,0.46553446553446554
control,1D,K,short,mr_ema_slope_drop,task,"{""n"": 5, ""p"": 0.0025}",207,0.009240973139933401,0.008339824558609508,50.5,0.4955044955044955
control,1D,K,short,mr_ibs,proposed,"{""k"": 3, ""t"": 30}",37,0.03189498064003229,0.007666522420467145,55.1,0.44955044955044954
control,1D,K,short,mr_ibs,task,"{""k"": 3, ""t"": 30}",37,0.03189498064003229,0.007666522420467145,55.1,0.44955044955044954
control,1D,K,short,mr_ibs_after_new_high,proposed,"{""n"": 10, ""t"": 20}",90,0.0059549102685378065,0.008453827698923036,48.3,0.5174825174825175
control,1D,K,short,mr_ibs_after_new_high,task,"{""n"": 10, ""t"": 20}",90,0.0059549102685378065,0.008453827698923036,48.3,0.5174825174825175
control,1D,K,short,mr_keltner_lower,proposed,"{""mult"": 1.5, ""n"": 20}",73,0.03924086748164033,0.0060782008988697345,58.7,0.41358641358641357
control,1D,K,short,mr_keltner_lower,task,"{""mult"": 2.0, ""n"": 30}",75,0.1495824261516218,0.002051015954766953,84.7,0.15384615384615385
control,1D,K,short,mr_lower_lows,proposed,"{""k"": 2}",216,0.09531204254161081,0.009145081029934323,87.2,0.12887112887112886
control,1D,K,short,mr_lower_lows,task,"{""k"": 2}",216,0.09531204254161081,0.009145081029934323,87.2,0.12887112887112886
control,1D,K,short,mr_ma_distance,task,"{""level"": 0, ""n"": 10, ""unit"": ""pct""}",238,0.005420393178003308,0.00899369021065297,47.9,0.5214785214785215
control,1D,K,short,mr_macd_hist_falling,task,"{""k"": 5}",65,-0.025640073412972177,0.005109475695550719,40.5,0.5954045954045954
control,1D,K,short,mr_macd_hist_trough,task,"{""w"": 5}",233,-0.07574633171678716,0.018291486913478018,10.2,0.8981018981018981
control,1D,K,short,mr_macd_hist_turn,task,"{""k"": 4}",65,0.14793209555839135,0.012064636308675106,79.7,0.2037962037962038
control,1D,K,short,mr_n_day_low,proposed,"{""basis"": ""low"", ""n"": 3}",131,-0.02655306103093934,0.0035833738457001956,39.3,0.6073926073926074
control,1D,K,short,mr_n_day_low,task,"{""basis"": ""low"", ""n"": 3}",131,-0.02655306103093934,0.0035833738457001956,39.3,0.6073926073926074
control,1D,K,short,mr_rsi,proposed,"{""n"": 2, ""t"": 20}",183,0.013152947273336728,0.007613649577490605,53.9,0.46153846153846156
control,1D,K,short,mr_rsi,task,"{""n"": 2, ""t"": 30}",231,0.024942916415843834,0.008674136164912251,59.0,0.41058941058941056
control,1D,K,short,mr_rsi_sum,proposed,"{""level"": 15, ""m"": 3, ""n"": 4}",36,-0.05863918939243762,0.0134013174328017,39.2,0.6083916083916084
control,1D,K,short,mr_rsi_sum,task,"{""level"": 10, ""m"": 3, ""n"": 3}",30,-0.09731855950315092,0.017059141383578683,31.2,0.6883116883116883
control,1D,K,short,mr_stochastic_k,proposed,"{""n"": 14, ""t"": 10}",36,0.2227181095940175,0.021172577662116367,82.1,0.1798201798201798
control,1D,K,short,mr_stochastic_k,task,"{""n"": 14, ""t"": 20}",105,0.10707334660125489,0.007148487304541469,79.1,0.2097902097902098
control,1D,K,short,mr_williams_confirm,task,"{""confirm"": ""on"", ""n"": 10, ""t"": 10}",63,0.0490279354533253,0.003571880449288504,61.0,0.3906093906093906
control,1D,K,short,mr_zscore,proposed,"{""n"": 10, ""t"": 1.25}",145,-0.05465181833093361,0.008988220850823295,27.6,0.7242757242757243
control,1D,K,short,mr_zscore,task,"{""n"": 40, ""t"": 2.0}",50,-0.05324806332509385,0.008864678321577349,36.7,0.6333666333666333
control,1D,LEN,short,mr_candle_score,proposed,"{""level"": -1.0, ""mode"": ""rising"", ""n"": 2}",136,-0.032321547471478806,-0.10635470965796835,73.5,0.26573426573426573
control,1D,LEN,short,mr_candle_score,task,"{""level"": -3.0, ""mode"": ""rising"", ""n"": 2}",38,-0.13055830921408718,-0.10340229538551265,44.5,0.5554445554445554
control,1D,LEN,short,mr_connors_rsi,proposed,"{""rsi_len"": 3, ""t"": 30}",57,0.006033665313796985,-0.09962817797314114,71.5,0.2857142857142857
control,1D,LEN,short,mr_connors_rsi,task,,0,,,,
control,1D,LEN,short,mr_daily_drop,task,"{""atr_expanding"": ""off"", ""d"": 0.02}",205,-0.08829132345588088,-0.09754134645484762,54.2,0.45854145854145856
control,1D,LEN,short,mr_down_closes,task,"{""k"": 4}",62,-0.07669245150347444,-0.10859784455538275,58.5,0.4155844155844156
control,1D,LEN,short,mr_ema_slope_drop,proposed,"{""n"": 8, ""p"": 0.0075}",138,-0.03593679604201838,-0.09931560642129847,72.3,0.2777222777222777
control,1D,LEN,short,mr_ema_slope_drop,task,"{""n"": 10, ""p"": 0.01}",88,0.005274382413869602,-0.09538049463507402,75.9,0.24175824175824176
control,1D,LEN,short,mr_ibs,proposed,"{""k"": 3, ""t"": 30}",49,0.05276038206173357,-0.12464773811121499,81.1,0.18981018981018982
control,1D,LEN,short,mr_ibs,task,"{""k"": 3, ""t"": 30}",49,0.05276038206173357,-0.12464773811121499,81.1,0.18981018981018982
control,1D,LEN,short,mr_ibs_after_new_high,proposed,"{""n"": 3, ""t"": 25}",192,-0.08914520258994102,-0.11997386989991025,63.6,0.3646353646353646
control,1D,LEN,short,mr_ibs_after_new_high,task,"{""n"": 20, ""t"": 15}",43,-0.12374816926734943,-0.11938927034798152,49.3,0.5074925074925075
control,1D,LEN,short,mr_keltner_lower,proposed,"{""mult"": 2.0, ""n"": 30}",114,-0.008874208883070835,-0.09900820718094805,76.2,0.23876123876123875
control,1D,LEN,short,mr_keltner_lower,task,"{""mult"": 2.0, ""n"": 30}",114,-0.008874208883070835,-0.09900820718094805,76.2,0.23876123876123875
control,1D,LEN,short,mr_lower_lows,proposed,"{""k"": 4}",41,0.2185091778898906,-0.10328045128152646,94.0,0.060939060939060936
control,1D,LEN,short,mr_lower_lows,task,"{""k"": 4}",41,0.2185091778898906,-0.10328045128152646,94.0,0.060939060939060936
control,1D,LEN,short,mr_ma_distance,task,"{""level"": 3, ""n"": 20, ""unit"": ""atr""}",123,-0.056846758555972175,-0.09478632427345608,63.1,0.3696303696303696
control,1D,LEN,short,mr_macd_hist_falling,task,"{""k"": 3}",101,-0.04297573394980427,-0.10649344274861837,67.0,0.3306693306693307
control,1D,LEN,short,mr_macd_hist_trough,task,"{""w"": 7}",232,-0.09790739269708398,-0.09681043362060374,50.2,0.4985014985014985
control,1D,LEN,short,mr_macd_hist_turn,task,"{""k"": 1}",210,-0.01605568021930789,-0.09784656357112238,83.6,0.16483516483516483
control,1D,LEN,short,mr_n_day_low,proposed,"{""basis"": ""close"", ""n"": 10}",153,-0.02048563161948377,-0.11033988479263361,79.8,0.20279720279720279
control,1D,LEN,short,mr_n_day_low,task,"{""basis"": ""close"", ""n"": 7}",185,-0.06510858156934815,-0.10498403509017462,68.3,0.3176823176823177
control,1D,LEN,short,mr_rsi,proposed,"{""n"": 7, ""t"": 30}",122,-0.06191748092525138,-0.09631193753729407,62.3,0.3776223776223776
control,1D,LEN,short,mr_rsi,task,"{""n"": 5, ""t"": 35}",211,-0.044199468698335576,-0.10016279687796152,76.3,0.23776223776223776
control,1D,LEN,short,mr_rsi_sum,proposed,"{""level"": 25, ""m"": 3, ""n"": 2}",175,-0.057436216962843116,-0.10563235240778478,68.3,0.3176823176823177
control,1D,LEN,short,mr_rsi_sum,task,"{""level"": 20, ""m"": 3, ""n"": 5}",74,-0.02892993029809403,-0.09629798857756149,66.7,0.3336663336663337
control,1D,LEN,short,mr_stochastic_k,proposed,"{""n"": 9, ""t"": 15}",77,-0.041087209409686604,-0.11323369494205263,67.1,0.32967032967032966
control,1D,LEN,short,mr_stochastic_k,task,"{""n"": 21, ""t"": 10}",62,-0.10207106906841182,-0.10166576521055254,49.8,0.5024975024975025
control,1D,LEN,short,mr_williams_confirm,task,"{""confirm"": ""on"", ""n"": 20, ""t"": 20}",141,0.026264570291418644,-0.10166429474171902,88.9,0.11188811188811189
control,1D,LEN,short,mr_zscore,proposed,"{""n"": 40, ""t"": 1.5}",135,0.018153493695067514,-0.09914140142730031,86.7,0.13386613386613386
control,1D,LEN,short,mr_zscore,task,"{""n"": 40, ""t"": 1.5}",135,0.018153493695067514,-0.09914140142730031,86.7,0.13386613386613386
control,1D,MSFT,long,mr_candle_score,proposed,"{""level"": -1.5, ""mode"": ""level"", ""n"": 3}",134,0.26281107929790154,0.11672772060845064,88.7,0.11388611388611389
control,1D,MSFT,long,mr_candle_score,task,"{""level"": -2.0, ""mode"": ""rising"", ""n"": 2}",42,0.26824735078234374,0.10740847971846866,78.5,0.21578421578421578
control,1D,MSFT,long,mr_connors_rsi,proposed,"{""rsi_len"": 5, ""t"": 30}",220,0.24502935225099404,0.10594866664179214,94.8,0.052947052947052944
control,1D,MSFT,long,mr_connors_rsi,task,"{""rsi_len"": 2, ""t"": 15}",114,0.11041927722458583,0.10024524227839512,53.8,0.46253746253746253
control,1D,MSFT,long,mr_daily_drop,task,"{""atr_expanding"": ""on"", ""d"": 0.01}",154,0.38106502806319,0.11546530757257265,99.6,0.004995004995004995
control,1D,MSFT,long,mr_down_closes,task,"{""k"": 1}",410,0.10826580816664819,0.11327045802390018,46.1,0.5394605394605395
control,1D,MSFT,long,mr_ema_slope_drop,proposed,"{""n"": 3, ""p"": 0.0025}",291,0.21057949837835682,0.10903143800007895,93.2,0.06893106893106893
control,1D,MSFT,long,mr_ema_slope_drop,task,"{""n"": 3, ""p"": 0.0025}",291,0.21057949837835682,0.10903143800007895,93.2,0.06893106893106893
control,1D,MSFT,long,mr_ibs,proposed,"{""k"": 3, ""t"": 40}",51,0.40321341914051956,0.13189204250729267,92.0,0.08091908091908091
control,1D,MSFT,long,mr_ibs,task,"{""k"": 1, ""t"": 10}",157,0.34723203733156915,0.13853513130690343,98.0,0.02097902097902098
control,1D,MSFT,long,mr_ibs_after_new_high,proposed,"{""n"": 5, ""t"": 30}",170,0.21784832542763355,0.1351890560140329,78.4,0.21678321678321677
control,1D,MSFT,long,mr_ibs_after_new_high,task,"{""n"": 20, ""t"": 25}",107,0.23906979590904787,0.1384110806522725,77.1,0.22977022977022976
control,1D,MSFT,long,mr_keltner_lower,proposed,"{""mult"": 0.5, ""n"": 20}",197,0.08441398398726858,0.11044183919905119,37.4,0.6263736263736264
control,1D,MSFT,long,mr_keltner_lower,task,"{""mult"": 1.0, ""n"": 30}",140,0.04885015163144939,0.11046704368246218,29.8,0.7022977022977023
control,1D,MSFT,long,mr_lower_lows,proposed,"{""k"": 2}",225,0.13265107863286585,0.10514659326915696,63.8,0.3626373626373626
control,1D,MSFT,long,mr_lower_lows,task,"{""k"": 2}",225,0.13265107863286585,0.10514659326915696,63.8,0.3626373626373626
control,1D,MSFT,long,mr_ma_distance,task,"{""level"": 0, ""n"": 10, ""unit"": ""atr""}",249,0.10233920733889784,0.11088008502945476,45.4,0.5464535464535465
control,1D,MSFT,long,mr_macd_hist_falling,task,"{""k"": 3}",102,0.20868995362180368,0.10915082967410794,77.2,0.22877122877122877
control,1D,MSFT,long,mr_macd_hist_trough,task,"{""w"": 3}",327,0.22638016742264566,0.10831864990039552,97.5,0.025974025974025976
control,1D,MSFT,long,mr_macd_hist_turn,task,"{""k"": 4}",73,0.09077822931632909,0.11432417096173346,45.7,0.5434565434565435
control,1D,MSFT,long,mr_n_day_low,proposed,"{""basis"": ""low"", ""n"": 3}",148,0.250849033639844,0.1024567184700709,91.6,0.08491508491508491
control,1D,MSFT,long,mr_n_day_low,task,"{""basis"": ""low"", ""n"": 3}",148,0.250849033639844,0.1024567184700709,91.6,0.08491508491508491
control,1D,MSFT,long,mr_rsi,proposed,"{""n"": 3, ""t"": 35}",229,0.14027974939644136,0.10316569514788797,68.5,0.3156843156843157
control,1D,MSFT,long,mr_rsi,task,"{""n"": 3, ""t"": 35}",229,0.14027974939644136,0.10316569514788797,68.5,0.3156843156843157
control,1D,MSFT,long,mr_rsi_sum,proposed,"{""level"": 30, ""m"": 3, ""n"": 3}",147,0.06708121898501153,0.1139122381919418,31.8,0.6823176823176823
control,1D,MSFT,long,mr_rsi_sum,task,"{""level"": 10, ""m"": 3, ""n"": 2}",46,0.061476196754472724,0.1160983175540583,40.8,0.5924075924075924
control,1D,MSFT,long,mr_stochastic_k,proposed,"{""n"": 21, ""t"": 30}",194,0.015355832818504141,0.10811514390942624,15.2,0.8481518481518482
control,1D,MSFT,long,mr_stochastic_k,task,"{""n"": 21, ""t"": 30}",194,0.015355832818504141,0.10811514390942624,15.2,0.8481518481518482
control,1D,MSFT,long,mr_williams_confirm,task,"{""confirm"": ""on"", ""n"": 5, ""t"": 30}",209,0.10844571959889636,0.1142954729629336,45.4,0.5464535464535465
control,1D,MSFT,long,mr_zscore,proposed,"{""n"": 10, ""t"": 1.25}",144,0.13916649036789014,0.1044825361053096,63.0,0.3706293706293706
control,1D,MSFT,long,mr_zscore,task,"{""n"": 20, ""t"": 2.0}",46,0.1570299455222274,0.11305771296142421,60.7,0.3936063936063936
control,1D,RTX,long,mr_candle_score,proposed,"{""level"": -2.0, ""mode"": ""level"", ""n"": 2}",183,0.010520825985654158,-0.06316713706449034,65.3,0.34765234765234765
control,1D,RTX,long,mr_candle_score,task,"{""level"": -1.5, ""mode"": ""level"", ""n"": 2}",241,-0.0075819980849121575,-0.06207553869333855,64.2,0.35864135864135865
control,1D,RTX,long,mr_connors_rsi,proposed,"{""rsi_len"": 4, ""t"": 15}",62,0.05792176685792019,-0.0515595707926042,63.4,0.36663336663336665
control,1D,RTX,long,mr_connors_rsi,task,"{""rsi_len"": 5, ""t"": 15}",51,0.12791605960904956,-0.04585663228057317,76.9,0.23176823176823177
control,1D,RTX,long,mr_daily_drop,task,"{""atr_expanding"": ""off"", ""d"": 0.01}",242,-0.006286024171366499,-0.05228371354407972,61.6,0.38461538461538464
control,1D,RTX,long,mr_down_closes,task,"{""k"": 3}",114,0.16512018635652032,-0.06590043190444507,91.0,0.09090909090909091
control,1D,RTX,long,mr_ema_slope_drop,proposed,"{""n"": 10, ""p"": 0.0025}",220,0.09071679936459424,-0.05812753995213691,90.0,0.1008991008991009
control,1D,RTX,long,mr_ema_slope_drop,task,"{""n"": 10, ""p"": 0.005}",124,0.061197638092429896,-0.05460315783670754,72.2,0.2787212787212787
control,1D,RTX,long,mr_ibs,proposed,"{""k"": 3, ""t"": 40}",75,0.04454137033446872,-0.06228150994102371,63.2,0.36863136863136864
control,1D,RTX,long,mr_ibs,task,"{""k"": 3, ""t"": 40}",75,0.04454137033446872,-0.06228150994102371,63.2,0.36863136863136864
control,1D,RTX,long,mr_ibs_after_new_high,proposed,"{""n"": 5, ""t"": 30}",180,0.023557458549935264,-0.062165262082217114,68.1,0.3196803196803197
control,1D,RTX,long,mr_ibs_after_new_high,task,"{""n"": 5, ""t"": 20}",146,-0.0474031401728033,-0.07309382213817868,47.6,0.5244755244755245
control,1D,RTX,long,mr_keltner_lower,proposed,"{""mult"": 1.5, ""n"": 10}",55,0.21920781968407313,-0.04348928379657059,87.3,0.12787212787212787
control,1D,RTX,long,mr_keltner_lower,task,"{""mult"": 1.5, ""n"": 40}",161,0.11921915262569706,-0.06414837437206218,89.2,0.1088911088911089
control,1D,RTX,long,mr_lower_lows,proposed,"{""k"": 2}",226,0.0006246374680079684,-0.05620378223639834,63.8,0.3626373626373626
control,1D,RTX,long,mr_lower_lows,task,"{""k"": 2}",226,0.0006246374680079684,-0.05620378223639834,63.8,0.3626373626373626
control,1D,RTX,long,mr_ma_distance,task,"{""level"": 3, ""n"": 50, ""unit"": ""atr""}",181,0.1005476975053223,-0.06336813345114957,89.1,0.10989010989010989
control,1D,RTX,long,mr_macd_hist_falling,task,"{""k"": 2}",113,-0.03493876893517836,-0.057877965362913196,46.9,0.5314685314685315
control,1D,RTX,long,mr_macd_hist_trough,task,"{""w"": 10}",196,0.01829365672953414,-0.055243314297820166,67.0,0.3306693306693307
control,1D,RTX,long,mr_macd_hist_turn,task,"{""k"": 2}",153,0.020111979033396288,-0.05095534559930908,64.4,0.35664335664335667
control,1D,RTX,long,mr_n_day_low,proposed,"{""basis"": ""low"", ""n"": 5}",113,0.06148993529873731,-0.046172317068328514,69.9,0.3016983016983017
control,1D,RTX,long,mr_n_day_low,task,"{""basis"": ""low"", ""n"": 7}",93,0.07637469300664818,-0.04279893446616323,71.6,0.28471528471528473
control,1D,RTX,long,mr_rsi,proposed,"{""n"": 3, ""t"": 30}",217,0.0878177995620306,-0.06260032235335904,88.9,0.11188811188811189
control,1D,RTX,long,mr_rsi,task,"{""n"": 5, ""t"": 20}",65,0.25226584475226865,-0.0625611210810366,93.7,0.06393606393606394
control,1D,RTX,long,mr_rsi_sum,proposed,"{""level"": 25, ""m"": 3, ""n"": 3}",131,0.22884655919501326,-0.06422743719585573,97.4,0.026973026973026972
control,1D,RTX,long,mr_rsi_sum,task,"{""level"": 15, ""m"": 3, ""n"": 2}",83,0.2189878050292283,-0.052325521654276404,91.9,0.08191808191808192
control,1D,RTX,long,mr_stochastic_k,proposed,"{""n"": 9, ""t"": 15}",85,0.302227954234534,-0.05792122868402222,97.0,0.030969030969030968
control,1D,RTX,long,mr_stochastic_k,task,"{""n"": 21, ""t"": 30}",224,0.1366774821910504,-0.06103222283277177,95.8,0.04295704295704296
control,1D,RTX,long,mr_williams_confirm,task,"{""confirm"": ""off"", ""n"": 10, ""t"": 20}",155,0.1369987257659425,-0.058321392371559984,91.4,0.08691308691308691
control,1D,RTX,long,mr_zscore,proposed,"{""n"": 40, ""t"": 2.0}",56,0.2025191243182727,-0.08056100532067546,87.1,0.12987012987012986
control,1D,RTX,long,mr_zscore,task,"{""n"": 30, ""t"": 1.5}",114,0.13074280254985404,-0.06310069809312649,86.7,0.13386613386613386
control,1D,SHW,long,mr_candle_score,proposed,"{""level"": -1.0, ""mode"": ""level"", ""n"": 5}",167,0.1605141156207101,0.1061222743974645,70.7,0.2937062937062937
control,1D,SHW,long,mr_candle_score,task,"{""level"": -2.5, ""mode"": ""level"", ""n"": 2}",146,0.1622940067693289,0.10535119807155906,70.2,0.2987012987012987
control,1D,SHW,long,mr_connors_rsi,proposed,"{""rsi_len"": 3, ""t"": 15}",72,0.1724642059358734,0.10646262226992313,65.4,0.34665334665334663
control,1D,SHW,long,mr_connors_rsi,task,"{""rsi_len"": 4, ""t"": 20}",113,0.11234467752719145,0.09791621316134799,53.0,0.47052947052947053
control,1D,SHW,long,mr_daily_drop,task,"{""atr_expanding"": ""on"", ""d"": 0.005}",197,0.1587960953410159,0.09986901598704477,75.3,0.24775224775224775
control,1D,SHW,long,mr_down_closes,task,"{""k"": 1}",415,0.11814226174406668,0.10504519807270078,59.1,0.4095904095904096
control,1D,SHW,long,mr_ema_slope_drop,proposed,"{""n"": 8, ""p"": 0.0025}",229,0.06917681918697907,0.10708851454058987,31.0,0.6903096903096904
control,1D,SHW,long,mr_ema_slope_drop,task,"{""n"": 5, ""p"": 0.005}",178,0.0498617596428946,0.10667374055325979,26.4,0.7362637362637363
control,1D,SHW,long,mr_ibs,proposed,"{""k"": 2, ""t"": 40}",185,0.12480523983408888,0.11686286622812221,53.6,0.4645354645354645
control,1D,SHW,long,mr_ibs,task,"{""k"": 2, ""t"": 40}",185,0.12480523983408888,0.11686286622812221,53.6,0.4645354645354645
control,1D,SHW,long,mr_ibs_after_new_high,proposed,"{""n"": 20, ""t"": 20}",85,0.18000840831102455,0.12169202004245,65.1,0.34965034965034963
control,1D,SHW,long,mr_ibs_after_new_high,task,"{""n"": 20, ""t"": 10}",52,0.3545463491856099,0.12224552418828599,88.8,0.11288711288711288
control,1D,SHW,long,mr_keltner_lower,proposed,"{""mult"": 1.5, ""n"": 40}",129,0.0818607010889296,0.10891789333535269,42.5,0.5754245754245755
control,1D,SHW,long,mr_keltner_lower,task,"{""mult"": 2.0, ""n"": 20}",44,0.1580511334776676,0.10234927382162777,60.0,0.4005994005994006
control,1D,SHW,long,mr_lower_lows,proposed,"{""k"": 1}",446,0.12553497576920997,0.10468841848064181,67.9,0.32167832167832167
control,1D,SHW,long,mr_lower_lows,task,"{""k"": 4}",37,0.15472054934632676,0.10614706034732616,60.0,0.4005994005994006
control,1D,SHW,long,mr_ma_distance,task,"{""level"": 1, ""n"": 20, ""unit"": ""pct""}",242,0.06788257697308066,0.11214620391623516,27.6,0.7242757242757243
control,1D,SHW,long,mr_macd_hist_falling,task,"{""k"": 3}",100,0.2639710225051424,0.10447699426789643,90.3,0.0979020979020979
control,1D,SHW,long,mr_macd_hist_trough,task,"{""w"": 5}",263,0.08983620147724103,0.10259949091784198,42.2,0.5784215784215784
control,1D,SHW,long,mr_macd_hist_turn,task,"{""k"": 4}",66,0.016585694160975013,0.12364100241699924,26.0,0.7402597402597403
control,1D,SHW,long,mr_n_day_low,proposed,"{""basis"": ""close"", ""n"": 3}",258,0.10525450893980638,0.10671855414101217,50.4,0.4965034965034965
control,1D,SHW,long,mr_n_day_low,task,"{""basis"": ""close"", ""n"": 3}",258,0.10525450893980638,0.10671855414101217,50.4,0.4965034965034965
control,1D,SHW,long,mr_rsi,proposed,"{""n"": 2, ""t"": 35}",285,0.05116439375433661,0.10754062519045475,19.5,0.8051948051948052
control,1D,SHW,long,mr_rsi,task,"{""n"": 5, ""t"": 20}",61,0.1173356677734224,0.09767435409577208,54.0,0.46053946053946054
control,1D,SHW,long,mr_rsi_sum,proposed,"{""level"": 30, ""m"": 3, ""n"": 2}",192,0.11559328421884618,0.1089597880281111,53.5,0.46553446553446554
control,1D,SHW,long,mr_rsi_sum,task,"{""level"": 15, ""m"": 2, ""n"": 4}",34,0.08487724121257208,0.09988428574084794,47.1,0.5294705294705294
control,1D,SHW,long,mr_stochastic_k,proposed,"{""n"": 21, ""t"": 15}",97,0.0673235621675212,0.11051267301690595,39.8,0.6023976023976024
control,1D,SHW,long,mr_stochastic_k,task,"{""n"": 9, ""t"": 30}",197,0.05779711818645263,0.10769581698403455,27.6,0.7242757242757243
control,1D,SHW,long,mr_williams_confirm,task,"{""confirm"": ""on"", ""n"": 14, ""t"": 5}",38,0.2128063563083817,0.1270885615906529,67.4,0.32667332667332666
control,1D,SHW,long,mr_zscore,proposed,"{""n"": 10, ""t"": 1.0}",208,0.06654423325874734,0.0976295597347663,35.0,0.6503496503496503
control,1D,SHW,long,mr_zscore,task,"{""n"": 30, ""t"": 1.5}",102,0.0370204128313241,0.11354861659492366,27.6,0.7242757242757243
control,1D,TJX,short,mr_candle_score,proposed,"{""level"": -2.0, ""mode"": ""rising"", ""n"": 4}",47,-0.09954797885421687,-0.07255794968928661,44.8,0.5524475524475524
control,1D,TJX,short,mr_candle_score,task,"{""level"": -2.5, ""mode"": ""level"", ""n"": 3}",109,-0.01241499205656707,-0.07019332319893337,67.1,0.32967032967032966
control,1D,TJX,short,mr_connors_rsi,proposed,"{""rsi_len"": 2, ""t"": 25}",46,-0.08572542618545538,-0.05801900593296857,45.2,0.5484515484515484
control,1D,TJX,short,mr_connors_rsi,task,,0,,,,
control,1D,TJX,short,mr_daily_drop,task,"{""atr_expanding"": ""on"", ""d"": 0.03}",52,-0.007987925055478833,-0.06690042235354415,61.9,0.38161838161838163
control,1D,TJX,short,mr_down_closes,task,"{""k"": 4}",74,-0.07434132205163477,-0.0750264394413436,50.1,0.4995004995004995
control,1D,TJX,short,mr_ema_slope_drop,proposed,"{""n"": 10, ""p"": 0.005}",144,-0.05546999908337158,-0.06976671204809874,56.4,0.43656343656343655
control,1D,TJX,short,mr_ema_slope_drop,task,"{""n"": 10, ""p"": 0.01}",36,-0.05956046401307199,-0.0770003692306924,53.1,0.4695304695304695
control,1D,TJX,short,mr_ibs,proposed,"{""k"": 3, ""t"": 30}",52,-0.022934839756658068,-0.08619329393108638,63.0,0.3706293706293706
control,1D,TJX,short,mr_ibs,task,"{""k"": 3, ""t"": 30}",52,-0.022934839756658068,-0.08619329393108638,63.0,0.3706293706293706
control,1D,TJX,short,mr_ibs_after_new_high,proposed,"{""n"": 20, ""t"": 30}",75,0.09440961317650404,-0.0827807137976529,86.6,0.13486513486513488
control,1D,TJX,short,mr_ibs_after_new_high,task,"{""n"": 20, ""t"": 25}",68,0.10845273567409822,-0.07883028330229044,87.0,0.13086913086913088
control,1D,TJX,short,mr_keltner_lower,proposed,"{""mult"": 1.0, ""n"": 40}",221,-0.06291898198366849,-0.07607247617010511,55.6,0.44455544455544455
control,1D,TJX,short,mr_keltner_lower,task,"{""mult"": 2.5, ""n"": 20}",34,-0.04299454855088784,-0.06787247747852082,52.6,0.4745254745254745
control,1D,TJX,short,mr_lower_lows,proposed,"{""k"": 3}",110,-0.12669254816857442,-0.06904666917825145,31.8,0.6823176823176823
control,1D,TJX,short,mr_lower_lows,task,"{""k"": 3}",110,-0.12669254816857442,-0.06904666917825145,31.8,0.6823176823176823
control,1D,TJX,short,mr_ma_distance,task,"{""level"": 1, ""n"": 10, ""unit"": ""atr""}",229,-0.06873284267929623,-0.07281480252911461,51.1,0.48951048951048953
control,1D,TJX,short,mr_macd_hist_falling,task,"{""k"": 3}",104,-0.19622138208703108,-0.06446470657076298,15.6,0.8441558441558441
control,1D,TJX,short,mr_macd_hist_trough,task,"{""w"": 3}",321,-0.07942907696812972,-0.07543734851708166,46.3,0.5374625374625375
control,1D,TJX,short,mr_macd_hist_turn,task,"{""k"": 2}",149,-0.1614033704256367,-0.07793546740046187,21.8,0.7822177822177823
control,1D,TJX,short,mr_n_day_low,proposed,"{""basis"": ""low"", ""n"": 3}",181,-0.10585462383423598,-0.07607175672210469,36.6,0.6343656343656343
control,1D,TJX,short,mr_n_day_low,task,"{""basis"": ""low"", ""n"": 5}",136,-0.12075672915112211,-0.06945671789058655,32.8,0.6723276723276723
control,1D,TJX,short,mr_rsi,proposed,"{""n"": 3, ""t"": 35}",264,-0.09174729069474759,-0.07813834507632758,41.6,0.5844155844155844
control,1D,TJX,short,mr_rsi,task,"{""n"": 5, ""t"": 35}",225,-0.12900791115760193,-0.07484944986409954,24.3,0.7572427572427572
control,1D,TJX,short,mr_rsi_sum,proposed,"{""level"": 15, ""m"": 3, ""n"": 5}",30,-0.0969706546660749,-0.07882494145379461,45.2,0.5484515484515484
control,1D,TJX,short,mr_rsi_sum,task,"{""level"": 20, ""m"": 3, ""n"": 2}",151,-0.1027097426818501,-0.07639263275092413,38.3,0.6173826173826173
control,1D,TJX,short,mr_stochastic_k,proposed,"{""n"": 5, ""t"": 20}",109,-0.05440953170485932,-0.0732107931134457,54.8,0.45254745254745254
control,1D,TJX,short,mr_stochastic_k,task,"{""n"": 5, ""t"": 20}",109,-0.05440953170485932,-0.0732107931134457,54.8,0.45254745254745254
control,1D,TJX,short,mr_williams_confirm,task,"{""confirm"": ""on"", ""n"": 5, ""t"": 20}",156,-0.02045487694355626,-0.07441731800433435,70.4,0.2967032967032967
control,1D,TJX,short,mr_zscore,proposed,"{""n"": 20, ""t"": 1.5}",144,-0.07578317041845742,-0.07627221818058032,50.3,0.4975024975024975
control,1D,TJX,short,mr_zscore,task,"{""n"": 20, ""t"": 1.5}",144,-0.07578317041845742,-0.07627221818058032,50.3,0.4975024975024975
control,1D,TMUS,long,mr_candle_score,proposed,"{""level"": -1.0, ""mode"": ""rising"", ""n"": 4}",91,0.2857801782022871,0.05617639995319805,95.8,0.04295704295704296
control,1D,TMUS,long,mr_candle_score,task,"{""level"": -2.0, ""mode"": ""rising"", ""n"": 2}",53,0.20018146349235227,0.07382282883222079,76.7,0.23376623376623376
control,1D,TMUS,long,mr_connors_rsi,proposed,"{""rsi_len"": 2, ""t"": 30}",265,0.12292116183004553,0.06610957121125421,79.6,0.2047952047952048
control,1D,TMUS,long,mr_connors_rsi,task,"{""rsi_len"": 2, ""t"": 15}",119,0.15045282903439663,0.07201621667681174,76.0,0.24075924075924077
control,1D,TMUS,long,mr_daily_drop,task,"{""atr_expanding"": ""on"", ""d"": 0.005}",188,0.08376121570705573,0.06574498552477614,59.5,0.40559440559440557
control,1D,TMUS,long,mr_down_closes,task,"{""k"": 1}",403,0.0773543652762509,0.060631103442876096,63.0,0.3706293706293706
control,1D,TMUS,long,mr_ema_slope_drop,proposed,"{""n"": 8, ""p"": 0.0025}",199,0.13233007930445925,0.06895589254467747,77.3,0.22777222777222778
control,1D,TMUS,long,mr_ema_slope_drop,task,"{""n"": 3, ""p"": 0.005}",209,0.07379878641401308,0.06291677560961964,55.4,0.44655344655344653
control,1D,TMUS,long,mr_ibs,proposed,"{""k"": 2, ""t"": 30}",127,0.2701376054090685,0.07391827126569343,96.1,0.03996003996003996
control,1D,TMUS,long,mr_ibs,task,"{""k"": 2, ""t"": 30}",127,0.2701376054090685,0.07391827126569343,96.1,0.03996003996003996
control,1D,TMUS,long,mr_ibs_after_new_high,proposed,"{""n"": 10, ""t"": 15}",86,0.04411343232885436,0.08410869208427757,38.8,0.6123876123876124
control,1D,TMUS,long,mr_ibs_after_new_high,task,"{""n"": 50, ""t"": 10}",33,0.2849082386404534,0.08059621210385197,80.5,0.1958041958041958
control,1D,TMUS,long,mr_keltner_lower,proposed,"{""mult"": 1.5, ""n"": 20}",68,0.11886364484917454,0.06890991043844415,60.5,0.3956043956043956
control,1D,TMUS,long,mr_keltner_lower,task,"{""mult"": 2.5, ""n"": 40}",35,0.17740431320971375,0.07607768918384206,66.3,0.33766233766233766
control,1D,TMUS,long,mr_lower_lows,proposed,"{""k"": 4}",38,0.24499898963817043,0.0538146603660716,80.5,0.1958041958041958
control,1D,TMUS,long,mr_lower_lows,task,"{""k"": 4}",38,0.24499898963817043,0.0538146603660716,80.5,0.1958041958041958
control,1D,TMUS,long,mr_ma_distance,task,"{""level"": 0, ""n"": 20, ""unit"": ""pct""}",261,0.1168738688254684,0.06256768299919474,76.8,0.23276723276723277
control,1D,TMUS,long,mr_macd_hist_falling,task,"{""k"": 5}",66,0.12415800085793624,0.07874398009956822,60.8,0.3926073926073926
control,1D,TMUS,long,mr_macd_hist_trough,task,"{""w"": 5}",256,0.06993670009529918,0.06586696440417211,51.2,0.4885114885114885
control,1D,TMUS,long,mr_macd_hist_turn,task,"{""k"": 1}",227,0.04464780864846071,0.062284439942629145,41.6,0.5844155844155844
control,1D,TMUS,long,mr_n_day_low,proposed,"{""basis"": ""close"", ""n"": 5}",197,0.1697345440488331,0.06681742572570767,87.8,0.12287712287712288
control,1D,TMUS,long,mr_n_day_low,task,"{""basis"": ""close"", ""n"": 5}",197,0.1697345440488331,0.06681742572570767,87.8,0.12287712287712288
control,1D,TMUS,long,mr_rsi,proposed,"{""n"": 2, ""t"": 30}",238,0.1309972262421435,0.06857414352504047,78.4,0.21678321678321677
control,1D,TMUS,long,mr_rsi,task,"{""n"": 2, ""t"": 30}",238,0.1309972262421435,0.06857414352504047,78.4,0.21678321678321677
control,1D,TMUS,long,mr_rsi_sum,proposed,"{""level"": 25, ""m"": 3, ""n"": 2}",154,0.10538381265354332,0.061355700150625976,66.6,0.33466533466533466
control,1D,TMUS,long,mr_rsi_sum,task,"{""level"": 5, ""m"": 2, ""n"": 2}",47,0.12126139719158693,0.06500146165977086,60.9,0.3916083916083916
control,1D,TMUS,long,mr_stochastic_k,proposed,"{""n"": 14, ""t"": 15}",75,0.23233334809375583,0.06783431269357253,87.3,0.12787212787212787
control,1D,TMUS,long,mr_stochastic_k,task,"{""n"": 5, ""t"": 30}",156,0.11826478655562812,0.0663373704063146,70.1,0.2997002997002997
control,1D,TMUS,long,mr_williams_confirm,task,"{""confirm"": ""on"", ""n"": 14, ""t"": 30}",177,0.15934798919667867,0.06202954065442935,86.9,0.13186813186813187
control,1D,TMUS,long,mr_zscore,proposed,"{""n"": 40, ""t"": 1.0}",146,0.0944040010085584,0.06819510850916706,61.0,0.3906093906093906
control,1D,TMUS,long,mr_zscore,task,"{""n"": 30, ""t"": 2.0}",42,0.02593225397411868,0.06192272408223371,42.5,0.5754245754245755
control,1D,TXN,long,mr_candle_score,proposed,"{""level"": -1.0, ""mode"": ""level"", ""n"": 2}",274,0.08753478605948739,0.1158708878238888,32.2,0.6783216783216783
control,1D,TXN,long,mr_candle_score,task,"{""level"": -1.5, ""mode"": ""level"", ""n"": 3}",137,0.026362518836964402,0.12413000420686228,19.2,0.8081918081918081
control,1D,TXN,long,mr_connors_rsi,proposed,"{""rsi_len"": 2, ""t"": 30}",277,0.0664658621586165,0.11198178227145639,25.5,0.7452547452547452
control,1D,TXN,long,mr_connors_rsi,task,"{""rsi_len"": 2, ""t"": 15}",113,-0.1057014302732338,0.12578761573744107,2.5,0.975024975024975
control,1D,TXN,long,mr_daily_drop,task,"{""atr_expanding"": ""on"", ""d"": 0.005}",203,0.030825874432949076,0.11900739966471742,15.1,0.8491508491508492
control,1D,TXN,long,mr_down_closes,task,"{""k"": 1}",420,0.027578438546955426,0.11283143093314443,4.9,0.951048951048951
control,1D,TXN,long,mr_ema_slope_drop,proposed,"{""n"": 5, ""p"": 0.0025}",265,-0.02880801963104062,0.115281918752525,1.7,0.983016983016983
control,1D,TXN,long,mr_ema_slope_drop,task,"{""n"": 5, ""p"": 0.0025}",265,-0.02880801963104062,0.115281918752525,1.7,0.983016983016983
control,1D,TXN,long,mr_ibs,proposed,"{""k"": 1, ""t"": 40}",432,0.13128240485771883,nan,nan,nan
control,1D,TXN,long,mr_ibs,task,"{""k"": 1, ""t"": 40}",432,0.13128240485771883,nan,nan,nan
control,1D,TXN,long,mr_ibs_after_new_high,proposed,"{""n"": 20, ""t"": 25}",105,0.3060934825959193,0.12950639692155883,93.0,0.07092907092907093
control,1D,TXN,long,mr_ibs_after_new_high,task,"{""n"": 20, ""t"": 25}",105,0.3060934825959193,0.12950639692155883,93.0,0.07092907092907093
control,1D,TXN,long,mr_keltner_lower,proposed,"{""mult"": 0.5, ""n"": 40}",186,-0.05528585335592486,0.12425548964190584,2.2,0.978021978021978
control,1D,TXN,long,mr_keltner_lower,task,"{""mult"": 2.5, ""n"": 40}",69,-0.0894558686886575,0.12561445079330155,9.7,0.903096903096903
control,1D,TXN,long,mr_lower_lows,proposed,"{""k"": 1}",461,0.01659770646193946,0.10643254708549707,2.2,0.978021978021978
control,1D,TXN,long,mr_lower_lows,task,"{""k"": 3}",94,-0.032875085701042604,0.11594593208883743,10.7,0.8931068931068931
control,1D,TXN,long,mr_ma_distance,task,"{""level"": 0, ""n"": 50, ""unit"": ""atr""}",206,-0.0663145769802054,0.12849456783697585,0.7,0.993006993006993
control,1D,TXN,long,mr_macd_hist_falling,task,"{""k"": 3}",98,0.035427827814751324,0.1129401720377135,26.5,0.7352647352647352
control,1D,TXN,long,mr_macd_hist_trough,task,"{""w"": 3}",338,0.017133836131172312,0.11086665457109125,5.5,0.945054945054945
control,1D,TXN,long,mr_macd_hist_turn,task,"{""k"": 1}",224,0.07782675540091424,0.1205104382341539,29.0,0.7102897102897103
control,1D,TXN,long,mr_n_day_low,proposed,"{""basis"": ""low"", ""n"": 3}",148,-0.006751982679551633,0.12141005361797498,10.1,0.8991008991008991
control,1D,TXN,long,mr_n_day_low,task,"{""basis"": ""low"", ""n"": 3}",148,-0.006751982679551633,0.12141005361797498,10.1,0.8991008991008991
control,1D,TXN,long,mr_rsi,proposed,"{""n"": 5, ""t"": 15}",35,-0.12737117457324448,0.11505052812892531,14.1,0.8591408591408591
control,1D,TXN,long,mr_rsi,task,"{""n"": 3, ""t"": 35}",221,-0.057411086592959605,0.11680988331599748,1.2,0.988011988011988
control,1D,TXN,long,mr_rsi_sum,proposed,"{""level"": 30, ""m"": 2, ""n"": 5}",113,-0.086322575243485,0.1259893949498174,3.6,0.964035964035964
control,1D,TXN,long,mr_rsi_sum,task,"{""level"": 20, ""m"": 2, ""n"": 2}",136,-0.11518773658956705,0.12014892298279306,1.4,0.986013986013986
control,1D,TXN,long,mr_stochastic_k,proposed,"{""n"": 5, ""t"": 30}",156,-0.10035531298913816,0.1271385993003369,1.0,0.99000999000999
control,1D,TXN,long,mr_stochastic_k,task,"{""n"": 5, ""t"": 30}",156,-0.10035531298913816,0.1271385993003369,1.0,0.99000999000999
control,1D,TXN,long,mr_williams_confirm,task,"{""confirm"": ""on"", ""n"": 5, ""t"": 20}",140,0.02714600017476238,0.10969605347776822,20.7,0.7932067932067932
control,1D,TXN,long,mr_zscore,proposed,"{""n"": 20, ""t"": 2.0}",43,-0.051195934104873816,0.12924123704626855,19.4,0.8061938061938062
control,1D,TXN,long,mr_zscore,task,"{""n"": 20, ""t"": 2.0}",43,-0.051195934104873816,0.12924123704626855,19.4,0.8061938061938062
control,1D,TXN,short,mr_candle_score,proposed,"{""level"": -2.5, ""mode"": ""rising"", ""n"": 3}",37,-0.028235027844918728,-0.13239306027165604,66.0,0.34065934065934067
control,1D,TXN,short,mr_candle_score,task,"{""level"": -2.0, ""mode"": ""level"", ""n"": 8}",64,-0.004300749172488516,-0.1308324141478146,76.9,0.23176823176823177
control,1D,TXN,short,mr_connors_rsi,proposed,"{""rsi_len"": 4, ""t"": 30}",46,0.03864203264587656,-0.13322565440738654,79.7,0.2037962037962038
control,1D,TXN,short,mr_connors_rsi,task,,0,,,,
control,1D,TXN,short,mr_daily_drop,task,"{""atr_expanding"": ""on"", ""d"": 0.005}",215,-0.14481104902827546,-0.130132519779118,42.2,0.5784215784215784
control,1D,TXN,short,mr_down_closes,task,"{""k"": 3}",142,-0.1011165379783964,-0.13236379994687697,62.6,0.37462537462537465
control,1D,TXN,short,mr_ema_slope_drop,proposed,"{""n"": 10, ""p"": 0.0075}",85,-0.051444789055067476,-0.14002291261705135,72.1,0.27972027972027974
control,1D,TXN,short,mr_ema_slope_drop,task,"{""n"": 5, ""p"": 0.01}",100,-0.1546003636467784,-0.1414698071562345,47.7,0.5234765234765235
control,1D,TXN,short,mr_ibs,proposed,"{""k"": 2, ""t"": 40}",234,-0.06900778675412471,-0.1424894634082237,83.7,0.16383616383616384
control,1D,TXN,short,mr_ibs,task,"{""k"": 2, ""t"": 40}",234,-0.06900778675412471,-0.1424894634082237,83.7,0.16383616383616384
control,1D,TXN,short,mr_ibs_after_new_high,proposed,"{""n"": 20, ""t"": 30}",76,0.14561174413137215,-0.14249625729972554,96.5,0.03596403596403597
control,1D,TXN,short,mr_ibs_after_new_high,task,"{""n"": 20, ""t"": 25}",72,0.2169730785271508,-0.15404142256292672,98.9,0.011988011988011988
control,1D,TXN,short,mr_keltner_lower,proposed,"{""mult"": 1.5, ""n"": 30}",177,-0.05214205467730568,-0.12612999242613235,78.3,0.2177822177822178
control,1D,TXN,short,mr_keltner_lower,task,"{""mult"": 2.0, ""n"": 30}",117,-0.06503760799498903,-0.1266665587478574,71.6,0.28471528471528473
control,1D,TXN,short,mr_lower_lows,proposed,"{""k"": 2}",246,-0.15587086691053217,-0.12343754437063106,33.4,0.6663336663336663
control,1D,TXN,short,mr_lower_lows,task,"{""k"": 2}",246,-0.15587086691053217,-0.12343754437063106,33.4,0.6663336663336663
control,1D,TXN,short,mr_ma_distance,task,"{""level"": 2, ""n"": 20, ""unit"": ""atr""}",204,-0.1237609530001789,-0.12731430341537778,54.0,0.46053946053946054
control,1D,TXN,short,mr_macd_hist_falling,task,"{""k"": 5}",80,0.2211327834826445,-0.12710259886762182,99.8,0.002997002997002997
control,1D,TXN,short,mr_macd_hist_trough,task,"{""w"": 10}",187,-0.10878787101711324,-0.13698905660340185,64.7,0.35364635364635366
control,1D,TXN,short,mr_macd_hist_turn,task,"{""k"": 3}",100,-0.05239482052740119,-0.12379330173590719,71.2,0.2887112887112887
control,1D,TXN,short,mr_n_day_low,proposed,"{""basis"": ""low"", ""n"": 5}",145,-0.10975849123331635,-0.11908921864069959,54.3,0.45754245754245754
control,1D,TXN,short,mr_n_day_low,task,"{""basis"": ""low"", ""n"": 5}",145,-0.10975849123331635,-0.11908921864069959,54.3,0.45754245754245754
control,1D,TXN,short,mr_rsi,proposed,"{""n"": 5, ""t"": 15}",52,0.07783615567559171,-0.12990511543577368,86.1,0.13986013986013987
control,1D,TXN,short,mr_rsi,task,"{""n"": 14, ""t"": 30}",65,-0.06731175072386758,-0.13372207480315257,65.3,0.34765234765234765
control,1D,TXN,short,mr_rsi_sum,proposed,"{""level"": 20, ""m"": 3, ""n"": 5}",69,0.07219649181084468,-0.14481256429327988,92.0,0.08091908091908091
control,1D,TXN,short,mr_rsi_sum,task,"{""level"": 15, ""m"": 3, ""n"": 4}",46,0.15458113202617121,-0.152213789518554,93.4,0.06693306693306693
control,1D,TXN,short,mr_stochastic_k,proposed,"{""n"": 9, ""t"": 10}",50,-0.08834523735545768,-0.13745722612921457,60.3,0.39760239760239763
control,1D,TXN,short,mr_stochastic_k,task,"{""n"": 9, ""t"": 20}",130,-0.044465927493850144,-0.12737779522172613,77.4,0.22677322677322678
control,1D,TXN,short,mr_williams_confirm,task,"{""confirm"": ""on"", ""n"": 14, ""t"": 5}",57,0.020457087221124107,-0.11809662312111656,77.6,0.22477522477522477
control,1D,TXN,short,mr_zscore,proposed,"{""n"": 40, ""t"": 2.0}",86,-0.23954309353857953,-0.14507592437407488,25.3,0.7472527472527473
control,1D,TXN,short,mr_zscore,task,"{""n"": 30, ""t"": 2.0}",86,-0.11521877439263237,-0.12887574766872537,54.1,0.4595404595404595
control,1H,ARKK,long,tf_adx_di,proposed,"{""n"": 5, ""t"": 25.0}",566,0.043365746188289624,0.08549910659910281,32.6,0.6743256743256744
control,1H,ARKK,long,tf_adx_di,task,"{""n"": 7, ""t"": 30.0}",133,-0.0597219654714429,0.15463248037404229,24.5,0.7552447552447552
control,1H,ARKK,long,tf_aroon_cross,proposed,"{""n"": 14}",456,0.08644822303367854,0.11409709314108642,40.3,0.5974025974025974
control,1H,ARKK,long,tf_aroon_cross,task,"{""n"": 14}",456,0.08644822303367854,0.11409709314108642,40.3,0.5974025974025974
control,1H,ARKK,long,tf_atr_band,task,"{""k"": 2.0, ""m"": 50, ""n"": 40}",4676,0.006193378737311398,nan,nan,nan
control,1H,ARKK,long,tf_base_candle,task,"{""frac"": 0.25}",460,0.03340454518102917,0.11526141164388305,23.7,0.7632367632367633
control,1H,ARKK,long,tf_bb_upper_cross,proposed,"{""mult"": 1.5, ""n"": 20}",249,0.09234099931572357,0.1895530969662901,29.5,0.7052947052947053
control,1H,ARKK,long,tf_bb_upper_cross,task,"{""mult"": 2.0, ""n"": 20}",190,0.013651381162270283,0.2098652264332046,21.3,0.7872127872127872
control,1H,ARKK,long,tf_donchian_breakout,task,"{""n"": 20}",172,0.2579143699329774,0.20576103433405454,58.4,0.4165834165834166
control,1H,ARKK,long,tf_hma_turn,task,"{""n"": 9}",1337,0.007767932524969461,0.043330453079413155,19.7,0.8031968031968032
control,1H,ARKK,long,tf_ichimoku_cloud,task,"{""base"": 22, ""conversion"": 15, ""span_b"": 80}",183,0.19855408145852813,0.23852942045977918,44.5,0.5554445554445554
control,1H,ARKK,long,tf_kama_cross,task,"{""n"": 20}",660,0.08306323174036495,0.07522721629191957,54.8,0.45254745254745254
control,1H,ARKK,long,tf_keltner_breakout,proposed,"{""mult"": 2.0, ""n"": 40}",148,0.12169054935294521,0.2556073267257532,31.1,0.6893106893106893
control,1H,ARKK,long,tf_keltner_breakout,task,"{""mult"": 2.0, ""n"": 40}",148,0.12169054935294521,0.2556073267257532,31.1,0.6893106893106893
control,1H,ARKK,long,tf_ma_slope,task,"{""n"": 50}",384,0.07532400448519244,0.09503035586923803,44.7,0.5534465534465535
control,1H,ARKK,long,tf_momentum_cross,task,"{""n"": 40}",435,0.09196234948255298,0.09237005373040623,51.3,0.4875124875124875
control,1H,ARKK,long,tf_psar_flip,task,"{""maximum"": 0.1, ""step"": 0.03}",629,0.10773110572500967,0.0835329291074979,62.0,0.3806193806193806
control,1H,ARKK,long,tf_sma_cross,proposed,"{""fast"": 5, ""slow"": 75}",179,0.029724709625532534,0.19195201492274108,26.3,0.7372627372627373
control,1H,ARKK,long,tf_sma_cross,task,"{""fast"": 40, ""slow"": 60}",124,-0.10295474267462706,0.19431087843418646,20.2,0.7982017982017982
control,1H,ARKK,long,tf_supertrend_flip,task,"{""atr"": 7, ""factor"": 3.5}",179,-0.028856265095143347,0.18839051526196568,21.8,0.7822177822177823
control,1H,BAC,long,tf_adx_di,proposed,"{""n"": 14, ""t"": 10.0}",747,0.0335955894651765,0.08220894731945705,23.4,0.7662337662337663
control,1H,BAC,long,tf_adx_di,task,"{""n"": 7, ""t"": 20.0}",556,-0.03136305229411941,0.09751885490268553,6.4,0.936063936063936
control,1H,BAC,long,tf_aroon_cross,proposed,"{""n"": 50}",147,0.29718684812393914,0.2642377623321486,53.7,0.46353646353646355
control,1H,BAC,long,tf_aroon_cross,task,"{""n"": 50}",147,0.29718684812393914,0.2642377623321486,53.7,0.46353646353646355
control,1H,BAC,long,tf_atr_band,task,"{""k"": 2.5, ""m"": 50, ""n"": 40}",3125,0.010213023944225927,0.025440658607658803,21.8,0.7822177822177823
control,1H,BAC,long,tf_base_candle,task,"{""frac"": 0.25}",459,-0.09004857844984182,0.13087884744968656,2.3,0.977022977022977
control,1H,BAC,long,tf_bb_upper_cross,proposed,"{""mult"": 1.5, ""n"": 10}",479,0.023434500230739744,0.13977319786500503,13.0,0.8701298701298701
control,1H,BAC,long,tf_bb_upper_cross,task,"{""mult"": 1.5, ""n"": 20}",295,0.005773206391710495,0.2167615000728094,8.5,0.9150849150849151
control,1H,BAC,long,tf_donchian_breakout,task,"{""n"": 55}",116,0.05953052905567281,0.3247080424371303,23.0,0.7702297702297702
control,1H,BAC,long,tf_hma_turn,task,"{""n"": 9}",1476,0.036647015228322026,0.043717043887122775,42.9,0.5714285714285714
control,1H,BAC,long,tf_ichimoku_cloud,task,"{""base"": 30, ""conversion"": 12, ""span_b"": 80}",213,0.12229400714427846,0.298171247087256,20.9,0.7912087912087912
control,1H,BAC,long,tf_kama_cross,task,"{""n"": 20}",730,0.04727810207750492,0.08863513549078579,26.4,0.7362637362637363
control,1H,BAC,long,tf_keltner_breakout,proposed,"{""mult"": 0.75, ""n"": 20}",315,0.19062004690829853,0.21182944346345367,42.5,0.5754245754245755
control,1H,BAC,long,tf_keltner_breakout,task,"{""mult"": 1.0, ""n"": 30}",243,0.17221811891515107,0.2566069773197838,32.3,0.6773226773226774
control,1H,BAC,long,tf_ma_slope,task,"{""n"": 50}",433,0.1144584154452461,0.11658608362102295,48.1,0.5194805194805194
control,1H,BAC,long,tf_momentum_cross,task,"{""n"": 40}",436,0.12782422938651483,0.12546721688410212,51.5,0.4855144855144855
control,1H,BAC,long,tf_psar_flip,task,"{""maximum"": 0.2, ""step"": 0.01}",399,0.01092502335842201,0.152884428069841,12.8,0.8721278721278721
control,1H,BAC,long,tf_sma_cross,proposed,"{""fast"": 5, ""slow"": 100}",153,0.3565684715281496,0.22174636536911732,68.9,0.3116883116883117
control,1H,BAC,long,tf_sma_cross,task,"{""fast"": 30, ""slow"": 60}",136,0.018233604046252034,0.29021011645508193,18.6,0.8141858141858141
control,1H,BAC,long,tf_supertrend_flip,task,"{""atr"": 7, ""factor"": 3.5}",178,0.012126074173954093,0.26656673029919564,14.9,0.8511488511488512
control,1H,MRNA,long,tf_adx_di,proposed,"{""n"": 7, ""t"": 25.0}",235,-0.0005076241512357262,0.08917141056422637,27.9,0.7212787212787213
control,1H,MRNA,long,tf_adx_di,task,"{""n"": 7, ""t"": 30.0}",113,0.09508596271761459,0.12062530948227754,47.8,0.5224775224775224
control,1H,MRNA,long,tf_aroon_cross,proposed,"{""n"": 14}",395,-0.11704421664358218,0.06963590608115304,3.7,0.9630369630369631
control,1H,MRNA,long,tf_aroon_cross,task,"{""n"": 14}",395,-0.11704421664358218,0.06963590608115304,3.7,0.9630369630369631
control,1H,MRNA,long,tf_atr_band,task,"{""k"": 1.5, ""m"": 10, ""n"": 40}",5681,0.002735640435149687,nan,nan,nan
control,1H,MRNA,long,tf_base_candle,task,"{""frac"": 0.3333333333333333}",395,0.08532692137460147,0.06526780736212417,58.0,0.4205794205794206
control,1H,MRNA,long,tf_bb_upper_cross,proposed,"{""mult"": 1.0, ""n"": 20}",257,-0.05773712489344182,0.11319489338342927,12.5,0.8751248751248751
control,1H,MRNA,long,tf_bb_upper_cross,task,"{""mult"": 2.0, ""n"": 10}",207,-0.18229456575631478,0.1205258918040421,5.1,0.949050949050949
control,1H,MRNA,long,tf_donchian_breakout,task,"{""n"": 20}",137,-0.13614697040359863,0.17677881068034598,11.8,0.8821178821178821
control,1H,MRNA,long,tf_hma_turn,task,"{""n"": 25}",467,0.06496931697013757,0.06912132319905762,49.3,0.5074925074925075
control,1H,MRNA,long,tf_ichimoku_cloud,task,"{""base"": 26, ""conversion"": 12, ""span_b"": 80}",144,-0.20269011771362777,0.18315907725425656,7.4,0.926073926073926
control,1H,MRNA,long,tf_kama_cross,task,"{""n"": 20}",554,0.04357985793983309,0.05434622551507158,45.9,0.5414585414585414
control,1H,MRNA,long,tf_keltner_breakout,proposed,"{""mult"": 1.0, ""n"": 20}",196,-0.19396374057477578,0.13088242198767241,5.4,0.9460539460539461
control,1H,MRNA,long,tf_keltner_breakout,task,"{""mult"": 1.5, ""n"": 30}",137,-0.24389077711334503,0.17645927337880973,6.3,0.9370629370629371
control,1H,MRNA,long,tf_ma_slope,task,"{""n"": 200}",142,0.0011727776036170598,0.08225358598651338,33.8,0.6623376623376623
control,1H,MRNA,long,tf_momentum_cross,task,"{""n"": 60}",276,0.013467271821269581,0.06509406717163232,36.4,0.6363636363636364
control,1H,MRNA,long,tf_psar_flip,task,"{""maximum"": 0.1, ""step"": 0.04}",576,-0.016615990708856023,0.051931738951607444,17.9,0.8211788211788211
control,1H,MRNA,long,tf_sma_cross,proposed,"{""fast"": 5, ""slow"": 50}",196,0.010714016068236685,0.12419129382135134,28.2,0.7182817182817183
control,1H,MRNA,long,tf_sma_cross,task,"{""fast"": 10, ""slow"": 60}",134,0.00890633438445433,0.14569187060673264,29.4,0.7062937062937062
control,1H,MRNA,long,tf_supertrend_flip,task,"{""atr"": 7, ""factor"": 2.0}",259,-0.15774735569155923,0.10765875537834606,3.6,0.964035964035964
control,1H,TSLA,long,tf_adx_di,proposed,"{""n"": 14, ""t"": 20.0}",142,0.4102948424388233,0.25663830287439415,70.3,0.2977022977022977
control,1H,TSLA,long,tf_adx_di,task,"{""n"": 7, ""t"": 30.0}",144,0.19792023213275234,0.24439456374376772,43.2,0.5684315684315684
control,1H,TSLA,long,tf_aroon_cross,proposed,"{""n"": 14}",556,0.01161830881735191,0.157890382781165,5.0,0.9500499500499501
control,1H,TSLA,long,tf_aroon_cross,task,"{""n"": 14}",556,0.01161830881735191,0.157890382781165,5.0,0.9500499500499501
control,1H,TSLA,long,tf_atr_band,task,"{""k"": 1.5, ""m"": 50, ""n"": 20}",4409,0.017931657145950883,0.025819020260664335,30.5,0.6953046953046953
control,1H,TSLA,long,tf_base_candle,task,"{""frac"": 0.5}",692,0.06890627999718117,0.13118282067410217,19.5,0.8051948051948052
control,1H,TSLA,long,tf_bb_upper_cross,proposed,"{""mult"": 2.5, ""n"": 40}",113,0.24450217389764645,0.4160540694398185,30.7,0.6933066933066933
control,1H,TSLA,long,tf_bb_upper_cross,task,"{""mult"": 2.5, ""n"": 40}",113,0.24450217389764645,0.4160540694398185,30.7,0.6933066933066933
control,1H,TSLA,long,tf_donchian_breakout,task,"{""n"": 55}",124,0.26729549221412974,0.42125480770619794,35.0,0.6503496503496503
control,1H,TSLA,long,tf_hma_turn,task,"{""n"": 9}",1481,0.04843023247384707,0.06051538552073425,37.8,0.6223776223776224
control,1H,TSLA,long,tf_ichimoku_cloud,task,"{""base"": 40, ""conversion"": 15, ""span_b"": 52}",209,0.3633170928736542,0.3946796245881703,45.0,0.5504495504495505
control,1H,TSLA,long,tf_kama_cross,task,"{""n"": 10}",1003,0.08061073891136482,0.09168428795295196,42.0,0.5804195804195804
control,1H,TSLA,long,tf_keltner_breakout,proposed,"{""mult"": 2.0, ""n"": 40}",159,0.16948432426761983,0.4232405878763342,18.6,0.8141858141858141
control,1H,TSLA,long,tf_keltner_breakout,task,"{""mult"": 2.0, ""n"": 20}",150,0.1799491675619482,0.40992820209856884,24.5,0.7552447552447552
control,1H,TSLA,long,tf_ma_slope,task,"{""n"": 50}",405,0.11088916179535654,0.15969910485760194,33.9,0.6613386613386614
control,1H,TSLA,long,tf_momentum_cross,task,"{""n"": 60}",363,0.16365387446854165,0.17289189433078858,45.7,0.5434565434565435
control,1H,TSLA,long,tf_psar_flip,task,"{""maximum"": 0.4, ""step"": 0.04}",1028,0.05707736065911261,0.09160812198893488,25.9,0.7412587412587412
control,1H,TSLA,long,tf_sma_cross,proposed,"{""fast"": 15, ""slow"": 100}",111,0.4782983631291432,0.3377812811284396,64.6,0.3546453546453546
control,1H,TSLA,long,tf_sma_cross,task,"{""fast"": 40, ""slow"": 60}",148,0.3108330410112327,0.34433885885069704,44.1,0.5594405594405595
control,1H,TSLA,long,tf_supertrend_flip,task,"{""atr"": 20, ""factor"": 3.5}",172,0.04401466005570286,0.3365678681311295,13.6,0.8641358641358642
real,1D,AAPL,long,mr_candle_score,proposed,"{""level"": -1.5, ""mode"": ""level"", ""n"": 3}",181,0.3670543169351981,0.19942271849243873,98.6,0.014985014985014986
real,1D,AAPL,long,mr_candle_score,task,"{""level"": -1.5, ""mode"": ""level"", ""n"": 3}",181,0.3670543169351981,0.19942271849243873,98.6,0.014985014985014986
real,1D,AAPL,long,mr_connors_rsi,proposed,"{""rsi_len"": 3, ""t"": 30}",213,0.3796091938023856,0.21614213287093464,98.2,0.01898101898101898
real,1D,AAPL,long,mr_connors_rsi,task,"{""rsi_len"": 2, ""t"": 15}",106,0.3961672007108152,0.20598404131245518,95.1,0.04995004995004995
real,1D,AAPL,long,mr_daily_drop,task,"{""atr_expanding"": ""off"", ""d"": 0.005}",316,0.27195896446568296,0.2122509211977431,86.0,0.14085914085914086
real,1D,AAPL,long,mr_down_closes,task,"{""k"": 3}",109,0.43119096938119905,0.19594589821263053,98.6,0.014985014985014986
real,1D,AAPL,long,mr_ema_slope_drop,proposed,"{""n"": 3, ""p"": 0.0075}",151,0.3563688023761318,0.21925358935511022,93.5,0.06593406593406594
real,1D,AAPL,long,mr_ema_slope_drop,task,"{""n"": 5, ""p"": 0.0025}",199,0.3492479090715295,0.2182726024940223,95.4,0.04695304695304695
real,1D,AAPL,long,mr_ibs,proposed,"{""k"": 1, ""t"": 15}",211,0.40646919593000486,0.21096450728304078,99.6,0.004995004995004995
real,1D,AAPL,long,mr_ibs,task,"{""k"": 1, ""t"": 30}",311,0.4192888030132799,0.21191546588730636,100.0,0.000999000999000999
real,1D,AAPL,long,mr_ibs_after_new_high,proposed,"{""n"": 20, ""t"": 25}",75,0.6769260576180685,0.21054522556482774,100.0,0.000999000999000999
real,1D,AAPL,long,mr_ibs_after_new_high,task,"{""n"": 50, ""t"": 15}",40,0.7929666785272664,0.22450639332817382,99.8,0.002997002997002997
real,1D,AAPL,long,mr_keltner_lower,proposed,"{""mult"": 0.5, ""n"": 10}",160,0.2268546989213119,0.21612280435975725,54.1,0.4595404595404595
real,1D,AAPL,long,mr_keltner_lower,task,"{""mult"": 1.5, ""n"": 30}",89,0.2599008693231687,0.21024170862573505,65.2,0.34865134865134867
real,1D,AAPL,long,mr_lower_lows,proposed,"{""k"": 2}",206,0.36687008023970574,0.19760693042940475,99.4,0.006993006993006993
real,1D,AAPL,long,mr_lower_lows,task,"{""k"": 2}",206,0.36687008023970574,0.19760693042940475,99.4,0.006993006993006993
real,1D,AAPL,long,mr_ma_distance,task,"{""level"": 3, ""n"": 5, ""unit"": ""pct""}",38,0.3110599483536255,0.1941828445203823,71.7,0.2837162837162837
real,1D,AAPL,long,mr_macd_hist_falling,task,"{""k"": 2}",136,0.3756285337671857,0.19215346536114333,98.0,0.02097902097902098
real,1D,AAPL,long,mr_macd_hist_trough,task,"{""w"": 3}",322,0.34228326362387296,0.19653692950375623,99.7,0.003996003996003996
real,1D,AAPL,long,mr_macd_hist_turn,task,"{""k"": 4}",51,0.20940677653680723,0.19198525987298065,55.5,0.44555444555444557
real,1D,AAPL,long,mr_n_day_low,proposed,"{""basis"": ""low"", ""n"": 3}",158,0.39419716225778434,0.2100421265256701,98.5,0.015984015984015984
real,1D,AAPL,long,mr_n_day_low,task,"{""basis"": ""low"", ""n"": 3}",158,0.39419716225778434,0.2100421265256701,98.5,0.015984015984015984
real,1D,AAPL,long,mr_rsi,proposed,"{""n"": 3, ""t"": 30}",159,0.3210243267048419,0.20851091875380823,90.4,0.0969030969030969
real,1D,AAPL,long,mr_rsi,task,"{""n"": 3, ""t"": 30}",159,0.3210243267048419,0.20851091875380823,90.4,0.0969030969030969
real,1D,AAPL,long,mr_rsi_sum,proposed,"{""level"": 15, ""m"": 2, ""n"": 2}",94,0.2354935392683664,0.18244030469615896,66.5,0.3356643356643357
real,1D,AAPL,long,mr_rsi_sum,task,"{""level"": 20, ""m"": 2, ""n"": 5}",32,0.3556075569175635,0.1983495664463929,77.2,0.22877122877122877
real,1D,AAPL,long,mr_stochastic_k,proposed,"{""n"": 9, ""t"": 10}",31,0.4979024531721024,0.21681428718889123,88.5,0.11588411588411589
real,1D,AAPL,long,mr_stochastic_k,task,"{""n"": 21, ""t"": 10}",36,0.5930021215221483,0.21160643171124485,96.9,0.03196803196803197
real,1D,AAPL,long,mr_williams_confirm,task,"{""confirm"": ""off"", ""n"": 5, ""t"": 5}",60,0.354651752175497,0.2216844570007922,79.4,0.20679320679320679
real,1D,AAPL,long,mr_zscore,proposed,"{""n"": 10, ""t"": 1.0}",149,0.21265227171289083,0.2071170272891996,51.8,0.4825174825174825
real,1D,AAPL,long,mr_zscore,task,"{""n"": 10, ""t"": 1.5}",93,0.16196503550424202,0.2195432617005305,32.4,0.6763236763236763
real,1D,ADI,short,mr_candle_score,proposed,"{""level"": -2.5, ""mode"": ""rising"", ""n"": 3}",71,0.1223810459857347,-0.08132922694468793,93.1,0.06993006993006994
real,1D,ADI,short,mr_candle_score,task,"{""level"": -3.0, ""mode"": ""rising"", ""n"": 3}",58,0.19876410047233717,-0.0715216004774808,96.5,0.03596403596403597
real,1D,ADI,short,mr_connors_rsi,proposed,"{""rsi_len"": 2, ""t"": 30}",66,0.24375453900585184,-0.08928999584025467,98.3,0.017982017982017984
real,1D,ADI,short,mr_connors_rsi,task,,0,,,,
real,1D,ADI,short,mr_daily_drop,task,"{""atr_expanding"": ""off"", ""d"": 0.03}",76,0.06843061580074536,-0.09339070632308631,87.9,0.12187812187812187
real,1D,ADI,short,mr_down_closes,task,"{""k"": 3}",127,0.11860086457436146,-0.08636129432588228,98.6,0.014985014985014986
real,1D,ADI,short,mr_ema_slope_drop,proposed,"{""n"": 10, ""p"": 0.005}",135,0.21625088653965152,-0.08732634537033697,100.0,0.000999000999000999
real,1D,ADI,short,mr_ema_slope_drop,task,"{""n"": 5, ""p"": 0.015}",34,0.12892778694099305,-0.08959681293257193,84.4,0.15684315684315683
real,1D,ADI,short,mr_ibs,proposed,"{""k"": 2, ""t"": 20}",90,0.09256747174632232,-0.09115297140968207,94.2,0.058941058941058944
real,1D,ADI,short,mr_ibs,task,"{""k"": 2, ""t"": 20}",90,0.09256747174632232,-0.09115297140968207,94.2,0.058941058941058944
real,1D,ADI,short,mr_ibs_after_new_high,proposed,"{""n"": 10, ""t"": 15}",45,0.0718676518307776,-0.08874796579585341,82.7,0.17382617382617382
real,1D,ADI,short,mr_ibs_after_new_high,task,"{""n"": 10, ""t"": 15}",45,0.0718676518307776,-0.08874796579585341,82.7,0.17382617382617382
real,1D,ADI,short,mr_keltner_lower,proposed,"{""mult"": 1.0, ""n"": 10}",135,0.09835547108190416,-0.08695320859895138,97.7,0.023976023976023976
real,1D,ADI,short,mr_keltner_lower,task,"{""mult"": 2.0, ""n"": 20}",67,0.31084001440907655,-0.10012125667827308,99.8,0.002997002997002997
real,1D,ADI,short,mr_lower_lows,proposed,"{""k"": 4}",77,0.2959551273465644,-0.08374999271149605,99.7,0.003996003996003996
real,1D,ADI,short,mr_lower_lows,task,"{""k"": 5}",40,0.4133111052603951,-0.08282128920348769,99.7,0.003996003996003996
real,1D,ADI,short,mr_ma_distance,task,"{""level"": 3, ""n"": 5, ""unit"": ""pct""}",34,0.14471625778601988,-0.0813662823396027,86.2,0.13886113886113885
real,1D,ADI,short,mr_macd_hist_falling,task,"{""k"": 5}",68,0.017227583600362282,-0.08642343054940986,76.1,0.23976023976023977
real,1D,ADI,short,mr_macd_hist_trough,task,"{""w"": 7}",190,0.039571216998211714,-0.08948109374705693,95.1,0.04995004995004995
real,1D,ADI,short,mr_macd_hist_turn,task,"{""k"": 3}",103,-0.23148032575917796,-0.08266101014590135,9.0,0.9100899100899101
real,1D,ADI,short,mr_n_day_low,proposed,"{""basis"": ""low"", ""n"": 20}",89,0.15883244168114974,-0.09363393136091783,97.0,0.030969030969030968
real,1D,ADI,short,mr_n_day_low,task,"{""basis"": ""close"", ""n"": 7}",195,0.05626597815344899,-0.08634078479154896,97.5,0.025974025974025976
real,1D,ADI,short,mr_rsi,proposed,"{""n"": 7, ""t"": 30}",114,0.2049863046962743,-0.08495772531262921,99.5,0.005994005994005994
real,1D,ADI,short,mr_rsi,task,"{""n"": 14, ""t"": 30}",36,0.328158653620976,-0.10016198511736303,98.3,0.017982017982017984
real,1D,ADI,short,mr_rsi_sum,proposed,"{""level"": 20, ""m"": 3, ""n"": 3}",91,0.2799077767208044,-0.08022660728592258,100.0,0.000999000999000999
real,1D,ADI,short,mr_rsi_sum,task,"{""level"": 20, ""m"": 2, ""n"": 4}",74,0.33642404558091327,-0.08893954640444564,99.9,0.001998001998001998
real,1D,ADI,short,mr_stochastic_k,proposed,"{""n"": 9, ""t"": 15}",117,0.15499077614853915,-0.08896695398088202,98.8,0.012987012987012988
real,1D,ADI,short,mr_stochastic_k,task,"{""n"": 21, ""t"": 10}",98,0.2016228221545031,-0.08468179203311954,99.7,0.003996003996003996
real,1D,ADI,short,mr_williams_confirm,task,"{""confirm"": ""off"", ""n"": 14, ""t"": 20}",207,0.06440670194248144,-0.08686867361437733,97.9,0.02197802197802198
real,1D,ADI,short,mr_zscore,proposed,"{""n"": 30, ""t"": 2.0}",52,0.3117521275653683,-0.08657662109068545,99.4,0.006993006993006993
real,1D,ADI,short,mr_zscore,task,"{""n"": 30, ""t"": 2.0}",52,0.3117521275653683,-0.08657662109068545,99.4,0.006993006993006993
real,1D,EEM,short,mr_candle_score,proposed,"{""level"": -2.0, ""mode"": ""level"", ""n"": 2}",270,0.1394694277412642,-0.024077227921408244,99.6,0.004995004995004995
real,1D,EEM,short,mr_candle_score,task,"{""level"": -3.0, ""mode"": ""rising"", ""n"": 2}",66,0.31508529098191157,-0.01272744452339492,97.5,0.025974025974025976
real,1D,EEM,short,mr_connors_rsi,proposed,"{""rsi_len"": 5, ""t"": 30}",32,0.47151436580067024,-0.022389758425293907,97.4,0.026973026973026972
real,1D,EEM,short,mr_connors_rsi,task,,0,,,,
real,1D,EEM,short,mr_daily_drop,task,"{""atr_expanding"": ""on"", ""d"": 0.02}",59,0.30236540835846965,-0.024526420097090055,97.2,0.028971028971028972
real,1D,EEM,short,mr_down_closes,task,"{""k"": 3}",145,0.23482787832927668,-0.016718245262556355,99.2,0.008991008991008992
real,1D,EEM,short,mr_ema_slope_drop,proposed,"{""n"": 5, ""p"": 0.0025}",257,0.1795689554171616,-0.018753838527542824,99.6,0.004995004995004995
real,1D,EEM,short,mr_ema_slope_drop,task,"{""n"": 5, ""p"": 0.005}",146,0.22122927462201825,-0.025646468811645295,99.2,0.008991008991008992
real,1D,EEM,short,mr_ibs,proposed,"{""k"": 3, ""t"": 30}",67,0.31581345842187564,-0.031059884652354527,98.1,0.01998001998001998
real,1D,EEM,short,mr_ibs,task,"{""k"": 3, ""t"": 30}",67,0.31581345842187564,-0.031059884652354527,98.1,0.01998001998001998
real,1D,EEM,short,mr_ibs_after_new_high,proposed,"{""n"": 3, ""t"": 30}",145,-0.028453025512721223,-0.021255909343345272,46.9,0.5314685314685315
real,1D,EEM,short,mr_ibs_after_new_high,task,"{""n"": 10, ""t"": 15}",52,-0.17055413006195883,-0.013295145037427408,20.9,0.7912087912087912
real,1D,EEM,short,mr_keltner_lower,proposed,"{""mult"": 1.0, ""n"": 10}",159,0.11857206635477834,-0.022002681370574248,93.1,0.06993006993006994
real,1D,EEM,short,mr_keltner_lower,task,"{""mult"": 1.5, ""n"": 10}",84,0.18392846988937067,-0.0176164843969826,90.7,0.0939060939060939
real,1D,EEM,short,mr_lower_lows,proposed,"{""k"": 3}",150,0.22677310002550882,-0.02000056138768718,99.6,0.004995004995004995
real,1D,EEM,short,mr_lower_lows,task,"{""k"": 3}",150,0.22677310002550882,-0.02000056138768718,99.6,0.004995004995004995
real,1D,EEM,short,mr_ma_distance,task,"{""level"": 2, ""n"": 10, ""unit"": ""pct""}",85,0.2882140425847236,-0.01829175504476249,98.2,0.01898101898101898
real,1D,EEM,short,mr_macd_hist_falling,task,"{""k"": 3}",119,0.17401616425137004,-0.0256513201445894,96.0,0.04095904095904096
real,1D,EEM,short,mr_macd_hist_trough,task,"{""w"": 7}",208,-0.004029567973774026,-0.020067739968650956,58.6,0.4145854145854146
real,1D,EEM,short,mr_macd_hist_turn,task,"{""k"": 1}",246,-0.020306827863067683,-0.020270287588891572,50.2,0.4985014985014985
real,1D,EEM,short,mr_n_day_low,proposed,"{""basis"": ""low"", ""n"": 5}",186,0.23172521583760558,-0.020229168249000614,99.9,0.001998001998001998
real,1D,EEM,short,mr_n_day_low,task,"{""basis"": ""low"", ""n"": 5}",186,0.23172521583760558,-0.020229168249000614,99.9,0.001998001998001998
real,1D,EEM,short,mr_rsi,proposed,"{""n"": 3, ""t"": 30}",229,0.1802707561701737,-0.024571931484345822,99.7,0.003996003996003996
real,1D,EEM,short,mr_rsi,task,"{""n"": 3, ""t"": 35}",264,0.16220597139983708,-0.020851163573098703,99.9,0.001998001998001998
real,1D,EEM,short,mr_rsi_sum,proposed,"{""level"": 30, ""m"": 2, ""n"": 3}",197,0.13568848401732975,-0.021773890591351392,98.5,0.015984015984015984
real,1D,EEM,short,mr_rsi_sum,task,"{""level"": 15, ""m"": 3, ""n"": 3}",45,0.28198904720121526,-0.025071219818138403,94.2,0.058941058941058944
real,1D,EEM,short,mr_stochastic_k,proposed,"{""n"": 5, ""t"": 30}",265,0.06232170337305787,-0.025639337715226782,92.1,0.07992007992007992
real,1D,EEM,short,mr_stochastic_k,task,"{""n"": 9, ""t"": 5}",38,0.35612111205182084,-0.00860342831062661,94.5,0.055944055944055944
real,1D,EEM,short,mr_williams_confirm,task,"{""confirm"": ""off"", ""n"": 14, ""t"": 5}",116,0.257231478222658,-0.024942971994184354,99.0,0.01098901098901099
real,1D,EEM,short,mr_zscore,proposed,"{""n"": 10, ""t"": 1.25}",176,0.13140793175589896,-0.021783221470640005,95.4,0.04695304695304695
real,1D,EEM,short,mr_zscore,task,"{""n"": 40, ""t"": 2.0}",54,0.24164721235189082,-0.021312224264917426,90.0,0.1008991008991009
real,1D,ETN,long,mr_candle_score,proposed,"{""level"": -1.5, ""mode"": ""level"", ""n"": 2}",250,0.20952131427834284,0.09896159450358073,97.5,0.025974025974025976
real,1D,ETN,long,mr_candle_score,task,"{""level"": -1.5, ""mode"": ""level"", ""n"": 3}",183,0.28725002151432083,0.09160688369625261,99.6,0.004995004995004995
real,1D,ETN,long,mr_connors_rsi,proposed,"{""rsi_len"": 2, ""t"": 25}",221,0.2325510775912855,0.10262548840992385,97.3,0.027972027972027972
real,1D,ETN,long,mr_connors_rsi,task,"{""rsi_len"": 3, ""t"": 15}",64,0.25917311175306834,0.10272450478074002,85.4,0.14685314685314685
real,1D,ETN,long,mr_daily_drop,task,"{""atr_expanding"": ""on"", ""d"": 0.005}",196,0.22285511778035172,0.09877240603039669,95.6,0.04495504495504495
real,1D,ETN,long,mr_down_closes,task,"{""k"": 2}",212,0.18570061117137163,0.09076513629692759,94.9,0.05194805194805195
real,1D,ETN,long,mr_ema_slope_drop,proposed,"{""n"": 3, ""p"": 0.005}",189,0.18278354757566845,0.10229922892128498,85.6,0.14485514485514486
real,1D,ETN,long,mr_ema_slope_drop,task,"{""n"": 3, ""p"": 0.015}",54,0.3705960716923938,0.11689173337975119,93.7,0.06393606393606394
real,1D,ETN,long,mr_ibs,proposed,"{""k"": 2, ""t"": 30}",105,0.290301245608817,0.10128458246997235,95.8,0.04295704295704296
real,1D,ETN,long,mr_ibs,task,"{""k"": 2, ""t"": 30}",105,0.290301245608817,0.10128458246997235,95.8,0.04295704295704296
real,1D,ETN,long,mr_ibs_after_new_high,proposed,"{""n"": 10, ""t"": 25}",79,0.26744458300402224,0.10108519479923066,90.3,0.0979020979020979
real,1D,ETN,long,mr_ibs_after_new_high,task,"{""n"": 10, ""t"": 25}",79,0.26744458300402224,0.10108519479923066,90.3,0.0979020979020979
real,1D,ETN,long,mr_keltner_lower,proposed,"{""mult"": 1.0, ""n"": 40}",140,0.22349353990331905,0.09368120932548102,93.5,0.06593406593406594
real,1D,ETN,long,mr_keltner_lower,task,"{""mult"": 1.0, ""n"": 40}",140,0.22349353990331905,0.09368120932548102,93.5,0.06593406593406594
real,1D,ETN,long,mr_lower_lows,proposed,"{""k"": 1}",394,0.15273244611967185,0.09539689623756696,94.4,0.056943056943056944
real,1D,ETN,long,mr_lower_lows,task,"{""k"": 2}",215,0.12300482944374562,0.08794406539188665,69.0,0.3106893106893107
real,1D,ETN,long,mr_ma_distance,task,"{""level"": 0, ""n"": 10, ""unit"": ""pct""}",221,0.23227307777114675,0.09746998614233264,98.4,0.016983016983016984
real,1D,ETN,long,mr_macd_hist_falling,task,"{""k"": 2}",130,0.1494374368970412,0.09356081560257996,73.3,0.2677322677322677
real,1D,ETN,long,mr_macd_hist_trough,task,"{""w"": 3}",303,0.19721060062483725,0.09720257304493791,97.5,0.025974025974025976
real,1D,ETN,long,mr_macd_hist_turn,task,"{""k"": 3}",94,0.09182345915972058,0.08684156273617036,52.1,0.47952047952047955
real,1D,ETN,long,mr_n_day_low,proposed,"{""basis"": ""low"", ""n"": 20}",54,0.4025149608429585,0.10206378410314451,97.8,0.022977022977022976
real,1D,ETN,long,mr_n_day_low,task,"{""basis"": ""low"", ""n"": 5}",113,0.28150742813593727,0.10189146887218431,96.1,0.03996003996003996
real,1D,ETN,long,mr_rsi,proposed,"{""n"": 2, ""t"": 20}",169,0.20436938711821015,0.10085307575708731,90.5,0.0959040959040959
real,1D,ETN,long,mr_rsi,task,"{""n"": 2, ""t"": 20}",169,0.20436938711821015,0.10085307575708731,90.5,0.0959040959040959
real,1D,ETN,long,mr_rsi_sum,proposed,"{""level"": 15, ""m"": 2, ""n"": 2}",90,0.17973212766928393,0.09346527040798376,77.4,0.22677322677322678
real,1D,ETN,long,mr_rsi_sum,task,"{""level"": 10, ""m"": 2, ""n"": 2}",59,0.19048918368244197,0.09770186975513138,73.8,0.2627372627372627
real,1D,ETN,long,mr_stochastic_k,proposed,"{""n"": 5, ""t"": 15}",53,0.28414465325944777,0.10013043770647885,87.6,0.12487512487512488
real,1D,ETN,long,mr_stochastic_k,task,"{""n"": 14, ""t"": 20}",103,0.14222713951645855,0.08821090523893546,71.8,0.2827172827172827
real,1D,ETN,long,mr_williams_confirm,task,"{""confirm"": ""off"", ""n"": 10, ""t"": 30}",165,0.1631266937777012,0.0975413637844861,78.4,0.21678321678321677
real,1D,ETN,long,mr_zscore,proposed,"{""n"": 10, ""t"": 1.25}",123,0.23351290290499735,0.1011404744073989,90.9,0.0919080919080919
real,1D,ETN,long,mr_zscore,task,"{""n"": 10, ""t"": 2.0}",55,0.23270984299295328,0.09922439886590226,78.9,0.21178821178821178
real,1D,GNRC,short,mr_candle_score,proposed,"{""level"": -2.5, ""mode"": ""rising"", ""n"": 4}",42,0.2929528587089439,-0.1300851709903725,99.3,0.007992007992007992
real,1D,GNRC,short,mr_candle_score,task,"{""level"": -2.5, ""mode"": ""rising"", ""n"": 3}",53,0.41462490500951105,-0.13352806404816459,99.9,0.001998001998001998
real,1D,GNRC,short,mr_connors_rsi,proposed,"{""rsi_len"": 3, ""t"": 30}",58,0.2637595807626904,-0.13717414211120554,99.6,0.004995004995004995
real,1D,GNRC,short,mr_connors_rsi,task,,0,,,,
real,1D,GNRC,short,mr_daily_drop,task,"{""atr_expanding"": ""off"", ""d"": 0.03}",146,-0.10360880224517431,-0.15050212570583438,68.5,0.3156843156843157
real,1D,GNRC,short,mr_down_closes,task,"{""k"": 3}",135,0.1136296591834403,-0.1514232479522894,99.5,0.005994005994005994
real,1D,GNRC,short,mr_ema_slope_drop,proposed,"{""n"": 3, ""p"": 0.005}",280,-0.017464798640241582,-0.14694467939927502,98.6,0.014985014985014986
real,1D,GNRC,short,mr_ema_slope_drop,task,"{""n"": 5, ""p"": 0.015}",83,0.04746291908400191,-0.14393564339636933,93.5,0.06593406593406594
real,1D,GNRC,short,mr_ibs,proposed,"{""k"": 2, ""t"": 30}",132,0.11964319249782733,-0.15167188572049442,99.8,0.002997002997002997
real,1D,GNRC,short,mr_ibs,task,"{""k"": 2, ""t"": 30}",132,0.11964319249782733,-0.15167188572049442,99.8,0.002997002997002997
real,1D,GNRC,short,mr_ibs_after_new_high,proposed,"{""n"": 3, ""t"": 15}",65,0.062109790715337794,-0.16081656808090153,94.0,0.060939060939060936
real,1D,GNRC,short,mr_ibs_after_new_high,task,"{""n"": 5, ""t"": 15}",50,-0.0014587257354095695,-0.17103237956913847,82.6,0.17482517482517482
real,1D,GNRC,short,mr_keltner_lower,proposed,"{""mult"": 1.0, ""n"": 10}",149,-0.05336227968860457,-0.1450680174097509,86.0,0.14085914085914086
real,1D,GNRC,short,mr_keltner_lower,task,"{""mult"": 2.5, ""n"": 30}",95,0.01437706333862073,-0.14319656456577423,90.0,0.1008991008991009
real,1D,GNRC,short,mr_lower_lows,proposed,"{""k"": 4}",80,0.03474891401086564,-0.13619365031928368,90.9,0.0919080919080919
real,1D,GNRC,short,mr_lower_lows,task,"{""k"": 4}",80,0.03474891401086564,-0.13619365031928368,90.9,0.0919080919080919
real,1D,GNRC,short,mr_ma_distance,task,"{""level"": 2, ""n"": 10, ""unit"": ""atr""}",149,-0.022364223013477284,-0.14907937278836636,91.0,0.09090909090909091
real,1D,GNRC,short,mr_macd_hist_falling,task,"{""k"": 3}",112,0.045015309774282024,-0.1405045897406871,94.8,0.052947052947052944
real,1D,GNRC,short,mr_macd_hist_trough,task,"{""w"": 5}",237,-0.03786678157168486,-0.1433090104467349,94.8,0.052947052947052944
real,1D,GNRC,short,mr_macd_hist_turn,task,"{""k"": 4}",65,-0.1744576732301194,-0.14827510244976821,42.6,0.5744255744255744
real,1D,GNRC,short,mr_n_day_low,proposed,"{""basis"": ""low"", ""n"": 5}",153,0.03724068093814335,-0.1518761330724904,98.4,0.016983016983016984
real,1D,GNRC,short,mr_n_day_low,task,"{""basis"": ""low"", ""n"": 7}",132,0.03911547724657965,-0.14781295576232045,96.4,0.03696303696303696
real,1D,GNRC,short,mr_rsi,proposed,"{""n"": 2, ""t"": 15}",189,0.07021910241543669,-0.1543082342615739,99.9,0.001998001998001998
real,1D,GNRC,short,mr_rsi,task,"{""n"": 3, ""t"": 10}",66,0.24643118135314662,-0.13735669125065555,99.6,0.004995004995004995
real,1D,GNRC,short,mr_rsi_sum,proposed,"{""level"": 15, ""m"": 2, ""n"": 4}",49,0.27301178099682455,-0.13270062703618915,99.2,0.008991008991008992
real,1D,GNRC,short,mr_rsi_sum,task,"{""level"": 15, ""m"": 3, ""n"": 2}",95,0.27140836217480124,-0.14347686719835379,100.0,0.000999000999000999
real,1D,GNRC,short,mr_stochastic_k,proposed,"{""n"": 9, ""t"": 10}",61,0.06429059709904152,-0.12954144314869895,91.8,0.08291708291708291
real,1D,GNRC,short,mr_stochastic_k,task,"{""n"": 9, ""t"": 10}",61,0.06429059709904152,-0.12954144314869895,91.8,0.08291708291708291
real,1D,GNRC,short,mr_williams_confirm,task,"{""confirm"": ""off"", ""n"": 5, ""t"": 20}",208,-0.020484064673515694,-0.15004930571951627,97.0,0.030969030969030968
real,1D,GNRC,short,mr_zscore,proposed,"{""n"": 10, ""t"": 1.5}",145,0.027635022012581344,-0.14528091910472216,97.4,0.026973026973026972
real,1D,GNRC,short,mr_zscore,task,"{""n"": 10, ""t"": 1.5}",145,0.027635022012581344,-0.14528091910472216,97.4,0.026973026973026972
real,1D,K,short,mr_candle_score,proposed,"{""level"": -2.0, ""mode"": ""level"", ""n"": 5}",120,0.22983109748012714,0.012246637651710102,98.8,0.012987012987012988
real,1D,K,short,mr_candle_score,task,"{""level"": -1.5, ""mode"": ""rising"", ""n"": 3}",92,0.1962871068436836,0.009669572795497757,94.1,0.059940059940059943
real,1D,K,short,mr_connors_rsi,proposed,"{""rsi_len"": 3, ""t"": 30}",46,0.2560691443619951,0.014936030188302326,90.7,0.0939060939060939
real,1D,K,short,mr_connors_rsi,task,,0,,,,
real,1D,K,short,mr_daily_drop,task,"{""atr_expanding"": ""on"", ""d"": 0.02}",63,0.15578552412574942,0.012305024788283775,81.8,0.18281718281718282
real,1D,K,short,mr_down_closes,task,"{""k"": 2}",226,0.10530103532921475,0.015158752862717357,92.6,0.07492507492507493
real,1D,K,short,mr_ema_slope_drop,proposed,"{""n"": 8, ""p"": 0.005}",82,0.3006853470849973,0.012083331911265413,98.1,0.01998001998001998
real,1D,K,short,mr_ema_slope_drop,task,"{""n"": 5, ""p"": 0.01}",42,0.3970852137835755,0.014869349006358267,97.9,0.02197802197802198
real,1D,K,short,mr_ibs,proposed,"{""k"": 2, ""t"": 30}",112,0.16589719239331316,0.020089145472218548,92.4,0.07692307692307693
real,1D,K,short,mr_ibs,task,"{""k"": 2, ""t"": 30}",112,0.16589719239331316,0.020089145472218548,92.4,0.07692307692307693
real,1D,K,short,mr_ibs_after_new_high,proposed,"{""n"": 5, ""t"": 30}",79,0.04597260902397454,0.011600164370331595,59.8,0.4025974025974026
real,1D,K,short,mr_ibs_after_new_high,task,"{""n"": 5, ""t"": 25}",64,-0.02243824119939207,0.010486754550720942,42.6,0.5744255744255744
real,1D,K,short,mr_keltner_lower,proposed,"{""mult"": 1.5, ""n"": 40}",119,0.21984537210383642,0.01385477289727141,97.9,0.02197802197802198
real,1D,K,short,mr_keltner_lower,task,"{""mult"": 2.5, ""n"": 40}",45,0.4607444862426228,0.013618737149248343,99.6,0.004995004995004995
real,1D,K,short,mr_lower_lows,proposed,"{""k"": 4}",71,0.3232503027476426,0.006227067351360711,98.6,0.014985014985014986
real,1D,K,short,mr_lower_lows,task,"{""k"": 5}",37,0.44946519825551673,0.013209483165379954,99.0,0.01098901098901099
real,1D,K,short,mr_ma_distance,task,"{""level"": 1, ""n"": 20, ""unit"": ""atr""}",222,0.21235128690472724,0.015320010309015687,99.8,0.002997002997002997
real,1D,K,short,mr_macd_hist_falling,task,"{""k"": 5}",66,0.28854512812776223,0.012654600237141808,98.0,0.02097902097902098
real,1D,K,short,mr_macd_hist_trough,task,"{""w"": 5}",217,0.20703952229541708,0.015019225960145492,99.9,0.001998001998001998
real,1D,K,short,mr_macd_hist_turn,task,"{""k"": 1}",198,0.06888512001522429,0.011762412480613053,80.0,0.2007992007992008
real,1D,K,short,mr_n_day_low,proposed,"{""basis"": ""low"", ""n"": 20}",54,0.4066443019795945,0.0047188478389318155,99.7,0.003996003996003996
real,1D,K,short,mr_n_day_low,task,"{""basis"": ""low"", ""n"": 7}",101,0.310693463814681,0.01778585145263051,99.5,0.005994005994005994
real,1D,K,short,mr_rsi,proposed,"{""n"": 3, ""t"": 20}",116,0.28736860812752535,0.012512607728159217,99.8,0.002997002997002997
real,1D,K,short,mr_rsi,task,"{""n"": 3, ""t"": 20}",116,0.28736860812752535,0.012512607728159217,99.8,0.002997002997002997
real,1D,K,short,mr_rsi_sum,proposed,"{""level"": 25, ""m"": 2, ""n"": 4}",87,0.2886509200962711,0.01596919136360372,98.9,0.011988011988011988
real,1D,K,short,mr_rsi_sum,task,"{""level"": 15, ""m"": 2, ""n"": 3}",62,0.29102455066978,0.011481862745040827,97.2,0.028971028971028972
real,1D,K,short,mr_stochastic_k,proposed,"{""n"": 21, ""t"": 30}",199,0.2301116999987092,0.016660378596303142,99.8,0.002997002997002997
real,1D,K,short,mr_stochastic_k,task,"{""n"": 21, ""t"": 30}",199,0.2301116999987092,0.016660378596303142,99.8,0.002997002997002997
real,1D,K,short,mr_williams_confirm,task,"{""confirm"": ""off"", ""n"": 10, ""t"": 5}",70,0.3208230346742842,0.019082413321267033,98.3,0.017982017982017984
real,1D,K,short,mr_zscore,proposed,"{""n"": 20, ""t"": 2.0}",42,0.4795223800669788,0.02512085932553234,99.2,0.008991008991008992
real,1D,K,short,mr_zscore,task,"{""n"": 20, ""t"": 2.0}",42,0.4795223800669788,0.02512085932553234,99.2,0.008991008991008992
real,1D,LEN,short,mr_candle_score,proposed,"{""level"": -2.0, ""mode"": ""level"", ""n"": 5}",134,0.11898258638598058,-0.08603521318260761,97.7,0.023976023976023976
real,1D,LEN,short,mr_candle_score,task,"{""level"": -1.5, ""mode"": ""level"", ""n"": 3}",209,0.11290246860503565,-0.08573269780025594,99.9,0.001998001998001998
real,1D,LEN,short,mr_connors_rsi,proposed,"{""rsi_len"": 2, ""t"": 30}",60,0.2881664926997386,-0.06279075417906474,98.9,0.011988011988011988
real,1D,LEN,short,mr_connors_rsi,task,,0,,,,
real,1D,LEN,short,mr_daily_drop,task,"{""atr_expanding"": ""on"", ""d"": 0.03}",89,0.019842693561583816,-0.10195566766881693,84.0,0.16083916083916083
real,1D,LEN,short,mr_down_closes,task,"{""k"": 4}",59,0.34517369998009634,-0.08739986460179326,99.6,0.004995004995004995
real,1D,LEN,short,mr_ema_slope_drop,proposed,"{""n"": 8, ""p"": 0.01}",68,0.132204323148558,-0.09196359377075573,92.7,0.07392607392607392
real,1D,LEN,short,mr_ema_slope_drop,task,"{""n"": 5, ""p"": 0.015}",53,0.1890515385540884,-0.09291028030733751,93.4,0.06693306693306693
real,1D,LEN,short,mr_ibs,proposed,"{""k"": 2, ""t"": 20}",78,0.05802829392931024,-0.09206083658904042,86.8,0.13286713286713286
real,1D,LEN,short,mr_ibs,task,"{""k"": 2, ""t"": 20}",78,0.05802829392931024,-0.09206083658904042,86.8,0.13286713286713286
real,1D,LEN,short,mr_ibs_after_new_high,proposed,"{""n"": 10, ""t"": 25}",42,-0.01590050572430664,-0.07891329583107012,64.8,0.35264735264735264
real,1D,LEN,short,mr_ibs_after_new_high,task,"{""n"": 10, ""t"": 20}",33,-0.10127025859439669,-0.09387593163956948,48.5,0.5154845154845155
real,1D,LEN,short,mr_keltner_lower,proposed,"{""mult"": 2.0, ""n"": 20}",72,0.03327643756405122,-0.09049847243662931,80.2,0.19880119880119881
real,1D,LEN,short,mr_keltner_lower,task,"{""mult"": 1.0, ""n"": 10}",129,0.11698219737252381,-0.08922617470515304,98.0,0.02097902097902098
real,1D,LEN,short,mr_lower_lows,proposed,"{""k"": 3}",153,0.25134659272484994,-0.07984703120841083,100.0,0.000999000999000999
real,1D,LEN,short,mr_lower_lows,task,"{""k"": 5}",37,0.4257127292965206,-0.06731507697408252,99.8,0.002997002997002997
real,1D,LEN,short,mr_ma_distance,task,"{""level"": 1, ""n"": 5, ""unit"": ""atr""}",178,0.03769525582249967,-0.09179072183668838,94.2,0.058941058941058944
real,1D,LEN,short,mr_macd_hist_falling,task,"{""k"": 3}",111,0.134619818555494,-0.08230565581728504,98.1,0.01998001998001998
real,1D,LEN,short,mr_macd_hist_trough,task,"{""w"": 10}",166,0.0946573029484819,-0.0836152820830117,98.6,0.014985014985014986
real,1D,LEN,short,mr_macd_hist_turn,task,"{""k"": 3}",99,-0.18162960429875302,-0.08945452447350916,22.6,0.7742257742257742
real,1D,LEN,short,mr_n_day_low,proposed,"{""basis"": ""close"", ""n"": 5}",220,0.06503031233022223,-0.0904954381807018,99.2,0.008991008991008992
real,1D,LEN,short,mr_n_day_low,task,"{""basis"": ""close"", ""n"": 7}",191,0.04674454499392175,-0.09564108708104825,97.1,0.029970029970029972
real,1D,LEN,short,mr_rsi,proposed,"{""n"": 5, ""t"": 15}",32,0.1744002440144491,-0.07909177079998801,88.2,0.11888111888111888
real,1D,LEN,short,mr_rsi,task,"{""n"": 2, ""t"": 10}",130,0.12053643426541057,-0.0908017251590142,98.7,0.013986013986013986
real,1D,LEN,short,mr_rsi_sum,proposed,"{""level"": 25, ""m"": 3, ""n"": 2}",157,0.085514853573574,-0.07707640880551754,97.3,0.027972027972027972
real,1D,LEN,short,mr_rsi_sum,task,"{""level"": 15, ""m"": 2, ""n"": 3}",70,0.16658048038295162,-0.07470783970728415,97.2,0.028971028971028972
real,1D,LEN,short,mr_stochastic_k,proposed,"{""n"": 5, ""t"": 15}",83,0.19649735086854872,-0.07504801066152439,97.8,0.022977022977022976
real,1D,LEN,short,mr_stochastic_k,task,"{""n"": 9, ""t"": 10}",56,0.25689180021134755,-0.08731298406034099,98.4,0.016983016983016984
real,1D,LEN,short,mr_williams_confirm,task,"{""confirm"": ""off"", ""n"": 10, ""t"": 5}",79,0.12487420543735153,-0.09963023877441436,94.6,0.054945054945054944
real,1D,LEN,short,mr_zscore,proposed,"{""n"": 10, ""t"": 2.0}",66,0.20703476819587224,-0.09808865946944922,97.5,0.025974025974025976
real,1D,LEN,short,mr_zscore,task,"{""n"": 10, ""t"": 2.0}",66,0.20703476819587224,-0.09808865946944922,97.5,0.025974025974025976
real,1D,MSFT,long,mr_candle_score,proposed,"{""level"": -2.5, ""mode"": ""level"", ""n"": 2}",191,0.36503907016522313,0.16212980345445366,99.8,0.002997002997002997
real,1D,MSFT,long,mr_candle_score,task,"{""level"": -1.5, ""mode"": ""level"", ""n"": 3}",175,0.3245907482729769,0.16581985462315907,98.5,0.015984015984015984
real,1D,MSFT,long,mr_connors_rsi,proposed,"{""rsi_len"": 3, ""t"": 30}",229,0.3515822447446082,0.1881286769140185,99.3,0.007992007992007992
real,1D,MSFT,long,mr_connors_rsi,task,"{""rsi_len"": 4, ""t"": 20}",91,0.4102103547586329,0.18479390030237863,96.6,0.03496503496503497
real,1D,MSFT,long,mr_daily_drop,task,"{""atr_expanding"": ""off"", ""d"": 0.01}",219,0.26398535053341055,0.19977891652636087,82.1,0.1798201798201798
real,1D,MSFT,long,mr_down_closes,task,"{""k"": 1}",407,0.2573210263734577,0.17821429496458133,98.4,0.016983016983016984
real,1D,MSFT,long,mr_ema_slope_drop,proposed,"{""n"": 10, ""p"": 0.0025}",142,0.38608072953244993,0.17606292385135372,99.0,0.01098901098901099
real,1D,MSFT,long,mr_ema_slope_drop,task,"{""n"": 10, ""p"": 0.0025}",142,0.38608072953244993,0.17606292385135372,99.0,0.01098901098901099
real,1D,MSFT,long,mr_ibs,proposed,"{""k"": 1, ""t"": 20}",248,0.37897598654633796,0.17564137839318036,100.0,0.000999000999000999
real,1D,MSFT,long,mr_ibs,task,"{""k"": 1, ""t"": 20}",248,0.37897598654633796,0.17564137839318036,100.0,0.000999000999000999
real,1D,MSFT,long,mr_ibs_after_new_high,proposed,"{""n"": 10, ""t"": 15}",42,0.5606212792837655,0.20662572264312187,96.6,0.03496503496503497
real,1D,MSFT,long,mr_ibs_after_new_high,task,"{""n"": 20, ""t"": 15}",30,0.6568928121439389,0.20910923936523554,97.3,0.027972027972027972
real,1D,MSFT,long,mr_keltner_lower,proposed,"{""mult"": 1.5, ""n"": 30}",56,0.44579291810749944,0.15938584436219705,97.2,0.028971028971028972
real,1D,MSFT,long,mr_keltner_lower,task,"{""mult"": 2.0, ""n"": 40}",41,0.4313568525920228,0.16981275684968192,91.7,0.08391608391608392
real,1D,MSFT,long,mr_lower_lows,proposed,"{""k"": 1}",388,0.25077130367065376,0.1717585863244035,98.1,0.01998001998001998
real,1D,MSFT,long,mr_lower_lows,task,"{""k"": 2}",230,0.26308876131550185,0.1584890551771882,95.0,0.05094905094905095
real,1D,MSFT,long,mr_ma_distance,task,"{""level"": 1, ""n"": 10, ""unit"": ""atr""}",151,0.43331774958005337,0.1722562267343129,99.9,0.001998001998001998
real,1D,MSFT,long,mr_macd_hist_falling,task,"{""k"": 2}",131,0.37047733649428766,0.1678137498832462,97.9,0.02197802197802198
real,1D,MSFT,long,mr_macd_hist_trough,task,"{""w"": 3}",305,0.24481501506614922,0.17747804784705665,90.2,0.0989010989010989
real,1D,MSFT,long,mr_macd_hist_turn,task,"{""k"": 1}",255,0.2240626131268638,0.14842498004476953,91.7,0.08391608391608392
real,1D,MSFT,long,mr_n_day_low,proposed,"{""basis"": ""low"", ""n"": 3}",149,0.38605150345777517,0.1849310845240712,99.1,0.00999000999000999
real,1D,MSFT,long,mr_n_day_low,task,"{""basis"": ""low"", ""n"": 3}",149,0.38605150345777517,0.1849310845240712,99.1,0.00999000999000999
real,1D,MSFT,long,mr_rsi,proposed,"{""n"": 7, ""t"": 30}",48,0.6223447770107017,0.16640981754905793,99.7,0.003996003996003996
real,1D,MSFT,long,mr_rsi,task,"{""n"": 5, ""t"": 35}",119,0.3899685050386896,0.17373733165296185,98.1,0.01998001998001998
real,1D,MSFT,long,mr_rsi_sum,proposed,"{""level"": 30, ""m"": 2, ""n"": 4}",92,0.44597920184959433,0.15608882776140212,99.4,0.006993006993006993
real,1D,MSFT,long,mr_rsi_sum,task,"{""level"": 20, ""m"": 2, ""n"": 4}",33,0.6912367042401052,0.15700746736550308,99.6,0.004995004995004995
real,1D,MSFT,long,mr_stochastic_k,proposed,"{""n"": 5, ""t"": 20}",73,0.40016964015320605,0.16747267487831943,96.3,0.03796203796203796
real,1D,MSFT,long,mr_stochastic_k,task,"{""n"": 5, ""t"": 20}",73,0.40016964015320605,0.16747267487831943,96.3,0.03796203796203796
real,1D,MSFT,long,mr_williams_confirm,task,"{""confirm"": ""off"", ""n"": 14, ""t"": 30}",136,0.4121444178333159,0.17625293656952795,99.5,0.005994005994005994
real,1D,MSFT,long,mr_zscore,proposed,"{""n"": 20, ""t"": 1.0}",115,0.4237298665665175,0.17122699750385548,99.4,0.006993006993006993
real,1D,MSFT,long,mr_zscore,task,"{""n"": 40, ""t"": 1.5}",48,0.4147931762887276,0.1574825993246788,94.5,0.055944055944055944
real,1D,RTX,long,mr_candle_score,proposed,"{""level"": -1.5, ""mode"": ""rising"", ""n"": 2}",105,0.3200208161943903,0.02452557893991687,99.7,0.003996003996003996
real,1D,RTX,long,mr_candle_score,task,"{""level"": -1.5, ""mode"": ""rising"", ""n"": 2}",105,0.3200208161943903,0.02452557893991687,99.7,0.003996003996003996
real,1D,RTX,long,mr_connors_rsi,proposed,"{""rsi_len"": 4, ""t"": 20}",105,0.27498187045677575,0.02629480621509345,98.3,0.017982017982017984
real,1D,RTX,long,mr_connors_rsi,task,"{""rsi_len"": 3, ""t"": 20}",133,0.3027439167197387,0.03589693006521905,99.6,0.004995004995004995
real,1D,RTX,long,mr_daily_drop,task,"{""atr_expanding"": ""off"", ""d"": 0.01}",217,0.1692021024142637,0.029698185655463373,97.0,0.030969030969030968
real,1D,RTX,long,mr_down_closes,task,"{""k"": 4}",51,0.4789195715785813,0.036629436463965125,99.5,0.005994005994005994
real,1D,RTX,long,mr_ema_slope_drop,proposed,"{""n"": 5, ""p"": 0.0025}",210,0.1788553224614834,0.028502290903801207,98.2,0.01898101898101898
real,1D,RTX,long,mr_ema_slope_drop,task,"{""n"": 3, ""p"": 0.0025}",252,0.14430464230669912,0.02703447835864947,97.2,0.028971028971028972
real,1D,RTX,long,mr_ibs,proposed,"{""k"": 2, ""t"": 40}",161,0.2407230924684489,0.030094057275304294,98.8,0.012987012987012988
real,1D,RTX,long,mr_ibs,task,"{""k"": 2, ""t"": 40}",161,0.2407230924684489,0.030094057275304294,98.8,0.012987012987012988
real,1D,RTX,long,mr_ibs_after_new_high,proposed,"{""n"": 3, ""t"": 15}",87,0.1508431437862629,0.03737292040390953,82.0,0.18081918081918083
real,1D,RTX,long,mr_ibs_after_new_high,task,"{""n"": 5, ""t"": 10}",51,0.24610434492608993,0.044111085317219335,84.7,0.15384615384615385
real,1D,RTX,long,mr_keltner_lower,proposed,"{""mult"": 2.0, ""n"": 30}",66,0.4040591804440473,0.026084666088481676,99.5,0.005994005994005994
real,1D,RTX,long,mr_keltner_lower,task,"{""mult"": 2.0, ""n"": 30}",66,0.4040591804440473,0.026084666088481676,99.5,0.005994005994005994
real,1D,RTX,long,mr_lower_lows,proposed,"{""k"": 1}",390,0.10358398029938849,0.029726149925518797,96.0,0.04095904095904096
real,1D,RTX,long,mr_lower_lows,task,"{""k"": 2}",222,0.1473543504832626,0.027212653170343198,95.4,0.04695304695304695
real,1D,RTX,long,mr_ma_distance,task,"{""level"": 2, ""n"": 5, ""unit"": ""atr""}",45,0.32721321125348035,0.013349853637609274,96.7,0.03396603396603397
real,1D,RTX,long,mr_macd_hist_falling,task,"{""k"": 3}",106,0.3778080178635571,0.03231256450796311,99.7,0.003996003996003996
real,1D,RTX,long,mr_macd_hist_trough,task,"{""w"": 5}",254,0.1429353084550644,0.026993593175559064,96.9,0.03196803196803197
real,1D,RTX,long,mr_macd_hist_turn,task,"{""k"": 2}",160,0.053212067298073096,0.02853418438121424,59.2,0.4085914085914086
real,1D,RTX,long,mr_n_day_low,proposed,"{""basis"": ""low"", ""n"": 10}",84,0.3121614259263883,0.030917361114645207,98.7,0.013986013986013986
real,1D,RTX,long,mr_n_day_low,task,"{""basis"": ""close"", ""n"": 7}",154,0.22488681202278957,0.03290101256601031,98.1,0.01998001998001998
real,1D,RTX,long,mr_rsi,proposed,"{""n"": 3, ""t"": 20}",112,0.2980877035274775,0.027382933811255644,99.6,0.004995004995004995
real,1D,RTX,long,mr_rsi,task,"{""n"": 3, ""t"": 30}",165,0.24404405438777435,0.029044996960505505,99.5,0.005994005994005994
real,1D,RTX,long,mr_rsi_sum,proposed,"{""level"": 15, ""m"": 2, ""n"": 3}",57,0.5330989207214838,0.034995106722076307,100.0,0.000999000999000999
real,1D,RTX,long,mr_rsi_sum,task,"{""level"": 15, ""m"": 3, ""n"": 2}",67,0.4620075148338432,0.03158672038948062,99.7,0.003996003996003996
real,1D,RTX,long,mr_stochastic_k,proposed,"{""n"": 5, ""t"": 15}",65,0.5059079914475667,0.03663567974321779,99.9,0.001998001998001998
real,1D,RTX,long,mr_stochastic_k,task,"{""n"": 14, ""t"": 10}",43,0.6101110025097336,0.026789135099968966,99.8,0.002997002997002997
real,1D,RTX,long,mr_williams_confirm,task,"{""confirm"": ""off"", ""n"": 10, ""t"": 10}",92,0.25333968070152,0.0288564314868131,96.6,0.03496503496503497
real,1D,RTX,long,mr_zscore,proposed,"{""n"": 20, ""t"": 2.0}",56,0.379365458498305,0.030963696077952692,97.9,0.02197802197802198
real,1D,RTX,long,mr_zscore,task,"{""n"": 10, ""t"": 2.0}",59,0.37349309122934526,0.03117951730853522,98.1,0.01998001998001998
real,1D,SHW,long,mr_candle_score,proposed,"{""level"": -2.5, ""mode"": ""level"", ""n"": 2}",192,0.33619735402443757,0.13223048284798755,99.6,0.004995004995004995
real,1D,SHW,long,mr_candle_score,task,"{""level"": -2.0, ""mode"": ""level"", ""n"": 3}",141,0.30163815043816355,0.13424664712753134,95.6,0.04495504495504495
real,1D,SHW,long,mr_connors_rsi,proposed,"{""rsi_len"": 2, ""t"": 30}",271,0.31706104294647375,0.13619122638006118,100.0,0.000999000999000999
real,1D,SHW,long,mr_connors_rsi,task,"{""rsi_len"": 2, ""t"": 20}",170,0.37868824263592155,0.13444165668789054,99.9,0.001998001998001998
real,1D,SHW,long,mr_daily_drop,task,"{""atr_expanding"": ""off"", ""d"": 0.005}",314,0.2671209898804953,0.13721800277815527,99.4,0.006993006993006993
real,1D,SHW,long,mr_down_closes,task,"{""k"": 2}",208,0.32674369318161145,0.12694173863750627,99.8,0.002997002997002997
real,1D,SHW,long,mr_ema_slope_drop,proposed,"{""n"": 3, ""p"": 0.0075}",140,0.38985721140767904,0.14219384162454454,99.5,0.005994005994005994
real,1D,SHW,long,mr_ema_slope_drop,task,"{""n"": 3, ""p"": 0.005}",188,0.3624287007562134,0.13613994595707932,99.8,0.002997002997002997
real,1D,SHW,long,mr_ibs,proposed,"{""k"": 1, ""t"": 15}",220,0.38862618249401093,0.13906997025822973,100.0,0.000999000999000999
real,1D,SHW,long,mr_ibs,task,"{""k"": 1, ""t"": 20}",254,0.3605978668282785,0.14397083337193284,100.0,0.000999000999000999
real,1D,SHW,long,mr_ibs_after_new_high,proposed,"{""n"": 3, ""t"": 20}",89,0.28798711939611166,0.14871309050420878,87.2,0.12887112887112886
real,1D,SHW,long,mr_ibs_after_new_high,task,"{""n"": 5, ""t"": 20}",76,0.2548146046271307,0.15124185647282937,77.2,0.22877122877122877
real,1D,SHW,long,mr_keltner_lower,proposed,"{""mult"": 1.0, ""n"": 30}",122,0.14103076803526635,0.1319882360824712,53.9,0.46153846153846156
real,1D,SHW,long,mr_keltner_lower,task,"{""mult"": 1.5, ""n"": 40}",99,0.08137873430949606,0.134206482551054,33.4,0.6663336663336663
real,1D,SHW,long,mr_lower_lows,proposed,"{""k"": 2}",225,0.2844432301692032,0.11644809294420513,99.5,0.005994005994005994
real,1D,SHW,long,mr_lower_lows,task,"{""k"": 2}",225,0.2844432301692032,0.11644809294420513,99.5,0.005994005994005994
real,1D,SHW,long,mr_ma_distance,task,"{""level"": 2, ""n"": 5, ""unit"": ""pct""}",65,0.3363145529635437,0.13519329856424,91.1,0.0899100899100899
real,1D,SHW,long,mr_macd_hist_falling,task,"{""k"": 3}",102,0.2981729411660527,0.12855259409261777,93.3,0.06793206793206794
real,1D,SHW,long,mr_macd_hist_trough,task,"{""w"": 3}",303,0.2516767414169908,0.13128206403670484,99.4,0.006993006993006993
real,1D,SHW,long,mr_macd_hist_turn,task,"{""k"": 2}",150,0.10097636858855975,0.11698432999965523,43.2,0.5684315684315684
real,1D,SHW,long,mr_n_day_low,proposed,"{""basis"": ""low"", ""n"": 3}",154,0.45711151864195343,0.1359736692544726,100.0,0.000999000999000999
real,1D,SHW,long,mr_n_day_low,task,"{""basis"": ""low"", ""n"": 3}",154,0.45711151864195343,0.1359736692544726,100.0,0.000999000999000999
real,1D,SHW,long,mr_rsi,proposed,"{""n"": 2, ""t"": 20}",176,0.351114115732926,0.1370986502321361,99.4,0.006993006993006993
real,1D,SHW,long,mr_rsi,task,"{""n"": 2, ""t"": 20}",176,0.351114115732926,0.1370986502321361,99.4,0.006993006993006993
real,1D,SHW,long,mr_rsi_sum,proposed,"{""level"": 30, ""m"": 2, ""n"": 2}",162,0.2419228480486158,0.13141717700850478,90.9,0.0919080919080919
real,1D,SHW,long,mr_rsi_sum,task,"{""level"": 20, ""m"": 2, ""n"": 4}",46,0.10075068065517663,0.1248295797084117,44.8,0.5524475524475524
real,1D,SHW,long,mr_stochastic_k,proposed,"{""n"": 14, ""t"": 10}",37,0.12226139189534362,0.13480424600143423,46.7,0.5334665334665335
real,1D,SHW,long,mr_stochastic_k,task,"{""n"": 14, ""t"": 10}",37,0.12226139189534362,0.13480424600143423,46.7,0.5334665334665335
real,1D,SHW,long,mr_williams_confirm,task,"{""confirm"": ""off"", ""n"": 5, ""t"": 5}",74,0.4469292551728338,0.1356306750413909,98.4,0.016983016983016984
real,1D,SHW,long,mr_zscore,proposed,"{""n"": 10, ""t"": 1.5}",100,0.3016522073770432,0.14266093838983424,91.9,0.08191808191808192
real,1D,SHW,long,mr_zscore,task,"{""n"": 10, ""t"": 2.0}",48,0.28217985363370524,0.13488045793677214,81.0,0.19080919080919082
real,1D,TJX,short,mr_candle_score,proposed,"{""level"": -2.5, ""mode"": ""level"", ""n"": 3}",155,0.1500291242313967,-0.08653494361560915,99.6,0.004995004995004995
real,1D,TJX,short,mr_candle_score,task,"{""level"": -2.0, ""mode"": ""rising"", ""n"": 5}",62,0.1845017294042142,-0.06899035431014662,96.2,0.03896103896103896
real,1D,TJX,short,mr_connors_rsi,proposed,"{""rsi_len"": 2, ""t"": 25}",30,0.3909552650615373,-0.07367409320482984,98.7,0.013986013986013986
real,1D,TJX,short,mr_connors_rsi,task,,0,,,,
real,1D,TJX,short,mr_daily_drop,task,"{""atr_expanding"": ""on"", ""d"": 0.03}",44,-0.07475614046955616,-0.08682519893422017,52.6,0.4745254745254745
real,1D,TJX,short,mr_down_closes,task,"{""k"": 3}",128,0.2045680340979892,-0.0810011022120877,100.0,0.000999000999000999
real,1D,TJX,short,mr_ema_slope_drop,proposed,"{""n"": 8, ""p"": 0.01}",36,0.016185265000574028,-0.07724154435956761,68.5,0.3156843156843157
real,1D,TJX,short,mr_ema_slope_drop,task,"{""n"": 3, ""p"": 0.015}",58,0.06500479657529412,-0.08450483648382508,82.5,0.17582417582417584
real,1D,TJX,short,mr_ibs,proposed,"{""k"": 3, ""t"": 30}",50,0.12411681941885387,-0.08571686855954327,87.3,0.12787212787212787
real,1D,TJX,short,mr_ibs,task,"{""k"": 3, ""t"": 30}",50,0.12411681941885387,-0.08571686855954327,87.3,0.12787212787212787
real,1D,TJX,short,mr_ibs_after_new_high,proposed,"{""n"": 3, ""t"": 15}",60,-0.04824671641016745,-0.0940773116832923,60.7,0.3936063936063936
real,1D,TJX,short,mr_ibs_after_new_high,task,"{""n"": 5, ""t"": 15}",48,-0.13089640663967356,-0.09214152282957876,42.0,0.5804195804195804
real,1D,TJX,short,mr_keltner_lower,proposed,"{""mult"": 2.0, ""n"": 30}",100,0.23833449062246093,-0.08885309293786273,99.7,0.003996003996003996
real,1D,TJX,short,mr_keltner_lower,task,"{""mult"": 1.5, ""n"": 10}",38,0.25069868363638764,-0.08277006007377938,94.2,0.058941058941058944
real,1D,TJX,short,mr_lower_lows,proposed,"{""k"": 3}",139,0.14204289768553022,-0.07469879410992537,99.2,0.008991008991008992
real,1D,TJX,short,mr_lower_lows,task,"{""k"": 3}",139,0.14204289768553022,-0.07469879410992537,99.2,0.008991008991008992
real,1D,TJX,short,mr_ma_distance,task,"{""level"": 3, ""n"": 50, ""unit"": ""atr""}",214,0.10273391120135568,-0.08068102668290701,99.4,0.006993006993006993
real,1D,TJX,short,mr_macd_hist_falling,task,"{""k"": 5}",67,0.173693058795639,-0.07498733111179413,96.6,0.03496503496503497
real,1D,TJX,short,mr_macd_hist_trough,task,"{""w"": 10}",161,0.06675001941713574,-0.08011655375404537,95.2,0.04895104895104895
real,1D,TJX,short,mr_macd_hist_turn,task,"{""k"": 1}",227,-0.1020028738624598,-0.07308365102435795,30.6,0.6943056943056943
real,1D,TJX,short,mr_n_day_low,proposed,"{""basis"": ""low"", ""n"": 10}",112,0.12448148171710297,-0.08081549453071632,96.8,0.03296703296703297
real,1D,TJX,short,mr_n_day_low,task,"{""basis"": ""low"", ""n"": 10}",112,0.12448148171710297,-0.08081549453071632,96.8,0.03296703296703297
real,1D,TJX,short,mr_rsi,proposed,"{""n"": 5, ""t"": 20}",55,0.2706206374815964,-0.0882531550147262,98.8,0.012987012987012988
real,1D,TJX,short,mr_rsi,task,"{""n"": 3, ""t"": 20}",142,0.2020806771716476,-0.08494826126044504,100.0,0.000999000999000999
real,1D,TJX,short,mr_rsi_sum,proposed,"{""level"": 20, ""m"": 2, ""n"": 5}",43,0.3592561779898001,-0.07956681268503615,99.4,0.006993006993006993
real,1D,TJX,short,mr_rsi_sum,task,"{""level"": 10, ""m"": 2, ""n"": 2}",92,0.3002343686507159,-0.07654078981160681,100.0,0.000999000999000999
real,1D,TJX,short,mr_stochastic_k,proposed,"{""n"": 9, ""t"": 10}",58,0.14112179076388484,-0.08626730118587368,91.7,0.08391608391608392
real,1D,TJX,short,mr_stochastic_k,task,"{""n"": 14, ""t"": 10}",68,0.09496754733278942,-0.0762417061955136,90.2,0.0989010989010989
real,1D,TJX,short,mr_williams_confirm,task,"{""confirm"": ""on"", ""n"": 10, ""t"": 10}",116,0.14724405869956733,-0.07175246548830935,98.5,0.015984015984015984
real,1D,TJX,short,mr_zscore,proposed,"{""n"": 40, ""t"": 1.5}",149,0.12393749398203797,-0.07977139005230814,98.8,0.012987012987012988
real,1D,TJX,short,mr_zscore,task,"{""n"": 40, ""t"": 1.5}",149,0.12393749398203797,-0.07977139005230814,98.8,0.012987012987012988
real,1D,TMUS,long,mr_candle_score,proposed,"{""level"": -2.0, ""mode"": ""level"", ""n"": 3}",170,0.2484715655591372,0.07871856072280004,98.4,0.016983016983016984
real,1D,TMUS,long,mr_candle_score,task,"{""level"": -2.0, ""mode"": ""level"", ""n"": 2}",234,0.17234429003407453,0.0807252484284643,93.6,0.06493506493506493
real,1D,TMUS,long,mr_connors_rsi,proposed,"{""rsi_len"": 5, ""t"": 30}",214,0.17914710647438453,0.0833182381759494,93.6,0.06493506493506493
real,1D,TMUS,long,mr_connors_rsi,task,"{""rsi_len"": 2, ""t"": 20}",175,0.1875628586229879,0.0774770557486119,91.3,0.08791208791208792
real,1D,TMUS,long,mr_daily_drop,task,"{""atr_expanding"": ""on"", ""d"": 0.01}",161,0.22583706742042325,0.08223724646463913,95.8,0.04295704295704296
real,1D,TMUS,long,mr_down_closes,task,"{""k"": 3}",111,0.2879069631725793,0.07917412317356147,98.1,0.01998001998001998
real,1D,TMUS,long,mr_ema_slope_drop,proposed,"{""n"": 8, ""p"": 0.0025}",178,0.21875339051711068,0.07772989507965403,97.0,0.030969030969030968
real,1D,TMUS,long,mr_ema_slope_drop,task,"{""n"": 20, ""p"": 0.0025}",105,0.33887548363326514,0.07438762320272804,99.2,0.008991008991008992
real,1D,TMUS,long,mr_ibs,proposed,"{""k"": 2, ""t"": 40}",167,0.18110767686113324,0.08317157618013694,89.7,0.1038961038961039
real,1D,TMUS,long,mr_ibs,task,"{""k"": 2, ""t"": 40}",167,0.18110767686113324,0.08317157618013694,89.7,0.1038961038961039
real,1D,TMUS,long,mr_ibs_after_new_high,proposed,"{""n"": 10, ""t"": 20}",53,0.009838304785469933,0.0884256879098521,33.8,0.6623376623376623
real,1D,TMUS,long,mr_ibs_after_new_high,task,"{""n"": 20, ""t"": 20}",35,-0.013104515186982673,0.08845083056723703,31.6,0.6843156843156843
real,1D,TMUS,long,mr_keltner_lower,proposed,"{""mult"": 1.5, ""n"": 10}",30,0.5115152115367361,0.06990907156849317,97.7,0.023976023976023976
real,1D,TMUS,long,mr_keltner_lower,task,"{""mult"": 1.0, ""n"": 40}",126,0.23622122618120955,0.0777621689866379,96.4,0.03696303696303696
real,1D,TMUS,long,mr_lower_lows,proposed,"{""k"": 1}",394,0.1676766337663338,0.07312568475690297,99.5,0.005994005994005994
real,1D,TMUS,long,mr_lower_lows,task,"{""k"": 2}",214,0.23900776013907385,0.07733490903147158,99.1,0.00999000999000999
real,1D,TMUS,long,mr_ma_distance,task,"{""level"": 3, ""n"": 20, ""unit"": ""pct""}",82,0.30396619933729757,0.07683568884179655,95.8,0.04295704295704296
real,1D,TMUS,long,mr_macd_hist_falling,task,"{""k"": 2}",139,0.24807212559858358,0.07316936293182676,97.5,0.025974025974025976
real,1D,TMUS,long,mr_macd_hist_trough,task,"{""w"": 3}",294,0.11103017185241744,0.07924515881928744,74.5,0.25574425574425574
real,1D,TMUS,long,mr_macd_hist_turn,task,"{""k"": 4}",66,0.16744071820094678,0.07458607310039087,75.2,0.24875124875124874
real,1D,TMUS,long,mr_n_day_low,proposed,"{""basis"": ""low"", ""n"": 20}",51,0.46130317019966216,0.07265494756655333,99.2,0.008991008991008992
real,1D,TMUS,long,mr_n_day_low,task,"{""basis"": ""close"", ""n"": 3}",244,0.15990746664998212,0.08219705430477331,89.3,0.10789210789210789
real,1D,TMUS,long,mr_rsi,proposed,"{""n"": 2, ""t"": 30}",234,0.16357899040790808,0.08141748767365156,90.6,0.09490509490509491
real,1D,TMUS,long,mr_rsi,task,"{""n"": 5, ""t"": 35}",141,0.25705739889819,0.07249784773350672,98.3,0.017982017982017984
real,1D,TMUS,long,mr_rsi_sum,proposed,"{""level"": 25, ""m"": 2, ""n"": 3}",93,0.2506808974382125,0.0806895464742343,93.0,0.07092907092907093
real,1D,TMUS,long,mr_rsi_sum,task,"{""level"": 20, ""m"": 3, ""n"": 2}",88,0.23614737105474398,0.07569169541705266,90.8,0.09290709290709291
real,1D,TMUS,long,mr_stochastic_k,proposed,"{""n"": 9, ""t"": 10}",30,0.4635632742956671,0.06574112025808214,97.1,0.029970029970029972
real,1D,TMUS,long,mr_stochastic_k,task,"{""n"": 9, ""t"": 20}",100,0.2372852369375561,0.0742075612450052,93.1,0.06993006993006994
real,1D,TMUS,long,mr_williams_confirm,task,"{""confirm"": ""off"", ""n"": 10, ""t"": 20}",140,0.2532213889912651,0.07951736857326795,97.8,0.022977022977022976
real,1D,TMUS,long,mr_zscore,proposed,"{""n"": 10, ""t"": 1.5}",108,0.30636661735511134,0.0815778925201109,98.2,0.01898101898101898
real,1D,TMUS,long,mr_zscore,task,"{""n"": 20, ""t"": 2.0}",47,0.4892810071469658,0.07518338703053916,98.9,0.011988011988011988
real,1D,TXN,long,mr_candle_score,proposed,"{""level"": -1.0, ""mode"": ""level"", ""n"": 2}",284,0.2725853084138209,0.08237400778639889,100.0,0.000999000999000999
real,1D,TXN,long,mr_candle_score,task,"{""level"": -2.0, ""mode"": ""level"", ""n"": 3}",141,0.31110785106397315,0.08250019081561466,99.6,0.004995004995004995
real,1D,TXN,long,mr_connors_rsi,proposed,"{""rsi_len"": 2, ""t"": 25}",222,0.29313646463778925,0.08597961195817115,99.6,0.004995004995004995
real,1D,TXN,long,mr_connors_rsi,task,"{""rsi_len"": 5, ""t"": 15}",34,0.5015244079414051,0.0821775758035468,98.4,0.016983016983016984
real,1D,TXN,long,mr_daily_drop,task,"{""atr_expanding"": ""off"", ""d"": 0.01}",263,0.2623482945123497,0.08793231952472574,99.8,0.002997002997002997
real,1D,TXN,long,mr_down_closes,task,"{""k"": 2}",203,0.322093211256691,0.08736589205033998,100.0,0.000999000999000999
real,1D,TXN,long,mr_ema_slope_drop,proposed,"{""n"": 8, ""p"": 0.005}",116,0.3826854919896431,0.08768379555817783,99.9,0.001998001998001998
real,1D,TXN,long,mr_ema_slope_drop,task,"{""n"": 3, ""p"": 0.0025}",266,0.27641172238082534,0.08905142949525341,100.0,0.000999000999000999
real,1D,TXN,long,mr_ibs,proposed,"{""k"": 1, ""t"": 20}",264,0.2947503210864949,0.09284322512727075,100.0,0.000999000999000999
real,1D,TXN,long,mr_ibs,task,"{""k"": 1, ""t"": 20}",264,0.2947503210864949,0.09284322512727075,100.0,0.000999000999000999
real,1D,TXN,long,mr_ibs_after_new_high,proposed,"{""n"": 5, ""t"": 20}",84,0.14379055464180013,0.10002211972025392,62.2,0.3786213786213786
real,1D,TXN,long,mr_ibs_after_new_high,task,"{""n"": 10, ""t"": 15}",42,0.18961695905734388,0.0948584406943015,70.0,0.3006993006993007
real,1D,TXN,long,mr_keltner_lower,proposed,"{""mult"": 0.5, ""n"": 30}",169,0.2791238061871387,0.08740750443772136,99.3,0.007992007992007992
real,1D,TXN,long,mr_keltner_lower,task,"{""mult"": 1.5, ""n"": 20}",57,0.42009538468300345,0.0828076141171189,98.7,0.013986013986013986
real,1D,TXN,long,mr_lower_lows,proposed,"{""k"": 2}",228,0.31707633767716,0.08087133669221262,100.0,0.000999000999000999
real,1D,TXN,long,mr_lower_lows,task,"{""k"": 2}",228,0.31707633767716,0.08087133669221262,100.0,0.000999000999000999
real,1D,TXN,long,mr_ma_distance,task,"{""level"": 3, ""n"": 5, ""unit"": ""pct""}",31,0.6076461017515291,0.07158616303522769,99.7,0.003996003996003996
real,1D,TXN,long,mr_macd_hist_falling,task,"{""k"": 3}",103,0.24824907601336396,0.08242325002340725,94.7,0.053946053946053944
real,1D,TXN,long,mr_macd_hist_trough,task,"{""w"": 3}",316,0.26834908471629115,0.08304450100263493,100.0,0.000999000999000999
real,1D,TXN,long,mr_macd_hist_turn,task,"{""k"": 2}",149,0.25094515286038027,0.07800601807648978,98.2,0.01898101898101898
real,1D,TXN,long,mr_n_day_low,proposed,"{""basis"": ""close"", ""n"": 5}",185,0.32476358483039625,0.08450748815788386,99.9,0.001998001998001998
real,1D,TXN,long,mr_n_day_low,task,"{""basis"": ""close"", ""n"": 7}",147,0.36971883100946457,0.08584499145567466,100.0,0.000999000999000999
real,1D,TXN,long,mr_rsi,proposed,"{""n"": 3, ""t"": 30}",166,0.2993396372444331,0.08377211745044547,99.9,0.001998001998001998
real,1D,TXN,long,mr_rsi,task,"{""n"": 3, ""t"": 30}",166,0.2993396372444331,0.08377211745044547,99.9,0.001998001998001998
real,1D,TXN,long,mr_rsi_sum,proposed,"{""level"": 25, ""m"": 2, ""n"": 2}",139,0.311803242524217,0.07731296685168831,99.7,0.003996003996003996
real,1D,TXN,long,mr_rsi_sum,task,"{""level"": 20, ""m"": 2, ""n"": 2}",107,0.3401025659754262,0.08215984809155732,99.9,0.001998001998001998
real,1D,TXN,long,mr_stochastic_k,proposed,"{""n"": 9, ""t"": 15}",51,0.3799566968479113,0.08558710955018246,97.1,0.029970029970029972
real,1D,TXN,long,mr_stochastic_k,task,"{""n"": 9, ""t"": 20}",86,0.3050025444633984,0.07650669541261751,97.3,0.027972027972027972
real,1D,TXN,long,mr_williams_confirm,task,"{""confirm"": ""off"", ""n"": 10, ""t"": 20}",130,0.3447843704270597,0.08791071591919468,99.5,0.005994005994005994
real,1D,TXN,long,mr_zscore,proposed,"{""n"": 20, ""t"": 1.5}",87,0.3460081809640741,0.09509634023723922,98.0,0.02097902097902098
real,1D,TXN,long,mr_zscore,task,"{""n"": 10, ""t"": 1.5}",98,0.295329156896958,0.08784453001178279,97.0,0.030969030969030968
real,1D,TXN,short,mr_candle_score,proposed,"{""level"": -2.0, ""mode"": ""level"", ""n"": 5}",156,0.0804239373271479,-0.09565048134932415,97.2,0.028971028971028972
real,1D,TXN,short,mr_candle_score,task,"{""level"": -3.0, ""mode"": ""level"", ""n"": 5}",54,0.28099742273451744,-0.10259218312690067,98.9,0.011988011988011988
real,1D,TXN,short,mr_connors_rsi,proposed,"{""rsi_len"": 3, ""t"": 30}",58,-0.009207063006859577,-0.10148947792651511,71.7,0.2837162837162837
real,1D,TXN,short,mr_connors_rsi,task,,0,,,,
real,1D,TXN,short,mr_daily_drop,task,"{""atr_expanding"": ""on"", ""d"": 0.03}",49,0.33752110601431906,-0.12031557560590936,99.5,0.005994005994005994
real,1D,TXN,short,mr_down_closes,task,"{""k"": 3}",125,0.24811318881921354,-0.09835773713465966,100.0,0.000999000999000999
real,1D,TXN,short,mr_ema_slope_drop,proposed,"{""n"": 5, ""p"": 0.0075}",126,0.33089016478148453,-0.0994054068004095,100.0,0.000999000999000999
real,1D,TXN,short,mr_ema_slope_drop,task,"{""n"": 3, ""p"": 0.01}",140,0.297587739446052,-0.10749742693828163,100.0,0.000999000999000999
real,1D,TXN,short,mr_ibs,proposed,"{""k"": 2, ""t"": 30}",152,0.1402058621190705,-0.09792660673591809,99.6,0.004995004995004995
real,1D,TXN,short,mr_ibs,task,"{""k"": 2, ""t"": 20}",93,0.12359196762213484,-0.09784911670017242,96.8,0.03296703296703297
real,1D,TXN,short,mr_ibs_after_new_high,proposed,"{""n"": 10, ""t"": 20}",39,0.08075193484421733,-0.11488507055976006,85.0,0.15084915084915085
real,1D,TXN,short,mr_ibs_after_new_high,task,"{""n"": 5, ""t"": 15}",61,0.04608451684799271,-0.11192060269698266,83.2,0.16883116883116883
real,1D,TXN,short,mr_keltner_lower,proposed,"{""mult"": 1.0, ""n"": 20}",204,0.0726728444768823,-0.09528451244398134,99.6,0.004995004995004995
real,1D,TXN,short,mr_keltner_lower,task,"{""mult"": 2.5, ""n"": 30}",69,0.10815025476042076,-0.09144807119813866,92.6,0.07492507492507493
real,1D,TXN,short,mr_lower_lows,proposed,"{""k"": 3}",172,0.16425391892609162,-0.092541425030963,100.0,0.000999000999000999
real,1D,TXN,short,mr_lower_lows,task,"{""k"": 5}",49,0.3416351986329161,-0.10236129666965146,99.1,0.00999000999000999
real,1D,TXN,short,mr_ma_distance,task,"{""level"": 3, ""n"": 20, ""unit"": ""pct""}",136,0.2115077877553768,-0.10343551088237475,100.0,0.000999000999000999
real,1D,TXN,short,mr_macd_hist_falling,task,"{""k"": 3}",108,0.20791727960998557,-0.10198764390177291,99.6,0.004995004995004995
real,1D,TXN,short,mr_macd_hist_trough,task,"{""w"": 10}",167,0.12922172378313368,-0.09837544555345881,99.7,0.003996003996003996
real,1D,TXN,short,mr_macd_hist_turn,task,"{""k"": 3}",83,-0.09292130071166431,-0.09719333884649442,50.7,0.4935064935064935
real,1D,TXN,short,mr_n_day_low,proposed,"{""basis"": ""low"", ""n"": 5}",163,0.12340695245622345,-0.102863627263752,99.5,0.005994005994005994
real,1D,TXN,short,mr_n_day_low,task,"{""basis"": ""low"", ""n"": 7}",143,0.13711986320876643,-0.10267245380279148,99.7,0.003996003996003996
real,1D,TXN,short,mr_rsi,proposed,"{""n"": 7, ""t"": 35}",165,0.12080362549390904,-0.09364894639456678,99.5,0.005994005994005994
real,1D,TXN,short,mr_rsi,task,"{""n"": 3, ""t"": 35}",268,0.09186879919275925,-0.09435060505536308,99.9,0.001998001998001998
real,1D,TXN,short,mr_rsi_sum,proposed,"{""level"": 30, ""m"": 3, ""n"": 4}",143,0.17664286396494866,-0.0857224751457513,99.9,0.001998001998001998
real,1D,TXN,short,mr_rsi_sum,task,"{""level"": 5, ""m"": 2, ""n"": 2}",47,0.3415145220352325,-0.10514413499512557,99.5,0.005994005994005994
real,1D,TXN,short,mr_stochastic_k,proposed,"{""n"": 5, ""t"": 10}",64,0.3071602388751722,-0.10190262476306197,99.8,0.002997002997002997
real,1D,TXN,short,mr_stochastic_k,task,"{""n"": 5, ""t"": 10}",64,0.3071602388751722,-0.10190262476306197,99.8,0.002997002997002997
real,1D,TXN,short,mr_williams_confirm,task,"{""confirm"": ""on"", ""n"": 5, ""t"": 10}",159,0.1281168575210547,-0.08215972795713555,99.7,0.003996003996003996
real,1D,TXN,short,mr_zscore,proposed,"{""n"": 20, ""t"": 1.5}",143,0.21325986325799562,-0.09697254432657045,100.0,0.000999000999000999
real,1D,TXN,short,mr_zscore,task,"{""n"": 20, ""t"": 1.5}",143,0.21325986325799562,-0.09697254432657045,100.0,0.000999000999000999
real,1H,ARKK,long,tf_adx_di,proposed,"{""n"": 14, ""t"": 10.0}",490,0.5979725445778842,0.1925841782298129,100.0,0.000999000999000999
real,1H,ARKK,long,tf_adx_di,task,"{""n"": 14, ""t"": 15.0}",401,0.7029612322910567,0.21767694907589508,100.0,0.000999000999000999
real,1H,ARKK,long,tf_aroon_cross,proposed,"{""n"": 10}",585,0.33383907180164446,0.18028545142173077,95.0,0.05094905094905095
real,1H,ARKK,long,tf_aroon_cross,task,"{""n"": 25}",252,0.6717008791772873,0.36363396123571057,93.5,0.06593406593406594
real,1H,ARKK,long,tf_atr_band,task,"{""k"": 2.0, ""m"": 50, ""n"": 20}",2396,0.13043235738625983,0.05485570937670596,100.0,0.000999000999000999
real,1H,ARKK,long,tf_base_candle,task,"{""frac"": 0.5}",796,0.35050652825743395,0.12273987314787657,100.0,0.000999000999000999
real,1H,ARKK,long,tf_bb_upper_cross,proposed,"{""mult"": 2.0, ""n"": 10}",226,0.9059388590976998,0.40185075088312006,98.9,0.011988011988011988
real,1H,ARKK,long,tf_bb_upper_cross,task,"{""mult"": 1.5, ""n"": 20}",252,0.884824057125189,0.417242475632094,99.3,0.007992007992007992
real,1H,ARKK,long,tf_donchian_breakout,task,"{""n"": 10}",310,0.748497422776498,0.34120029248628503,99.3,0.007992007992007992
real,1H,ARKK,long,tf_hma_turn,task,"{""n"": 16}",746,0.4292849178228782,0.14782015287551675,100.0,0.000999000999000999
real,1H,ARKK,long,tf_ichimoku_cloud,task,"{""base"": 22, ""conversion"": 9, ""span_b"": 60}",217,0.8201292413518532,0.49250463262215244,90.5,0.0959040959040959
real,1H,ARKK,long,tf_kama_cross,task,"{""n"": 5}",1119,0.30289279619670706,0.09646054425604145,100.0,0.000999000999000999
real,1H,ARKK,long,tf_keltner_breakout,proposed,"{""mult"": 0.75, ""n"": 20}",309,0.8814824105813925,0.3529505739584415,99.8,0.002997002997002997
real,1H,ARKK,long,tf_keltner_breakout,task,"{""mult"": 1.0, ""n"": 20}",267,0.8961274435262165,0.40473269764205283,99.3,0.007992007992007992
real,1H,ARKK,long,tf_ma_slope,task,"{""n"": 20}",568,0.4644128141849419,0.1855142254505683,99.9,0.001998001998001998
real,1H,ARKK,long,tf_momentum_cross,task,"{""n"": 10}",828,0.34630573842902745,0.12855401789817753,100.0,0.000999000999000999
real,1H,ARKK,long,tf_psar_flip,task,"{""maximum"": 0.4, ""step"": 0.02}",568,0.40284731244146355,0.17929639586185536,99.5,0.005994005994005994
real,1H,ARKK,long,tf_sma_cross,proposed,"{""fast"": 10, ""slow"": 50}",166,1.114751932205057,0.4814324127172964,98.5,0.015984015984015984
real,1H,ARKK,long,tf_sma_cross,task,"{""fast"": 10, ""slow"": 100}",112,1.1410949617693005,0.5074408070586132,93.6,0.06493506493506493
real,1H,ARKK,long,tf_supertrend_flip,task,"{""atr"": 14, ""factor"": 2.0}",382,0.6561788756700689,0.2801110605172393,100.0,0.000999000999000999
real,1H,BAC,long,tf_adx_di,proposed,"{""n"": 10, ""t"": 20.0}",433,0.38679235492119723,0.18168399775013827,95.5,0.04595404595404595
real,1H,BAC,long,tf_adx_di,task,"{""n"": 21, ""t"": 15.0}",262,0.7177123058418626,0.22918483173576565,99.3,0.007992007992007992
real,1H,BAC,long,tf_aroon_cross,proposed,"{""n"": 50}",136,1.1387168240927812,0.40327451365022005,98.0,0.02097902097902098
real,1H,BAC,long,tf_aroon_cross,task,"{""n"": 50}",136,1.1387168240927812,0.40327451365022005,98.0,0.02097902097902098
real,1H,BAC,long,tf_atr_band,task,"{""k"": 3.0, ""m"": 14, ""n"": 10}",314,0.5590941829353439,0.2943957837006387,94.4,0.056943056943056944
real,1H,BAC,long,tf_base_candle,task,"{""frac"": 0.25}",640,0.22849590635256822,0.14703737127702507,85.3,0.14785214785214784
real,1H,BAC,long,tf_bb_upper_cross,proposed,"{""mult"": 1.0, ""n"": 40}",219,0.8639521006172552,0.3558810684404848,98.2,0.01898101898101898
real,1H,BAC,long,tf_bb_upper_cross,task,"{""mult"": 1.5, ""n"": 30}",213,0.8142118242025256,0.3791703466188251,95.8,0.04295704295704296
real,1H,BAC,long,tf_donchian_breakout,task,"{""n"": 20}",217,0.7580960128583661,0.3676869516726165,95.2,0.04895104895104895
real,1H,BAC,long,tf_hma_turn,task,"{""n"": 49}",392,0.3657938109257029,0.2238310941797993,84.9,0.15184815184815184
real,1H,BAC,long,tf_ichimoku_cloud,task,"{""base"": 26, ""conversion"": 9, ""span_b"": 60}",231,0.770319737941386,0.37254622486996297,96.3,0.03796203796203796
real,1H,BAC,long,tf_kama_cross,task,"{""n"": 30}",622,0.30106762978728785,0.14424197943083011,95.9,0.04195804195804196
real,1H,BAC,long,tf_keltner_breakout,proposed,"{""mult"": 1.5, ""n"": 30}",205,1.0668966269638307,0.38499145225017123,99.6,0.004995004995004995
real,1H,BAC,long,tf_keltner_breakout,task,"{""mult"": 2.5, ""n"": 30}",138,1.3378273473709543,0.4582894794598779,98.7,0.013986013986013986
real,1H,BAC,long,tf_ma_slope,task,"{""n"": 20}",698,0.26382038806840435,0.12911578667072998,96.0,0.04095904095904096
real,1H,BAC,long,tf_momentum_cross,task,"{""n"": 20}",696,0.26355065793379084,0.13070557806006397,96.7,0.03396603396603397
real,1H,BAC,long,tf_psar_flip,task,"{""maximum"": 0.3, ""step"": 0.01}",390,0.2646281605237222,0.22825531384954997,59.3,0.4075924075924076
real,1H,BAC,long,tf_sma_cross,proposed,"{""fast"": 5, ""slow"": 100}",149,1.1195630183354246,0.3277463500055356,99.4,0.006993006993006993
real,1H,BAC,long,tf_sma_cross,task,"{""fast"": 10, ""slow"": 60}",148,0.9774437343985067,0.3879366221583528,95.4,0.04695304695304695
real,1H,BAC,long,tf_supertrend_flip,task,"{""atr"": 20, ""factor"": 3.0}",212,0.7552579481226633,0.3501015498482377,95.8,0.04295704295704296
real,1H,MRNA,long,tf_adx_di,proposed,"{""n"": 10, ""t"": 15.0}",434,0.2620933523121265,0.12728621528683784,87.5,0.1258741258741259
real,1H,MRNA,long,tf_adx_di,task,"{""n"": 21, ""t"": 15.0}",204,0.6460093577855914,0.17858247274247457,97.8,0.022977022977022976
real,1H,MRNA,long,tf_aroon_cross,proposed,"{""n"": 25}",215,0.7450443537823477,0.21740117003575238,99.5,0.005994005994005994
real,1H,MRNA,long,tf_aroon_cross,task,"{""n"": 25}",215,0.7450443537823477,0.21740117003575238,99.5,0.005994005994005994
real,1H,MRNA,long,tf_atr_band,task,"{""k"": 2.5, ""m"": 10, ""n"": 5}",212,0.886114759874272,0.2325623119854999,99.9,0.001998001998001998
real,1H,MRNA,long,tf_base_candle,task,"{""frac"": 0.3333333333333333}",497,0.20845386685827125,0.11266334720977159,83.6,0.16483516483516483
real,1H,MRNA,long,tf_bb_upper_cross,proposed,"{""mult"": 2.0, ""n"": 30}",117,1.302427482634688,0.3233401528959145,99.0,0.01098901098901099
real,1H,MRNA,long,tf_bb_upper_cross,task,"{""mult"": 2.0, ""n"": 30}",117,1.302427482634688,0.3233401528959145,99.0,0.01098901098901099
real,1H,MRNA,long,tf_donchian_breakout,task,"{""n"": 20}",144,0.8453941579534922,0.29152132660080965,94.5,0.055944055944055944
real,1H,MRNA,long,tf_hma_turn,task,"{""n"": 49}",267,0.4219862711552871,0.2105402623855862,87.1,0.12987012987012986
real,1H,MRNA,long,tf_ichimoku_cloud,task,"{""base"": 26, ""conversion"": 9, ""span_b"": 60}",145,0.9915597450585535,0.3032254850035403,97.8,0.022977022977022976
real,1H,MRNA,long,tf_kama_cross,task,"{""n"": 30}",457,0.2641161767283284,0.11683806951880196,92.1,0.07992007992007992
real,1H,MRNA,long,tf_keltner_breakout,proposed,"{""mult"": 2.0, ""n"": 30}",121,1.2385704575386032,0.3317221033905142,98.9,0.011988011988011988
real,1H,MRNA,long,tf_keltner_breakout,task,"{""mult"": 2.0, ""n"": 30}",121,1.2385704575386032,0.3317221033905142,98.9,0.011988011988011988
real,1H,MRNA,long,tf_ma_slope,task,"{""n"": 100}",178,0.4714686860681458,0.14112689142561133,91.4,0.08691308691308691
real,1H,MRNA,long,tf_momentum_cross,task,"{""n"": 20}",487,0.22915241809394174,0.11199214486388977,89.6,0.1048951048951049
real,1H,MRNA,long,tf_psar_flip,task,"{""maximum"": 0.1, ""step"": 0.03}",454,0.24929912821436293,0.1306366570443242,86.6,0.13486513486513488
real,1H,MRNA,long,tf_sma_cross,proposed,"{""fast"": 20, ""slow"": 30}",198,0.6776764568963308,0.22319347695092387,97.4,0.026973026973026972
real,1H,MRNA,long,tf_sma_cross,task,"{""fast"": 10, ""slow"": 60}",109,1.3285463939307003,0.3235046207305219,99.3,0.007992007992007992
real,1H,MRNA,long,tf_supertrend_flip,task,"{""atr"": 14, ""factor"": 3.0}",149,0.8518673376973324,0.28677850976414754,95.6,0.04495504495504495
real,1H,TSLA,long,tf_adx_di,proposed,"{""n"": 10, ""t"": 10.0}",639,0.47406426389886364,0.21612376654320106,99.9,0.001998001998001998
real,1H,TSLA,long,tf_adx_di,task,"{""n"": 7, ""t"": 25.0}",437,0.48720131619866713,0.25729193660274646,95.5,0.04595404595404595
real,1H,TSLA,long,tf_aroon_cross,proposed,"{""n"": 14}",477,0.5946400557477726,0.28237583760901835,99.6,0.004995004995004995
real,1H,TSLA,long,tf_aroon_cross,task,"{""n"": 14}",477,0.5946400557477726,0.28237583760901835,99.6,0.004995004995004995
real,1H,TSLA,long,tf_atr_band,task,"{""k"": 2.5, ""m"": 14, ""n"": 40}",3522,0.10597855501562765,0.050449235455055155,100.0,0.000999000999000999
real,1H,TSLA,long,tf_base_candle,task,"{""frac"": 0.5}",779,0.4427369535195281,0.17427469763116107,100.0,0.000999000999000999
real,1H,TSLA,long,tf_bb_upper_cross,proposed,"{""mult"": 2.0, ""n"": 40}",145,1.5583738892614998,0.652316847560016,98.4,0.016983016983016984
real,1H,TSLA,long,tf_bb_upper_cross,task,"{""mult"": 1.5, ""n"": 10}",424,0.5435827458409682,0.3321433789200224,95.1,0.04995004995004995
real,1H,TSLA,long,tf_donchian_breakout,task,"{""n"": 100}",103,1.8693912824071144,0.6381911761354899,99.6,0.004995004995004995
real,1H,TSLA,long,tf_hma_turn,task,"{""n"": 25}",643,0.5642132708411204,0.21028389253784666,100.0,0.000999000999000999
real,1H,TSLA,long,tf_ichimoku_cloud,task,"{""base"": 40, ""conversion"": 9, ""span_b"": 44}",231,1.2949842142476815,0.6122739136373109,99.4,0.006993006993006993
real,1H,TSLA,long,tf_kama_cross,task,"{""n"": 5}",1254,0.275869488721134,0.1095660202750786,100.0,0.000999000999000999
real,1H,TSLA,long,tf_keltner_breakout,proposed,"{""mult"": 1.0, ""n"": 40}",213,1.0119590674042034,0.5856826253058901,94.1,0.059940059940059943
real,1H,TSLA,long,tf_keltner_breakout,task,"{""mult"": 1.0, ""n"": 40}",213,1.0119590674042034,0.5856826253058901,94.1,0.059940059940059943
real,1H,TSLA,long,tf_ma_slope,task,"{""n"": 20}",631,0.39870435778481506,0.21084779173843443,98.7,0.013986013986013986
real,1H,TSLA,long,tf_momentum_cross,task,"{""n"": 10}",945,0.33466713486449456,0.14289612089082845,99.9,0.001998001998001998
real,1H,TSLA,long,tf_psar_flip,task,"{""maximum"": 0.1, ""step"": 0.03}",591,0.5563384021695044,0.2326562678266514,100.0,0.000999000999000999
real,1H,TSLA,long,tf_sma_cross,proposed,"{""fast"": 5, ""slow"": 50}",230,0.8028996703955605,0.4900561724530691,90.0,0.1008991008991009
real,1H,TSLA,long,tf_sma_cross,task,"{""fast"": 10, ""slow"": 100}",116,0.9924160781414393,0.5942268448701873,82.8,0.17282717282717283
real,1H,TSLA,long,tf_supertrend_flip,task,"{""atr"": 10, ""factor"": 2.0}",343,0.6373301929492939,0.40004434935737937,92.6,0.07492507492507493
