symbol,timeframe,edge_type,direction,parent_id,method,candidate_id,unconfirmed,cells_run,family_total,rank,rank_sum,grid_median_target,profitable_cell_share,min_trades_good_cells,method_p_value,method_q_value,overlap_with_selected,gate_passed,failed_criteria,selected,selection_note,quality_status,reason
AAPL,1D,MR,long,beaeedaeeb610c04447af9e4949ecf4fa0599f6d78a73c1eec33660d1a30efb2,mr_ibs_after_new_high,e0df055c847a89998b2db9e13b040cfda435539d260dbd07481b37fe62f4429e,False,16,100.0,1,1897.5,1.6894751137972195,1.0,46.0,0.000999000999000999,0.01998001998001998,0.0,True,,True,"selected (2 of the profile; fewer than 3 passed, D-625)",ok,
AAPL,1D,MR,long,beaeedaeeb610c04447af9e4949ecf4fa0599f6d78a73c1eec33660d1a30efb2,mr_down_closes,53e0055f3c4e37a1e333179e2f0d72ae2faa4219b5f5b9f42d9a9981aaa3fba8,False,4,96.25,2,1680.0,1.1083956623908162,1.0,109.0,0.013986013986013986,0.03496503496503497,0.18099547511312217,True,,True,"selected (2 of the profile; fewer than 3 passed, D-625)",ok,
AAPL,1D,MR,long,beaeedaeeb610c04447af9e4949ecf4fa0599f6d78a73c1eec33660d1a30efb2,mr_macd_hist_trough,789bd83e3d05cc2433cb19803b8f2c29093b2824911ed376e48de62e79623b8b,False,4,96.25,3,1560.0,1.4776699724368818,1.0,322.0,0.003996003996003996,0.02664002664002664,0.9049295774647887,False,overlap_with_selected,False,gate failed: overlap_with_selected,ok,
AAPL,1D,MR,long,beaeedaeeb610c04447af9e4949ecf4fa0599f6d78a73c1eec33660d1a30efb2,mr_connors_rsi,916698cc0bfadb8241c632822f313ab638edd8a90da305b3c70d8cdd2122a3bf,False,16,96.25,4,1500.0,1.1635938080432588,1.0,191.0,0.011988011988011988,0.03496503496503497,0.8485915492957746,False,overlap_with_selected,False,gate failed: overlap_with_selected,ok,
AAPL,1D,MR,long,beaeedaeeb610c04447af9e4949ecf4fa0599f6d78a73c1eec33660d1a30efb2,mr_macd_hist_falling,2016d20ba78dd954bd88defed3dbc4f44ab7919e5e21cbf62dcc5176fee11ca5,False,4,96.25,5,1440.0,0.8816936282454662,1.0,136.0,0.013986013986013986,0.03496503496503497,0.6302816901408451,False,overlap_with_selected,False,gate failed: overlap_with_selected,ok,
AAPL,1D,MR,long,beaeedaeeb610c04447af9e4949ecf4fa0599f6d78a73c1eec33660d1a30efb2,mr_n_day_low,4f9831f827e30c70c61abe78691562f0783b4562b2058a309affedbff1c9a5e2,False,8,88.11789957661941,6,1397.5,0.5432201880452326,1.0,158.0,0.017982017982017984,0.03996003996003997,0.7605633802816901,False,overlap_with_selected,False,gate failed: overlap_with_selected,ok,
AAPL,1D,MR,long,beaeedaeeb610c04447af9e4949ecf4fa0599f6d78a73c1eec33660d1a30efb2,mr_ibs,11cd4e7268d6f5eed0b79266182382e4c7fafb02504829151b9da72b5252c301,False,12,90.0,7,1317.5,1.0769427222366565,0.75,211.0,0.001998001998001998,0.01998001998001998,0.6787330316742082,False,overlap_with_selected,False,gate failed: overlap_with_selected,ok,
AAPL,1D,MR,long,beaeedaeeb610c04447af9e4949ecf4fa0599f6d78a73c1eec33660d1a30efb2,mr_ema_slope_drop,e0e0b8630e2edef17da111a3f7eed7e25c7eff098729128fd277b119d40ff95d,False,16,94.37920710230594,8,1300.0,0.771613884340582,1.0,151.0,0.06293706293706294,0.1258741258741259,0.6408450704225352,False,overlap_with_selected;method_q_value,False,"gate failed: overlap_with_selected, method_q_value",ok,
AAPL,1D,MR,long,beaeedaeeb610c04447af9e4949ecf4fa0599f6d78a73c1eec33660d1a30efb2,mr_lower_lows,49a5d09ed08293b0a342807656b27e5e8dd7fc69af17344416988d7d6c933950,False,4,90.0,9,1177.5,0.8829798244800322,0.75,206.0,0.006993006993006993,0.03496503496503497,0.8626760563380281,False,overlap_with_selected,False,gate failed: overlap_with_selected,ok,
AAPL,1D,MR,long,beaeedaeeb610c04447af9e4949ecf4fa0599f6d78a73c1eec33660d1a30efb2,mr_candle_score,3439f5df27b5aafbc62526dd08ea55846ca701768526f83cb475b97b690f9bd3,False,32,81.89202203616715,10,1135.0,0.5009907863994385,0.75,119.0,0.011988011988011988,0.03496503496503497,0.9084507042253521,False,overlap_with_selected,False,gate failed: overlap_with_selected,ok,
AAPL,1D,MR,long,beaeedaeeb610c04447af9e4949ecf4fa0599f6d78a73c1eec33660d1a30efb2,mr_daily_drop,bd5a3d60e1cde7d83e3c38da1cd1cdcb9d9811e7e63200a27cf3e4e841931ad2,False,8,82.34085985546083,11,1065.0,0.6064120702292253,1.0,226.0,0.1048951048951049,0.169061707523246,0.8626760563380281,False,overlap_with_selected;method_q_value,False,"gate failed: overlap_with_selected, method_q_value",ok,
AAPL,1D,MR,long,beaeedaeeb610c04447af9e4949ecf4fa0599f6d78a73c1eec33660d1a30efb2,mr_ma_distance_atr,a9a9f2c4225353f9b0b7af5f5fc8767c71537675f0cf4149a5a11f7e3e8d6acf,False,16,77.81236812689866,12,967.5,0.4212264379192353,0.8125,39.0,0.14785214785214784,0.2112173540744969,0.6601941747572816,False,overlap_with_selected;method_q_value,False,"gate failed: overlap_with_selected, method_q_value",ok,
AAPL,1D,MR,long,beaeedaeeb610c04447af9e4949ecf4fa0599f6d78a73c1eec33660d1a30efb2,mr_rsi,20f324b24effd5103e71d6ef6e42fbe77a51671f26178c5e18395b241801db6c,False,16,78.61129829448626,13,887.5,0.4867742839959156,0.8125,159.0,0.10989010989010989,0.169061707523246,0.8028169014084507,False,overlap_with_selected;method_q_value,False,"gate failed: overlap_with_selected, method_q_value",ok,
AAPL,1D,MR,long,beaeedaeeb610c04447af9e4949ecf4fa0599f6d78a73c1eec33660d1a30efb2,mr_ma_distance_pct,e18927d39e841512c0fc4b5bf61c29c461241c4ec405b54ed3655777657654a0,False,16,64.24032141648766,14,802.5,0.21668920651920748,0.8125,38.0,0.25374625374625376,0.3171828171828172,0.6338028169014085,False,overlap_with_selected;method_q_value,False,"gate failed: overlap_with_selected, method_q_value",ok,
AAPL,1D,MR,long,beaeedaeeb610c04447af9e4949ecf4fa0599f6d78a73c1eec33660d1a30efb2,mr_keltner_lower,9dab527e6d7ffeceb8eb10f695fed954a79aae6ac288448a84ae48b479110616,False,16,55.587551211499004,15,677.5,0.30156563229387384,0.8125,39.0,0.42657342657342656,0.4553341395446659,0.7288732394366197,False,overlap_with_selected;method_q_value,False,"gate failed: overlap_with_selected, method_q_value",ok,
AAPL,1D,MR,long,beaeedaeeb610c04447af9e4949ecf4fa0599f6d78a73c1eec33660d1a30efb2,mr_stochastic_k,ddf7e8a685c0995bfb8e13dc735fdeb4c126c4a27750020d616d12b7bd13fbca,False,16,50.235845426875365,16,590.0,0.028341380751100317,0.5,31.0,0.08391608391608392,0.15257469802924348,0.7045454545454546,False,profitable_cell_share;overlap_with_selected;method_q_value,False,"gate failed: profitable_cell_share, overlap_with_selected, method_q_value",ok,
AAPL,1D,MR,long,beaeedaeeb610c04447af9e4949ecf4fa0599f6d78a73c1eec33660d1a30efb2,mr_rsi_sum,9f01c784c05e8f416a9f9f3c4617b70312860e699fa5d3260eae10394321254d,False,32,52.591995499026446,17,567.5,0.15401143974157175,0.65625,86.0,0.3206793206793207,0.37726978903449493,0.7238493723849372,False,overlap_with_selected;method_q_value,False,"gate failed: overlap_with_selected, method_q_value",ok,
AAPL,1D,MR,long,beaeedaeeb610c04447af9e4949ecf4fa0599f6d78a73c1eec33660d1a30efb2,mr_zscore,1cf2cd7c794c47b8106a1e5fd1e307ad1ebd2e0cdd4ec0227eed51dc1dcec514,False,16,45.62395899340784,18,510.0,0.13648481637759896,0.75,44.0,0.45754245754245754,0.45754245754245754,0.676056338028169,False,overlap_with_selected;method_q_value,False,"gate failed: overlap_with_selected, method_q_value",ok,
AAPL,1D,MR,long,beaeedaeeb610c04447af9e4949ecf4fa0599f6d78a73c1eec33660d1a30efb2,mr_williams_confirm,c4ade79e7a1248101b8050b9eabd3549d70318ccdea7fee2806f9eafa9d06168,False,48,39.9375,19,295.0,-0.12526543273268836,0.2708333333333333,30.0,0.2097902097902098,0.27972027972027974,0.5248618784530387,False,grid_median_target;profitable_cell_share;method_q_value,False,"gate failed: grid_median_target, profitable_cell_share, method_q_value",ok,
AAPL,1D,MR,long,beaeedaeeb610c04447af9e4949ecf4fa0599f6d78a73c1eec33660d1a30efb2,mr_macd_hist_turn,2f9442e41e14729a2778311628a3a196e97a637d206c6567437c64ebc588b042,False,4,28.711525525641683,20,232.5,-0.18857618810759738,0.25,51.0,0.4325674325674326,0.4553341395446659,0.17391304347826086,False,grid_median_target;profitable_cell_share;method_q_value,False,"gate failed: grid_median_target, profitable_cell_share, method_q_value",ok,
ADI,1D,MR,short,9af4a695ad707f187c938a29bd904f8436841951f8004d07d4c7cb77113b2b0c,mr_rsi_sum,05940912037a8b6d3948b01f3c4e1b16e4610dd41a007b4b1f3a97a060842f2f,False,32,81.45886218118095,1,1895.0,0.37754085580742947,0.8125,57.0,0.000999000999000999,0.01998001998001998,0.0,True,,True,"selected (1 of the profile; fewer than 3 passed, D-625)",ok,
ADI,1D,MR,short,9af4a695ad707f187c938a29bd904f8436841951f8004d07d4c7cb77113b2b0c,mr_zscore,69a0d5475d63c084a0059972645a5b3c981ceacc366787caa265995a8d5a39ba,False,16,57.321698885960444,2,1705.0,-0.00631895583389536,0.5,50.0,0.01098901098901099,0.027472527472527476,0.6964285714285714,False,grid_median_target;profitable_cell_share;overlap_with_selected,False,"gate failed: grid_median_target, profitable_cell_share, overlap_with_selected",ok,
ADI,1D,MR,short,9af4a695ad707f187c938a29bd904f8436841951f8004d07d4c7cb77113b2b0c,mr_ema_slope_drop,d7aab5e7c1410e3fd7d9cf6ae3f108f4f8c9f5b1e1add4b2c7c6cb93a8488fee,False,16,55.32590602899783,3,1620.0,-0.06574618615893749,0.4375,54.0,0.001998001998001998,0.01998001998001998,0.800711743772242,False,grid_median_target;profitable_cell_share;overlap_with_selected,False,"gate failed: grid_median_target, profitable_cell_share, overlap_with_selected",ok,
ADI,1D,MR,short,9af4a695ad707f187c938a29bd904f8436841951f8004d07d4c7cb77113b2b0c,mr_down_closes,c9db458a44769f7736291a7a50fed78e4278824f5606fe0272539b27a9d0592a,False,4,59.68073522335109,4,1557.5,-0.0007049433240985522,0.5,127.0,0.01098901098901099,0.027472527472527476,0.7224199288256228,False,grid_median_target;profitable_cell_share;overlap_with_selected,False,"gate failed: grid_median_target, profitable_cell_share, overlap_with_selected",ok,
ADI,1D,MR,short,9af4a695ad707f187c938a29bd904f8436841951f8004d07d4c7cb77113b2b0c,mr_stochastic_k,6ae87934bb9d4b291a56d07aab149455dbb2cb9be945ffb78a2e79fb329d887a,False,16,55.52735354834694,5,1537.5,-0.03366735043392506,0.375,76.0,0.01098901098901099,0.027472527472527476,0.8718861209964412,False,grid_median_target;profitable_cell_share;overlap_with_selected,False,"gate failed: grid_median_target, profitable_cell_share, overlap_with_selected",ok,
ADI,1D,MR,short,9af4a695ad707f187c938a29bd904f8436841951f8004d07d4c7cb77113b2b0c,mr_n_day_low,f28e9046cbf7aa2a689d383df7339e8d687088f8b7f115d2f7c07eeb262d10a4,False,8,52.24724926147946,6,1402.5,-0.07023487876007634,0.375,89.0,0.024975024975024976,0.04495504495504495,0.6014234875444839,False,grid_median_target;profitable_cell_share;overlap_with_selected,False,"gate failed: grid_median_target, profitable_cell_share, overlap_with_selected",ok,
ADI,1D,MR,short,9af4a695ad707f187c938a29bd904f8436841951f8004d07d4c7cb77113b2b0c,mr_rsi,c9d07e100df080b501ec2316c01b95882a8080074c32e9c39474a8e84c899631,False,16,53.40368098627691,7,1390.0,-0.10352949954239965,0.3125,31.0,0.004995004995004995,0.024975024975024976,0.8469750889679716,False,grid_median_target;profitable_cell_share;overlap_with_selected,False,"gate failed: grid_median_target, profitable_cell_share, overlap_with_selected",ok,
ADI,1D,MR,short,9af4a695ad707f187c938a29bd904f8436841951f8004d07d4c7cb77113b2b0c,mr_lower_lows,e456fd884b7ced79a0c1a0db9b85292496e527831645ac15ad3234e100267219,False,4,47.412593720390795,8,1292.5,-0.17580186517088237,0.5,77.0,0.004995004995004995,0.024975024975024976,0.5584415584415584,False,grid_median_target;profitable_cell_share,False,"gate failed: grid_median_target, profitable_cell_share",ok,
ADI,1D,MR,short,9af4a695ad707f187c938a29bd904f8436841951f8004d07d4c7cb77113b2b0c,mr_candle_score,3ba5db1c986ec12180a21732a1764aed6a553b0ac204016e6362e0873daccacf,False,32,48.19891033756282,9,1115.0,-0.1001382749043548,0.28125,71.0,0.07092907092907093,0.10132724418438703,0.6135265700483091,False,grid_median_target;profitable_cell_share;overlap_with_selected;method_q_value,False,"gate failed: grid_median_target, profitable_cell_share, overlap_with_selected, method_q_value",ok,
ADI,1D,MR,short,9af4a695ad707f187c938a29bd904f8436841951f8004d07d4c7cb77113b2b0c,mr_macd_hist_falling,4793680f9c3c73b3c6a8e2319f361dbc42bb5cd0d7dd2c562022077ed3a75386,False,4,50.03855948253567,10,1085.0,-0.08531272503405156,0.0,68.0,0.22977022977022976,0.2418633997581366,0.6139534883720931,False,grid_median_target;profitable_cell_share;overlap_with_selected;method_q_value,False,"gate failed: grid_median_target, profitable_cell_share, overlap_with_selected, method_q_value",ok,
ADI,1D,MR,short,9af4a695ad707f187c938a29bd904f8436841951f8004d07d4c7cb77113b2b0c,mr_macd_hist_trough,9869eba54e3efe07ffdcd5b9d4a4508a8cf3fbae86b996ac400654ec3145705c,False,4,51.912068857131516,11,1052.5,-0.1697917984549059,0.0,190.0,0.03996003996003996,0.06147698455390763,0.7686832740213523,False,grid_median_target;profitable_cell_share;overlap_with_selected,False,"gate failed: grid_median_target, profitable_cell_share, overlap_with_selected",ok,
ADI,1D,MR,short,9af4a695ad707f187c938a29bd904f8436841951f8004d07d4c7cb77113b2b0c,mr_connors_rsi,37df87e8d6212b639e39048e34581b0bb4f9cf97f9be5ad1b311fc4b16f1df1f,False,16,40.2629003201554,12,1005.0,-0.18753142538573303,0.125,33.0,0.0989010989010989,0.12362637362637362,0.7948717948717948,False,grid_median_target;profitable_cell_share;overlap_with_selected;method_q_value,False,"gate failed: grid_median_target, profitable_cell_share, overlap_with_selected, method_q_value",ok,
ADI,1D,MR,short,9af4a695ad707f187c938a29bd904f8436841951f8004d07d4c7cb77113b2b0c,mr_keltner_lower,b64933551accf47e626a42f4229de004b1a8f7b0808a5d432c93053887bc62fe,False,16,39.60396033019743,13,847.5,-0.2595804049678143,0.3125,54.0,0.026973026973026972,0.04495504495504495,0.8718861209964412,False,grid_median_target;profitable_cell_share;overlap_with_selected,False,"gate failed: grid_median_target, profitable_cell_share, overlap_with_selected",ok,
ADI,1D,MR,short,9af4a695ad707f187c938a29bd904f8436841951f8004d07d4c7cb77113b2b0c,mr_ma_distance_pct,42048302766f6aa4d5368f69c5c499e16593c89a78448a7ae1f607d777a18e2c,False,16,38.125,14,845.0,-0.2872901195052601,0.25,34.0,0.006993006993006993,0.027472527472527476,0.8327402135231317,False,grid_median_target;profitable_cell_share;overlap_with_selected,False,"gate failed: grid_median_target, profitable_cell_share, overlap_with_selected",ok,
ADI,1D,MR,short,9af4a695ad707f187c938a29bd904f8436841951f8004d07d4c7cb77113b2b0c,mr_ma_distance_atr,a1c9cf9a70c48ebececb77ee6cdd959cc4562094b62225d477265d57a96212ae,False,16,36.60714285714286,15,775.0,-0.32690369199382135,0.25,53.0,0.015984015984015984,0.03196803196803197,0.8861209964412812,False,grid_median_target;profitable_cell_share;overlap_with_selected,False,"gate failed: grid_median_target, profitable_cell_share, overlap_with_selected",ok,
ADI,1D,MR,short,9af4a695ad707f187c938a29bd904f8436841951f8004d07d4c7cb77113b2b0c,mr_daily_drop,6e2116bddb91d5949639583c2b32037487d4726bdc055453b5b04d03b74ec66e,False,8,34.64285714285714,16,547.5,-0.22757080081204686,0.125,61.0,0.14085914085914086,0.1657166363048716,0.33579335793357934,False,grid_median_target;profitable_cell_share;method_q_value,False,"gate failed: grid_median_target, profitable_cell_share, method_q_value",ok,
ADI,1D,MR,short,9af4a695ad707f187c938a29bd904f8436841951f8004d07d4c7cb77113b2b0c,mr_ibs_after_new_high,dbb291571cdb7efec4c1aae63f5c2765ee2db924181a38c714f882acdd1ce8fe,False,16,36.1875,17,500.0,-0.2894543943484022,0.375,33.0,0.18281718281718282,0.20313020313020314,0.031446540880503145,False,grid_median_target;profitable_cell_share;method_q_value,False,"gate failed: grid_median_target, profitable_cell_share, method_q_value",ok,
ADI,1D,MR,short,9af4a695ad707f187c938a29bd904f8436841951f8004d07d4c7cb77113b2b0c,mr_ibs,395fb044f97267f7cd3ad0ab29b1ef92695bea0bb750cab65f13e5cc46e9d799,False,12,28.333333333333332,18,400.0,-0.2902768213479686,0.25,58.0,0.08191808191808192,0.10922410922410923,0.35231316725978645,False,grid_median_target;profitable_cell_share;method_q_value,False,"gate failed: grid_median_target, profitable_cell_share, method_q_value",ok,
ADI,1D,MR,short,9af4a695ad707f187c938a29bd904f8436841951f8004d07d4c7cb77113b2b0c,mr_williams_confirm,27601cae582a7bf91e8cca6b9488cc98000ae946f57d30adb4749247e2132690,False,48,32.08333333333333,19,327.5,-0.38208731543686103,0.08333333333333333,35.0,0.013986013986013986,0.031080031080031083,0.9074733096085409,False,grid_median_target;profitable_cell_share;overlap_with_selected,False,"gate failed: grid_median_target, profitable_cell_share, overlap_with_selected",ok,
ADI,1D,MR,short,9af4a695ad707f187c938a29bd904f8436841951f8004d07d4c7cb77113b2b0c,mr_macd_hist_turn,caf28ee6659bc5b69e9b171bc50137356ef6a8e480ed55fdfc6f21328e4d3bab,False,4,0.0,20,100.0,-0.6617070927032085,0.0,103.0,0.9100899100899101,0.91008991008991,0.13523131672597866,False,grid_median_target;profitable_cell_share;method_q_value,False,"gate failed: grid_median_target, profitable_cell_share, method_q_value",ok,
EEM,1D,MR,short,37424c859cc5a6a396a82dc69a3f9f4905d0463db90c980495814fb398a971b0,mr_n_day_low,6fe801f283f4eac170ee6cbd6c41e7944591631fd083159a6760ceb9e3451844,False,8,94.34690983954252,1,1842.5,0.6711193021188018,1.0,186.0,0.005994005994005994,0.017125731411445695,0.0,True,,True,"selected (1 of the profile; fewer than 3 passed, D-625)",ok,
EEM,1D,MR,short,37424c859cc5a6a396a82dc69a3f9f4905d0463db90c980495814fb398a971b0,mr_connors_rsi,e956c593a6f9b5689fac6b6d62aa6ef688f0f327aa8483e94eae9979ec531a7b,False,16,88.37781526205112,2,1722.5,0.4794929082088162,1.0,38.0,0.008991008991008992,0.019980019980019983,0.8135922330097087,False,overlap_with_selected,False,gate failed: overlap_with_selected,ok,
EEM,1D,MR,short,37424c859cc5a6a396a82dc69a3f9f4905d0463db90c980495814fb398a971b0,mr_lower_lows,708ffd12e3f128391e6d91a6b42d8591308d0fd0a4ea41dd87e93eb449792727,False,4,84.90139749336744,3,1607.5,0.5162095511788154,0.75,150.0,0.002997002997002997,0.014985014985014984,0.7906976744186046,False,overlap_with_selected,False,gate failed: overlap_with_selected,ok,
EEM,1D,MR,short,37424c859cc5a6a396a82dc69a3f9f4905d0463db90c980495814fb398a971b0,mr_down_closes,aaa30cd33dde48e2f074e1fabc337f9eb826b133c5206bd8be71944fa7b95368,False,4,80.610408817242,4,1542.5,0.32003313510087394,0.75,145.0,0.004995004995004995,0.017125731411445695,0.7791878172588832,False,overlap_with_selected,False,gate failed: overlap_with_selected,ok,
EEM,1D,MR,short,37424c859cc5a6a396a82dc69a3f9f4905d0463db90c980495814fb398a971b0,mr_ibs,1d4b641ebef4b88b24c2a422e09ac095e617b7a5325eb4121bee5b89d4bd52a3,False,12,68.43718329620717,5,1412.5,0.13418381303980975,0.5833333333333334,31.0,0.013986013986013986,0.027972027972027975,0.679144385026738,False,profitable_cell_share;overlap_with_selected,False,"gate failed: profitable_cell_share, overlap_with_selected",ok,
EEM,1D,MR,short,37424c859cc5a6a396a82dc69a3f9f4905d0463db90c980495814fb398a971b0,mr_macd_hist_falling,bb735a40e547a4b606391bd14e8d12a4ec16018fb6a78187bc9e3e83fac8856f,False,4,77.65803642057827,6,1392.5,0.3218380391629391,1.0,119.0,0.03396603396603397,0.04852290566576282,0.8472622478386167,False,overlap_with_selected,False,gate failed: overlap_with_selected,ok,
EEM,1D,MR,short,37424c859cc5a6a396a82dc69a3f9f4905d0463db90c980495814fb398a971b0,mr_rsi,031547091591b9c98f9c48db9f36d5b4206d946648cd9aa17fe0db056b04e402,False,16,74.42620076470078,7,1355.0,0.3211859535574415,0.8125,179.0,0.000999000999000999,0.01332001332001332,0.9704251386321626,False,overlap_with_selected,False,gate failed: overlap_with_selected,ok,
EEM,1D,MR,short,37424c859cc5a6a396a82dc69a3f9f4905d0463db90c980495814fb398a971b0,mr_candle_score,085d9cecebd612886b827d4bbfb22aafe698929773f3aa3011d1053beb640c01,False,32,75.62035849829697,8,1282.5,0.27980646554994293,0.71875,85.0,0.005994005994005994,0.017125731411445695,0.8946395563770795,False,overlap_with_selected,False,gate failed: overlap_with_selected,ok,
EEM,1D,MR,short,37424c859cc5a6a396a82dc69a3f9f4905d0463db90c980495814fb398a971b0,mr_ema_slope_drop,be8dc7f47bfbc77d7341ed22e6594cfad4f55f5d3cc65831512385480254365f,False,16,75.5312492867011,9,1190.0,0.4209178112991078,0.6875,76.0,0.001998001998001998,0.01332001332001332,0.9759704251386322,False,overlap_with_selected,False,gate failed: overlap_with_selected,ok,
EEM,1D,MR,short,37424c859cc5a6a396a82dc69a3f9f4905d0463db90c980495814fb398a971b0,mr_daily_drop,131819fa761868a707b8fb8c96949bf3eb74b867629aac592fc90158dc1d6bb8,False,8,54.9894420137453,10,1147.5,-0.15356997307206816,0.375,59.0,0.027972027972027972,0.04303388918773535,0.6666666666666666,False,grid_median_target;profitable_cell_share;overlap_with_selected,False,"gate failed: grid_median_target, profitable_cell_share, overlap_with_selected",ok,
EEM,1D,MR,short,37424c859cc5a6a396a82dc69a3f9f4905d0463db90c980495814fb398a971b0,mr_rsi_sum,04fc2be0212c5fc2eeb5de9bdeacca406143cf6591d7116ecb9624ddbb8d9cf0,False,32,63.514340789358236,11,1095.0,0.13073417392567346,0.6875,45.0,0.015984015984015984,0.029061847243665426,0.8188539741219963,False,overlap_with_selected,False,gate failed: overlap_with_selected,ok,
EEM,1D,MR,short,37424c859cc5a6a396a82dc69a3f9f4905d0463db90c980495814fb398a971b0,mr_zscore,1fb6aa3af46116854f97014e11338804b567cc7a25a882194eb52cf5230fa533,False,16,61.81965743321095,12,1015.0,0.04171121426066862,0.6875,123.0,0.04195804195804196,0.055944055944055944,0.8546845124282982,False,overlap_with_selected,False,gate failed: overlap_with_selected,ok,
EEM,1D,MR,short,37424c859cc5a6a396a82dc69a3f9f4905d0463db90c980495814fb398a971b0,mr_stochastic_k,416b4a2b32144db059324ae4352b8fd96d1838cf2cfd3b8e06bfd243c86a5ff7,False,16,57.65004222175522,13,932.5,-0.07413551114131041,0.3125,74.0,0.07392607392607392,0.08697185167773402,0.8613678373382625,False,grid_median_target;profitable_cell_share;overlap_with_selected,False,"gate failed: grid_median_target, profitable_cell_share, overlap_with_selected",ok,
EEM,1D,MR,short,37424c859cc5a6a396a82dc69a3f9f4905d0463db90c980495814fb398a971b0,mr_williams_confirm,e25009c9e3e2cafb47b36e110c88062ef3e55af129f0471f2ff14a2932c1bb47,False,48,49.98626478238721,14,892.5,-0.10438205527510548,0.4583333333333333,49.0,0.008991008991008992,0.019980019980019983,0.924119241192412,False,grid_median_target;profitable_cell_share;overlap_with_selected,False,"gate failed: grid_median_target, profitable_cell_share, overlap_with_selected",ok,
EEM,1D,MR,short,37424c859cc5a6a396a82dc69a3f9f4905d0463db90c980495814fb398a971b0,mr_ma_distance_atr,c93ae348fc337f15fc8059cc6def5ea2f716e921d714ae8278a66b688ddb0dbb,False,16,49.706342140318874,15,662.5,-0.060058734117055465,0.4375,160.0,0.01998001998001998,0.033300033300033303,0.9685767097966729,False,grid_median_target;profitable_cell_share;overlap_with_selected,False,"gate failed: grid_median_target, profitable_cell_share, overlap_with_selected",ok,
EEM,1D,MR,short,37424c859cc5a6a396a82dc69a3f9f4905d0463db90c980495814fb398a971b0,mr_ma_distance_pct,2ffab359be16cf0d3bbc79695cf1847e70c8279584f60ec76d9096e56753d244,False,16,38.4375,16,657.5,-0.29721779294142053,0.375,76.0,0.001998001998001998,0.01332001332001332,0.9759704251386322,False,grid_median_target;profitable_cell_share;overlap_with_selected,False,"gate failed: grid_median_target, profitable_cell_share, overlap_with_selected",ok,
EEM,1D,MR,short,37424c859cc5a6a396a82dc69a3f9f4905d0463db90c980495814fb398a971b0,mr_keltner_lower,c858a949bc88dd728353c24ab434a9c29e015b542663c884bd0f4b9c242e32de,False,16,47.618054160748166,17,642.5,-0.13632879454866062,0.3125,33.0,0.052947052947052944,0.06618381618381618,0.8104166666666667,False,grid_median_target;profitable_cell_share;overlap_with_selected,False,"gate failed: grid_median_target, profitable_cell_share, overlap_with_selected",ok,
EEM,1D,MR,short,37424c859cc5a6a396a82dc69a3f9f4905d0463db90c980495814fb398a971b0,mr_macd_hist_trough,7976518b05045ab29039b39bbe968c1b294bee8c4d6c6bfe414f4d8bde4f091b,False,4,15.863958646000668,18,307.5,-0.3302012467878772,0.0,208.0,0.34465534465534464,0.3829503829503829,0.6876155268022182,False,grid_median_target;profitable_cell_share;overlap_with_selected;method_q_value,False,"gate failed: grid_median_target, profitable_cell_share, overlap_with_selected, method_q_value",ok,
EEM,1D,MR,short,37424c859cc5a6a396a82dc69a3f9f4905d0463db90c980495814fb398a971b0,mr_macd_hist_turn,a9bed420cc046c14bd2a20925e7e37655cb0a2804a96ac3401366ea9955db2cb,False,4,1.6682724135253597,19,152.5,-0.4354681338350387,0.0,246.0,0.46153846153846156,0.4675324675324675,0.3123844731977819,False,grid_median_target;profitable_cell_share;method_q_value,False,"gate failed: grid_median_target, profitable_cell_share, method_q_value",ok,
EEM,1D,MR,short,37424c859cc5a6a396a82dc69a3f9f4905d0463db90c980495814fb398a971b0,mr_ibs_after_new_high,30da56adc6e5c4aff34b7afbd5fd3c3b785d726b55861980cc1d9601f73d4c4d,False,16,1.7157095959497997,20,147.5,-0.5245245691685564,0.0,37.0,0.4675324675324675,0.4675324675324675,0.2072892938496583,False,grid_median_target;profitable_cell_share;method_q_value,False,"gate failed: grid_median_target, profitable_cell_share, method_q_value",ok,
ETN,1D,MR,long,eeb4e375690263dcb02cc4888b57805a2df787666a9ae864127f8e4a3be4c17a,mr_n_day_low,42010e2083f7bf31c40209214d2923141543f3859b20356a8ce304d6aa15c348,False,8,95.98214285714286,1,1705.0,0.5537389274910068,1.0,54.0,0.01998001998001998,0.0919080919080919,0.0,True,,True,"selected (1 of the profile; fewer than 3 passed, D-625)",ok,
ETN,1D,MR,long,eeb4e375690263dcb02cc4888b57805a2df787666a9ae864127f8e4a3be4c17a,mr_macd_hist_trough,16120cc0fa88428be2003ea9a85c8b02ba94bd6114e72bc3083f877c19c2d0a5,False,4,96.25,2,1587.5,0.4254257213480263,1.0,303.0,0.022977022977022976,0.0919080919080919,0.89937106918239,False,overlap_with_selected,False,gate failed: overlap_with_selected,ok,
ETN,1D,MR,long,eeb4e375690263dcb02cc4888b57805a2df787666a9ae864127f8e4a3be4c17a,mr_down_closes,686ef4af6ee3051b4dbe10800f53d7ed782242d7c1ceca6df85f117289bb66b6,False,4,95.38448939842354,3,1467.5,0.35653354223112166,1.0,212.0,0.08891108891108891,0.12844298558584272,0.8113207547169812,False,overlap_with_selected;method_q_value,False,"gate failed: overlap_with_selected, method_q_value",ok,
ETN,1D,MR,long,eeb4e375690263dcb02cc4888b57805a2df787666a9ae864127f8e4a3be4c17a,mr_connors_rsi,d118a55bcdc7e25b2bf54acc4d3488cfa2ab6784f22f77ce2d8e770ea04a228d,False,16,90.26631919839286,4,1407.5,0.45152905272318966,1.0,164.0,0.015984015984015984,0.0919080919080919,0.8930817610062893,False,overlap_with_selected,False,gate failed: overlap_with_selected,ok,
ETN,1D,MR,long,eeb4e375690263dcb02cc4888b57805a2df787666a9ae864127f8e4a3be4c17a,mr_ma_distance_atr,9ca81f04b933a0dd9772dfd66cef94a2273a784075755f9bdbc7ef904f256054,False,16,82.32684863546109,5,1312.5,0.3350287164330955,0.9375,41.0,0.055944055944055944,0.10898192716374534,0.6439393939393939,False,overlap_with_selected;method_q_value,False,"gate failed: overlap_with_selected, method_q_value",ok,
ETN,1D,MR,long,eeb4e375690263dcb02cc4888b57805a2df787666a9ae864127f8e4a3be4c17a,mr_ibs,0b710d98487b0499bca5935d78d1747d634cd825cce88812c62faeac85b8d950,False,12,85.05909905113198,6,1305.0,0.29649868596023427,0.8333333333333334,61.0,0.05194805194805195,0.10898192716374534,0.6226415094339622,False,overlap_with_selected;method_q_value,False,"gate failed: overlap_with_selected, method_q_value",ok,
ETN,1D,MR,long,eeb4e375690263dcb02cc4888b57805a2df787666a9ae864127f8e4a3be4c17a,mr_lower_lows,ec0d9d9a8a520abee8d959917a6f93ef80a8cdd3c08f375b3128b9b2f8605db5,False,4,76.27898788451365,7,1187.5,0.26673503995963677,1.0,394.0,0.057942057942057944,0.10898192716374534,0.9622641509433962,False,overlap_with_selected;method_q_value,False,"gate failed: overlap_with_selected, method_q_value",ok,
ETN,1D,MR,long,eeb4e375690263dcb02cc4888b57805a2df787666a9ae864127f8e4a3be4c17a,mr_ma_distance_pct,f05a31e0da6f394c58eb1dc0b7677aed4c7a02086b08de3f916a55a56dc31fb2,False,16,81.4279143810214,8,1132.5,0.2636693283469349,0.9375,61.0,0.016983016983016984,0.0919080919080919,0.9622641509433962,False,overlap_with_selected,False,gate failed: overlap_with_selected,ok,
ETN,1D,MR,long,eeb4e375690263dcb02cc4888b57805a2df787666a9ae864127f8e4a3be4c17a,mr_candle_score,75af9e05def583a1d8468fc81ca37bf4f6acceaf64e8d4c0b1fa5af51af05c0e,False,32,83.3246964398575,9,1130.0,0.3176102461422378,0.8125,94.0,0.01898101898101898,0.0919080919080919,0.9182389937106918,False,overlap_with_selected,False,gate failed: overlap_with_selected,ok,
ETN,1D,MR,long,eeb4e375690263dcb02cc4888b57805a2df787666a9ae864127f8e4a3be4c17a,mr_rsi,5421a2b44d4bf3329be0df14523d7edbe3e9ae7a3ccae4bb2c3daa5be01d3ca2,False,16,85.91507307206582,10,1095.0,0.41193877803997003,0.8125,140.0,0.08791208791208792,0.12844298558584272,0.9245283018867925,False,overlap_with_selected;method_q_value,False,"gate failed: overlap_with_selected, method_q_value",ok,
ETN,1D,MR,long,eeb4e375690263dcb02cc4888b57805a2df787666a9ae864127f8e4a3be4c17a,mr_daily_drop,a5ddca0d4574633a308c2cf11548f76df99f6736eb01346716036b5823afe154,False,8,80.25627430927648,11,1092.5,0.2686560043316415,1.0,196.0,0.04795204795204795,0.10898192716374534,0.8301886792452831,False,overlap_with_selected;method_q_value,False,"gate failed: overlap_with_selected, method_q_value",ok,
ETN,1D,MR,long,eeb4e375690263dcb02cc4888b57805a2df787666a9ae864127f8e4a3be4c17a,mr_ibs_after_new_high,56ac88ebf377b349639b1b3628a9651f4c8c6b2cf59a4093253cd59ec7d43fb2,False,16,74.12482864362828,12,1027.5,0.1743115437491638,0.8125,45.0,0.10989010989010989,0.13633425398131283,0.03773584905660377,False,method_q_value,False,gate failed: method_q_value,ok,
ETN,1D,MR,long,eeb4e375690263dcb02cc4888b57805a2df787666a9ae864127f8e4a3be4c17a,mr_zscore,aef01f91ec84b1eb5fedb3b3d9d5256b955efcbf175defb35889bd88e4ebe075,False,16,73.5751712532131,13,927.5,0.18882397209360285,0.875,51.0,0.0899100899100899,0.12844298558584272,0.9308176100628931,False,overlap_with_selected;method_q_value,False,"gate failed: overlap_with_selected, method_q_value",ok,
ETN,1D,MR,long,eeb4e375690263dcb02cc4888b57805a2df787666a9ae864127f8e4a3be4c17a,mr_keltner_lower,57098853f83ce31291bf3340a3100879b603e60954ef1c04b8ee5b2e1a35eba8,False,16,72.39071219621499,14,862.5,0.2410140974409275,0.9375,35.0,0.059940059940059943,0.10898192716374534,0.89937106918239,False,overlap_with_selected;method_q_value,False,"gate failed: overlap_with_selected, method_q_value",ok,
ETN,1D,MR,long,eeb4e375690263dcb02cc4888b57805a2df787666a9ae864127f8e4a3be4c17a,mr_ema_slope_drop,659b495b8a00fc1b97aa8cf9ae7ce09ce71b48d48423a0680e46002cb3b6eaa5,False,16,73.27146106616709,15,772.5,0.22271289401021052,0.9375,61.0,0.11588411588411589,0.13633425398131283,0.9308176100628931,False,overlap_with_selected;method_q_value,False,"gate failed: overlap_with_selected, method_q_value",ok,
ETN,1D,MR,long,eeb4e375690263dcb02cc4888b57805a2df787666a9ae864127f8e4a3be4c17a,mr_stochastic_k,4059b0d55d62d8770aa8a61785e98f385543b46c219d5a38a7d4ca1b508272a8,False,16,68.2035572117464,16,712.5,0.17374713254789792,0.75,53.0,0.1088911088911089,0.13633425398131283,0.5503355704697986,False,method_q_value,False,gate failed: method_q_value,ok,
ETN,1D,MR,long,eeb4e375690263dcb02cc4888b57805a2df787666a9ae864127f8e4a3be4c17a,mr_williams_confirm,b1aa5ae60684fbe0344425863c988da8746febf759bab8c15df1c9fc0254e789,False,48,63.93070076368786,17,650.0,0.08412864883786526,0.5833333333333334,38.0,0.04395604395604396,0.10898192716374534,0.7924528301886793,False,profitable_cell_share;overlap_with_selected;method_q_value,False,"gate failed: profitable_cell_share, overlap_with_selected, method_q_value",ok,
ETN,1D,MR,long,eeb4e375690263dcb02cc4888b57805a2df787666a9ae864127f8e4a3be4c17a,mr_macd_hist_turn,3c8fb32566ea9133752141bece0a3ba13f1da422fe37d3cfe394d18266a5ad4e,False,4,49.51289472546782,18,587.5,0.006666348744539374,0.5,94.0,0.48451548451548454,0.48451548451548454,0.10062893081761007,False,profitable_cell_share;method_q_value,False,"gate failed: profitable_cell_share, method_q_value",ok,
ETN,1D,MR,long,eeb4e375690263dcb02cc4888b57805a2df787666a9ae864127f8e4a3be4c17a,mr_rsi_sum,a3ac1ac7b2720960f838c1e70d73c8e5d152c4bc1c55c1ac4f6e761cc37c33d6,False,32,68.67662708691356,19,535.0,0.24130293936803088,0.71875,61.0,0.1928071928071928,0.21423021423021424,0.6352201257861635,False,overlap_with_selected;method_q_value,False,"gate failed: overlap_with_selected, method_q_value",ok,
ETN,1D,MR,long,eeb4e375690263dcb02cc4888b57805a2df787666a9ae864127f8e4a3be4c17a,mr_macd_hist_falling,5c657676424e520e16911a50ac871338d011afa1126421645060b01feeae4edb,False,4,52.19079583660972,20,502.5,-0.020024201063212926,0.5,130.0,0.25674325674325676,0.270256059729744,0.7232704402515723,False,grid_median_target;profitable_cell_share;overlap_with_selected;method_q_value,False,"gate failed: grid_median_target, profitable_cell_share, overlap_with_selected, method_q_value",ok,
GNRC,1D,MR,short,e03e53bfcaf86d1d88e38f0b9a84ce2e2b61f8b5761862e51a50fea98340e614,mr_candle_score,787e26869b14b358553ee7724203cb227c29cdad2b9e21de763dcedfb9330c7f,False,32,65.66858994603271,1,1960.0,0.1073888200893665,0.625,42.0,0.006993006993006993,0.027972027972027975,0.0,True,,True,"selected (1 of the profile; fewer than 3 passed, D-625)",ok,
GNRC,1D,MR,short,e03e53bfcaf86d1d88e38f0b9a84ce2e2b61f8b5761862e51a50fea98340e614,mr_connors_rsi,0bb4cc6ced3734945e3c8ebad22e4596cd5ef62f0d79c531d8364e3672c2ee11,False,16,65.82566219672394,2,1890.0,0.10297575095012348,0.5625,108.0,0.003996003996003996,0.027972027972027975,0.6583333333333333,False,profitable_cell_share;overlap_with_selected,False,"gate failed: profitable_cell_share, overlap_with_selected",ok,
GNRC,1D,MR,short,e03e53bfcaf86d1d88e38f0b9a84ce2e2b61f8b5761862e51a50fea98340e614,mr_rsi_sum,4b10adf226f9d5c41172b3df62e56010e8de806e602372fea96834f9d029b4d6,False,32,56.71469822550655,3,1767.5,0.043352976365128484,0.5625,49.0,0.012987012987012988,0.043290043290043295,0.39166666666666666,False,profitable_cell_share,False,gate failed: profitable_cell_share,ok,
GNRC,1D,MR,short,e03e53bfcaf86d1d88e38f0b9a84ce2e2b61f8b5761862e51a50fea98340e614,mr_down_closes,f0280947c38241887cb3ffa0d7138bf2861679e311815ffa480d832bd1248c3d,False,4,60.52070506751002,4,1712.5,-0.0002533163897272678,0.5,135.0,0.006993006993006993,0.027972027972027975,0.7,False,grid_median_target;profitable_cell_share;overlap_with_selected,False,"gate failed: grid_median_target, profitable_cell_share, overlap_with_selected",ok,
GNRC,1D,MR,short,e03e53bfcaf86d1d88e38f0b9a84ce2e2b61f8b5761862e51a50fea98340e614,mr_n_day_low,c631faa0a406b220fffddfc45c31305790ffb5c501ae6e830aa0c74ffb909e10,False,8,47.50281950334245,5,1422.5,-0.10976453292080209,0.375,153.0,0.029970029970029972,0.07492507492507493,0.7333333333333333,False,grid_median_target;profitable_cell_share;overlap_with_selected,False,"gate failed: grid_median_target, profitable_cell_share, overlap_with_selected",ok,
GNRC,1D,MR,short,e03e53bfcaf86d1d88e38f0b9a84ce2e2b61f8b5761862e51a50fea98340e614,mr_macd_hist_falling,62405a45f2e800b23916c6ee0365e06895f783d33a6467d760e86783d45f8a03,False,4,47.0471989789222,6,1395.0,-0.09100990335424072,0.25,112.0,0.055944055944055944,0.1118881118881119,0.6416666666666667,False,grid_median_target;profitable_cell_share;overlap_with_selected;method_q_value,False,"gate failed: grid_median_target, profitable_cell_share, overlap_with_selected, method_q_value",ok,
GNRC,1D,MR,short,e03e53bfcaf86d1d88e38f0b9a84ce2e2b61f8b5761862e51a50fea98340e614,mr_rsi,e4380596fcda4b6b969c85516d7318a3be9c4890e3fb12913b944d0e14a018ee,False,16,46.588936593723915,7,1395.0,-0.16472427802155712,0.375,77.0,0.005994005994005994,0.027972027972027975,0.8333333333333334,False,grid_median_target;profitable_cell_share;overlap_with_selected,False,"gate failed: grid_median_target, profitable_cell_share, overlap_with_selected",ok,
GNRC,1D,MR,short,e03e53bfcaf86d1d88e38f0b9a84ce2e2b61f8b5761862e51a50fea98340e614,mr_stochastic_k,a218c18d37a28e30b12a5a94bdd3d05fcacf6083f62d340060b0715c95f487be,False,16,42.529553902479925,8,1325.0,-0.18437797440755765,0.375,47.0,0.1068931068931069,0.13361638361638362,0.5166666666666667,False,grid_median_target;profitable_cell_share;method_q_value,False,"gate failed: grid_median_target, profitable_cell_share, method_q_value",ok,
GNRC,1D,MR,short,e03e53bfcaf86d1d88e38f0b9a84ce2e2b61f8b5761862e51a50fea98340e614,mr_ibs,726eb6508a0746dcbf7554eba074911e4b75d914d5541e15d32e4856740ca74b,False,12,34.16666666666667,9,1177.5,-0.3177416433359809,0.4166666666666667,78.0,0.006993006993006993,0.027972027972027975,0.5166666666666667,False,grid_median_target;profitable_cell_share,False,"gate failed: grid_median_target, profitable_cell_share",ok,
GNRC,1D,MR,short,e03e53bfcaf86d1d88e38f0b9a84ce2e2b61f8b5761862e51a50fea98340e614,mr_lower_lows,d69c8928d4ddc5bbcdf0887411f0f89087e8ffd73e431e11709e1c31b74ae883,False,4,36.294834274572096,10,1092.5,-0.2016718207116498,0.25,80.0,0.12187812187812187,0.14338602573896692,0.6166666666666667,False,grid_median_target;profitable_cell_share;overlap_with_selected;method_q_value,False,"gate failed: grid_median_target, profitable_cell_share, overlap_with_selected, method_q_value",ok,
GNRC,1D,MR,short,e03e53bfcaf86d1d88e38f0b9a84ce2e2b61f8b5761862e51a50fea98340e614,mr_ema_slope_drop,3c5bb0166c0f504e7e8075ab66f7535ae8daa290709842ea21c9858fa0dea053,False,16,29.375,11,855.0,-0.28037196430763833,0.0,84.0,0.017982017982017984,0.0513771942343371,0.8583333333333333,False,grid_median_target;profitable_cell_share;overlap_with_selected,False,"gate failed: grid_median_target, profitable_cell_share, overlap_with_selected",ok,
GNRC,1D,MR,short,e03e53bfcaf86d1d88e38f0b9a84ce2e2b61f8b5761862e51a50fea98340e614,mr_ma_distance_atr,fd5953854f607a502ff980821fc25ccbbad2c0bcdf3aa8a228862d6a2c22b002,False,16,27.32142857142857,12,822.5,-0.48865999673120797,0.125,59.0,0.07792207792207792,0.11417154274297132,0.48333333333333334,False,grid_median_target;profitable_cell_share;method_q_value,False,"gate failed: grid_median_target, profitable_cell_share, method_q_value",ok,
GNRC,1D,MR,short,e03e53bfcaf86d1d88e38f0b9a84ce2e2b61f8b5761862e51a50fea98340e614,mr_ibs_after_new_high,e6c5f112b1ca721c2d5525f43c92c0469939f721123fdfba8832dc98f02c5c80,False,16,26.25,13,802.5,-0.30728634193885335,0.0625,32.0,0.07892107892107893,0.11417154274297132,0.06666666666666667,False,grid_median_target;profitable_cell_share;method_q_value,False,"gate failed: grid_median_target, profitable_cell_share, method_q_value",ok,
GNRC,1D,MR,short,e03e53bfcaf86d1d88e38f0b9a84ce2e2b61f8b5761862e51a50fea98340e614,mr_macd_hist_trough,829f13e6ae087535d7b91aa2281f2f17bf25a3f28e5a3e16b1da64a73e3d2d91,False,4,24.709805634170838,14,737.5,-0.29058396981980394,0.0,237.0,0.07992007992007992,0.11417154274297132,0.775,False,grid_median_target;profitable_cell_share;overlap_with_selected;method_q_value,False,"gate failed: grid_median_target, profitable_cell_share, overlap_with_selected, method_q_value",ok,
GNRC,1D,MR,short,e03e53bfcaf86d1d88e38f0b9a84ce2e2b61f8b5761862e51a50fea98340e614,mr_williams_confirm,a06e13f69ca15e1f6ee52d81ba54f58d32983a3dcb380caf5cd1246682381de2,False,48,27.872023809523807,15,737.5,-0.45228515056771296,0.10416666666666667,31.0,0.09490509490509491,0.12654012654012656,0.4083333333333333,False,grid_median_target;profitable_cell_share;method_q_value,False,"gate failed: grid_median_target, profitable_cell_share, method_q_value",ok,
GNRC,1D,MR,short,e03e53bfcaf86d1d88e38f0b9a84ce2e2b61f8b5761862e51a50fea98340e614,mr_zscore,ecc1685ff0b4dff5dc946c356d6534bf83708a42350197c4b5571e61ca795a6b,False,16,26.25,16,717.5,-0.392709670775755,0.1875,68.0,0.054945054945054944,0.1118881118881119,0.625,False,grid_median_target;profitable_cell_share;overlap_with_selected;method_q_value,False,"gate failed: grid_median_target, profitable_cell_share, overlap_with_selected, method_q_value",ok,
GNRC,1D,MR,short,e03e53bfcaf86d1d88e38f0b9a84ce2e2b61f8b5761862e51a50fea98340e614,mr_ma_distance_pct,46c868df4a037ba944b28c76056710ea60a024cb4ac050c2f24a69b0036476af,False,16,21.5625,17,425.0,-0.4874514575018763,0.0625,82.0,0.06593406593406594,0.11417154274297132,0.8583333333333333,False,grid_median_target;profitable_cell_share;overlap_with_selected;method_q_value,False,"gate failed: grid_median_target, profitable_cell_share, overlap_with_selected, method_q_value",ok,
GNRC,1D,MR,short,e03e53bfcaf86d1d88e38f0b9a84ce2e2b61f8b5761862e51a50fea98340e614,mr_keltner_lower,4bea094eaa35b13ac197b2f88b995631a1fa545b99cea07620db35cbb7f15561,False,16,22.11183187142254,18,350.0,-0.5288165613811778,0.125,61.0,0.16883116883116883,0.18759018759018758,0.8083333333333333,False,grid_median_target;profitable_cell_share;overlap_with_selected;method_q_value,False,"gate failed: grid_median_target, profitable_cell_share, overlap_with_selected, method_q_value",ok,
GNRC,1D,MR,short,e03e53bfcaf86d1d88e38f0b9a84ce2e2b61f8b5761862e51a50fea98340e614,mr_daily_drop,7e692cac38f83d8ac435f9dfe6d1528e2e031b6d6da3b17a696c550489e99421,False,8,8.409025861096389,19,227.5,-0.4869664636809599,0.0,103.0,0.33266733266733267,0.35017613964982386,0.4166666666666667,False,grid_median_target;profitable_cell_share;method_q_value,False,"gate failed: grid_median_target, profitable_cell_share, method_q_value",ok,
GNRC,1D,MR,short,e03e53bfcaf86d1d88e38f0b9a84ce2e2b61f8b5761862e51a50fea98340e614,mr_macd_hist_turn,9187493394b106de445b7b48eb93f627e4c78e8683b7baf52c6ecd53971852a7,False,4,0.0,20,187.5,-0.7041837929898154,0.0,65.0,0.6253746253746254,0.6253746253746254,0.11666666666666667,False,grid_median_target;profitable_cell_share;method_q_value,False,"gate failed: grid_median_target, profitable_cell_share, method_q_value",ok,
K,1D,MR,short,a6d1c15762793552b63ae3082858d57ec0653d98fb38453423dd837aff42be81,mr_stochastic_k,e744f80a82a1bce68d33b5ef85419f828b4a7b865cb0a9fb5871f4472dc38829,False,16,94.30778573434901,1,1655.0,0.4811220512296537,1.0,39.0,0.002997002997002997,0.01998001998001998,0.0,True,,True,"selected (2 of the profile; fewer than 3 passed, D-625)",ok,
K,1D,MR,short,a6d1c15762793552b63ae3082858d57ec0653d98fb38453423dd837aff42be81,mr_zscore,40ef89b366ac384cd4ed092a54a20942f3de35f1d9705324349ed3a0fa389b17,False,16,82.43639577722267,2,1600.0,0.2611607107184819,0.875,37.0,0.007992007992007992,0.02283430854859426,0.8208955223880597,False,overlap_with_selected,False,gate failed: overlap_with_selected,ok,
K,1D,MR,short,a6d1c15762793552b63ae3082858d57ec0653d98fb38453423dd837aff42be81,mr_macd_hist_falling,60d018a94bd4a37e3b98e566c4bb44542255ad1f31796eafbc6b7c5e9ffd757d,False,4,81.82400617032415,3,1515.0,0.20971467104823607,0.75,66.0,0.024975024975024976,0.03842311534619227,0.5458937198067633,True,,True,"selected (2 of the profile; fewer than 3 passed, D-625)",ok,
K,1D,MR,short,a6d1c15762793552b63ae3082858d57ec0653d98fb38453423dd837aff42be81,mr_keltner_lower,39f54ca50291d3ae6b3eaa798537ffe62891d7e9d36395705eca15983f704774,False,16,90.65995858360942,4,1490.0,0.36445968906846354,0.8125,33.0,0.02197802197802198,0.03663003663003663,0.9026315789473685,False,overlap_with_selected,False,gate failed: overlap_with_selected,ok,
K,1D,MR,short,a6d1c15762793552b63ae3082858d57ec0653d98fb38453423dd837aff42be81,mr_macd_hist_trough,ce436bedf19c3c34b3d2827951175b75af6ab63631623a7fe56d87f7443aa0d9,False,4,83.69661949894355,5,1475.0,0.1729239132458661,0.75,217.0,0.001998001998001998,0.01998001998001998,0.9130434782608695,False,overlap_with_selected,False,gate failed: overlap_with_selected,ok,
K,1D,MR,short,a6d1c15762793552b63ae3082858d57ec0653d98fb38453423dd837aff42be81,mr_rsi_sum,0fffcb227c3738f51492fab2ec8ae59bb279b97483623c118f41cbbd7322068c,False,32,83.61275767497148,6,1467.5,0.3571028797978813,0.8125,57.0,0.011988011988011988,0.02997002997002997,0.7708333333333334,False,overlap_with_selected,False,gate failed: overlap_with_selected,ok,
K,1D,MR,short,a6d1c15762793552b63ae3082858d57ec0653d98fb38453423dd837aff42be81,mr_n_day_low,a2481905c2358c69cae8f0c8d6f11709728bf7635b8d0d21adfb836b7ad11fc3,False,8,77.30354678003714,7,1455.0,0.17732651235337726,0.625,54.0,0.003996003996003996,0.01998001998001998,0.9575757575757575,False,overlap_with_selected,False,gate failed: overlap_with_selected,ok,
K,1D,MR,short,a6d1c15762793552b63ae3082858d57ec0653d98fb38453423dd837aff42be81,mr_lower_lows,138912860d00c426c18b00aaab9d6a0724dfaf38eaac102e04c957091ee21adf,False,4,75.7588660280779,8,1372.5,0.10744137185309222,0.5,71.0,0.01898101898101898,0.03451094360185269,0.5434782608695652,False,profitable_cell_share,False,gate failed: profitable_cell_share,ok,
K,1D,MR,short,a6d1c15762793552b63ae3082858d57ec0653d98fb38453423dd837aff42be81,mr_ma_distance_atr,3407d0d1e6551be920b7934e94612e6f0a554d7d4aec13d19ffec074b3fdfd20,False,16,80.65222157107382,9,1350.0,0.12158491834433538,0.6875,30.0,0.004995004995004995,0.01998001998001998,0.7971014492753623,False,overlap_with_selected,False,gate failed: overlap_with_selected,ok,
K,1D,MR,short,a6d1c15762793552b63ae3082858d57ec0653d98fb38453423dd837aff42be81,mr_rsi,179b559662a1d39b215ed195a3c974628a164e2bbe2890cca93514b307667391,False,16,75.19387423537077,10,1160.0,0.18191474568474447,0.5625,48.0,0.005994005994005994,0.01998001998001998,0.855072463768116,False,profitable_cell_share;overlap_with_selected,False,"gate failed: profitable_cell_share, overlap_with_selected",ok,
K,1D,MR,short,a6d1c15762793552b63ae3082858d57ec0653d98fb38453423dd837aff42be81,mr_candle_score,7edfe028ba4dc241e44adea0457360914257dd3d85f27eb0e840b5f0974a89c4,False,32,70.72137769857528,11,1015.0,-0.009892961788523709,0.46875,47.0,0.017982017982017984,0.03451094360185269,0.7971014492753623,False,grid_median_target;profitable_cell_share;overlap_with_selected,False,"gate failed: grid_median_target, profitable_cell_share, overlap_with_selected",ok,
K,1D,MR,short,a6d1c15762793552b63ae3082858d57ec0653d98fb38453423dd837aff42be81,mr_ema_slope_drop,ec441b68259826b147dd89ddbfd87744396b9b34d0e639b422976ed4cc2a76a5,False,16,60.91900446976374,12,955.0,-0.05490702796161778,0.4375,31.0,0.013986013986013986,0.031080031080031083,0.6678966789667896,False,grid_median_target;profitable_cell_share;overlap_with_selected,False,"gate failed: grid_median_target, profitable_cell_share, overlap_with_selected",ok,
K,1D,MR,short,a6d1c15762793552b63ae3082858d57ec0653d98fb38453423dd837aff42be81,mr_down_closes,ffa4120ddba74299527fd74ae825fb185ed30371f78638b05b227dfc992e8f01,False,4,66.53040096908616,13,935.0,-0.13845328697857973,0.25,226.0,0.06693306693306693,0.09561866704723847,0.8019323671497585,False,grid_median_target;profitable_cell_share;overlap_with_selected,False,"gate failed: grid_median_target, profitable_cell_share, overlap_with_selected",ok,
K,1D,MR,short,a6d1c15762793552b63ae3082858d57ec0653d98fb38453423dd837aff42be81,mr_ma_distance_pct,80e7b564af94fa8e1701dded413ecb979fac10a28a7c3cd536e679f32fd4157e,False,16,71.24224722272577,14,830.0,0.07812108130775883,0.5625,65.0,0.12787212787212787,0.15043779749662103,0.850632911392405,False,profitable_cell_share;overlap_with_selected;method_q_value,False,"gate failed: profitable_cell_share, overlap_with_selected, method_q_value",ok,
K,1D,MR,short,a6d1c15762793552b63ae3082858d57ec0653d98fb38453423dd837aff42be81,mr_williams_confirm,ceda7964394194eb5a9aa78b7801a0a7fd048dc82a001151d7ea92cd4afa57ad,False,48,67.67852673514686,15,787.5,0.10263384246965256,0.6875,51.0,0.001998001998001998,0.01998001998001998,0.8435374149659864,False,overlap_with_selected,False,gate failed: overlap_with_selected,ok,
K,1D,MR,short,a6d1c15762793552b63ae3082858d57ec0653d98fb38453423dd837aff42be81,mr_connors_rsi,ce726a78b9caa4c8740085d755627ecc515969e6dcb9f183bcf957e0605aed78,False,16,54.69363905784738,16,670.0,-0.16075743716401963,0.375,46.0,0.08591408591408592,0.10739260739260739,0.6231884057971014,False,grid_median_target;profitable_cell_share;overlap_with_selected;method_q_value,False,"gate failed: grid_median_target, profitable_cell_share, overlap_with_selected, method_q_value",ok,
K,1D,MR,short,a6d1c15762793552b63ae3082858d57ec0653d98fb38453423dd837aff42be81,mr_ibs,bb513daecded8bcfa4435869f0af2cae4f8aebe02bc21061333e49c86eda6b96,False,12,43.214285714285715,17,590.0,-0.38007328603568447,0.4166666666666667,61.0,0.07292707292707293,0.09723609723609723,0.4927536231884058,False,grid_median_target;profitable_cell_share,False,"gate failed: grid_median_target, profitable_cell_share",ok,
K,1D,MR,short,a6d1c15762793552b63ae3082858d57ec0653d98fb38453423dd837aff42be81,mr_daily_drop,6721b92763af19a9259057814a5a7c7d59c6d4f5848ae964e6f8d278da1ef3fb,False,8,32.67857142857142,18,315.0,-0.413689643895367,0.125,63.0,0.17582417582417584,0.1953601953601954,0.44594594594594594,False,grid_median_target;profitable_cell_share;method_q_value,False,"gate failed: grid_median_target, profitable_cell_share, method_q_value",ok,
K,1D,MR,short,a6d1c15762793552b63ae3082858d57ec0653d98fb38453423dd837aff42be81,mr_macd_hist_turn,e36eadf6377ae3384ec74d9d3d7cb49a79f22294a3ac5df648d4b22d6f309212,False,4,24.98152773385238,19,237.5,-0.3346198067051805,0.0,198.0,0.1978021978021978,0.20821283979178715,0.6352313167259787,False,grid_median_target;profitable_cell_share;overlap_with_selected;method_q_value,False,"gate failed: grid_median_target, profitable_cell_share, overlap_with_selected, method_q_value",ok,
K,1D,MR,short,a6d1c15762793552b63ae3082858d57ec0653d98fb38453423dd837aff42be81,mr_ibs_after_new_high,f4f42763547e0b01d2c953cd0a873f5a0af6d361b40c574de20876ee334a9572,False,16,14.759591591812189,20,125.0,-0.3330036980747514,0.0,35.0,0.35764235764235763,0.35764235764235763,0.16363636363636364,False,grid_median_target;profitable_cell_share;method_q_value,False,"gate failed: grid_median_target, profitable_cell_share, method_q_value",ok,
LEN,1D,MR,short,ac955b7bf32b997301fb44053a57566d05727dcad65a8f2d170b028aad11d5d5,mr_stochastic_k,e3f5ec498f31d2d4a24af30651be2cea8e635b7c380d218ddaab822d005ac3a5,False,16,78.17754973722222,1,1852.5,0.3659013069401413,0.625,49.0,0.014985014985014986,0.06279434850863423,0.0,True,,True,"selected (1 of the profile; fewer than 3 passed, D-625)",ok,
LEN,1D,MR,short,ac955b7bf32b997301fb44053a57566d05727dcad65a8f2d170b028aad11d5d5,mr_down_closes,4e90d399e4e64f71af0265f5e948c0f248f9826302a1202311839212f16bcf78,False,4,60.70345999564216,2,1710.0,0.1393860620814248,0.5,59.0,0.002997002997002997,0.02997002997002997,0.5497076023391813,False,profitable_cell_share,False,gate failed: profitable_cell_share,ok,
LEN,1D,MR,short,ac955b7bf32b997301fb44053a57566d05727dcad65a8f2d170b028aad11d5d5,mr_rsi,7f8f6b33b6a28a0cb3c985dad6d2ea215d86759a4a5f8f780e3b21dabfdc5c37,False,16,58.763474826014914,3,1560.0,0.052362182822997795,0.5,32.0,0.12887112887112886,0.1744921744921745,0.7956989247311828,False,profitable_cell_share;overlap_with_selected;method_q_value,False,"gate failed: profitable_cell_share, overlap_with_selected, method_q_value",ok,
LEN,1D,MR,short,ac955b7bf32b997301fb44053a57566d05727dcad65a8f2d170b028aad11d5d5,mr_macd_hist_trough,387953b1bba1ecd313c26a2be7f009462b04863edb51dc3ae4096912db58d4a6,False,4,64.08932663095553,4,1530.0,0.01902735952300983,0.5,166.0,0.01998001998001998,0.06279434850863423,0.673469387755102,False,profitable_cell_share;overlap_with_selected,False,"gate failed: profitable_cell_share, overlap_with_selected",ok,
LEN,1D,MR,short,ac955b7bf32b997301fb44053a57566d05727dcad65a8f2d170b028aad11d5d5,mr_connors_rsi,8fc8469e06b54243284e9e801a65cc1ae94921bd4af583dbf588d1f7ed93945b,False,16,61.72650622330803,5,1507.5,0.07976858371226934,0.5625,63.0,0.007992007992007992,0.05328005328005328,0.689795918367347,False,profitable_cell_share;overlap_with_selected,False,"gate failed: profitable_cell_share, overlap_with_selected",ok,
LEN,1D,MR,short,ac955b7bf32b997301fb44053a57566d05727dcad65a8f2d170b028aad11d5d5,mr_rsi_sum,b19554bd622aa83f953ff26d49b034dd6d9e3d19183b133d37993a22c54a8c11,False,32,62.92529668262643,6,1500.0,0.14990556104267125,0.6875,47.0,0.03396603396603397,0.06720552175097629,0.9183673469387755,False,overlap_with_selected,False,gate failed: overlap_with_selected,ok,
LEN,1D,MR,short,ac955b7bf32b997301fb44053a57566d05727dcad65a8f2d170b028aad11d5d5,mr_zscore,c91cdf9d03b8e02b8b28150c51214b3602b4030d4bfbe9499461584578c16408,False,16,51.018486415224295,7,1375.0,-0.12992476339133097,0.1875,55.0,0.03696303696303696,0.06720552175097629,0.45021645021645024,False,grid_median_target;profitable_cell_share,False,"gate failed: grid_median_target, profitable_cell_share",ok,
LEN,1D,MR,short,ac955b7bf32b997301fb44053a57566d05727dcad65a8f2d170b028aad11d5d5,mr_n_day_low,e7a7c496bd1ff0b668ada9effbbc0a2defb3c2e4a5a0a37ba3f2310b43a0f27b,False,8,54.787064983023456,8,1277.5,-0.03287609931775362,0.375,110.0,0.015984015984015984,0.06279434850863423,0.8163265306122449,False,grid_median_target;profitable_cell_share;overlap_with_selected,False,"gate failed: grid_median_target, profitable_cell_share, overlap_with_selected",ok,
LEN,1D,MR,short,ac955b7bf32b997301fb44053a57566d05727dcad65a8f2d170b028aad11d5d5,mr_macd_hist_falling,5e453fec5fa559870c67696b97f32f3f06baf4d54dc82b8c342bbfa3246fe77a,False,4,51.73990441131933,9,1260.0,-0.03642950124058353,0.25,111.0,0.03496503496503497,0.06720552175097629,0.7183673469387755,False,grid_median_target;profitable_cell_share;overlap_with_selected,False,"gate failed: grid_median_target, profitable_cell_share, overlap_with_selected",ok,
LEN,1D,MR,short,ac955b7bf32b997301fb44053a57566d05727dcad65a8f2d170b028aad11d5d5,mr_candle_score,dbc745672cbc6d8e0434eea627fe3cd023d95fdce40243ed58936263da74ea05,False,32,54.025918997656845,10,1227.5,0.03204875570019659,0.5625,115.0,0.02197802197802198,0.06279434850863423,0.8734693877551021,False,profitable_cell_share;overlap_with_selected,False,"gate failed: profitable_cell_share, overlap_with_selected",ok,
LEN,1D,MR,short,ac955b7bf32b997301fb44053a57566d05727dcad65a8f2d170b028aad11d5d5,mr_williams_confirm,fe3750f51f07672ec86d3ef308b6319415f2bf52741d617766538d8ca0d8689f,False,48,43.808026300509475,11,1072.5,-0.08983000437427305,0.3333333333333333,30.0,0.03196803196803197,0.06720552175097629,0.6612244897959184,False,grid_median_target;profitable_cell_share;overlap_with_selected,False,"gate failed: grid_median_target, profitable_cell_share, overlap_with_selected",ok,
LEN,1D,MR,short,ac955b7bf32b997301fb44053a57566d05727dcad65a8f2d170b028aad11d5d5,mr_ema_slope_drop,3f6d6baba772ff3579d0855e2b40e3caf16ce195a739a1dccb7d418169f738b2,False,16,37.0,12,970.0,-0.226648066032201,0.3125,57.0,0.08491508491508491,0.14152514152514153,0.4935064935064935,False,grid_median_target;profitable_cell_share;method_q_value,False,"gate failed: grid_median_target, profitable_cell_share, method_q_value",ok,
LEN,1D,MR,short,ac955b7bf32b997301fb44053a57566d05727dcad65a8f2d170b028aad11d5d5,mr_lower_lows,82f91eb1134f047b97030db3733ad42b42808556b741090238f72c5157cf764a,False,4,33.75,13,947.5,-0.30663884162599847,0.25,153.0,0.000999000999000999,0.01998001998001998,0.6979591836734694,False,grid_median_target;profitable_cell_share;overlap_with_selected,False,"gate failed: grid_median_target, profitable_cell_share, overlap_with_selected",ok,
LEN,1D,MR,short,ac955b7bf32b997301fb44053a57566d05727dcad65a8f2d170b028aad11d5d5,mr_keltner_lower,2e4ff259ff523c1aeecb1660b019b6fbee23f247dab55ac834cd007d81184391,False,16,40.30367639551201,14,825.0,-0.2469489342739532,0.1875,50.0,0.22977022977022976,0.2553002553002553,0.4491525423728814,False,grid_median_target;profitable_cell_share;method_q_value,False,"gate failed: grid_median_target, profitable_cell_share, method_q_value",ok,
LEN,1D,MR,short,ac955b7bf32b997301fb44053a57566d05727dcad65a8f2d170b028aad11d5d5,mr_ma_distance_atr,e60af29bd362009ed52a03ed1c3db42e1ddad39c1d52984436ed7aedb26b49a2,False,16,32.8125,15,715.0,-0.34165280987761937,0.1875,50.0,0.21078921078921078,0.24798730681083622,0.5769230769230769,False,grid_median_target;profitable_cell_share;method_q_value,False,"gate failed: grid_median_target, profitable_cell_share, method_q_value",ok,
LEN,1D,MR,short,ac955b7bf32b997301fb44053a57566d05727dcad65a8f2d170b028aad11d5d5,mr_ibs,2d95194122f2fe9e6188ed92bfabe24a5db08c2dc105d63d31d2fb20d682b3ae,False,12,28.333333333333332,16,505.0,-0.34737752447961756,0.16666666666666666,47.0,0.13086913086913088,0.1744921744921745,0.42448979591836733,False,grid_median_target;profitable_cell_share;method_q_value,False,"gate failed: grid_median_target, profitable_cell_share, method_q_value",ok,
LEN,1D,MR,short,ac955b7bf32b997301fb44053a57566d05727dcad65a8f2d170b028aad11d5d5,mr_ma_distance_pct,db679288b60d2d7f415b0eda8a253a8d99b41a197d54d6b11f64af14973789f8,False,16,26.25,17,415.0,-0.3920722511661939,0.0625,52.0,0.13086913086913088,0.1744921744921745,0.6571428571428571,False,grid_median_target;profitable_cell_share;overlap_with_selected;method_q_value,False,"gate failed: grid_median_target, profitable_cell_share, overlap_with_selected, method_q_value",ok,
LEN,1D,MR,short,ac955b7bf32b997301fb44053a57566d05727dcad65a8f2d170b028aad11d5d5,mr_daily_drop,749a173860fcaa2ff3d0328777b3540d383985021297058366afaab82d7b6098,False,8,20.0,18,380.0,-0.27083283261035956,0.0,89.0,0.1918081918081918,0.23976023976023975,0.32653061224489793,False,grid_median_target;profitable_cell_share;method_q_value,False,"gate failed: grid_median_target, profitable_cell_share, method_q_value",ok,
LEN,1D,MR,short,ac955b7bf32b997301fb44053a57566d05727dcad65a8f2d170b028aad11d5d5,mr_ibs_after_new_high,6a5eebad81294185461f37378f03e08f986b0be8fd3fd13342650ac1eeadea33,False,16,10.337027545587054,19,230.0,-0.5326366026791389,0.0,33.0,0.3966033966033966,0.41747725958252274,0.05343511450381679,False,grid_median_target;profitable_cell_share;method_q_value,False,"gate failed: grid_median_target, profitable_cell_share, method_q_value",ok,
LEN,1D,MR,short,ac955b7bf32b997301fb44053a57566d05727dcad65a8f2d170b028aad11d5d5,mr_macd_hist_turn,c716b94611c77e05f06d059133f990e6d3f046a9eff8f9be0ec980643bcd9d59,False,4,0.0,20,140.0,-0.5687806902933903,0.0,99.0,0.8391608391608392,0.8391608391608392,0.05714285714285714,False,grid_median_target;profitable_cell_share;method_q_value,False,"gate failed: grid_median_target, profitable_cell_share, method_q_value",ok,
MSFT,1D,MR,long,cb7c972527f78c133aafcb67494cb7eaf2d3608eb6812845b10a9d790b476bd6,mr_ibs_after_new_high,1291d6835b997ff468e99f7ae8916b6b57f0ab5dafead639f2810770c206ef51,False,16,100.0,1,1460.0,1.0497410497400983,1.0,30.0,0.022977022977022976,0.030636030636030636,0.0,True,,True,selected (3 of the profile),ok,
MSFT,1D,MR,long,cb7c972527f78c133aafcb67494cb7eaf2d3608eb6812845b10a9d790b476bd6,mr_zscore,7f22f6729b42b583979610fe1cf484e75b650d6e6918dc097c9db800f1107077,False,16,96.875,2,1460.0,1.3299465061372016,0.875,60.0,0.005994005994005994,0.01998001998001998,0.0916030534351145,True,,True,selected (3 of the profile),ok,
MSFT,1D,MR,long,cb7c972527f78c133aafcb67494cb7eaf2d3608eb6812845b10a9d790b476bd6,mr_n_day_low,05ffb1f07774b06412288a2d41abeb8d2a7ca6eaa237cdd3f7d98316bc251388,False,8,98.125,3,1442.5,1.1557951049391826,1.0,149.0,0.01098901098901099,0.021645021645021648,0.6591639871382636,False,overlap_with_selected,False,gate failed: overlap_with_selected,ok,
MSFT,1D,MR,long,cb7c972527f78c133aafcb67494cb7eaf2d3608eb6812845b10a9d790b476bd6,mr_down_closes,d69fa70a6de82fc4e1d8407247dcb78e1c607b08cc432bfc596ab54958361a64,False,4,94.00219052706494,4,1352.5,1.3123833655469308,1.0,407.0,0.012987012987012988,0.021645021645021648,0.8702290076335878,False,overlap_with_selected,False,gate failed: overlap_with_selected,ok,
MSFT,1D,MR,long,cb7c972527f78c133aafcb67494cb7eaf2d3608eb6812845b10a9d790b476bd6,mr_ma_distance_pct,32d266c377c8a99a23c480d1ca4453fb00d96f991a5878c434e492cf9074f502,False,16,98.4375,5,1302.5,1.2039361460458446,0.9375,90.0,0.00999000999000999,0.021645021645021648,0.9421221864951769,False,overlap_with_selected,False,gate failed: overlap_with_selected,ok,
MSFT,1D,MR,long,cb7c972527f78c133aafcb67494cb7eaf2d3608eb6812845b10a9d790b476bd6,mr_keltner_lower,095676a7258e7ad1f26582e30062292118519d74d924001abd386066d901d2c7,False,16,96.875,6,1300.0,1.139268283441385,0.875,56.0,0.030969030969030968,0.03871128871128871,0.9571428571428572,False,overlap_with_selected,False,gate failed: overlap_with_selected,ok,
MSFT,1D,MR,long,cb7c972527f78c133aafcb67494cb7eaf2d3608eb6812845b10a9d790b476bd6,mr_ma_distance_atr,fc252c3d4d9fd26d2cb17d5d69d3e4ae709cb915b00896a0ce0553d1af965d7b,False,16,95.0,7,1222.5,1.186547658361287,0.875,83.0,0.002997002997002997,0.01998001998001998,0.9260450160771704,False,overlap_with_selected,False,gate failed: overlap_with_selected,ok,
MSFT,1D,MR,long,cb7c972527f78c133aafcb67494cb7eaf2d3608eb6812845b10a9d790b476bd6,mr_connors_rsi,73223af84976a23db0206ae5706e1ef65523136c0a84f4761f7bb6f752dd8dcd,False,16,100.0,8,1180.0,1.0580019380925942,1.0,203.0,0.008991008991008992,0.021645021645021648,0.8038585209003215,False,overlap_with_selected,False,gate failed: overlap_with_selected,ok,
MSFT,1D,MR,long,cb7c972527f78c133aafcb67494cb7eaf2d3608eb6812845b10a9d790b476bd6,mr_rsi_sum,1ed0031e8cbe5d01c55c5b461e3ce4b98fb5c78d5e2c784db420cbd5c65125c2,False,32,93.75,9,1142.5,1.1087283601508107,0.75,32.0,0.004995004995004995,0.01998001998001998,0.8185840707964602,False,overlap_with_selected,False,gate failed: overlap_with_selected,ok,
MSFT,1D,MR,long,cb7c972527f78c133aafcb67494cb7eaf2d3608eb6812845b10a9d790b476bd6,mr_lower_lows,7014f57cfc93d19ca6f5583e2170c600268bb7615a6e2efe53427c7c5abb8ade,False,4,92.98151122280348,10,1132.5,1.1091206322753573,1.0,388.0,0.01998001998001998,0.030636030636030636,0.8778135048231511,False,overlap_with_selected,False,gate failed: overlap_with_selected,ok,
MSFT,1D,MR,long,cb7c972527f78c133aafcb67494cb7eaf2d3608eb6812845b10a9d790b476bd6,mr_ibs,05e2f5b450bc673bae1b5af679033de5bebb24fba41cde95aea0b3fd6848b02b,False,12,87.91666666666666,11,1077.5,1.2512701173825245,0.6666666666666666,208.0,0.002997002997002997,0.01998001998001998,1.0,False,overlap_with_selected,False,gate failed: overlap_with_selected,ok,
MSFT,1D,MR,long,cb7c972527f78c133aafcb67494cb7eaf2d3608eb6812845b10a9d790b476bd6,mr_macd_hist_falling,22370af085f1596c1dfe536049f38dcdc68863c8a961a35ecbca364f75aa3dd3,False,4,87.9597040064624,12,1000.0,0.43598694242674485,1.0,131.0,0.011988011988011988,0.021645021645021648,0.5562700964630225,True,,True,selected (3 of the profile),ok,
MSFT,1D,MR,long,cb7c972527f78c133aafcb67494cb7eaf2d3608eb6812845b10a9d790b476bd6,mr_ema_slope_drop,a2ba543c9d87cbe50cac73928e2436db80f054ced44b78cd85e9e989974fa37f,False,16,96.5625,13,985.0,1.0208200218416164,0.9375,142.0,0.006993006993006993,0.01998001998001998,0.8938906752411575,False,overlap_with_selected,False,gate failed: overlap_with_selected,ok,
MSFT,1D,MR,long,cb7c972527f78c133aafcb67494cb7eaf2d3608eb6812845b10a9d790b476bd6,mr_rsi,c3de7e28ce8a9cf353aaf17654b13d212f5d63a477569db90051124ccf3a51d3,False,16,91.875,14,965.0,1.0459993886326213,0.75,48.0,0.000999000999000999,0.01998001998001998,0.9836065573770492,False,overlap_with_selected,False,gate failed: overlap_with_selected,ok,
MSFT,1D,MR,long,cb7c972527f78c133aafcb67494cb7eaf2d3608eb6812845b10a9d790b476bd6,mr_stochastic_k,9af433f8f91daa74ded1a425dd87828d8fdae390514456f070b053016875db5b,False,16,93.16964285714286,15,775.0,0.819661535010902,0.8125,30.0,0.022977022977022976,0.030636030636030636,0.7182320441988951,False,overlap_with_selected,False,gate failed: overlap_with_selected,ok,
MSFT,1D,MR,long,cb7c972527f78c133aafcb67494cb7eaf2d3608eb6812845b10a9d790b476bd6,mr_daily_drop,1d0a3d3e2be981baba85e8d9d84d7c5280bee5229f802a2751f6edf146a17777,False,8,91.05525793845119,16,772.5,0.8014280803878152,0.875,219.0,0.15184815184815184,0.15184815184815184,0.8070739549839229,False,overlap_with_selected;method_q_value,False,"gate failed: overlap_with_selected, method_q_value",ok,
MSFT,1D,MR,long,cb7c972527f78c133aafcb67494cb7eaf2d3608eb6812845b10a9d790b476bd6,mr_macd_hist_trough,f4ddf2cce0b6a584d0232d935570d1ade582a12a721a26423ab1f0e6391e10b3,False,4,90.73063012236115,17,672.5,0.5357580079219524,1.0,305.0,0.07692307692307693,0.08547008547008547,0.953757225433526,False,overlap_with_selected,False,gate failed: overlap_with_selected,ok,
MSFT,1D,MR,long,cb7c972527f78c133aafcb67494cb7eaf2d3608eb6812845b10a9d790b476bd6,mr_macd_hist_turn,5fdd8b9786db03d6f189ab87a066095b33c5bb7a25189e2eca2a0c8da97b81c3,False,4,78.69215328078695,18,632.5,0.38798080674545565,1.0,255.0,0.0969030969030969,0.10200325989799673,0.5273311897106109,False,method_q_value,False,gate failed: method_q_value,ok,
MSFT,1D,MR,long,cb7c972527f78c133aafcb67494cb7eaf2d3608eb6812845b10a9d790b476bd6,mr_candle_score,122f43abfa16d6e49606a2c4db6ab4247d5bd9f194271fb60ac12fa1a34dc4b5,False,32,78.01803834731132,19,625.0,0.3571021773866482,0.71875,143.0,0.003996003996003996,0.01998001998001998,0.7398843930635838,False,overlap_with_selected,False,gate failed: overlap_with_selected,ok,
MSFT,1D,MR,long,cb7c972527f78c133aafcb67494cb7eaf2d3608eb6812845b10a9d790b476bd6,mr_williams_confirm,8ea8b63e77978c335321e869432efe286b568692132d05d3b578fe873d7ed3cb,False,48,75.35245822349984,20,500.0,0.35770474744314357,0.7708333333333334,38.0,0.03496503496503497,0.04113533525298232,0.838150289017341,False,overlap_with_selected,False,gate failed: overlap_with_selected,ok,
RTX,1D,MR,long,54a8a437b75238c83518d476e9723742cc54fab90242662d3e1ee269214ef03d,mr_down_closes,75e15dee569750e7a9f238c023523bf2e02d0eaabd322838fbba7037a96322c0,False,4,92.86482547863591,1,1862.5,0.30040871674749803,0.5,51.0,0.007992007992007992,0.02283430854859426,0.0,False,profitable_cell_share,False,gate failed: profitable_cell_share,ok,
RTX,1D,MR,long,54a8a437b75238c83518d476e9723742cc54fab90242662d3e1ee269214ef03d,mr_n_day_low,0bea74095a7855210525a190d4fb2fdcf78256cd2bf79ba3d37fcbfea4b53eee,False,8,86.45817899575118,2,1622.5,0.4238657319818848,0.625,84.0,0.017982017982017984,0.03282431853860425,0.0,True,,True,"selected (2 of the profile; fewer than 3 passed, D-625)",ok,
RTX,1D,MR,long,54a8a437b75238c83518d476e9723742cc54fab90242662d3e1ee269214ef03d,mr_macd_hist_falling,74118741855dda14784c66c4e61e1b85189b852c8b8238d2cc2061f3dd6fe9a7,False,4,92.5,3,1602.5,0.8773628680197307,1.0,106.0,0.000999000999000999,0.00666000666000666,0.6264591439688716,False,overlap_with_selected,False,gate failed: overlap_with_selected,ok,
RTX,1D,MR,long,54a8a437b75238c83518d476e9723742cc54fab90242662d3e1ee269214ef03d,mr_rsi_sum,229daabbefe96dcc861691cbbdcaedc3e2cb96e33444a37e955572af277f8613,False,32,79.23864184252965,4,1572.5,0.31200486532644667,0.8125,45.0,0.000999000999000999,0.00666000666000666,0.8441558441558441,False,overlap_with_selected,False,gate failed: overlap_with_selected,ok,
RTX,1D,MR,long,54a8a437b75238c83518d476e9723742cc54fab90242662d3e1ee269214ef03d,mr_connors_rsi,f8ecd39fee436d450530f61fe525436929553b509314b9426850ef4ff77b9cbf,False,16,77.78777509248852,5,1382.5,0.1255042230545394,0.5,94.0,0.02097902097902098,0.03282431853860425,0.7704280155642024,False,profitable_cell_share;overlap_with_selected,False,"gate failed: profitable_cell_share, overlap_with_selected",ok,
RTX,1D,MR,long,54a8a437b75238c83518d476e9723742cc54fab90242662d3e1ee269214ef03d,mr_stochastic_k,2cfb8345e20f67f371b0f342552c3cbc5d68ddcacbbf7593f6fa58148deff74c,False,16,74.37029087121581,6,1382.5,0.09810322239496566,0.5625,39.0,0.000999000999000999,0.00666000666000666,0.6494845360824743,False,profitable_cell_share;overlap_with_selected,False,"gate failed: profitable_cell_share, overlap_with_selected",ok,
RTX,1D,MR,long,54a8a437b75238c83518d476e9723742cc54fab90242662d3e1ee269214ef03d,mr_macd_hist_trough,a89b430d88433782bd621f4dc1882f6159bbced6a2f198570b4fbcd28cc9a865,False,4,83.78170288241994,7,1380.0,0.15351197513523457,0.75,254.0,0.03196803196803197,0.042624042624042624,0.8832684824902723,False,overlap_with_selected,False,gate failed: overlap_with_selected,ok,
RTX,1D,MR,long,54a8a437b75238c83518d476e9723742cc54fab90242662d3e1ee269214ef03d,mr_rsi,9879e5706bd09211cc9466d3cd5dfb4715c55a646a8ea0af5f5d547ddee6ab5a,False,16,74.99394535050206,8,1242.5,0.29700110661346313,0.5625,53.0,0.015984015984015984,0.03282431853860425,0.8949416342412452,False,profitable_cell_share;overlap_with_selected,False,"gate failed: profitable_cell_share, overlap_with_selected",ok,
RTX,1D,MR,long,54a8a437b75238c83518d476e9723742cc54fab90242662d3e1ee269214ef03d,mr_candle_score,16efea3259bde847cdd5295151a9ae0f666f0f8ce44505df6f050c78f5ab29a7,False,32,72.62766310232199,9,1180.0,0.16011918407201223,0.65625,35.0,0.003996003996003996,0.01998001998001998,0.5369649805447471,True,,True,"selected (2 of the profile; fewer than 3 passed, D-625)",ok,
RTX,1D,MR,long,54a8a437b75238c83518d476e9723742cc54fab90242662d3e1ee269214ef03d,mr_zscore,fed8c72513fa7a22c26a9706e25b266d149b1e514558b7448d1584d2ad174550,False,16,71.71390714200294,10,1180.0,0.22385318878384414,0.8125,56.0,0.02197802197802198,0.03282431853860425,0.8414634146341463,False,overlap_with_selected,False,gate failed: overlap_with_selected,ok,
RTX,1D,MR,long,54a8a437b75238c83518d476e9723742cc54fab90242662d3e1ee269214ef03d,mr_ibs,34b13f24b72f25a19ea68ffddf680d4f5e2e7a015fed883acbc2372a2930599c,False,12,68.1806183454793,11,1035.0,0.19897319347393372,0.5,40.0,0.01898101898101898,0.03282431853860425,0.6739130434782609,False,profitable_cell_share;overlap_with_selected,False,"gate failed: profitable_cell_share, overlap_with_selected",ok,
RTX,1D,MR,long,54a8a437b75238c83518d476e9723742cc54fab90242662d3e1ee269214ef03d,mr_ma_distance_atr,3de411c48f1d8e43f09562065a7909f939aa1a1519fd4f1fee4f241fe42f8a71,False,16,57.12795183256324,12,962.5,-0.1714933999201049,0.375,44.0,0.004995004995004995,0.01998001998001998,0.6893617021276596,False,grid_median_target;profitable_cell_share;overlap_with_selected,False,"gate failed: grid_median_target, profitable_cell_share, overlap_with_selected",ok,
RTX,1D,MR,long,54a8a437b75238c83518d476e9723742cc54fab90242662d3e1ee269214ef03d,mr_williams_confirm,02f938a215541708f143246b56e9322baabe12e859e1de33f10b3a711d31175a,False,48,59.4306733404337,13,892.5,0.03990758777474028,0.5833333333333334,45.0,0.022977022977022976,0.03282431853860425,0.5555555555555556,False,profitable_cell_share,False,gate failed: profitable_cell_share,ok,
RTX,1D,MR,long,54a8a437b75238c83518d476e9723742cc54fab90242662d3e1ee269214ef03d,mr_keltner_lower,5562b451b3848022f868ba72732e697580ce31fae1dc362199b0f70106ae58d5,False,16,48.93573639355456,14,820.0,-0.1488258422819539,0.375,45.0,0.005994005994005994,0.01998001998001998,0.6557377049180327,False,grid_median_target;profitable_cell_share;overlap_with_selected,False,"gate failed: grid_median_target, profitable_cell_share, overlap_with_selected",ok,
RTX,1D,MR,long,54a8a437b75238c83518d476e9723742cc54fab90242662d3e1ee269214ef03d,mr_macd_hist_turn,0d8861d6b0c4a39a9c8640fa7d427e1dbe4aa1d63284d4aec5b0572a497651e5,False,4,48.568969004341135,15,635.0,0.10389828715360404,0.75,160.0,0.3866133866133866,0.3866133866133866,0.18115942028985507,False,method_q_value,False,gate failed: method_q_value,ok,
RTX,1D,MR,long,54a8a437b75238c83518d476e9723742cc54fab90242662d3e1ee269214ef03d,mr_ibs_after_new_high,f93ef40b3dd368947a6c463d013146dc32797ff93bab1f1ecb05d5dcfcc36f14,False,16,53.62818546878541,16,625.0,-0.13659958049038173,0.0,87.0,0.21578421578421578,0.2271412797728587,0.16304347826086957,False,grid_median_target;profitable_cell_share;method_q_value,False,"gate failed: grid_median_target, profitable_cell_share, method_q_value",ok,
RTX,1D,MR,long,54a8a437b75238c83518d476e9723742cc54fab90242662d3e1ee269214ef03d,mr_lower_lows,6c054f7e67a465ffd2bed556ece8189245f594b96a07005ad9957b57c90a9f7c,False,4,45.49484714396078,17,515.0,-0.1973486216198092,0.0,390.0,0.059940059940059943,0.07051771757654111,0.927536231884058,False,grid_median_target;profitable_cell_share;overlap_with_selected,False,"gate failed: grid_median_target, profitable_cell_share, overlap_with_selected",ok,
RTX,1D,MR,long,54a8a437b75238c83518d476e9723742cc54fab90242662d3e1ee269214ef03d,mr_ema_slope_drop,502b993a3a87237477019f9f877f8dcc1d4c995109726e5ba811f276039974ff,False,16,43.81011527359673,18,420.0,-0.2365055612514257,0.125,35.0,0.022977022977022976,0.03282431853860425,0.9377431906614786,False,grid_median_target;profitable_cell_share;overlap_with_selected,False,"gate failed: grid_median_target, profitable_cell_share, overlap_with_selected",ok,
RTX,1D,MR,long,54a8a437b75238c83518d476e9723742cc54fab90242662d3e1ee269214ef03d,mr_ma_distance_pct,6b09ab0e3a7d4aff947a543eb53e4006f2e054cffaa4ad21a37a92d5b01692ba,False,16,37.89653770700353,19,397.5,-0.18441497686603428,0.0,173.0,0.2047952047952048,0.2271412797728587,0.9182879377431906,False,grid_median_target;profitable_cell_share;overlap_with_selected;method_q_value,False,"gate failed: grid_median_target, profitable_cell_share, overlap_with_selected, method_q_value",ok,
RTX,1D,MR,long,54a8a437b75238c83518d476e9723742cc54fab90242662d3e1ee269214ef03d,mr_daily_drop,babb30eab32784a1dc776d97cdd390cf84aa8bab0b516593abb711a99cca26de,False,8,38.75,20,290.0,-0.23517226065210647,0.0,217.0,0.04795204795204795,0.05994005994005994,0.8326848249027238,False,grid_median_target;profitable_cell_share;overlap_with_selected,False,"gate failed: grid_median_target, profitable_cell_share, overlap_with_selected",ok,
SHW,1D,MR,long,e526b51574f5f497798eb7bfb764670b1093116044f4263a21d857bd9b5d1e56,mr_connors_rsi,8c92052c0ec042171e39589dfe022cff3e6e6e1574431aa9c210d1d89ab995aa,False,16,98.125,1,1695.0,0.7475154684086334,1.0,62.0,0.000999000999000999,0.003996003996003996,0.0,True,,True,"selected (1 of the profile; fewer than 3 passed, D-625)",ok,
SHW,1D,MR,long,e526b51574f5f497798eb7bfb764670b1093116044f4263a21d857bd9b5d1e56,mr_ibs,a42fb4b87b53cc1203c7e992b70043797a3cb666f6a5fac7b97a3e2c6db7a779,False,12,95.83333333333334,2,1627.5,0.9077817025583143,0.8333333333333334,220.0,0.000999000999000999,0.003996003996003996,0.7891061452513967,False,overlap_with_selected,False,gate failed: overlap_with_selected,ok,
SHW,1D,MR,long,e526b51574f5f497798eb7bfb764670b1093116044f4263a21d857bd9b5d1e56,mr_lower_lows,3815bfec33fee7167ba93afda013d4eba0932b8a2cb322d3d9967a9bf663c379,False,4,96.25,3,1510.0,0.45820131198683267,0.75,225.0,0.003996003996003996,0.007992007992007992,0.8195121951219512,False,overlap_with_selected,False,gate failed: overlap_with_selected,ok,
SHW,1D,MR,long,e526b51574f5f497798eb7bfb764670b1093116044f4263a21d857bd9b5d1e56,mr_macd_hist_trough,8cd0a75b324dbf64e626595e091d5b0549776c82a2af833857ab35813aec1cca,False,4,100.0,4,1505.0,0.4895239734333696,1.0,303.0,0.003996003996003996,0.007992007992007992,0.7995337995337995,False,overlap_with_selected,False,gate failed: overlap_with_selected,ok,
SHW,1D,MR,long,e526b51574f5f497798eb7bfb764670b1093116044f4263a21d857bd9b5d1e56,mr_down_closes,8c644e012a04181e54f67b4452aa78714ca18a4b5f98593419c0350580ff5e42,False,4,96.25,5,1490.0,0.4533149982761333,1.0,208.0,0.001998001998001998,0.004995004995004995,0.8439490445859873,False,overlap_with_selected,False,gate failed: overlap_with_selected,ok,
SHW,1D,MR,long,e526b51574f5f497798eb7bfb764670b1093116044f4263a21d857bd9b5d1e56,mr_ema_slope_drop,2fbd280d3c22e270818587d85bfe77cf12711fe5445d2829ee9a093b289fff72,False,16,95.64103796059908,6,1490.0,0.6570919909503524,0.9375,96.0,0.001998001998001998,0.004995004995004995,0.9148471615720524,False,overlap_with_selected,False,gate failed: overlap_with_selected,ok,
SHW,1D,MR,long,e526b51574f5f497798eb7bfb764670b1093116044f4263a21d857bd9b5d1e56,mr_n_day_low,e2dcdf15e5fa8442af530650c0f000f378ae8a16c2bf02ac8236d7674f06336c,False,8,84.74780212481588,7,1290.0,0.42077859519521615,0.75,154.0,0.000999000999000999,0.003996003996003996,0.9156378600823045,False,overlap_with_selected,False,gate failed: overlap_with_selected,ok,
SHW,1D,MR,long,e526b51574f5f497798eb7bfb764670b1093116044f4263a21d857bd9b5d1e56,mr_ibs_after_new_high,342f2391a12eb33c4ee95425ca87d73093a7e3e0fdb2aa8f10dfec9e37f1ffd5,False,16,83.21294232872285,8,1252.5,0.22603104149868988,0.875,68.0,0.1048951048951049,0.13111888111888112,0.6495176848874598,False,overlap_with_selected;method_q_value,False,"gate failed: overlap_with_selected, method_q_value",ok,
SHW,1D,MR,long,e526b51574f5f497798eb7bfb764670b1093116044f4263a21d857bd9b5d1e56,mr_daily_drop,e12d4682fd15f054a676f9afcbb5dc313bba1f84f54ef0f855092d0e8b4f3abe,False,8,94.375,9,1227.5,0.5773233974322076,1.0,221.0,0.000999000999000999,0.003996003996003996,0.9405594405594405,False,overlap_with_selected,False,gate failed: overlap_with_selected,ok,
SHW,1D,MR,long,e526b51574f5f497798eb7bfb764670b1093116044f4263a21d857bd9b5d1e56,mr_macd_hist_falling,59a076702e1e6297f57f55c9cd8b1a64729a35b5e7ef3dda82a1b36cc40c8203,False,4,79.19822488417839,10,1210.0,0.25938004786645863,1.0,102.0,0.04395604395604396,0.07326007326007326,0.8662207357859532,False,overlap_with_selected,False,gate failed: overlap_with_selected,ok,
SHW,1D,MR,long,e526b51574f5f497798eb7bfb764670b1093116044f4263a21d857bd9b5d1e56,mr_candle_score,ad4dacfbbf911ce7cfcb27748174b3039de3e89c259699972e0b16c6537c0d0a,False,32,82.09444403542341,11,1207.5,0.2695107618144384,0.75,105.0,0.000999000999000999,0.003996003996003996,0.8752136752136752,False,overlap_with_selected,False,gate failed: overlap_with_selected,ok,
SHW,1D,MR,long,e526b51574f5f497798eb7bfb764670b1093116044f4263a21d857bd9b5d1e56,mr_ma_distance_pct,782d06db7cf90c92b9eb2dbce5d6df93333edeaf2c44a687fa8085cf85a612b1,False,16,76.16210502277357,12,1105.0,0.20510751546159747,0.75,65.0,0.07392607392607392,0.09856809856809856,0.8357487922705314,False,overlap_with_selected,False,gate failed: overlap_with_selected,ok,
SHW,1D,MR,long,e526b51574f5f497798eb7bfb764670b1093116044f4263a21d857bd9b5d1e56,mr_rsi,9330ad4b5ad1ee6b917e6efe163c6d0dc5fe7cb994f8b0d78868638c936c7c04,False,16,69.1379487842512,13,905.0,0.20138973267609594,0.5625,176.0,0.001998001998001998,0.004995004995004995,0.9253996447602132,False,profitable_cell_share;overlap_with_selected,False,"gate failed: profitable_cell_share, overlap_with_selected",ok,
SHW,1D,MR,long,e526b51574f5f497798eb7bfb764670b1093116044f4263a21d857bd9b5d1e56,mr_zscore,48c77cccbb8b6657b462e52144f18be182cf6b7f7d649e529273db5ef031407a,False,16,61.11404340947365,14,770.0,-0.03244656800107124,0.3125,100.0,0.06693306693306693,0.09561866704723847,0.8689024390243902,False,grid_median_target;profitable_cell_share;overlap_with_selected,False,"gate failed: grid_median_target, profitable_cell_share, overlap_with_selected",ok,
SHW,1D,MR,long,e526b51574f5f497798eb7bfb764670b1093116044f4263a21d857bd9b5d1e56,mr_ma_distance_atr,79c789dd653afcb59a20ced3a08f7f53ec4507f28c38427a509f5a2f4e704d05,False,16,61.800083492985834,15,667.5,-0.0018052778609646165,0.5,140.0,0.028971028971028972,0.05267459812914359,0.843558282208589,False,grid_median_target;profitable_cell_share;overlap_with_selected,False,"gate failed: grid_median_target, profitable_cell_share, overlap_with_selected",ok,
SHW,1D,MR,long,e526b51574f5f497798eb7bfb764670b1093116044f4263a21d857bd9b5d1e56,mr_macd_hist_turn,f96adf3a28b89164eb0783a84c91a4c646d4486da7b6de406f2c7692a4b881ab,False,4,39.741455877582545,16,617.5,-0.20575575473176042,0.25,150.0,0.4675324675324675,0.48351648351648346,0.41935483870967744,False,grid_median_target;profitable_cell_share;method_q_value,False,"gate failed: grid_median_target, profitable_cell_share, method_q_value",ok,
SHW,1D,MR,long,e526b51574f5f497798eb7bfb764670b1093116044f4263a21d857bd9b5d1e56,mr_keltner_lower,b7ed442c39f312a6832814d1af8ef061a9672404a141d2dcaa7a7d59f1401e23,False,16,45.7412700483468,17,582.5,-0.01779109362296511,0.5,122.0,0.36163836163836166,0.40182040182040185,0.7924528301886793,False,grid_median_target;profitable_cell_share;overlap_with_selected;method_q_value,False,"gate failed: grid_median_target, profitable_cell_share, overlap_with_selected, method_q_value",ok,
SHW,1D,MR,long,e526b51574f5f497798eb7bfb764670b1093116044f4263a21d857bd9b5d1e56,mr_rsi_sum,9441c82d9787a58812170a514cd2cbee4352b346d215fd8578fef37b1998ed2b,False,32,51.37452236851542,18,392.5,-0.09214590875869175,0.40625,46.0,0.06493506493506493,0.09561866704723847,0.874,False,grid_median_target;profitable_cell_share;overlap_with_selected,False,"gate failed: grid_median_target, profitable_cell_share, overlap_with_selected",ok,
SHW,1D,MR,long,e526b51574f5f497798eb7bfb764670b1093116044f4263a21d857bd9b5d1e56,mr_williams_confirm,5d9d1cd2f3514c2ccb27873008e2f62917903e20be73a673359733eb8d497fe4,False,48,46.07598031481239,19,355.0,-0.16746002333110677,0.3541666666666667,44.0,0.16283716283716285,0.19157313274960336,0.8686131386861314,False,grid_median_target;profitable_cell_share;overlap_with_selected;method_q_value,False,"gate failed: grid_median_target, profitable_cell_share, overlap_with_selected, method_q_value",ok,
SHW,1D,MR,long,e526b51574f5f497798eb7bfb764670b1093116044f4263a21d857bd9b5d1e56,mr_stochastic_k,dc3ab7df91eef42d662357ba9b879f299f63ad1502d3f617144c586cc77d932a,False,16,18.752682760100114,20,100.0,-0.31415930687602023,0.125,37.0,0.4835164835164835,0.48351648351648346,0.8760330578512396,False,grid_median_target;profitable_cell_share;overlap_with_selected;method_q_value,False,"gate failed: grid_median_target, profitable_cell_share, overlap_with_selected, method_q_value",ok,
TJX,1D,MR,short,d6edbcb7dd9499abe4d5e4f7d7881e9b30702cf866580f70d594af7256e4af35,mr_rsi_sum,ba79fb3078090944d71fecacfdfe4e5ff85a045b0ddaa9a14a05dbfa0086f2c2,False,32,82.88244983379352,1,1922.5,0.34098265729814925,0.90625,32.0,0.01098901098901099,0.04395604395604396,0.0,True,,True,"selected (2 of the profile; fewer than 3 passed, D-625)",ok,
TJX,1D,MR,short,d6edbcb7dd9499abe4d5e4f7d7881e9b30702cf866580f70d594af7256e4af35,mr_macd_hist_falling,5958a8e4c0b1f4d532c38dd940d13505aca1ff50a9df3cf74635dfcbd25294ef,False,4,69.98513105214496,2,1675.0,0.15377419711285667,1.0,67.0,0.061938061938061936,0.09528932605855683,0.5153846153846153,True,,True,"selected (2 of the profile; fewer than 3 passed, D-625)",ok,
TJX,1D,MR,short,d6edbcb7dd9499abe4d5e4f7d7881e9b30702cf866580f70d594af7256e4af35,mr_keltner_lower,411c9d012f5ce885489a3202a91de8a2c7fae80a6c1b7d121ecb98f9452f4ed4,False,16,53.78977803871322,3,1575.0,-0.14417968232869055,0.375,38.0,0.004995004995004995,0.033300033300033303,0.823076923076923,False,grid_median_target;profitable_cell_share;overlap_with_selected,False,"gate failed: grid_median_target, profitable_cell_share, overlap_with_selected",ok,
TJX,1D,MR,short,d6edbcb7dd9499abe4d5e4f7d7881e9b30702cf866580f70d594af7256e4af35,mr_stochastic_k,01b2fe65dfdf19a38274a5abcade34110093cee36aefc5796308f66394ace557,False,16,61.55867771769915,4,1557.5,-0.0839486409607812,0.375,45.0,0.0939060939060939,0.12520812520812521,0.7692307692307693,False,grid_median_target;profitable_cell_share;overlap_with_selected;method_q_value,False,"gate failed: grid_median_target, profitable_cell_share, overlap_with_selected, method_q_value",ok,
TJX,1D,MR,short,d6edbcb7dd9499abe4d5e4f7d7881e9b30702cf866580f70d594af7256e4af35,mr_zscore,07a1b335b028fec8ba3391ee6037eb7ae223025787029a09298f42e0af4ae84f,False,16,59.932648328008995,5,1497.5,-0.14370084614875572,0.25,60.0,0.015984015984015984,0.04566861709718852,0.8076923076923077,False,grid_median_target;profitable_cell_share;overlap_with_selected,False,"gate failed: grid_median_target, profitable_cell_share, overlap_with_selected",ok,
TJX,1D,MR,short,d6edbcb7dd9499abe4d5e4f7d7881e9b30702cf866580f70d594af7256e4af35,mr_ma_distance_atr,c9ded9b5a325dac497492e7c9459c8b43d6db75d295f40e4cb4bade2a2194985,False,16,47.461785234324104,6,1407.5,-0.19231892868648456,0.25,37.0,0.01898101898101898,0.04745254745254745,0.9461538461538461,False,grid_median_target;profitable_cell_share;overlap_with_selected,False,"gate failed: grid_median_target, profitable_cell_share, overlap_with_selected",ok,
TJX,1D,MR,short,d6edbcb7dd9499abe4d5e4f7d7881e9b30702cf866580f70d594af7256e4af35,mr_lower_lows,2f552b9887ffb4cdd87eb36559c5d7f27573ac508b2d00c3677a35701522ddfd,False,4,50.13942757311863,7,1382.5,-0.22207556939053025,0.25,139.0,0.006993006993006993,0.03496503496503497,0.8,False,grid_median_target;profitable_cell_share;overlap_with_selected,False,"gate failed: grid_median_target, profitable_cell_share, overlap_with_selected",ok,
TJX,1D,MR,short,d6edbcb7dd9499abe4d5e4f7d7881e9b30702cf866580f70d594af7256e4af35,mr_williams_confirm,cf6ddf5adf9ed3064468f11f742bae3308604e2e7193952011bec6dedf2022da,False,48,44.788612144328106,8,1372.5,-0.24020670097681734,0.2708333333333333,48.0,0.024975024975024976,0.05194805194805195,0.34394904458598724,False,grid_median_target;profitable_cell_share,False,"gate failed: grid_median_target, profitable_cell_share",ok,
TJX,1D,MR,short,d6edbcb7dd9499abe4d5e4f7d7881e9b30702cf866580f70d594af7256e4af35,mr_n_day_low,7898a975ae942c82f42906e6356a4046c3381fabcbf5b977f282791b514c38b9,False,8,50.26717862574077,9,1285.0,-0.16397062142393592,0.25,83.0,0.04195804195804196,0.07628734901462174,0.7846153846153846,False,grid_median_target;profitable_cell_share;overlap_with_selected,False,"gate failed: grid_median_target, profitable_cell_share, overlap_with_selected",ok,
TJX,1D,MR,short,d6edbcb7dd9499abe4d5e4f7d7881e9b30702cf866580f70d594af7256e4af35,mr_rsi,cd8a7fde32288272edfae6816a023f51bf49c3a60753224e7f59031d33ac35b0,False,16,40.0,10,1237.5,-0.292822674083655,0.3125,55.0,0.025974025974025976,0.05194805194805195,0.9461538461538461,False,grid_median_target;profitable_cell_share;overlap_with_selected,False,"gate failed: grid_median_target, profitable_cell_share, overlap_with_selected",ok,
TJX,1D,MR,short,d6edbcb7dd9499abe4d5e4f7d7881e9b30702cf866580f70d594af7256e4af35,mr_down_closes,cc250bad9e07f89ab7a87fffbcbfe69ec069bac84079f902e8c963a8f055012e,False,4,39.33778169019338,11,1117.5,-0.154490139941356,0.5,128.0,0.000999000999000999,0.01998001998001998,0.7153846153846154,False,grid_median_target;profitable_cell_share;overlap_with_selected,False,"gate failed: grid_median_target, profitable_cell_share, overlap_with_selected",ok,
TJX,1D,MR,short,d6edbcb7dd9499abe4d5e4f7d7881e9b30702cf866580f70d594af7256e4af35,mr_candle_score,9087b11fa55ac8c4a9f6277fb582b35609ee6593a7ba2ac548ea381cdcc3df3d,False,32,39.92620051472827,12,1110.0,-0.2637215243035831,0.25,34.0,0.004995004995004995,0.033300033300033303,0.8384615384615385,False,grid_median_target;profitable_cell_share;overlap_with_selected,False,"gate failed: grid_median_target, profitable_cell_share, overlap_with_selected",ok,
TJX,1D,MR,short,d6edbcb7dd9499abe4d5e4f7d7881e9b30702cf866580f70d594af7256e4af35,mr_ma_distance_pct,dbb9fb837d34d34fc958a1a732634180e1c6d08577f24ad52ac6511407aa56ff,False,16,35.75892857142857,13,732.5,-0.35787001820855696,0.1875,65.0,0.015984015984015984,0.04566861709718852,0.9461538461538461,False,grid_median_target;profitable_cell_share;overlap_with_selected,False,"gate failed: grid_median_target, profitable_cell_share, overlap_with_selected",ok,
TJX,1D,MR,short,d6edbcb7dd9499abe4d5e4f7d7881e9b30702cf866580f70d594af7256e4af35,mr_ema_slope_drop,4907fcc5d429336e9738f17dfe3812316efb9cadbfab06fd8c62826130b9b835,False,16,39.713637391729726,14,730.0,-0.3475339898765827,0.1875,36.0,0.34965034965034963,0.4113533525298231,0.4594594594594595,False,grid_median_target;profitable_cell_share;method_q_value,False,"gate failed: grid_median_target, profitable_cell_share, method_q_value",ok,
TJX,1D,MR,short,d6edbcb7dd9499abe4d5e4f7d7881e9b30702cf866580f70d594af7256e4af35,mr_connors_rsi,d53c108965240eff23cab07746629630d6e08f73006531ad2b84c45135d40b41,False,16,35.3125,15,657.5,-0.3133662369492515,0.25,33.0,0.056943056943056944,0.09490509490509491,0.676923076923077,False,grid_median_target;profitable_cell_share;overlap_with_selected,False,"gate failed: grid_median_target, profitable_cell_share, overlap_with_selected",ok,
TJX,1D,MR,short,d6edbcb7dd9499abe4d5e4f7d7881e9b30702cf866580f70d594af7256e4af35,mr_macd_hist_trough,49186d9d12ca11c9d6afdef6b0ed2202c4b5a666bbc78253bdf2d57509167460,False,4,26.25,16,537.5,-0.3542745382966715,0.0,161.0,0.06893106893106893,0.09847295561581275,0.9073170731707317,False,grid_median_target;profitable_cell_share;overlap_with_selected,False,"gate failed: grid_median_target, profitable_cell_share, overlap_with_selected",ok,
TJX,1D,MR,short,d6edbcb7dd9499abe4d5e4f7d7881e9b30702cf866580f70d594af7256e4af35,mr_ibs,bd360c0e72db42b361c0adb87c37776f4a08d3b6707c690d14a6d1589d786876,False,12,30.0,17,520.0,-0.40784008721203424,0.08333333333333333,50.0,0.12787212787212787,0.15984015984015984,0.3,False,grid_median_target;profitable_cell_share;method_q_value,False,"gate failed: grid_median_target, profitable_cell_share, method_q_value",ok,
TJX,1D,MR,short,d6edbcb7dd9499abe4d5e4f7d7881e9b30702cf866580f70d594af7256e4af35,mr_ibs_after_new_high,395ca7d50ac737c6d68d0c4bd0db2fe6a2fff4ad59d19aebdc6d2f9f15b00a23,False,16,8.868595201902856,18,317.5,-0.45849171034104225,0.0,30.0,0.43956043956043955,0.48840048840048844,0.03414634146341464,False,grid_median_target;profitable_cell_share;method_q_value,False,"gate failed: grid_median_target, profitable_cell_share, method_q_value",ok,
TJX,1D,MR,short,d6edbcb7dd9499abe4d5e4f7d7881e9b30702cf866580f70d594af7256e4af35,mr_daily_drop,fdc6efd1c531019d7730f059c45da2cf75a0f982f1a91eda54b30223bb91794c,False,8,0.0,19,240.0,-0.5096324105722853,0.0,44.0,0.5124875124875125,0.5394605394605394,0.17763157894736842,False,grid_median_target;profitable_cell_share;method_q_value,False,"gate failed: grid_median_target, profitable_cell_share, method_q_value",ok,
TJX,1D,MR,short,d6edbcb7dd9499abe4d5e4f7d7881e9b30702cf866580f70d594af7256e4af35,mr_macd_hist_turn,8598d227bcbf6d35b837ca8bc3263bec514fcdf4689150893e242bfd4cec5b93,False,4,0.0,20,125.0,-0.6911761001560885,0.0,227.0,0.7322677322677322,0.7322677322677322,0.43846153846153846,False,grid_median_target;profitable_cell_share;method_q_value,False,"gate failed: grid_median_target, profitable_cell_share, method_q_value",ok,
TMUS,1D,MR,long,d0ed7e2510522b109eaac8853584cf52e72dabaf16c7147b87cb28abafccdad1,mr_down_closes,cff9813de0b1e5fd656fe6d61b7d02cdf6398d7fb5e5b55edf567d8d9071a983,False,4,96.25,1,1625.0,0.23686152245843167,1.0,111.0,0.04195804195804196,0.08325008325008325,0.0,True,,True,selected (3 of the profile),ok,
TMUS,1D,MR,long,d0ed7e2510522b109eaac8853584cf52e72dabaf16c7147b87cb28abafccdad1,mr_stochastic_k,57c5b427a5cbd5b9357a8271b94fe04e8d22278ec6c45c4637f17e9556673b95,False,16,98.4375,2,1585.0,0.5974167184025464,0.9375,30.0,0.029970029970029972,0.08241758241758242,0.64,False,overlap_with_selected,False,gate failed: overlap_with_selected,ok,
TMUS,1D,MR,long,d0ed7e2510522b109eaac8853584cf52e72dabaf16c7147b87cb28abafccdad1,mr_macd_hist_falling,750fce21bcb8320e2cecaec90bd4e10e32f1ff93df2bdab4433f1867f4f22260,False,4,96.25,3,1505.0,0.563380066535069,1.0,139.0,0.03896103896103896,0.08325008325008325,0.6220238095238095,False,overlap_with_selected,False,gate failed: overlap_with_selected,ok,
TMUS,1D,MR,long,d0ed7e2510522b109eaac8853584cf52e72dabaf16c7147b87cb28abafccdad1,mr_connors_rsi,73266eb8c23b8ced7f118c39f54eb5fd37f7eeeb730810453522a2ef9682deec,False,16,93.90456904074068,4,1485.0,0.5320857350673951,1.0,125.0,0.0989010989010989,0.13186813186813187,0.8452380952380952,False,overlap_with_selected;method_q_value,False,"gate failed: overlap_with_selected, method_q_value",ok,
TMUS,1D,MR,long,d0ed7e2510522b109eaac8853584cf52e72dabaf16c7147b87cb28abafccdad1,mr_keltner_lower,9ee1a13f5c2f4e925c98d5ddafce7d4d74c6b4ff0284c6244bf720fccbea40c8,False,16,97.89836722874672,5,1465.0,0.48737231642658657,0.9375,30.0,0.023976023976023976,0.08241758241758242,0.6707317073170732,False,overlap_with_selected,False,gate failed: overlap_with_selected,ok,
TMUS,1D,MR,long,d0ed7e2510522b109eaac8853584cf52e72dabaf16c7147b87cb28abafccdad1,mr_n_day_low,0c3d856303ed15a8bc07192e5927c9e0112eb0c0196baaab538590353ec5a50f,False,8,93.26327159578543,6,1370.0,0.37657322725343456,1.0,51.0,0.01098901098901099,0.08241758241758242,0.5866666666666667,True,,True,selected (3 of the profile),ok,
TMUS,1D,MR,long,d0ed7e2510522b109eaac8853584cf52e72dabaf16c7147b87cb28abafccdad1,mr_lower_lows,e4dee4687ff9697de5983b36d4a47ffd46d07f9b26e7e752536811ba14981b28,False,4,92.56530144474497,7,1305.0,0.3541358892911141,1.0,394.0,0.016983016983016984,0.08241758241758242,0.9266666666666666,False,overlap_with_selected,False,gate failed: overlap_with_selected,ok,
TMUS,1D,MR,long,d0ed7e2510522b109eaac8853584cf52e72dabaf16c7147b87cb28abafccdad1,mr_zscore,ccf6465ffd5861238c2d508e0c6fe1d7403c6ab8cb908c1d8a9277be8bfe8ae3,False,16,90.71527519965727,8,1205.0,0.4801832921406832,1.0,42.0,0.03296703296703297,0.08241758241758242,0.86,False,overlap_with_selected,False,gate failed: overlap_with_selected,ok,
TMUS,1D,MR,long,d0ed7e2510522b109eaac8853584cf52e72dabaf16c7147b87cb28abafccdad1,mr_ma_distance_atr,402907d39aad68c8e9a9735fcf1a1f3a9a6cddc8f9084a4e5d97c954db2f459a,False,16,92.29072500888961,9,1055.0,0.426185657428558,0.875,112.0,0.029970029970029972,0.08241758241758242,0.9666666666666667,False,overlap_with_selected,False,gate failed: overlap_with_selected,ok,
TMUS,1D,MR,long,d0ed7e2510522b109eaac8853584cf52e72dabaf16c7147b87cb28abafccdad1,mr_ema_slope_drop,01b8715122f89f1e62fe6dcb8a22fd671e3a71f3873b67fe2ebf3da71d2d5c61,False,16,92.26893789966184,10,1017.5,0.48659374382166865,0.9375,32.0,0.04995004995004995,0.08325008325008325,0.96,False,overlap_with_selected,False,gate failed: overlap_with_selected,ok,
TMUS,1D,MR,long,d0ed7e2510522b109eaac8853584cf52e72dabaf16c7147b87cb28abafccdad1,mr_daily_drop,c0d0499500d76ce5a7fac912ca58b179f2f470c8e0eb6d9b88776001131df77d,False,8,90.49219889178653,11,1005.0,0.35838508261687035,1.0,161.0,0.058941058941058944,0.09067855221701376,0.7933333333333333,False,overlap_with_selected,False,gate failed: overlap_with_selected,ok,
TMUS,1D,MR,long,d0ed7e2510522b109eaac8853584cf52e72dabaf16c7147b87cb28abafccdad1,mr_candle_score,696c1b0ac9fba94f63b4ddd1cb887293c425835774fcb6cadfec910bc912044f,False,32,90.47257895239171,12,1000.0,0.36632096999520414,0.90625,79.0,0.027972027972027972,0.08241758241758242,0.8660714285714286,False,overlap_with_selected,False,gate failed: overlap_with_selected,ok,
TMUS,1D,MR,long,d0ed7e2510522b109eaac8853584cf52e72dabaf16c7147b87cb28abafccdad1,mr_ma_distance_pct,54f264bd6eb76076f8bcc8021ac1e06aae692a2361df49e5e2ac6377e61f325b,False,16,90.24983379308065,13,957.5,0.4103660194497396,0.9375,61.0,0.04795204795204795,0.08325008325008325,0.9666666666666667,False,overlap_with_selected,False,gate failed: overlap_with_selected,ok,
TMUS,1D,MR,long,d0ed7e2510522b109eaac8853584cf52e72dabaf16c7147b87cb28abafccdad1,mr_ibs,eaf66bdf48111cf43b11e8b189785307501488320e66b18fed87f9f5fdd03762,False,12,88.38587185780307,14,955.0,0.37651572393052435,0.75,167.0,0.12987012987012986,0.15984015984015987,0.6369047619047619,False,overlap_with_selected;method_q_value,False,"gate failed: overlap_with_selected, method_q_value",ok,
TMUS,1D,MR,long,d0ed7e2510522b109eaac8853584cf52e72dabaf16c7147b87cb28abafccdad1,mr_williams_confirm,6989c45f89d2bf53409e09f93be02f623b6880f612d14b43f67abfd58538f51b,False,48,82.74444904564771,15,870.0,0.35061333544999956,0.8333333333333334,43.0,0.00999000999000999,0.08241758241758242,0.38524590163934425,True,,True,selected (3 of the profile),ok,
TMUS,1D,MR,long,d0ed7e2510522b109eaac8853584cf52e72dabaf16c7147b87cb28abafccdad1,mr_rsi_sum,cef421a701000d4284cbbcee42d094de314986b0ea5118fdf94c38318cf83f30,False,32,75.6148591013351,16,692.5,0.24750751172343372,0.75,34.0,0.08691308691308691,0.12416155273298131,0.7133333333333334,False,overlap_with_selected;method_q_value,False,"gate failed: overlap_with_selected, method_q_value",ok,
TMUS,1D,MR,long,d0ed7e2510522b109eaac8853584cf52e72dabaf16c7147b87cb28abafccdad1,mr_macd_hist_turn,df85e3b95a09e8da84395b4988668fb92d1b533dd6ac0527179c94af02905719,False,4,64.43406462521857,17,620.0,-0.052784918540822415,0.25,66.0,0.2947052947052947,0.3274503274503275,0.13934426229508196,False,grid_median_target;profitable_cell_share;method_q_value,False,"gate failed: grid_median_target, profitable_cell_share, method_q_value",ok,
TMUS,1D,MR,long,d0ed7e2510522b109eaac8853584cf52e72dabaf16c7147b87cb28abafccdad1,mr_rsi,d9ac7138d4214e61fd78a272bc4b564105843f7d57c2147526585f322c143f1d,False,16,79.97623661585796,18,592.5,0.2831131787353015,0.8125,38.0,0.13586413586413587,0.15984015984015987,0.9466666666666667,False,overlap_with_selected;method_q_value,False,"gate failed: overlap_with_selected, method_q_value",ok,
TMUS,1D,MR,long,d0ed7e2510522b109eaac8853584cf52e72dabaf16c7147b87cb28abafccdad1,mr_macd_hist_trough,1efab8f253877bea0be163528e7a8eb5b297e515ad1350c271c9fb2a6590e89c,False,4,53.50968030675726,19,590.0,-0.08112115809587567,0.25,294.0,0.3726273726273726,0.39223933960776064,0.9266666666666666,False,grid_median_target;profitable_cell_share;overlap_with_selected;method_q_value,False,"gate failed: grid_median_target, profitable_cell_share, overlap_with_selected, method_q_value",ok,
TMUS,1D,MR,long,d0ed7e2510522b109eaac8853584cf52e72dabaf16c7147b87cb28abafccdad1,mr_ibs_after_new_high,2a12c7460c124e9ed55a171eeaf97a1497eccbc5a8ece53ee0b27f9fdd25f7a1,False,16,21.58706798750216,20,100.0,-0.2247807945926445,0.0,53.0,0.7002997002997003,0.7002997002997003,0.10526315789473684,False,grid_median_target;profitable_cell_share;method_q_value,False,"gate failed: grid_median_target, profitable_cell_share, method_q_value",ok,
TXN,1D,MR,long,d762abc2150d75e6f76beac7ca88c4cda238c8fb21d308110b92c2bda452f09d,mr_ema_slope_drop,5ac13e2cf92ad404e69c51b3ead85ecf61736dd86c371dcec36591402104a488,False,16,98.4375,1,1600.0,1.1222178736633277,0.9375,116.0,0.004995004995004995,0.009081827263645446,0.0,True,,True,selected (3 of the profile),ok,
TXN,1D,MR,long,d762abc2150d75e6f76beac7ca88c4cda238c8fb21d308110b92c2bda452f09d,mr_daily_drop,29f56a32036067ae44d5b1463f14b893379704115b577e9167c6cc17fc10171e,False,8,100.0,2,1477.5,1.0854402835550991,1.0,263.0,0.003996003996003996,0.009081827263645446,0.8982035928143712,False,overlap_with_selected,False,gate failed: overlap_with_selected,ok,
TXN,1D,MR,long,d762abc2150d75e6f76beac7ca88c4cda238c8fb21d308110b92c2bda452f09d,mr_ma_distance_pct,be2749a4ba060c5383c7874094b3478d7ec51dd9da8e808074075ac2044514b3,False,16,100.0,3,1457.5,0.9363811875546334,1.0,31.0,0.001998001998001998,0.00666000666000666,0.9700598802395209,False,overlap_with_selected,False,gate failed: overlap_with_selected,ok,
TXN,1D,MR,long,d762abc2150d75e6f76beac7ca88c4cda238c8fb21d308110b92c2bda452f09d,mr_down_closes,618e6f1a2ad632b0e80a32e2bb57a980fda899d9ac47a2236ff86a2b8217ff87,False,4,100.0,4,1437.5,0.6033091941448016,1.0,203.0,0.002997002997002997,0.008562865705722848,0.7005988023952096,False,overlap_with_selected,False,gate failed: overlap_with_selected,ok,
TXN,1D,MR,long,d762abc2150d75e6f76beac7ca88c4cda238c8fb21d308110b92c2bda452f09d,mr_macd_hist_trough,98c3d048e6e9073ffb6d6d59c26178ae9c857491d3c547f56570fafbe396d3b4,False,4,100.0,5,1437.5,0.7961200907352445,1.0,316.0,0.000999000999000999,0.00666000666000666,0.8083832335329342,False,overlap_with_selected,False,gate failed: overlap_with_selected,ok,
TXN,1D,MR,long,d762abc2150d75e6f76beac7ca88c4cda238c8fb21d308110b92c2bda452f09d,mr_n_day_low,11d70b0dc5bbcc11e1b6d635d77aeffb496ea466eb51eff11c5bad22eaded2b8,False,8,100.0,6,1437.5,0.8121595947184312,1.0,185.0,0.004995004995004995,0.009081827263645446,0.8413173652694611,False,overlap_with_selected,False,gate failed: overlap_with_selected,ok,
TXN,1D,MR,long,d762abc2150d75e6f76beac7ca88c4cda238c8fb21d308110b92c2bda452f09d,mr_connors_rsi,572649d0e567ef57791a22f2122a6f3fcb0f5a14a84e451e6ba9014bf732fe8c,False,16,100.0,7,1237.5,0.7656033930039562,1.0,222.0,0.001998001998001998,0.00666000666000666,0.8263473053892215,False,overlap_with_selected,False,gate failed: overlap_with_selected,ok,
TXN,1D,MR,long,d762abc2150d75e6f76beac7ca88c4cda238c8fb21d308110b92c2bda452f09d,mr_lower_lows,cec89a4fe6d9f1772858a9b531e52714450bf3a48de09e5dfb2f1e8ba5143963,False,4,96.25,8,1172.5,0.7878388709560942,1.0,228.0,0.000999000999000999,0.00666000666000666,0.7035928143712575,False,overlap_with_selected,False,gate failed: overlap_with_selected,ok,
TXN,1D,MR,long,d762abc2150d75e6f76beac7ca88c4cda238c8fb21d308110b92c2bda452f09d,mr_zscore,8a6e4cd5ca8a41b1eaf759cc7eacb42d3e817ca72c93de070e1fdf2f2f9e93ca,False,16,98.125,9,1157.5,0.726946370102539,1.0,77.0,0.02097902097902098,0.026223776223776224,0.8704453441295547,False,overlap_with_selected,False,gate failed: overlap_with_selected,ok,
TXN,1D,MR,long,d762abc2150d75e6f76beac7ca88c4cda238c8fb21d308110b92c2bda452f09d,mr_rsi,7ca399b17ac55c7dfd886ca0b18cb9fe7787d923d69710129bb98094b01bbe62,False,16,93.75,10,1145.0,0.9188093642778904,0.75,166.0,0.00999000999000999,0.015369246138476908,0.8413173652694611,False,overlap_with_selected,False,gate failed: overlap_with_selected,ok,
TXN,1D,MR,long,d762abc2150d75e6f76beac7ca88c4cda238c8fb21d308110b92c2bda452f09d,mr_stochastic_k,eec5bede97c0887636d4ac1f1697dd78100d7b9c05d8506c22eba82c87df3a27,False,16,95.3125,11,1107.5,0.6331895349124219,0.8125,33.0,0.030969030969030968,0.03643415408121291,0.7751937984496124,False,overlap_with_selected,False,gate failed: overlap_with_selected,ok,
TXN,1D,MR,long,d762abc2150d75e6f76beac7ca88c4cda238c8fb21d308110b92c2bda452f09d,mr_candle_score,550e92d54ed98446612753dd97472f4d09d32dde89a718e2495a7decc9832779,False,32,96.875,12,1042.5,0.8198371579943292,0.84375,141.0,0.001998001998001998,0.00666000666000666,0.8053892215568862,False,overlap_with_selected,False,gate failed: overlap_with_selected,ok,
TXN,1D,MR,long,d762abc2150d75e6f76beac7ca88c4cda238c8fb21d308110b92c2bda452f09d,mr_ma_distance_atr,0fe8c28d1d2461858393a35afa12f7ebf34ed55f6f6dc787e0b07e330740f80c,False,16,95.0,13,1002.5,0.8585863512767429,0.875,169.0,0.01098901098901099,0.015698587127158558,0.9610778443113772,False,overlap_with_selected,False,gate failed: overlap_with_selected,ok,
TXN,1D,MR,long,d762abc2150d75e6f76beac7ca88c4cda238c8fb21d308110b92c2bda452f09d,mr_williams_confirm,951039a45a7a3b46d0ec0dfdf1cc781ad43de13b024f176e0a17151953a52f79,False,48,93.34507391191084,14,887.5,0.6203019871568978,0.625,36.0,0.004995004995004995,0.009081827263645446,0.8023952095808383,False,overlap_with_selected,False,gate failed: overlap_with_selected,ok,
TXN,1D,MR,long,d762abc2150d75e6f76beac7ca88c4cda238c8fb21d308110b92c2bda452f09d,mr_rsi_sum,0212da0f32bc5c0098cb214939c7c9c477e3b890fb9a3b061f528af133f3ccda,False,32,92.96875,15,760.0,0.6973663682842995,0.71875,48.0,0.007992007992007992,0.01332001332001332,0.688622754491018,False,overlap_with_selected,False,gate failed: overlap_with_selected,ok,
TXN,1D,MR,long,d762abc2150d75e6f76beac7ca88c4cda238c8fb21d308110b92c2bda452f09d,mr_keltner_lower,b590e84d64c34eec7ac3197f9c00c9aee8d6039741f13f89e33c684a2f8298ab,False,16,93.4375,16,667.5,0.736778471817538,0.8125,82.0,0.011988011988011988,0.015984015984015984,0.8293413173652695,False,overlap_with_selected,False,gate failed: overlap_with_selected,ok,
TXN,1D,MR,long,d762abc2150d75e6f76beac7ca88c4cda238c8fb21d308110b92c2bda452f09d,mr_macd_hist_turn,a4ebc276989917d39bc9131693967aa0d8a76b5836e5d56e8cbf49222700b400,False,4,84.32511752669387,17,612.5,0.3139908198948542,1.0,149.0,0.03596403596403597,0.03996003996003997,0.218562874251497,True,,True,selected (3 of the profile),ok,
TXN,1D,MR,long,d762abc2150d75e6f76beac7ca88c4cda238c8fb21d308110b92c2bda452f09d,mr_ibs,fe14dcf246d1bce3d1abbb65c5caa641552b6742d3f124d51caeaa7d21a6ca7a,False,12,81.54116537715286,18,595.0,0.41108997255870183,0.6666666666666666,264.0,0.001998001998001998,0.00666000666000666,0.7934131736526946,False,overlap_with_selected,False,gate failed: overlap_with_selected,ok,
TXN,1D,MR,long,d762abc2150d75e6f76beac7ca88c4cda238c8fb21d308110b92c2bda452f09d,mr_macd_hist_falling,e965d2e8df04ab1d5b0c98cf56bdce8995ffdb33dc9964e052da433cab379705,False,4,82.47690197013897,19,552.5,0.23881242374343753,1.0,103.0,0.08691308691308691,0.09148745990851254,0.5363321799307958,True,,True,selected (3 of the profile),ok,
TXN,1D,MR,long,d762abc2150d75e6f76beac7ca88c4cda238c8fb21d308110b92c2bda452f09d,mr_ibs_after_new_high,b63ed21f934ec11fc875db34d098a5208eec38aa2de24568626343cb3ec8f67e,False,16,53.676306616012795,20,212.5,-0.03574407711322024,0.4375,42.0,0.42157842157842157,0.42157842157842157,0.23507462686567165,False,grid_median_target;profitable_cell_share;method_q_value,False,"gate failed: grid_median_target, profitable_cell_share, method_q_value",ok,
TXN,1D,MR,short,2e95bc18bd7a4ba150de2bb093c58ae211ea43b0a519cdaf4cae556c65335ff8,mr_ema_slope_drop,5a890999d82410fa6b712494a881e3967dfedb91a01246a93f88799d3ae2d4ec,False,16,94.4319070455213,1,1780.0,0.4775330250548733,0.625,31.0,0.000999000999000999,0.003996003996003996,0.0,True,,True,"selected (2 of the profile; fewer than 3 passed, D-625)",ok,
TXN,1D,MR,short,2e95bc18bd7a4ba150de2bb093c58ae211ea43b0a519cdaf4cae556c65335ff8,mr_connors_rsi,3d0c102b3f4a15de72307788b1d2e268ed620656a96a79c74f8a44a54447c62f,False,16,86.10464163377462,2,1710.0,0.32446970484971244,0.6875,38.0,0.000999000999000999,0.003996003996003996,0.7655367231638418,False,overlap_with_selected,False,gate failed: overlap_with_selected,ok,
TXN,1D,MR,short,2e95bc18bd7a4ba150de2bb093c58ae211ea43b0a519cdaf4cae556c65335ff8,mr_down_closes,b10c6a37599730a7fef9f304c346017672b7e1218aa463c58c46907bbc69f53e,False,4,80.52306191479042,3,1635.0,0.1601716271073535,0.5,125.0,0.000999000999000999,0.003996003996003996,0.5625,False,profitable_cell_share,False,gate failed: profitable_cell_share,ok,
TXN,1D,MR,short,2e95bc18bd7a4ba150de2bb093c58ae211ea43b0a519cdaf4cae556c65335ff8,mr_macd_hist_falling,49ca9c27de2a8daadeacea82d9d84220f4261672831b1deda34576d8d4fe950d,False,4,88.20510901432553,4,1617.5,0.40942144714592177,1.0,108.0,0.002997002997002997,0.005449096358187267,0.664804469273743,False,overlap_with_selected,False,gate failed: overlap_with_selected,ok,
TXN,1D,MR,short,2e95bc18bd7a4ba150de2bb093c58ae211ea43b0a519cdaf4cae556c65335ff8,mr_rsi_sum,b69b05d2c2d54d9a3af00d19b3ef5c87d7b2551ee263498b60a0eb6301e04c1c,False,32,80.31074841952726,5,1427.5,0.23437324658612163,0.8125,67.0,0.002997002997002997,0.005449096358187267,0.5550351288056206,True,,True,"selected (2 of the profile; fewer than 3 passed, D-625)",ok,
TXN,1D,MR,short,2e95bc18bd7a4ba150de2bb093c58ae211ea43b0a519cdaf4cae556c65335ff8,mr_daily_drop,91171c63c4f93b940b230a6f2a299beb259ee9d9c821d5af2f1ce5f3fbf5587e,False,8,63.27085189804659,6,1295.0,0.05300039693686158,0.5,49.0,0.006993006993006993,0.009324009324009324,0.8156424581005587,False,profitable_cell_share;overlap_with_selected,False,"gate failed: profitable_cell_share, overlap_with_selected",ok,
TXN,1D,MR,short,2e95bc18bd7a4ba150de2bb093c58ae211ea43b0a519cdaf4cae556c65335ff8,mr_n_day_low,324c3a274bdaeb173a7f1975a77a1441c30fb7fe85f7648de062ae82699a74f3,False,8,67.94515843606419,7,1237.5,-0.01159771398796127,0.375,125.0,0.002997002997002997,0.005449096358187267,0.8032786885245902,False,grid_median_target;profitable_cell_share;overlap_with_selected,False,"gate failed: grid_median_target, profitable_cell_share, overlap_with_selected",ok,
TXN,1D,MR,short,2e95bc18bd7a4ba150de2bb093c58ae211ea43b0a519cdaf4cae556c65335ff8,mr_rsi,a8517f75999f10479cee245eab3674f3f128abc09f6820980059ee7af1593a31,False,16,73.04193624946805,8,1230.0,0.06959119083472251,0.6875,94.0,0.001998001998001998,0.004995004995004995,0.8865740740740741,False,overlap_with_selected,False,gate failed: overlap_with_selected,ok,
TXN,1D,MR,short,2e95bc18bd7a4ba150de2bb093c58ae211ea43b0a519cdaf4cae556c65335ff8,mr_zscore,e9dd23a91abe3c669268c4fffd1b91f38bd74a855bfb44738da1c9caad9c1db3,False,16,65.58451086289696,9,1160.0,-0.06699569232946342,0.4375,63.0,0.000999000999000999,0.003996003996003996,0.7407407407407407,False,grid_median_target;profitable_cell_share;overlap_with_selected,False,"gate failed: grid_median_target, profitable_cell_share, overlap_with_selected",ok,
TXN,1D,MR,short,2e95bc18bd7a4ba150de2bb093c58ae211ea43b0a519cdaf4cae556c65335ff8,mr_stochastic_k,001e0f74caf54f66c583e64afd017c4d4a61c3f5567d3ffed12763078e2f5e4e,False,16,61.928553829815236,10,1107.5,-0.002550885323915377,0.4375,64.0,0.003996003996003996,0.00666000666000666,0.8899082568807339,False,grid_median_target;profitable_cell_share;overlap_with_selected,False,"gate failed: grid_median_target, profitable_cell_share, overlap_with_selected",ok,
TXN,1D,MR,short,2e95bc18bd7a4ba150de2bb093c58ae211ea43b0a519cdaf4cae556c65335ff8,mr_lower_lows,da992eb5e4228740225776d33775e590986e629fdecaf6f98d3f63a8bee44044,False,4,65.21688603894995,11,965.0,-0.0206962853667165,0.5,172.0,0.000999000999000999,0.003996003996003996,0.6620370370370371,False,grid_median_target;profitable_cell_share;overlap_with_selected,False,"gate failed: grid_median_target, profitable_cell_share, overlap_with_selected",ok,
TXN,1D,MR,short,2e95bc18bd7a4ba150de2bb093c58ae211ea43b0a519cdaf4cae556c65335ff8,mr_williams_confirm,b48b83bbc08da32e7909086bdb2ea2c81c9c318e92482be775128ff76ae0e0c7,False,48,62.959626462914265,12,952.5,0.019863123480247248,0.5,37.0,0.008991008991008992,0.01123876123876124,0.48923076923076925,False,profitable_cell_share,False,gate failed: profitable_cell_share,ok,
TXN,1D,MR,short,2e95bc18bd7a4ba150de2bb093c58ae211ea43b0a519cdaf4cae556c65335ff8,mr_ma_distance_pct,c65e6ec44af05e21a44faa30031ccac3b36876a829de34212a8160ef82f07bd0,False,16,63.48778358671166,13,937.5,-0.14874218757645072,0.3125,64.0,0.004995004995004995,0.007684623069238454,0.9575471698113207,False,grid_median_target;profitable_cell_share;overlap_with_selected,False,"gate failed: grid_median_target, profitable_cell_share, overlap_with_selected",ok,
TXN,1D,MR,short,2e95bc18bd7a4ba150de2bb093c58ae211ea43b0a519cdaf4cae556c65335ff8,mr_macd_hist_trough,2ac81c06bdc4c6d0ecb84c7d8f46c812da6b609c85cf0a6e69c790d15d19be83,False,4,58.220265280986034,14,837.5,-0.15522923018242202,0.25,167.0,0.001998001998001998,0.004995004995004995,0.702576112412178,False,grid_median_target;profitable_cell_share;overlap_with_selected,False,"gate failed: grid_median_target, profitable_cell_share, overlap_with_selected",ok,
TXN,1D,MR,short,2e95bc18bd7a4ba150de2bb093c58ae211ea43b0a519cdaf4cae556c65335ff8,mr_keltner_lower,c4430034fb8884f6b7718f6262388ca743536d940ca97a01e5206b8f4c6224f4,False,16,63.72947624759159,15,812.5,-0.0938267520380114,0.1875,140.0,0.005994005994005994,0.008562865705722848,0.8981481481481481,False,grid_median_target;profitable_cell_share;overlap_with_selected,False,"gate failed: grid_median_target, profitable_cell_share, overlap_with_selected",ok,
TXN,1D,MR,short,2e95bc18bd7a4ba150de2bb093c58ae211ea43b0a519cdaf4cae556c65335ff8,mr_ma_distance_atr,96a73aa38144d75f464782b6ee131a2b65879d891875cc122121eab773d6a194,False,16,60.05763722413006,16,730.0,-0.10852768319572972,0.25,53.0,0.022977022977022976,0.02553002553002553,0.7552447552447552,False,grid_median_target;profitable_cell_share;overlap_with_selected,False,"gate failed: grid_median_target, profitable_cell_share, overlap_with_selected",ok,
TXN,1D,MR,short,2e95bc18bd7a4ba150de2bb093c58ae211ea43b0a519cdaf4cae556c65335ff8,mr_ibs,318c363e878dc6d7a2533397e5b4ac179431d07ccdcb99bfd5721f19040a52b8,False,12,56.95551030503684,17,647.5,-0.17607665081162452,0.3333333333333333,62.0,0.001998001998001998,0.004995004995004995,0.5269320843091335,False,grid_median_target;profitable_cell_share,False,"gate failed: grid_median_target, profitable_cell_share",ok,
TXN,1D,MR,short,2e95bc18bd7a4ba150de2bb093c58ae211ea43b0a519cdaf4cae556c65335ff8,mr_candle_score,518a8d2e65362d5902db19aaf78cea3b5ea0a906082c6fbc8e76aa4d9a231a8a,False,32,55.73460045925909,18,512.5,-0.1528372915623692,0.25,56.0,0.016983016983016984,0.019980019980019983,0.7175925925925926,False,grid_median_target;profitable_cell_share;overlap_with_selected,False,"gate failed: grid_median_target, profitable_cell_share, overlap_with_selected",ok,
TXN,1D,MR,short,2e95bc18bd7a4ba150de2bb093c58ae211ea43b0a519cdaf4cae556c65335ff8,mr_ibs_after_new_high,33822ef87e656e3b8552009c510c247b1b824607f57ec7f448404c88adae041b,False,16,33.375,19,305.0,-0.27216030696155036,0.0,39.0,0.15484515484515485,0.1629948998370051,0.15441176470588236,False,grid_median_target;profitable_cell_share;method_q_value,False,"gate failed: grid_median_target, profitable_cell_share, method_q_value",ok,
TXN,1D,MR,short,2e95bc18bd7a4ba150de2bb093c58ae211ea43b0a519cdaf4cae556c65335ff8,mr_macd_hist_turn,0e49d7ad6fd8d86a791fb471c3e66ef2e300e101bf8cf194e739bf073371bab5,False,4,3.8754498557712043,20,100.0,-0.6160587166350442,0.0,83.0,0.4405594405594406,0.4405594405594406,0.2981132075471698,False,grid_median_target;profitable_cell_share;method_q_value,False,"gate failed: grid_median_target, profitable_cell_share, method_q_value",ok,
