symbol,timeframe,edge_type,direction,parent_id,method,candidate_id,unconfirmed,cells_run,family_total,rank,rank_sum,grid_median_target,profitable_cell_share,min_trades_good_cells,method_p_value,method_q_value,overlap_with_selected,gate_passed,failed_criteria,selected,selection_note,quality_status,reason
AAPL,1D,MR,long,beaeedaeeb610c04447af9e4949ecf4fa0599f6d78a73c1eec33660d1a30efb2,mr_n_day_low,5f3c54e43a9fa1140858e04485d39abf0d6a2f13511355acffc4a6a67106e810,False,8,96.25,1,1755.0,0.8013061009290958,1.0,129.0,0.10589410589410589,0.34632034632034636,0.0,False,method_q_value,False,gate failed: method_q_value,ok,
AAPL,1D,MR,long,beaeedaeeb610c04447af9e4949ecf4fa0599f6d78a73c1eec33660d1a30efb2,mr_ema_slope_drop,7b98c9aac99ef5ba7fda745e4c5a2286bc5a1ae3c82da77536dfedfc6f387016,False,16,93.4375,2,1610.0,0.8836569632363247,0.8125,118.0,0.13586413586413587,0.34632034632034636,0.0,False,method_q_value,False,gate failed: method_q_value,ok,
AAPL,1D,MR,long,beaeedaeeb610c04447af9e4949ecf4fa0599f6d78a73c1eec33660d1a30efb2,mr_connors_rsi,061b8276c500b00e2242f6c65901dc1188d67dce97b83e23ff8cf46003e29a4e,False,16,94.35989678507468,3,1562.5,0.7760816759586184,1.0,149.0,0.15484515484515485,0.34632034632034636,0.0,False,method_q_value,False,gate failed: method_q_value,ok,
AAPL,1D,MR,long,beaeedaeeb610c04447af9e4949ecf4fa0599f6d78a73c1eec33660d1a30efb2,mr_macd_hist_trough,bd9d109247d11c0fbda13b5ab9d4e5f2c160e4a5ed0b52642e304024ca9f63a9,False,4,92.99078562339423,4,1532.5,0.6865227290655784,1.0,332.0,0.13786213786213786,0.34632034632034636,0.0,False,method_q_value,False,gate failed: method_q_value,ok,
AAPL,1D,MR,long,beaeedaeeb610c04447af9e4949ecf4fa0599f6d78a73c1eec33660d1a30efb2,mr_ma_distance_pct,721c2975eea8987f44ce20532fb528fb297302e4ec0f7bfeb2891c7c4f84bdb4,False,16,94.6875,5,1477.5,0.7505968740113993,0.9375,180.0,0.12287712287712288,0.34632034632034636,0.0,False,method_q_value,False,gate failed: method_q_value,ok,
AAPL,1D,MR,long,beaeedaeeb610c04447af9e4949ecf4fa0599f6d78a73c1eec33660d1a30efb2,mr_macd_hist_falling,289add88e63baf7ef4ea0670239378d2bbf1652029fe1dfe82af09114799984c,False,4,80.97252222618204,6,1422.5,0.5566706433710193,1.0,126.0,0.1018981018981019,0.34632034632034636,0.0,False,method_q_value,False,gate failed: method_q_value,ok,
AAPL,1D,MR,long,beaeedaeeb610c04447af9e4949ecf4fa0599f6d78a73c1eec33660d1a30efb2,mr_rsi,83c7db2e7b64dc194582f902966cbed79fea88deb651ab8b623eecff01130cfb,False,16,88.86842558958496,7,1262.5,0.7031311291895421,0.75,148.0,0.11888111888111888,0.34632034632034636,0.0,False,method_q_value,False,gate failed: method_q_value,ok,
AAPL,1D,MR,long,beaeedaeeb610c04447af9e4949ecf4fa0599f6d78a73c1eec33660d1a30efb2,mr_ma_distance_atr,3f3d8d3cec40c44763d06efa0bbec57a97e6984531b1df8525ea52bc0c6a8273,False,16,82.38293821010274,8,1202.5,0.5487156281903615,0.8125,142.0,0.13886113886113885,0.34632034632034636,0.0,False,method_q_value,False,gate failed: method_q_value,ok,
AAPL,1D,MR,long,beaeedaeeb610c04447af9e4949ecf4fa0599f6d78a73c1eec33660d1a30efb2,mr_daily_drop,cd3858686a6cbe9b58580c231d2a041e5b49232af7d04b50e0bd110140a503c4,False,8,61.06918291035123,9,1182.5,0.36377419275115636,1.0,261.0,0.4835164835164835,0.6043956043956044,0.0,False,method_q_value,False,gate failed: method_q_value,ok,
AAPL,1D,MR,long,beaeedaeeb610c04447af9e4949ecf4fa0599f6d78a73c1eec33660d1a30efb2,mr_zscore,a504d77c6dd5081741462784f37562c19bb5ba7ea0077654b81af5b23da6a9a4,False,16,69.49875158712882,10,1167.5,0.44531545712298015,1.0,107.0,0.33166833166833165,0.4422244422244422,0.0,False,method_q_value,False,gate failed: method_q_value,ok,
AAPL,1D,MR,long,beaeedaeeb610c04447af9e4949ecf4fa0599f6d78a73c1eec33660d1a30efb2,mr_lower_lows,1266403a9d02774597bf4d15f6b2500d93909f726a3e742cc72ff17fede04f8d,False,4,55.70265901868662,11,1055.0,0.28682492926747216,1.0,432.0,0.5454545454545454,0.641711229946524,0.0,False,method_q_value,False,gate failed: method_q_value,ok,
AAPL,1D,MR,long,beaeedaeeb610c04447af9e4949ecf4fa0599f6d78a73c1eec33660d1a30efb2,mr_stochastic_k,084c92027b7ec18f14ec00e310b7417f8c49d3e9892d6c91fda68d517872e0ef,False,16,69.44117310114764,12,987.5,0.3324822202869498,0.875,34.0,0.3016983016983017,0.4422244422244422,0.0,False,method_q_value,False,gate failed: method_q_value,ok,
AAPL,1D,MR,long,beaeedaeeb610c04447af9e4949ecf4fa0599f6d78a73c1eec33660d1a30efb2,mr_keltner_lower,d8d581caa236495aa293b3ac732b32d3304c043db024cb9c7d3ec86c4705e011,False,16,58.857550733840675,13,810.0,0.20293639722312146,0.9375,191.0,0.2597402597402597,0.4422244422244422,0.0,False,method_q_value,False,gate failed: method_q_value,ok,
AAPL,1D,MR,long,beaeedaeeb610c04447af9e4949ecf4fa0599f6d78a73c1eec33660d1a30efb2,mr_ibs,a3437c6636ab240746d2e7d56690e5ff5bc902f86afd27562fc393b665473390,False,12,56.977376010237585,14,742.5,0.12921777953164493,0.75,35.0,0.2987012987012987,0.4422244422244422,0.0,False,method_q_value,False,gate failed: method_q_value,ok,
AAPL,1D,MR,long,beaeedaeeb610c04447af9e4949ecf4fa0599f6d78a73c1eec33660d1a30efb2,mr_ibs_after_new_high,a5451e79feb076d96e62a096658d5e11fc5cb38fd23efaffd46f368fffb63285,False,16,42.62840082642443,15,725.0,0.09611891675054413,0.8125,79.0,0.6063936063936064,0.6737706737706737,0.0,False,method_q_value,False,gate failed: method_q_value,ok,
AAPL,1D,MR,long,beaeedaeeb610c04447af9e4949ecf4fa0599f6d78a73c1eec33660d1a30efb2,mr_down_closes,c4d81a6c973443a940cc9c368f9bfc81ebbec198f350746c0aece22bdcb6da30,False,4,48.57233770850244,16,675.0,0.2551986638051016,0.75,424.0,0.7652347652347652,0.7652347652347652,0.0,False,method_q_value,False,gate failed: method_q_value,ok,
AAPL,1D,MR,long,beaeedaeeb610c04447af9e4949ecf4fa0599f6d78a73c1eec33660d1a30efb2,mr_williams_confirm,6628081c74465ad71c29dcc282d85556f983cf1c30d8a42e10e0e883219bcb2a,False,48,56.00773840741566,17,662.5,0.07003669170326293,0.625,66.0,0.15584415584415584,0.34632034632034636,0.0,False,method_q_value,False,gate failed: method_q_value,ok,
AAPL,1D,MR,long,beaeedaeeb610c04447af9e4949ecf4fa0599f6d78a73c1eec33660d1a30efb2,mr_rsi_sum,ae2916a1a3d0aa380690fbfa618583b7b627e1ce399d30a3248e67f9ac604f5c,False,32,45.83651518658459,18,500.0,-0.053208020846761225,0.4375,30.0,0.32167832167832167,0.4422244422244422,0.0,False,grid_median_target;profitable_cell_share;method_q_value,False,"gate failed: grid_median_target, profitable_cell_share, method_q_value",ok,
AAPL,1D,MR,long,beaeedaeeb610c04447af9e4949ecf4fa0599f6d78a73c1eec33660d1a30efb2,mr_candle_score,ef69731730eace522387bd308e753b9134fe81e3d7b563089b4f8626634c1d5b,False,32,43.08294132485791,19,400.0,-0.0028110829169488566,0.5,80.0,0.33166833166833165,0.4422244422244422,0.0,False,grid_median_target;profitable_cell_share;method_q_value,False,"gate failed: grid_median_target, profitable_cell_share, method_q_value",ok,
AAPL,1D,MR,long,beaeedaeeb610c04447af9e4949ecf4fa0599f6d78a73c1eec33660d1a30efb2,mr_macd_hist_turn,40866e0f17b456e72169477c8ca6287bffd7d33b44fd3298fe9f74540e68b58c,False,4,24.72839650373478,20,267.5,-0.026082450489050578,0.25,248.0,0.7142857142857143,0.7518796992481204,0.0,False,grid_median_target;profitable_cell_share;method_q_value,False,"gate failed: grid_median_target, profitable_cell_share, method_q_value",ok,
ADI,1D,MR,short,9af4a695ad707f187c938a29bd904f8436841951f8004d07d4c7cb77113b2b0c,mr_macd_hist_turn,8d2e496b5653d5adb7066293943c49ed4812d355bc800e24d5d6bdf2964a8408,False,4,32.5,1,1890.0,-0.21671881845497698,0.0,110.0,0.13886113886113885,0.7172827172827173,0.0,False,grid_median_target;profitable_cell_share;method_q_value,False,"gate failed: grid_median_target, profitable_cell_share, method_q_value",ok,
ADI,1D,MR,short,9af4a695ad707f187c938a29bd904f8436841951f8004d07d4c7cb77113b2b0c,mr_n_day_low,e83bb21e32be5e21e3c33fb533637fc91011999bea44122ef3c527b44b88aa21,False,8,17.215702333623476,2,1782.5,-0.28472697546668907,0.0,123.0,0.2757242757242757,0.7172827172827173,0.0,False,grid_median_target;profitable_cell_share;method_q_value,False,"gate failed: grid_median_target, profitable_cell_share, method_q_value",ok,
ADI,1D,MR,short,9af4a695ad707f187c938a29bd904f8436841951f8004d07d4c7cb77113b2b0c,mr_ibs_after_new_high,f824274cfcd4003265ba38d437a5652dfb06f8250dbf652fda0fe199c8043915,False,16,15.936538297854892,3,1587.5,-0.3917158327961029,0.0625,52.0,0.2897102897102897,0.7172827172827173,0.0,False,grid_median_target;profitable_cell_share;method_q_value,False,"gate failed: grid_median_target, profitable_cell_share, method_q_value",ok,
ADI,1D,MR,short,9af4a695ad707f187c938a29bd904f8436841951f8004d07d4c7cb77113b2b0c,mr_stochastic_k,0d274b6eeae59f2375076cd11eddc9b97a0087d6d64873a55b4b967e66763b4b,False,16,7.614332264859444,4,1527.5,-0.343762103376417,0.0625,35.0,0.42957042957042957,0.7172827172827173,0.0,False,grid_median_target;profitable_cell_share;method_q_value,False,"gate failed: grid_median_target, profitable_cell_share, method_q_value",ok,
ADI,1D,MR,short,9af4a695ad707f187c938a29bd904f8436841951f8004d07d4c7cb77113b2b0c,mr_candle_score,8a3debd953b70911f82c8e7b37a82e600d05284e972ce4f2f32590266fac6ca4,False,32,18.895756555791067,5,1460.0,-0.3484709103277134,0.03125,67.0,0.19880119880119881,0.7172827172827173,0.0,False,grid_median_target;profitable_cell_share;method_q_value,False,"gate failed: grid_median_target, profitable_cell_share, method_q_value",ok,
ADI,1D,MR,short,9af4a695ad707f187c938a29bd904f8436841951f8004d07d4c7cb77113b2b0c,mr_ibs,aa18f1daf5a4faee440999c96a51b2f77502ee4c47b9b6529bc43c654f953770,False,12,27.916666666666664,6,1455.0,-0.43617336896890746,0.16666666666666666,66.0,0.14185814185814186,0.7172827172827173,0.0,False,grid_median_target;profitable_cell_share;method_q_value,False,"gate failed: grid_median_target, profitable_cell_share, method_q_value",ok,
ADI,1D,MR,short,9af4a695ad707f187c938a29bd904f8436841951f8004d07d4c7cb77113b2b0c,mr_lower_lows,3979c4e483a9d800a47e1ea32138bd418cfdff9b75042d45f5cb15b7c4dea2b4,False,4,20.0,7,1335.0,-0.39530844203909654,0.0,119.0,0.2007992007992008,0.7172827172827173,0.0,False,grid_median_target;profitable_cell_share;method_q_value,False,"gate failed: grid_median_target, profitable_cell_share, method_q_value",ok,
ADI,1D,MR,short,9af4a695ad707f187c938a29bd904f8436841951f8004d07d4c7cb77113b2b0c,mr_williams_confirm,18e408b2e90f165d11b629ca7af8d40663ea30817b792f6c9d83d1b1af2b6cd5,False,48,19.860207351609734,8,1227.5,-0.44516789053677974,0.0,40.0,0.3246753246753247,0.7172827172827173,0.0,False,grid_median_target;profitable_cell_share;method_q_value,False,"gate failed: grid_median_target, profitable_cell_share, method_q_value",ok,
ADI,1D,MR,short,9af4a695ad707f187c938a29bd904f8436841951f8004d07d4c7cb77113b2b0c,mr_ema_slope_drop,8e4263f2dace4722ce70cb904f46307b35a69a08038fc5fa6458f785360ee1e7,False,16,5.391358358138314,9,1027.5,-0.4228838379498016,0.0,114.0,0.4175824175824176,0.7172827172827173,0.0,False,grid_median_target;profitable_cell_share;method_q_value,False,"gate failed: grid_median_target, profitable_cell_share, method_q_value",ok,
ADI,1D,MR,short,9af4a695ad707f187c938a29bd904f8436841951f8004d07d4c7cb77113b2b0c,mr_down_closes,a4a59a0fd3ce763f85dfe3b45dcebbcefc23c47526d5c8acd3ac8859a6c42afd,False,4,0.0,10,975.0,-0.4465973856357772,0.0,80.0,0.6133866133866134,0.7172827172827173,0.0,False,grid_median_target;profitable_cell_share;method_q_value,False,"gate failed: grid_median_target, profitable_cell_share, method_q_value",ok,
ADI,1D,MR,short,9af4a695ad707f187c938a29bd904f8436841951f8004d07d4c7cb77113b2b0c,mr_rsi,fbed0d6a737a1f18469ec67cf491cb98a6bdb2b820e050a7491bfb1b688b3488,False,16,1.5625,11,927.5,-0.47768065208631155,0.0625,55.0,0.5124875124875125,0.7172827172827173,0.0,False,grid_median_target;profitable_cell_share;method_q_value,False,"gate failed: grid_median_target, profitable_cell_share, method_q_value",ok,
ADI,1D,MR,short,9af4a695ad707f187c938a29bd904f8436841951f8004d07d4c7cb77113b2b0c,mr_ma_distance_atr,f4a23afd41631d6e02fc9b7ea4cba5435c92dc53089232d04d3a1e6d1dad5424,False,16,0.0,12,855.0,-0.45920988986894706,0.0,46.0,0.5404595404595405,0.7172827172827173,0.0,False,grid_median_target;profitable_cell_share;method_q_value,False,"gate failed: grid_median_target, profitable_cell_share, method_q_value",ok,
ADI,1D,MR,short,9af4a695ad707f187c938a29bd904f8436841951f8004d07d4c7cb77113b2b0c,mr_keltner_lower,3be6356ad5b33d6ed1fa218ac68e02db862b007341d6a0eca90dc70df555f319,False,16,0.0,13,795.0,-0.4574282005177768,0.0,50.0,0.5154845154845155,0.7172827172827173,0.0,False,grid_median_target;profitable_cell_share;method_q_value,False,"gate failed: grid_median_target, profitable_cell_share, method_q_value",ok,
ADI,1D,MR,short,9af4a695ad707f187c938a29bd904f8436841951f8004d07d4c7cb77113b2b0c,mr_daily_drop,3dd3a7d7079ba8a5c5ca0112ce157e8c32598bd14a91848aafeb84022e0c7806,False,8,0.0,14,790.0,-0.429938320396279,0.0,80.0,0.6553446553446554,0.7172827172827173,0.0,False,grid_median_target;profitable_cell_share;method_q_value,False,"gate failed: grid_median_target, profitable_cell_share, method_q_value",ok,
ADI,1D,MR,short,9af4a695ad707f187c938a29bd904f8436841951f8004d07d4c7cb77113b2b0c,mr_ma_distance_pct,ac631112e46605ef42f90adb3dc187e16e7f40f26d4963a149e3a96472a1981a,False,16,0.9886653885551849,15,755.0,-0.4811013853350409,0.0,108.0,0.4515484515484515,0.7172827172827173,0.0,False,grid_median_target;profitable_cell_share;method_q_value,False,"gate failed: grid_median_target, profitable_cell_share, method_q_value",ok,
ADI,1D,MR,short,9af4a695ad707f187c938a29bd904f8436841951f8004d07d4c7cb77113b2b0c,mr_rsi_sum,0ccf9f178227f136ebedaf110406c4b59859adf45adf1c536b5e49e2a7ebff85,False,32,1.5625,16,727.5,-0.503114929953338,0.0625,39.0,0.6283716283716284,0.7172827172827173,0.0,False,grid_median_target;profitable_cell_share;method_q_value,False,"gate failed: grid_median_target, profitable_cell_share, method_q_value",ok,
ADI,1D,MR,short,9af4a695ad707f187c938a29bd904f8436841951f8004d07d4c7cb77113b2b0c,mr_zscore,a1b084c2be23ddee703acb754f1ad94e5fd0d970a6944f53b2aabd34461d1aaf,False,16,1.5625,17,672.5,-0.5189885629228272,0.0,68.0,0.7142857142857143,0.7172827172827173,0.0,False,grid_median_target;profitable_cell_share;method_q_value,False,"gate failed: grid_median_target, profitable_cell_share, method_q_value",ok,
ADI,1D,MR,short,9af4a695ad707f187c938a29bd904f8436841951f8004d07d4c7cb77113b2b0c,mr_macd_hist_falling,2ce0838a775de0c9bf159d63c5c8084ee71b404479cffd17398ed1e8152d7f92,False,4,0.0,18,475.0,-0.4516175961998285,0.0,79.0,0.6693306693306693,0.7172827172827173,0.0,False,grid_median_target;profitable_cell_share;method_q_value,False,"gate failed: grid_median_target, profitable_cell_share, method_q_value",ok,
ADI,1D,MR,short,9af4a695ad707f187c938a29bd904f8436841951f8004d07d4c7cb77113b2b0c,mr_macd_hist_trough,41f56091da265a753f89bc01f336fc66ccf38924c502cd134cd86bc5aa988b3b,False,4,0.0,19,395.0,-0.6840025951526473,0.0,305.0,0.6273726273726273,0.7172827172827173,0.0,False,grid_median_target;profitable_cell_share;method_q_value,False,"gate failed: grid_median_target, profitable_cell_share, method_q_value",ok,
ADI,1D,MR,short,9af4a695ad707f187c938a29bd904f8436841951f8004d07d4c7cb77113b2b0c,mr_connors_rsi,9ac59b96515d72bad32ade28d185d96d63398fa2eb3df1c6986515058ad8f041,False,16,0.0,20,340.0,-0.4860402471258747,0.0,114.0,0.7172827172827173,0.7172827172827173,0.0,False,grid_median_target;profitable_cell_share;method_q_value,False,"gate failed: grid_median_target, profitable_cell_share, method_q_value",ok,
EEM,1D,MR,short,37424c859cc5a6a396a82dc69a3f9f4905d0463db90c980495814fb398a971b0,mr_candle_score,9468eedc71de9d74ad784ad2ced8b0c29044c4b956b8c1f15fb08ebee673b073,False,32,42.53170925342365,1,1910.0,-0.10631527603874438,0.28125,42.0,0.15584415584415584,0.472027972027972,0.0,False,grid_median_target;profitable_cell_share;method_q_value,False,"gate failed: grid_median_target, profitable_cell_share, method_q_value",ok,
EEM,1D,MR,short,37424c859cc5a6a396a82dc69a3f9f4905d0463db90c980495814fb398a971b0,mr_stochastic_k,2c0afa2956c8d113976897e1df9a85a165177e01f25e0c8a5aebcd8489a1b25f,False,16,34.6875,2,1837.5,-0.20754701634859868,0.1875,52.0,0.12787212787212787,0.472027972027972,0.0,False,grid_median_target;profitable_cell_share;method_q_value,False,"gate failed: grid_median_target, profitable_cell_share, method_q_value",ok,
EEM,1D,MR,short,37424c859cc5a6a396a82dc69a3f9f4905d0463db90c980495814fb398a971b0,mr_macd_hist_trough,8ef63016d3db4c5be3e583b69a5d877a1d75e55ec97567169e9eb404ba4ced29,False,4,33.75,3,1552.5,-0.2663038521577682,0.25,187.0,0.13186813186813187,0.472027972027972,0.0,False,grid_median_target;profitable_cell_share;method_q_value,False,"gate failed: grid_median_target, profitable_cell_share, method_q_value",ok,
EEM,1D,MR,short,37424c859cc5a6a396a82dc69a3f9f4905d0463db90c980495814fb398a971b0,mr_rsi_sum,290dd6e6e4b20426b4a66788e326dc5727c78d1c2954d2f2c561048f6528c785,False,32,28.00066304433939,4,1505.0,-0.2117432550152803,0.09375,46.0,0.17182817182817184,0.472027972027972,0.0,False,grid_median_target;profitable_cell_share;method_q_value,False,"gate failed: grid_median_target, profitable_cell_share, method_q_value",ok,
EEM,1D,MR,short,37424c859cc5a6a396a82dc69a3f9f4905d0463db90c980495814fb398a971b0,mr_n_day_low,a16e689c4e1ab3be39760831892d0e01a30f8cfa2fd0e0e2d2b5ddf4eba34ec0,False,8,31.25,5,1480.0,-0.2970677059360385,0.0,74.0,0.2077922077922078,0.472027972027972,0.0,False,grid_median_target;profitable_cell_share;method_q_value,False,"gate failed: grid_median_target, profitable_cell_share, method_q_value",ok,
EEM,1D,MR,short,37424c859cc5a6a396a82dc69a3f9f4905d0463db90c980495814fb398a971b0,mr_lower_lows,8b2eb8fb85199f25b083d67361e6724270d1804bc9d4626b39b76f3bb65a1039,False,4,33.75,6,1432.5,-0.3285982578106632,0.25,119.0,0.03296703296703297,0.472027972027972,0.0,False,grid_median_target;profitable_cell_share;method_q_value,False,"gate failed: grid_median_target, profitable_cell_share, method_q_value",ok,
EEM,1D,MR,short,37424c859cc5a6a396a82dc69a3f9f4905d0463db90c980495814fb398a971b0,mr_macd_hist_falling,dfa8e7d684a271edfbbce0d1a95cba025d89c83251e9b74aca743f05ec8dffff,False,4,28.561062107864576,7,1420.0,-0.23663957236879096,0.0,81.0,0.3066933066933067,0.472027972027972,0.0,False,grid_median_target;profitable_cell_share;method_q_value,False,"gate failed: grid_median_target, profitable_cell_share, method_q_value",ok,
EEM,1D,MR,short,37424c859cc5a6a396a82dc69a3f9f4905d0463db90c980495814fb398a971b0,mr_williams_confirm,2a27b9ab51154de6cd97fb90af2e5a0e1ff9ee4a846d66d67cd3b9c7d191bf0d,False,48,28.333333333333332,8,1320.0,-0.2590255973063999,0.10416666666666667,33.0,0.16683316683316685,0.472027972027972,0.0,False,grid_median_target;profitable_cell_share;method_q_value,False,"gate failed: grid_median_target, profitable_cell_share, method_q_value",ok,
EEM,1D,MR,short,37424c859cc5a6a396a82dc69a3f9f4905d0463db90c980495814fb398a971b0,mr_ibs,d8198a942a42b184477d3bf4cb55928854b2b78e71bb7d025e8b390d3cf37b6c,False,12,21.019298204379993,9,1285.0,-0.2620374603295321,0.16666666666666666,73.0,0.3336663336663337,0.472027972027972,0.0,False,grid_median_target;profitable_cell_share;method_q_value,False,"gate failed: grid_median_target, profitable_cell_share, method_q_value",ok,
EEM,1D,MR,short,37424c859cc5a6a396a82dc69a3f9f4905d0463db90c980495814fb398a971b0,mr_connors_rsi,b3b366bc8298521050e7ef9af28964f53b7e7d8d6603d6e984b00b2b2cb5e453,False,16,26.704106367854152,10,1275.0,-0.3067020208477841,0.0625,59.0,0.3076923076923077,0.472027972027972,0.0,False,grid_median_target;profitable_cell_share;method_q_value,False,"gate failed: grid_median_target, profitable_cell_share, method_q_value",ok,
EEM,1D,MR,short,37424c859cc5a6a396a82dc69a3f9f4905d0463db90c980495814fb398a971b0,mr_daily_drop,f85870b5597927a9f6ec038cad97be6125963ddcabeffc5b0cbc2b68650aa806,False,8,21.855917480228335,11,980.0,-0.3385864131804439,0.125,82.0,0.3276723276723277,0.472027972027972,0.0,False,grid_median_target;profitable_cell_share;method_q_value,False,"gate failed: grid_median_target, profitable_cell_share, method_q_value",ok,
EEM,1D,MR,short,37424c859cc5a6a396a82dc69a3f9f4905d0463db90c980495814fb398a971b0,mr_keltner_lower,76eecc98b5c62d52f5e172cc908c353d4e62b3dc2465dcc704670a46ca2df10c,False,16,18.198435396159276,12,840.0,-0.3945752380102752,0.0625,32.0,0.17682317682317683,0.472027972027972,0.0,False,grid_median_target;profitable_cell_share;method_q_value,False,"gate failed: grid_median_target, profitable_cell_share, method_q_value",ok,
EEM,1D,MR,short,37424c859cc5a6a396a82dc69a3f9f4905d0463db90c980495814fb398a971b0,mr_ma_distance_pct,d50c1d55fbec97836ec615464b6ea6b7cdc0f9f064070ff132fb2a2b6895551a,False,16,11.835215050135258,13,812.5,-0.3831428928270792,0.0,42.0,0.3226773226773227,0.472027972027972,0.0,False,grid_median_target;profitable_cell_share;method_q_value,False,"gate failed: grid_median_target, profitable_cell_share, method_q_value",ok,
EEM,1D,MR,short,37424c859cc5a6a396a82dc69a3f9f4905d0463db90c980495814fb398a971b0,mr_rsi,9eab474f0d7ca817f84d439d5f4ef237a03032df78773a06f6acb7d59d7892b8,False,16,18.565839077987334,14,717.5,-0.39362764435094666,0.0,43.0,0.2917082917082917,0.472027972027972,0.0,False,grid_median_target;profitable_cell_share;method_q_value,False,"gate failed: grid_median_target, profitable_cell_share, method_q_value",ok,
EEM,1D,MR,short,37424c859cc5a6a396a82dc69a3f9f4905d0463db90c980495814fb398a971b0,mr_down_closes,1d60a8d6e1818959c64b0b20db4a678ae9da3c0749102f1c7fb513e59c0e81de,False,4,6.2433782294733255,15,710.0,-0.3781513372358767,0.0,78.0,0.4745254745254745,0.5316905316905317,0.0,False,grid_median_target;profitable_cell_share;method_q_value,False,"gate failed: grid_median_target, profitable_cell_share, method_q_value",ok,
EEM,1D,MR,short,37424c859cc5a6a396a82dc69a3f9f4905d0463db90c980495814fb398a971b0,mr_ema_slope_drop,d3cce9c1d048df1a2d369b4b04f104b0ec91a2ae46255e128d16bee0dd755faf,False,16,13.737508874421827,16,637.5,-0.39579191089855315,0.0625,33.0,0.3776223776223776,0.472027972027972,0.0,False,grid_median_target;profitable_cell_share;method_q_value,False,"gate failed: grid_median_target, profitable_cell_share, method_q_value",ok,
EEM,1D,MR,short,37424c859cc5a6a396a82dc69a3f9f4905d0463db90c980495814fb398a971b0,mr_ma_distance_atr,8913effbd49cc2fe46bbc483a8baccb1ec3c00b2528097cb268d466f3116ed7e,False,16,3.773649963272727,17,547.5,-0.43279480599737197,0.0,66.0,0.4785214785214785,0.5316905316905317,0.0,False,grid_median_target;profitable_cell_share;method_q_value,False,"gate failed: grid_median_target, profitable_cell_share, method_q_value",ok,
EEM,1D,MR,short,37424c859cc5a6a396a82dc69a3f9f4905d0463db90c980495814fb398a971b0,mr_ibs_after_new_high,1b943298ad7190b29d62be63eb2b3cc38449b210fe7bd0a35599547d7a2646ac,False,16,0.0,18,267.5,-0.45994798131076586,0.0,58.0,0.6463536463536463,0.6463536463536463,0.0,False,grid_median_target;profitable_cell_share;method_q_value,False,"gate failed: grid_median_target, profitable_cell_share, method_q_value",ok,
EEM,1D,MR,short,37424c859cc5a6a396a82dc69a3f9f4905d0463db90c980495814fb398a971b0,mr_zscore,437a3dbc8050d34d1bbf81d6e3ad6361f926035e0c1a95e312267dcd28da8489,False,16,0.0,19,245.0,-0.442518629472089,0.0,60.0,0.5634365634365635,0.593091119406909,0.0,False,grid_median_target;profitable_cell_share;method_q_value,False,"gate failed: grid_median_target, profitable_cell_share, method_q_value",ok,
EEM,1D,MR,short,37424c859cc5a6a396a82dc69a3f9f4905d0463db90c980495814fb398a971b0,mr_macd_hist_turn,46327a61736d1480ee22e78d18ce49d76799d4241fd78f160f15072bd6b78ed4,False,4,5.544576016616861,20,225.0,-0.5043948178655902,0.0,246.0,0.37462537462537465,0.472027972027972,0.0,False,grid_median_target;profitable_cell_share;method_q_value,False,"gate failed: grid_median_target, profitable_cell_share, method_q_value",ok,
ETN,1D,MR,long,eeb4e375690263dcb02cc4888b57805a2df787666a9ae864127f8e4a3be4c17a,mr_daily_drop,3636b4b732c6226f1c340ca1e6f7f8fb4434d7a8b5349ff78226a2b61584a302,False,8,88.72532755003188,1,1890.0,0.3110465031482973,1.0,161.0,0.017982017982017984,0.3596403596403597,0.0,False,method_q_value,False,gate failed: method_q_value,ok,
ETN,1D,MR,long,eeb4e375690263dcb02cc4888b57805a2df787666a9ae864127f8e4a3be4c17a,mr_lower_lows,dcc9d911dbc85e2975502b86a682cee433e03e3f43804dd47c34845f987cbb64,False,4,72.43193135237185,2,1510.0,0.08463084320551242,0.75,217.0,0.23276723276723277,0.4528804528804529,0.0,False,method_q_value,False,gate failed: method_q_value,ok,
ETN,1D,MR,long,eeb4e375690263dcb02cc4888b57805a2df787666a9ae864127f8e4a3be4c17a,mr_ibs,40fcca5f40f61d772f1619343924e2cd7ebbda43848e04736f2ceb7ddab738f2,False,12,78.21949643045411,3,1505.0,0.29163817392058766,0.75,117.0,0.1038961038961039,0.4528804528804529,0.0,False,method_q_value,False,gate failed: method_q_value,ok,
ETN,1D,MR,long,eeb4e375690263dcb02cc4888b57805a2df787666a9ae864127f8e4a3be4c17a,mr_connors_rsi,78532d142dca7b4e33fccada26d04c8c2d4a182debae537bc4e6ba1d264628fd,False,16,62.77685778560912,4,1380.0,0.145116948046405,0.9375,126.0,0.3926073926073926,0.4528804528804529,0.0,False,method_q_value,False,gate failed: method_q_value,ok,
ETN,1D,MR,long,eeb4e375690263dcb02cc4888b57805a2df787666a9ae864127f8e4a3be4c17a,mr_ma_distance_pct,1203d4a929e3a677c4b80ad2fd2690c6b991a31291dde4e7f79bcf14f33a69cb,False,16,76.53436289806376,5,1345.0,0.11996667886551743,0.75,117.0,0.15884115884115885,0.4528804528804529,0.0,False,method_q_value,False,gate failed: method_q_value,ok,
ETN,1D,MR,long,eeb4e375690263dcb02cc4888b57805a2df787666a9ae864127f8e4a3be4c17a,mr_ma_distance_atr,6f29cdf04bfbc079279420688f5b67c4436f62e9195ed80c3bc26624180298d9,False,16,64.97517404137591,6,1240.0,0.15226820388216372,0.625,124.0,0.3156843156843157,0.4528804528804529,0.0,False,method_q_value,False,gate failed: method_q_value,ok,
ETN,1D,MR,long,eeb4e375690263dcb02cc4888b57805a2df787666a9ae864127f8e4a3be4c17a,mr_rsi,defb911da8b527d7a0863d45ff5ec62fd8271c3fbfdbdf7fa8dcfba792cab20e,False,16,64.59044385665278,7,1125.0,0.05021358852411223,0.8125,30.0,0.3156843156843157,0.4528804528804529,0.0,False,method_q_value,False,gate failed: method_q_value,ok,
ETN,1D,MR,long,eeb4e375690263dcb02cc4888b57805a2df787666a9ae864127f8e4a3be4c17a,mr_ema_slope_drop,d6180590c3ea8a1b4197983156e92a9776150871b70478290ea03dfe49183595,False,16,60.807994058921395,8,1100.0,0.1246887091582338,0.6875,99.0,0.33266733266733267,0.4528804528804529,0.0,False,method_q_value,False,gate failed: method_q_value,ok,
ETN,1D,MR,long,eeb4e375690263dcb02cc4888b57805a2df787666a9ae864127f8e4a3be4c17a,mr_n_day_low,f1d931b00905c3f4b1813f10292a76861861e9e46e73752aef1a47a1ff9eb9fb,False,8,60.67741201291265,9,1080.0,0.15483090973514113,1.0,78.0,0.4075924075924076,0.4528804528804529,0.0,False,method_q_value,False,gate failed: method_q_value,ok,
ETN,1D,MR,long,eeb4e375690263dcb02cc4888b57805a2df787666a9ae864127f8e4a3be4c17a,mr_macd_hist_turn,0864b60afe3ddc5a7d9115d3f3b51a34207e2c5b940af5ff6f2bdc3673fb7967,False,4,62.07142573628148,10,1047.5,0.04778807131574672,0.5,76.0,0.2017982017982018,0.4528804528804529,0.0,False,profitable_cell_share;method_q_value,False,"gate failed: profitable_cell_share, method_q_value",ok,
ETN,1D,MR,long,eeb4e375690263dcb02cc4888b57805a2df787666a9ae864127f8e4a3be4c17a,mr_ibs_after_new_high,0c0bb651736416116bee237d8b62d4893b859557fb788be3b9d17d86e2f3e044,False,16,70.31211131283789,11,1030.0,0.1102268576394373,0.6875,87.0,0.11388611388611389,0.4528804528804529,0.0,False,method_q_value,False,gate failed: method_q_value,ok,
ETN,1D,MR,long,eeb4e375690263dcb02cc4888b57805a2df787666a9ae864127f8e4a3be4c17a,mr_keltner_lower,1c6b5b2637b52b7e0654e8aa751a957c3fc7f7c4e9ae5987c4ae56822663684b,False,16,66.82828641842187,12,1002.5,0.02011860808029732,0.5,74.0,0.29270729270729273,0.4528804528804529,0.0,False,profitable_cell_share;method_q_value,False,"gate failed: profitable_cell_share, method_q_value",ok,
ETN,1D,MR,long,eeb4e375690263dcb02cc4888b57805a2df787666a9ae864127f8e4a3be4c17a,mr_stochastic_k,f5503e2c430eae773a2932053c6e413362fc2af999862b616e7712e9805d93ff,False,16,66.69935495992567,13,982.5,0.04128065797860721,0.5,76.0,0.11388611388611389,0.4528804528804529,0.0,False,profitable_cell_share;method_q_value,False,"gate failed: profitable_cell_share, method_q_value",ok,
ETN,1D,MR,long,eeb4e375690263dcb02cc4888b57805a2df787666a9ae864127f8e4a3be4c17a,mr_zscore,a25cb9263d28f3fd699466129e9004e18dbd22ebe3e5a10f00a005f32663ddd7,False,16,56.64117324687569,14,940.0,0.11178752059750197,0.6875,33.0,0.38161838161838163,0.4528804528804529,0.0,False,method_q_value,False,gate failed: method_q_value,ok,
ETN,1D,MR,long,eeb4e375690263dcb02cc4888b57805a2df787666a9ae864127f8e4a3be4c17a,mr_down_closes,ed470debfd9c69ef824e4db8976214c1108ec1d604687d44dca233aae0aef5df,False,4,56.849785775489956,15,837.5,0.002408069548587459,0.5,405.0,0.12787212787212787,0.4528804528804529,0.0,False,profitable_cell_share;method_q_value,False,"gate failed: profitable_cell_share, method_q_value",ok,
ETN,1D,MR,long,eeb4e375690263dcb02cc4888b57805a2df787666a9ae864127f8e4a3be4c17a,mr_rsi_sum,68ec8f8337063cb621c246cf8eea45a5da6bba72b27a41af6bbad67b15345b3a,False,32,53.65197951373837,16,732.5,0.011648376220429574,0.5625,60.0,0.34065934065934067,0.4528804528804529,0.0,False,profitable_cell_share;method_q_value,False,"gate failed: profitable_cell_share, method_q_value",ok,
ETN,1D,MR,long,eeb4e375690263dcb02cc4888b57805a2df787666a9ae864127f8e4a3be4c17a,mr_macd_hist_falling,3560a88b86ab75fa528a849abc0015b2dc5dd1268e7aa2682084892ec7eb0ca6,False,4,57.58474070915479,17,685.0,0.05249674037732402,0.5,68.0,0.24875124875124874,0.4528804528804529,0.0,False,profitable_cell_share;method_q_value,False,"gate failed: profitable_cell_share, method_q_value",ok,
ETN,1D,MR,long,eeb4e375690263dcb02cc4888b57805a2df787666a9ae864127f8e4a3be4c17a,mr_macd_hist_trough,39ea835a5133e6a04c59e77fd837cef497583364268b9739260f2929dd788801,False,4,42.6617169202934,18,670.0,-0.15329458010531904,0.25,187.0,0.5314685314685315,0.5314685314685315,0.0,False,grid_median_target;profitable_cell_share;method_q_value,False,"gate failed: grid_median_target, profitable_cell_share, method_q_value",ok,
ETN,1D,MR,long,eeb4e375690263dcb02cc4888b57805a2df787666a9ae864127f8e4a3be4c17a,mr_candle_score,9581c1bec8c639cb8710a485caf445bcf558d4899dfd6165cac2e613d16c23c8,False,32,45.44269324475916,19,622.5,-0.13905610344547165,0.40625,142.0,0.15584415584415584,0.4528804528804529,0.0,False,grid_median_target;profitable_cell_share;method_q_value,False,"gate failed: grid_median_target, profitable_cell_share, method_q_value",ok,
ETN,1D,MR,long,eeb4e375690263dcb02cc4888b57805a2df787666a9ae864127f8e4a3be4c17a,mr_williams_confirm,9f5fd178378f7fa708ef403dc94b22b24a89167f46138e31a84848817e43a706,False,48,33.23914948261444,20,275.0,-0.09057829059294452,0.3333333333333333,62.0,0.45854145854145856,0.4826752195173248,0.0,False,grid_median_target;profitable_cell_share;method_q_value,False,"gate failed: grid_median_target, profitable_cell_share, method_q_value",ok,
GNRC,1D,MR,short,e03e53bfcaf86d1d88e38f0b9a84ce2e2b61f8b5761862e51a50fea98340e614,mr_down_closes,f69d690737a1f785484cbe3204d29cf05beffbce6d850c84407269083d1af31c,False,4,55.764271591885496,1,1890.0,-0.05508697008151618,0.5,80.0,0.024975024975024976,0.12820512820512822,0.0,False,grid_median_target;profitable_cell_share;method_q_value,False,"gate failed: grid_median_target, profitable_cell_share, method_q_value",ok,
GNRC,1D,MR,short,e03e53bfcaf86d1d88e38f0b9a84ce2e2b61f8b5761862e51a50fea98340e614,mr_ibs_after_new_high,bbbf9d9fde73c0aa7f03f73aa86a63b7c855850e38d9859924560ea1b0729fa8,False,16,54.67816312069015,2,1782.5,0.04438084288290832,0.625,54.0,0.026973026973026972,0.12820512820512822,0.0,False,method_q_value,False,gate failed: method_q_value,ok,
GNRC,1D,MR,short,e03e53bfcaf86d1d88e38f0b9a84ce2e2b61f8b5761862e51a50fea98340e614,mr_connors_rsi,6c09303916f9584dc8f004efd52dd48bc11e165a05577a9822b826145374e04a,False,16,46.52897475123675,3,1705.0,-0.11677830781053776,0.4375,94.0,0.001998001998001998,0.03996003996003996,0.0,False,grid_median_target;profitable_cell_share,False,"gate failed: grid_median_target, profitable_cell_share",ok,
GNRC,1D,MR,short,e03e53bfcaf86d1d88e38f0b9a84ce2e2b61f8b5761862e51a50fea98340e614,mr_lower_lows,414b4ddbb22d58335fa75985bf7d20d882e4c3b200a3af2dbc6f6e095c21675b,False,4,42.81231335724585,4,1615.0,-0.1244955352901642,0.5,113.0,0.003996003996003996,0.03996003996003996,0.0,False,grid_median_target;profitable_cell_share,False,"gate failed: grid_median_target, profitable_cell_share",ok,
GNRC,1D,MR,short,e03e53bfcaf86d1d88e38f0b9a84ce2e2b61f8b5761862e51a50fea98340e614,mr_macd_hist_falling,0f59332f33b445a98e45de5e3b198573aaef376114053cd08e5a7ce96f2b1539,False,4,46.311244265062435,5,1610.0,-0.03716623581650985,0.25,78.0,0.05194805194805195,0.12820512820512822,0.0,False,grid_median_target;profitable_cell_share;method_q_value,False,"gate failed: grid_median_target, profitable_cell_share, method_q_value",ok,
GNRC,1D,MR,short,e03e53bfcaf86d1d88e38f0b9a84ce2e2b61f8b5761862e51a50fea98340e614,mr_n_day_low,35670bb3a760b9249b2f2f9e4d85d1507005580299d4713f917adcb7e1ea8144,False,8,45.69444926052558,6,1505.0,-0.09941915579530006,0.125,136.0,0.03296703296703297,0.12820512820512822,0.0,False,grid_median_target;profitable_cell_share;method_q_value,False,"gate failed: grid_median_target, profitable_cell_share, method_q_value",ok,
GNRC,1D,MR,short,e03e53bfcaf86d1d88e38f0b9a84ce2e2b61f8b5761862e51a50fea98340e614,mr_rsi,56bd92d40aaea1293ee8da57cffb7723216e189083e45db85b160d7bb56d159c,False,16,43.40271826296907,7,1395.0,-0.15470193406733046,0.0625,54.0,0.04595404595404595,0.12820512820512822,0.0,False,grid_median_target;profitable_cell_share;method_q_value,False,"gate failed: grid_median_target, profitable_cell_share, method_q_value",ok,
GNRC,1D,MR,short,e03e53bfcaf86d1d88e38f0b9a84ce2e2b61f8b5761862e51a50fea98340e614,mr_ema_slope_drop,9cfc7a59cf98a1311d4a9c4ab32f1391a3cffab5067ab42feee1fd703b14ce9c,False,16,38.125,8,1305.0,-0.24633963516063268,0.1875,115.0,0.06293706293706294,0.12820512820512822,0.0,False,grid_median_target;profitable_cell_share;method_q_value,False,"gate failed: grid_median_target, profitable_cell_share, method_q_value",ok,
GNRC,1D,MR,short,e03e53bfcaf86d1d88e38f0b9a84ce2e2b61f8b5761862e51a50fea98340e614,mr_rsi_sum,3c29a1c9b783648fb24dbe69ffaa12e31b2aac63ee3d9c74abf20c3e29806ff6,False,32,34.6875,9,1250.0,-0.20343086718081188,0.25,40.0,0.04795204795204795,0.12820512820512822,0.0,False,grid_median_target;profitable_cell_share;method_q_value,False,"gate failed: grid_median_target, profitable_cell_share, method_q_value",ok,
GNRC,1D,MR,short,e03e53bfcaf86d1d88e38f0b9a84ce2e2b61f8b5761862e51a50fea98340e614,mr_candle_score,84cc831e86c6da90a456bc6c0619fd70d43eb22a5e567dcf49a516c5ad2311b2,False,32,35.46875,10,1195.0,-0.2099730364175983,0.3125,31.0,0.0969030969030969,0.1384329955758527,0.0,False,grid_median_target;profitable_cell_share;method_q_value,False,"gate failed: grid_median_target, profitable_cell_share, method_q_value",ok,
GNRC,1D,MR,short,e03e53bfcaf86d1d88e38f0b9a84ce2e2b61f8b5761862e51a50fea98340e614,mr_macd_hist_trough,df81b46bf47295682624727a4632081f25cdd461c006f3d0cfd6238c85a9ca5c,False,4,30.0,11,1035.0,-0.24237416677572332,0.0,216.0,0.0959040959040959,0.1384329955758527,0.0,False,grid_median_target;profitable_cell_share;method_q_value,False,"gate failed: grid_median_target, profitable_cell_share, method_q_value",ok,
GNRC,1D,MR,short,e03e53bfcaf86d1d88e38f0b9a84ce2e2b61f8b5761862e51a50fea98340e614,mr_daily_drop,17cc202c340ee23f3ddcd176094a857f3c17784579028acd1b7fcd1511b40f9e,False,8,31.25,12,955.0,-0.24562575064366676,0.125,129.0,0.07392607392607392,0.12820512820512822,0.0,False,grid_median_target;profitable_cell_share;method_q_value,False,"gate failed: grid_median_target, profitable_cell_share, method_q_value",ok,
GNRC,1D,MR,short,e03e53bfcaf86d1d88e38f0b9a84ce2e2b61f8b5761862e51a50fea98340e614,mr_zscore,7a75c4bf70fe2208f15d9339a5d93cf7ac23503dac1740a1e60ede4b2caa20ae,False,16,26.25,13,775.0,-0.2682691615222601,0.0625,81.0,0.12987012987012986,0.17316017316017315,0.0,False,grid_median_target;profitable_cell_share;method_q_value,False,"gate failed: grid_median_target, profitable_cell_share, method_q_value",ok,
GNRC,1D,MR,short,e03e53bfcaf86d1d88e38f0b9a84ce2e2b61f8b5761862e51a50fea98340e614,mr_ibs,3b5db9f5837c13822c978d8d26cc9691377c9930a78f99906cd39e4217d23b23,False,12,17.6540110514063,14,735.0,-0.35965999066019955,0.16666666666666666,44.0,0.4145854145854146,0.43640569956359426,0.0,False,grid_median_target;profitable_cell_share;method_q_value,False,"gate failed: grid_median_target, profitable_cell_share, method_q_value",ok,
GNRC,1D,MR,short,e03e53bfcaf86d1d88e38f0b9a84ce2e2b61f8b5761862e51a50fea98340e614,mr_williams_confirm,2c72a9d63f06e5d9886c6d8abcaa6141140b5d399713c85f442529e91c363830,False,48,28.675595238095237,15,672.5,-0.33797168319020066,0.0625,51.0,0.07692307692307693,0.12820512820512822,0.0,False,grid_median_target;profitable_cell_share;method_q_value,False,"gate failed: grid_median_target, profitable_cell_share, method_q_value",ok,
GNRC,1D,MR,short,e03e53bfcaf86d1d88e38f0b9a84ce2e2b61f8b5761862e51a50fea98340e614,mr_ma_distance_atr,3164481a02309754efe18a5ba159449dfbabd2d52e22f5c1f12e41ee712daf58,False,16,24.6875,16,490.0,-0.4564596506071009,0.0625,69.0,0.06593406593406594,0.12820512820512822,0.0,False,grid_median_target;profitable_cell_share;method_q_value,False,"gate failed: grid_median_target, profitable_cell_share, method_q_value",ok,
GNRC,1D,MR,short,e03e53bfcaf86d1d88e38f0b9a84ce2e2b61f8b5761862e51a50fea98340e614,mr_ma_distance_pct,6f9bed9750b44c74a2246297f7ad0f5dda4b2d0f94dfdcec5f5b2eceec7d7777,False,16,18.96103691428983,17,342.5,-0.49429524480944687,0.125,115.0,0.2127872127872128,0.265984015984016,0.0,False,grid_median_target;profitable_cell_share;method_q_value,False,"gate failed: grid_median_target, profitable_cell_share, method_q_value",ok,
GNRC,1D,MR,short,e03e53bfcaf86d1d88e38f0b9a84ce2e2b61f8b5761862e51a50fea98340e614,mr_stochastic_k,79cdefb9b53887a10949bfd07be6ab3273a58e9dc451bd6fc516255470964ab1,False,16,3.125,18,282.5,-0.4233908422657807,0.0,44.0,0.5974025974025974,0.5974025974025974,0.0,False,grid_median_target;profitable_cell_share;method_q_value,False,"gate failed: grid_median_target, profitable_cell_share, method_q_value",ok,
GNRC,1D,MR,short,e03e53bfcaf86d1d88e38f0b9a84ce2e2b61f8b5761862e51a50fea98340e614,mr_keltner_lower,a31e7c374629dcf51a123279118b07e0aa50f10dfb599546cc0767ae8032bff4,False,16,8.021185106858226,19,240.0,-0.47203288713122843,0.0,68.0,0.41358641358641357,0.43640569956359426,0.0,False,grid_median_target;profitable_cell_share;method_q_value,False,"gate failed: grid_median_target, profitable_cell_share, method_q_value",ok,
GNRC,1D,MR,short,e03e53bfcaf86d1d88e38f0b9a84ce2e2b61f8b5761862e51a50fea98340e614,mr_macd_hist_turn,b96a938522a8a349fc8cfb43513ac76521c04f74c3ca738f6d2abea3a512f2d4,False,4,13.087580626341737,20,220.0,-0.5508706602142361,0.0,68.0,0.34665334665334663,0.407827466650996,0.0,False,grid_median_target;profitable_cell_share;method_q_value,False,"gate failed: grid_median_target, profitable_cell_share, method_q_value",ok,
K,1D,MR,short,a6d1c15762793552b63ae3082858d57ec0653d98fb38453423dd837aff42be81,mr_stochastic_k,16e6e4f5de942eb9759f0820756137228151abfb506d7e53a37c3c750a396f7d,False,16,48.69281411197298,1,1957.5,-0.04248384733182441,0.375,34.0,0.16083916083916083,0.6163067701529239,0.0,False,grid_median_target;profitable_cell_share;method_q_value,False,"gate failed: grid_median_target, profitable_cell_share, method_q_value",ok,
K,1D,MR,short,a6d1c15762793552b63ae3082858d57ec0653d98fb38453423dd837aff42be81,mr_daily_drop,d47fd0f96fcb118e8ae88f852b1e3093b233afe63eed7d20b42bbb6592a06409,False,8,42.11435102273034,2,1847.5,-0.15117145472253013,0.125,206.0,0.09090909090909091,0.6163067701529239,0.0,False,grid_median_target;profitable_cell_share;method_q_value,False,"gate failed: grid_median_target, profitable_cell_share, method_q_value",ok,
K,1D,MR,short,a6d1c15762793552b63ae3082858d57ec0653d98fb38453423dd837aff42be81,mr_candle_score,b121d9070491e3f0285a647d692d09e6e40a4835a1202c1a659fea479a4efd09,False,32,41.2484710174182,3,1795.0,-0.18006395046796603,0.28125,37.0,0.18981018981018982,0.6163067701529239,0.0,False,grid_median_target;profitable_cell_share;method_q_value,False,"gate failed: grid_median_target, profitable_cell_share, method_q_value",ok,
K,1D,MR,short,a6d1c15762793552b63ae3082858d57ec0653d98fb38453423dd837aff42be81,mr_lower_lows,1f02f5054ad7b8dffb3d935e6f73fdd9309cb626088af885af737dd25b75bc2c,False,4,32.5,4,1555.0,-0.19812613519718397,0.0,216.0,0.08491508491508491,0.6163067701529239,0.0,False,grid_median_target;profitable_cell_share;method_q_value,False,"gate failed: grid_median_target, profitable_cell_share, method_q_value",ok,
K,1D,MR,short,a6d1c15762793552b63ae3082858d57ec0653d98fb38453423dd837aff42be81,mr_ibs_after_new_high,5ca56192159d09d91e6f8b8e6f0abbd83e3fb44af49c75e066e08d3ced4fc589,False,16,9.255094035504705,5,1232.5,-0.29480783105748753,0.0,65.0,0.4695304695304695,0.664890664890665,0.0,False,grid_median_target;profitable_cell_share;method_q_value,False,"gate failed: grid_median_target, profitable_cell_share, method_q_value",ok,
K,1D,MR,short,a6d1c15762793552b63ae3082858d57ec0653d98fb38453423dd837aff42be81,mr_macd_hist_turn,2409d88e92c9aad35b1a6e61fc66b7b42a166a2e998cbb1587cf32980bec02bc,False,4,28.392857142857142,6,1160.0,-0.47031682965241817,0.25,65.0,0.15384615384615385,0.6163067701529239,0.0,False,grid_median_target;profitable_cell_share;method_q_value,False,"gate failed: grid_median_target, profitable_cell_share, method_q_value",ok,
K,1D,MR,short,a6d1c15762793552b63ae3082858d57ec0653d98fb38453423dd837aff42be81,mr_ema_slope_drop,8b24591a7af8448f6959b90eb5bd840fae9e9ac8e18e74a859e4ab35f783aea8,False,16,9.628528086397015,7,1127.5,-0.2956072220589374,0.0,125.0,0.34765234765234765,0.6163067701529239,0.0,False,grid_median_target;profitable_cell_share;method_q_value,False,"gate failed: grid_median_target, profitable_cell_share, method_q_value",ok,
K,1D,MR,short,a6d1c15762793552b63ae3082858d57ec0653d98fb38453423dd837aff42be81,mr_ma_distance_atr,26e4fd2a5f1560cd9dd7756fef9b81e0e3316377914121e75269a19034747189,False,16,15.090951381277147,8,1120.0,-0.402695437813384,0.0,76.0,0.3986013986013986,0.6163067701529239,0.0,False,grid_median_target;profitable_cell_share;method_q_value,False,"gate failed: grid_median_target, profitable_cell_share, method_q_value",ok,
K,1D,MR,short,a6d1c15762793552b63ae3082858d57ec0653d98fb38453423dd837aff42be81,mr_ibs,2bb8189fe46b0ac9b571b50e4c6acf97adbee6b2956ddb9cd12988fd636b05a7,False,12,17.345151795583284,9,1112.5,-0.43471851641639303,0.0,37.0,0.4005994005994006,0.6163067701529239,0.0,False,grid_median_target;profitable_cell_share;method_q_value,False,"gate failed: grid_median_target, profitable_cell_share, method_q_value",ok,
K,1D,MR,short,a6d1c15762793552b63ae3082858d57ec0653d98fb38453423dd837aff42be81,mr_connors_rsi,69a77692af5134c836f355b2581148145a6ac5ed9278580a1c170098f01102fd,False,16,9.809922176179422,10,1065.0,-0.36169919641767323,0.0,77.0,0.3076923076923077,0.6163067701529239,0.0,False,grid_median_target;profitable_cell_share;method_q_value,False,"gate failed: grid_median_target, profitable_cell_share, method_q_value",ok,
K,1D,MR,short,a6d1c15762793552b63ae3082858d57ec0653d98fb38453423dd837aff42be81,mr_down_closes,7d7083825703b7f3d60da8e8a9522ac5228c720dc705779602ce3c818bc00215,False,4,18.05798827166676,11,990.0,-0.433647674927926,0.0,65.0,0.2907092907092907,0.6163067701529239,0.0,False,grid_median_target;profitable_cell_share;method_q_value,False,"gate failed: grid_median_target, profitable_cell_share, method_q_value",ok,
K,1D,MR,short,a6d1c15762793552b63ae3082858d57ec0653d98fb38453423dd837aff42be81,mr_williams_confirm,045293ef1e182c504fa31c34f6cebddba3c34670472d37dc761f84f8f9cd1c1c,False,48,6.7380952380952355,12,955.0,-0.39872229226530514,0.08333333333333333,30.0,0.5044955044955045,0.664890664890665,0.0,False,grid_median_target;profitable_cell_share;method_q_value,False,"gate failed: grid_median_target, profitable_cell_share, method_q_value",ok,
K,1D,MR,short,a6d1c15762793552b63ae3082858d57ec0653d98fb38453423dd837aff42be81,mr_keltner_lower,e777128a7398ce54b0166efe680b1b1d36ca8b1c45d48fe55fa1a86827e063dc,False,16,17.493688874546113,13,895.0,-0.4398582893353802,0.0625,32.0,0.3646353646353646,0.6163067701529239,0.0,False,grid_median_target;profitable_cell_share;method_q_value,False,"gate failed: grid_median_target, profitable_cell_share, method_q_value",ok,
K,1D,MR,short,a6d1c15762793552b63ae3082858d57ec0653d98fb38453423dd837aff42be81,mr_n_day_low,613a913c541b9b573eea01bbf983de1419f694672c2bfca45fa6df86d51b3adf,False,8,0.0,14,865.0,-0.35946706079545376,0.0,131.0,0.5764235764235764,0.664890664890665,0.0,False,grid_median_target;profitable_cell_share;method_q_value,False,"gate failed: grid_median_target, profitable_cell_share, method_q_value",ok,
K,1D,MR,short,a6d1c15762793552b63ae3082858d57ec0653d98fb38453423dd837aff42be81,mr_rsi,4f96ed95eaa4fb5ef96952e9437427686b9f7f4d612a275a871668a904c5ce56,False,16,5.156702304458678,15,865.0,-0.37246112734605963,0.0,178.0,0.37962037962037964,0.6163067701529239,0.0,False,grid_median_target;profitable_cell_share;method_q_value,False,"gate failed: grid_median_target, profitable_cell_share, method_q_value",ok,
K,1D,MR,short,a6d1c15762793552b63ae3082858d57ec0653d98fb38453423dd837aff42be81,mr_ma_distance_pct,80ccec5a91f3c882275e11f1b7b8a25df41218f5a28102fecfea4b94cc8ab803,False,16,15.538861145541471,16,855.0,-0.4285587368717407,0.0,38.0,0.3706293706293706,0.6163067701529239,0.0,False,grid_median_target;profitable_cell_share;method_q_value,False,"gate failed: grid_median_target, profitable_cell_share, method_q_value",ok,
K,1D,MR,short,a6d1c15762793552b63ae3082858d57ec0653d98fb38453423dd837aff42be81,mr_rsi_sum,835661c1ad91b1e0890a2fdff848ff354e9bf3c3a7b13aeb0fe2b4187db7d628,False,32,0.78125,17,490.0,-0.45517459099508245,0.0,36.0,0.5984015984015985,0.664890664890665,0.0,False,grid_median_target;profitable_cell_share;method_q_value,False,"gate failed: grid_median_target, profitable_cell_share, method_q_value",ok,
K,1D,MR,short,a6d1c15762793552b63ae3082858d57ec0653d98fb38453423dd837aff42be81,mr_macd_hist_trough,627f7d4e463bf7c41bd896ad82acafd22c24acb0dbede2673e6bb698ae7356b6,False,4,0.0,18,375.0,-0.503178831460861,0.0,233.0,0.7812187812187812,0.7812187812187812,0.0,False,grid_median_target;profitable_cell_share;method_q_value,False,"gate failed: grid_median_target, profitable_cell_share, method_q_value",ok,
K,1D,MR,short,a6d1c15762793552b63ae3082858d57ec0653d98fb38453423dd837aff42be81,mr_macd_hist_falling,c3f199cc05b998bc5e47aecda09734a4355d9a2f4c3297aca80cf78d1c90ceae,False,4,0.0,19,370.0,-0.4441197510368634,0.0,65.0,0.5394605394605395,0.664890664890665,0.0,False,grid_median_target;profitable_cell_share;method_q_value,False,"gate failed: grid_median_target, profitable_cell_share, method_q_value",ok,
K,1D,MR,short,a6d1c15762793552b63ae3082858d57ec0653d98fb38453423dd837aff42be81,mr_zscore,68eafb146ed603e0650d2f439d49d4060efbc7f9cb38e32cc7e7da41b7174a81,False,16,1.5625,20,367.5,-0.5022185693009584,0.0,50.0,0.6673326673326674,0.7024554392975446,0.0,False,grid_median_target;profitable_cell_share;method_q_value,False,"gate failed: grid_median_target, profitable_cell_share, method_q_value",ok,
LEN,1D,MR,short,ac955b7bf32b997301fb44053a57566d05727dcad65a8f2d170b028aad11d5d5,mr_zscore,a063c1471444e1a58740794085043d821c71028f157876f4cc638109142fd84a,False,16,26.46042753785522,1,1752.5,-0.331201861952484,0.0625,71.0,0.1968031968031968,0.5904095904095904,0.0,False,grid_median_target;profitable_cell_share;method_q_value,False,"gate failed: grid_median_target, profitable_cell_share, method_q_value",ok,
LEN,1D,MR,short,ac955b7bf32b997301fb44053a57566d05727dcad65a8f2d170b028aad11d5d5,mr_williams_confirm,4e56569c442a475c3f58b0beb2be2685749678b3b084e08bdaafee9c2538feca,False,48,26.770833333333332,2,1697.5,-0.34991777701221705,0.125,47.0,0.18981018981018982,0.5904095904095904,0.0,False,grid_median_target;profitable_cell_share;method_q_value,False,"gate failed: grid_median_target, profitable_cell_share, method_q_value",ok,
LEN,1D,MR,short,ac955b7bf32b997301fb44053a57566d05727dcad65a8f2d170b028aad11d5d5,mr_macd_hist_turn,90886a324448cfc04ec058069b8f14a62ab79879e0fd829f85188e2f794a17d8,False,4,16.673828220085106,3,1492.5,-0.28583359206924763,0.0,210.0,0.22477522477522477,0.5904095904095904,0.0,False,grid_median_target;profitable_cell_share;method_q_value,False,"gate failed: grid_median_target, profitable_cell_share, method_q_value",ok,
LEN,1D,MR,short,ac955b7bf32b997301fb44053a57566d05727dcad65a8f2d170b028aad11d5d5,mr_candle_score,613f38bdeb0cb24f2c29286d1f68634e38f76dd19aee8c95783c25653d1b9c31,False,32,16.610110456448652,4,1457.5,-0.37297487460570744,0.0625,46.0,0.3336663336663337,0.5904095904095904,0.0,False,grid_median_target;profitable_cell_share;method_q_value,False,"gate failed: grid_median_target, profitable_cell_share, method_q_value",ok,
LEN,1D,MR,short,ac955b7bf32b997301fb44053a57566d05727dcad65a8f2d170b028aad11d5d5,mr_ema_slope_drop,f6e28bfe5025529c0033be6989d87427ef6a0b6fbefa7c21accd7d1612f323b2,False,16,12.06120244953972,5,1410.0,-0.3696607995527073,0.0,88.0,0.35064935064935066,0.5904095904095904,0.0,False,grid_median_target;profitable_cell_share;method_q_value,False,"gate failed: grid_median_target, profitable_cell_share, method_q_value",ok,
LEN,1D,MR,short,ac955b7bf32b997301fb44053a57566d05727dcad65a8f2d170b028aad11d5d5,mr_ibs,46dff02e40d3c35e90a1026a6806046998e585b0d8072fc01ff77703dbd7c3b5,False,12,24.166666666666664,6,1192.5,-0.4235044292059046,0.0,49.0,0.21878121878121878,0.5904095904095904,0.0,False,grid_median_target;profitable_cell_share;method_q_value,False,"gate failed: grid_median_target, profitable_cell_share, method_q_value",ok,
LEN,1D,MR,short,ac955b7bf32b997301fb44053a57566d05727dcad65a8f2d170b028aad11d5d5,mr_keltner_lower,648d320ab363708807eb6ebc8cfa75e4b8e5fdbc063242a74de4346d116a6425,False,16,21.53876015626128,7,1162.5,-0.4778857513211939,0.0,61.0,0.27472527472527475,0.5904095904095904,0.0,False,grid_median_target;profitable_cell_share;method_q_value,False,"gate failed: grid_median_target, profitable_cell_share, method_q_value",ok,
LEN,1D,MR,short,ac955b7bf32b997301fb44053a57566d05727dcad65a8f2d170b028aad11d5d5,mr_rsi_sum,2a3d8ff982b9f4901eb41f109868c3a897d563c715199d6fd77cd6ba2dbe68a9,False,32,8.40266690528307,8,1137.5,-0.3936130011917528,0.0,55.0,0.4015984015984016,0.5904095904095904,0.0,False,grid_median_target;profitable_cell_share;method_q_value,False,"gate failed: grid_median_target, profitable_cell_share, method_q_value",ok,
LEN,1D,MR,short,ac955b7bf32b997301fb44053a57566d05727dcad65a8f2d170b028aad11d5d5,mr_stochastic_k,ccd4e08955812ca06209ee3fb79d1a524e3a0671aff0bca9bf7322fe1a942d05,False,16,14.299112783240021,9,1122.5,-0.4167861317337219,0.0,32.0,0.3926073926073926,0.5904095904095904,0.0,False,grid_median_target;profitable_cell_share;method_q_value,False,"gate failed: grid_median_target, profitable_cell_share, method_q_value",ok,
LEN,1D,MR,short,ac955b7bf32b997301fb44053a57566d05727dcad65a8f2d170b028aad11d5d5,mr_n_day_low,6b893281c568dfa04c7d508426e1f0d587f20d940d012663c98badb598a3b3a7,False,8,20.639547195671927,10,1120.0,-0.45190259961934054,0.0,108.0,0.2547452547452547,0.5904095904095904,0.0,False,grid_median_target;profitable_cell_share;method_q_value,False,"gate failed: grid_median_target, profitable_cell_share, method_q_value",ok,
LEN,1D,MR,short,ac955b7bf32b997301fb44053a57566d05727dcad65a8f2d170b028aad11d5d5,mr_lower_lows,b7f44a1612113a657f6d57ae24034464a75272d6899ba6d7ee9f7912625c3de4,False,4,26.25,11,1100.0,-0.5249610171978341,0.25,41.0,0.08891108891108891,0.5904095904095904,0.0,False,grid_median_target;profitable_cell_share;method_q_value,False,"gate failed: grid_median_target, profitable_cell_share, method_q_value",ok,
LEN,1D,MR,short,ac955b7bf32b997301fb44053a57566d05727dcad65a8f2d170b028aad11d5d5,mr_connors_rsi,81921d218a5a9959e2549af784cb90ba893fd23cbfb827cfb5495968871404b3,False,16,0.0,12,930.0,-0.3895806531575752,0.0,59.0,0.5034965034965035,0.5904095904095904,0.0,False,grid_median_target;profitable_cell_share;method_q_value,False,"gate failed: grid_median_target, profitable_cell_share, method_q_value",ok,
LEN,1D,MR,short,ac955b7bf32b997301fb44053a57566d05727dcad65a8f2d170b028aad11d5d5,mr_ma_distance_atr,4808a9f561b7308dccdef34ced09239c066a3cc9b8f011faab270172a8974595,False,16,6.740643893238438,13,930.0,-0.45009659777520594,0.0625,61.0,0.44255744255744256,0.5904095904095904,0.0,False,grid_median_target;profitable_cell_share;method_q_value,False,"gate failed: grid_median_target, profitable_cell_share, method_q_value",ok,
LEN,1D,MR,short,ac955b7bf32b997301fb44053a57566d05727dcad65a8f2d170b028aad11d5d5,mr_rsi,0b8b03769076633cec27e00afd1612b1164cc3cf431b5bc8a59d21109cabe7b6,False,16,5.80259771474341,14,912.5,-0.40525631873721923,0.0,122.0,0.43456543456543456,0.5904095904095904,0.0,False,grid_median_target;profitable_cell_share;method_q_value,False,"gate failed: grid_median_target, profitable_cell_share, method_q_value",ok,
LEN,1D,MR,short,ac955b7bf32b997301fb44053a57566d05727dcad65a8f2d170b028aad11d5d5,mr_ma_distance_pct,b3f9012da455972b12380da798d76edb01eeec61f215f872ad639cd392e673d4,False,16,1.5625,15,877.5,-0.4245818898811793,0.0,79.0,0.5904095904095904,0.5904095904095904,0.0,False,grid_median_target;profitable_cell_share;method_q_value,False,"gate failed: grid_median_target, profitable_cell_share, method_q_value",ok,
LEN,1D,MR,short,ac955b7bf32b997301fb44053a57566d05727dcad65a8f2d170b028aad11d5d5,mr_ibs_after_new_high,7292de5ac443539d7bf203e104207a9b70b0ce8376676bc7215787da4376a594,False,16,1.4804914437035133,16,792.5,-0.37514142750185214,0.0,118.0,0.46853146853146854,0.5904095904095904,0.0,False,grid_median_target;profitable_cell_share;method_q_value,False,"gate failed: grid_median_target, profitable_cell_share, method_q_value",ok,
LEN,1D,MR,short,ac955b7bf32b997301fb44053a57566d05727dcad65a8f2d170b028aad11d5d5,mr_macd_hist_falling,291a2e4100633c4857744efb4913c35d7c266286789fa63aec6a21e94c6c965e,False,4,8.882681998552762,17,767.5,-0.3824680605006861,0.0,101.0,0.3626373626373626,0.5904095904095904,0.0,False,grid_median_target;profitable_cell_share;method_q_value,False,"gate failed: grid_median_target, profitable_cell_share, method_q_value",ok,
LEN,1D,MR,short,ac955b7bf32b997301fb44053a57566d05727dcad65a8f2d170b028aad11d5d5,mr_macd_hist_trough,a45a1e510e1969d865387714cbdafe493a659da7066c09b040386783f8d1d147,False,4,0.0,18,452.5,-0.4623794203680398,0.0,232.0,0.5804195804195804,0.5904095904095904,0.0,False,grid_median_target;profitable_cell_share;method_q_value,False,"gate failed: grid_median_target, profitable_cell_share, method_q_value",ok,
LEN,1D,MR,short,ac955b7bf32b997301fb44053a57566d05727dcad65a8f2d170b028aad11d5d5,mr_down_closes,3a6e31ab33948c2323b0f4f40b62ad6a49e4c1ae0bf51c811911ae99b8719e68,False,4,1.96162368721165,19,382.5,-0.4730944806234443,0.0,62.0,0.4755244755244755,0.5904095904095904,0.0,False,grid_median_target;profitable_cell_share;method_q_value,False,"gate failed: grid_median_target, profitable_cell_share, method_q_value",ok,
LEN,1D,MR,short,ac955b7bf32b997301fb44053a57566d05727dcad65a8f2d170b028aad11d5d5,mr_daily_drop,f1d5e2e21ae92eb597c56b1051e60d646e6a7536e72733155df33f26f9afe6fb,False,8,0.0,20,310.0,-0.5157196494863805,0.0,205.0,0.5464535464535465,0.5904095904095904,0.0,False,grid_median_target;profitable_cell_share;method_q_value,False,"gate failed: grid_median_target, profitable_cell_share, method_q_value",ok,
MSFT,1D,MR,long,cb7c972527f78c133aafcb67494cb7eaf2d3608eb6812845b10a9d790b476bd6,mr_macd_hist_trough,41c6170eeadfeaaa5161c733e6e69df38900cdb9debd96b3838cdb382fce4e1b,False,4,100.0,1,1862.5,0.7316771610259183,1.0,327.0,0.04595404595404595,0.31635031635031635,0.0,False,method_q_value,False,gate failed: method_q_value,ok,
MSFT,1D,MR,long,cb7c972527f78c133aafcb67494cb7eaf2d3608eb6812845b10a9d790b476bd6,mr_daily_drop,9a3438d38f71b93a70a74db6eba55f4ea621b41729f697d5a1d8e761cf5e0864,False,8,92.5,2,1775.0,0.8496383369365541,1.0,105.0,0.00999000999000999,0.1998001998001998,0.0,False,method_q_value,False,gate failed: method_q_value,ok,
MSFT,1D,MR,long,cb7c972527f78c133aafcb67494cb7eaf2d3608eb6812845b10a9d790b476bd6,mr_ibs,41de76352a7317b5b27fb9d981d743fbbf95b6909c0b5e47181f361ea8c6e4bb,False,12,80.60472676577501,3,1640.0,0.49549650512682275,0.6666666666666666,51.0,0.0939060939060939,0.31635031635031635,0.0,False,method_q_value,False,gate failed: method_q_value,ok,
MSFT,1D,MR,long,cb7c972527f78c133aafcb67494cb7eaf2d3608eb6812845b10a9d790b476bd6,mr_ibs_after_new_high,4297f20c7b0c1cf2b663dfd16466cfb116f2923312d3ce1e1095a045ef729cf6,False,16,82.47690956987213,4,1632.5,0.5346458546506452,1.0,76.0,0.25574425574425574,0.5634365634365635,0.0,False,method_q_value,False,gate failed: method_q_value,ok,
MSFT,1D,MR,long,cb7c972527f78c133aafcb67494cb7eaf2d3608eb6812845b10a9d790b476bd6,mr_connors_rsi,1cb2abfa19559d719d92615b96426ee4beef1745ba72e86e15f1e77f56d6da25,False,16,72.6539923447304,5,1520.0,0.3329254726970786,0.8125,220.0,0.058941058941058944,0.31635031635031635,0.0,False,method_q_value,False,gate failed: method_q_value,ok,
MSFT,1D,MR,long,cb7c972527f78c133aafcb67494cb7eaf2d3608eb6812845b10a9d790b476bd6,mr_ema_slope_drop,9054504f244af831baed988bd20e72443accf1821ca849e0e689625a97c18ad3,False,16,65.45212916476062,6,1362.5,0.22896906822975804,0.75,127.0,0.0939060939060939,0.31635031635031635,0.0,False,method_q_value,False,gate failed: method_q_value,ok,
MSFT,1D,MR,long,cb7c972527f78c133aafcb67494cb7eaf2d3608eb6812845b10a9d790b476bd6,mr_macd_hist_falling,febfb92fdadcb29c60b9152dcf97e2c774ad1d3820265100d5a196715e24a6f7,False,4,61.403039398998985,7,1352.5,0.3033605044965517,1.0,102.0,0.2707292707292707,0.5634365634365635,0.0,False,method_q_value,False,gate failed: method_q_value,ok,
MSFT,1D,MR,long,cb7c972527f78c133aafcb67494cb7eaf2d3608eb6812845b10a9d790b476bd6,mr_ma_distance_pct,f93088d245895fe6cc5c166885739975b4eef5fcc30990995896805286b35d42,False,16,46.09491081158759,8,1180.0,0.14744570652407668,0.75,179.0,0.48151848151848153,0.6878835450264021,0.0,False,method_q_value,False,gate failed: method_q_value,ok,
MSFT,1D,MR,long,cb7c972527f78c133aafcb67494cb7eaf2d3608eb6812845b10a9d790b476bd6,mr_lower_lows,3ceb258600b71b7f75a9d3d9f2c6e2a19e54c2ad556b34431a5f66330a0e3b42,False,4,47.572530094503826,9,1152.5,0.17264133308533633,0.75,225.0,0.4115884115884116,0.6408975639744872,0.0,False,method_q_value,False,gate failed: method_q_value,ok,
MSFT,1D,MR,long,cb7c972527f78c133aafcb67494cb7eaf2d3608eb6812845b10a9d790b476bd6,mr_candle_score,a7147a1fa888aeda7a7ace667a13c8c43a825c66b74c414251d702b49443ce0a,False,32,55.83298739882642,10,1145.0,0.07838892277732953,0.53125,42.0,0.12187812187812187,0.3482232053660625,0.0,False,profitable_cell_share;method_q_value,False,"gate failed: profitable_cell_share, method_q_value",ok,
MSFT,1D,MR,long,cb7c972527f78c133aafcb67494cb7eaf2d3608eb6812845b10a9d790b476bd6,mr_down_closes,93fcb7c102a20bbe4d31bf40ab6306834511e0ae2f24e0d978553c91646f71c4,False,4,36.94717712053898,11,1032.5,0.0872598067716033,0.75,410.0,0.5904095904095904,0.738011988011988,0.0,False,method_q_value,False,gate failed: method_q_value,ok,
MSFT,1D,MR,long,cb7c972527f78c133aafcb67494cb7eaf2d3608eb6812845b10a9d790b476bd6,mr_n_day_low,cf9d60d44f3fd29f51765fdd4a9a221a2883753aced496c63d65e9a5b19d3459,False,8,48.74247644403935,12,960.0,0.03764581637775118,0.5,148.0,0.09490509490509491,0.31635031635031635,0.0,False,profitable_cell_share;method_q_value,False,"gate failed: profitable_cell_share, method_q_value",ok,
MSFT,1D,MR,long,cb7c972527f78c133aafcb67494cb7eaf2d3608eb6812845b10a9d790b476bd6,mr_ma_distance_atr,365a5441b72829f2504e32b25c10e8e8736d8ca4f79902f3b0d978364ada65fa,False,16,36.879583795238275,13,932.5,0.053404601456271,0.5625,211.0,0.6713286713286714,0.745920745920746,0.0,False,profitable_cell_share;method_q_value,False,"gate failed: profitable_cell_share, method_q_value",ok,
MSFT,1D,MR,long,cb7c972527f78c133aafcb67494cb7eaf2d3608eb6812845b10a9d790b476bd6,mr_zscore,604ac4cbb6180fe0f9bf84be822cfe9c7c6f015028cc9d32e07a52ac4cf9c829,False,16,34.85821855634937,14,875.0,-0.020907537843102297,0.5,46.0,0.4165834165834166,0.6408975639744872,0.0,False,grid_median_target;profitable_cell_share;method_q_value,False,"gate failed: grid_median_target, profitable_cell_share, method_q_value",ok,
MSFT,1D,MR,long,cb7c972527f78c133aafcb67494cb7eaf2d3608eb6812845b10a9d790b476bd6,mr_rsi,ec6ed50bea88c83512e285104c5b1745bf56e91191b4a16705a3abeb7b1b0720,False,16,28.119377295442106,15,605.0,-0.12936775824580635,0.4375,191.0,0.3786213786213786,0.6408975639744872,0.0,False,grid_median_target;profitable_cell_share;method_q_value,False,"gate failed: grid_median_target, profitable_cell_share, method_q_value",ok,
MSFT,1D,MR,long,cb7c972527f78c133aafcb67494cb7eaf2d3608eb6812845b10a9d790b476bd6,mr_williams_confirm,02942809b1c0ab2ef29a0985ee8dc256c2d0664047d5391c2a3ee4c9566e5351,False,48,36.08963064547524,16,587.5,-0.13523797725175637,0.3125,30.0,0.2817182817182817,0.5634365634365635,0.0,False,grid_median_target;profitable_cell_share;method_q_value,False,"gate failed: grid_median_target, profitable_cell_share, method_q_value",ok,
MSFT,1D,MR,long,cb7c972527f78c133aafcb67494cb7eaf2d3608eb6812845b10a9d790b476bd6,mr_rsi_sum,a19f3781c196117e636c06566c8b87ef259114f09bd5e2b50a8cb6dd270149c2,False,32,23.61991236511627,17,580.0,-0.07311515425773146,0.375,103.0,0.7142857142857143,0.7518796992481204,0.0,False,grid_median_target;profitable_cell_share;method_q_value,False,"gate failed: grid_median_target, profitable_cell_share, method_q_value",ok,
MSFT,1D,MR,long,cb7c972527f78c133aafcb67494cb7eaf2d3608eb6812845b10a9d790b476bd6,mr_keltner_lower,2e51044e597009153ce395abe16036387ad9e7ee78cb1f583505561d95caa333,False,16,18.01683317904534,18,417.5,-0.13092345302672376,0.375,138.0,0.6353646353646354,0.745920745920746,0.0,False,grid_median_target;profitable_cell_share;method_q_value,False,"gate failed: grid_median_target, profitable_cell_share, method_q_value",ok,
MSFT,1D,MR,long,cb7c972527f78c133aafcb67494cb7eaf2d3608eb6812845b10a9d790b476bd6,mr_macd_hist_turn,5a09e98d19f476e49b275b8c2d782d908d0ecdd8d56e9ace49ebda9f80dda9b3,False,4,13.260904398356747,19,272.5,-0.15121920894956029,0.25,73.0,0.5684315684315684,0.738011988011988,0.0,False,grid_median_target;profitable_cell_share;method_q_value,False,"gate failed: grid_median_target, profitable_cell_share, method_q_value",ok,
MSFT,1D,MR,long,cb7c972527f78c133aafcb67494cb7eaf2d3608eb6812845b10a9d790b476bd6,mr_stochastic_k,27aabaabd93faf907428ecb07f96710f178849818745ab46f21fed94078b1546,False,16,10.9375,20,115.0,-0.2755322227247965,0.125,79.0,0.8701298701298701,0.8701298701298701,0.0,False,grid_median_target;profitable_cell_share;method_q_value,False,"gate failed: grid_median_target, profitable_cell_share, method_q_value",ok,
RTX,1D,MR,long,54a8a437b75238c83518d476e9723742cc54fab90242662d3e1ee269214ef03d,mr_rsi_sum,6dacfa389f549ded0d201956847679685efaf7b0cc775a0bc612b84a7ee5c0d5,False,32,71.55697039489073,1,1930.0,0.06933066700729199,0.59375,103.0,0.04995004995004995,0.4995004995004995,0.0,False,profitable_cell_share;method_q_value,False,"gate failed: profitable_cell_share, method_q_value",ok,
RTX,1D,MR,long,54a8a437b75238c83518d476e9723742cc54fab90242662d3e1ee269214ef03d,mr_stochastic_k,aee3b825f38b1a92148b6971669b7035b3d17ae24296186aeab77aceb37b1342,False,16,69.65614751240116,2,1887.5,-0.009381853420690166,0.4375,55.0,0.03596403596403597,0.4995004995004995,0.0,False,grid_median_target;profitable_cell_share;method_q_value,False,"gate failed: grid_median_target, profitable_cell_share, method_q_value",ok,
RTX,1D,MR,long,54a8a437b75238c83518d476e9723742cc54fab90242662d3e1ee269214ef03d,mr_keltner_lower,0c362bb00853a82ee0f2b2d7b76fc2f3c7234e6975184e95cda6c2d2413b7979,False,16,69.27733219598343,3,1810.0,-0.012485945204685687,0.5,55.0,0.16583416583416583,0.5106005106005106,0.0,False,grid_median_target;profitable_cell_share;method_q_value,False,"gate failed: grid_median_target, profitable_cell_share, method_q_value",ok,
RTX,1D,MR,long,54a8a437b75238c83518d476e9723742cc54fab90242662d3e1ee269214ef03d,mr_ma_distance_atr,09681eb2c0be31cec659b5cdfe994875a3114c21ae880d59ecf29bbdfa250cf6,False,16,64.15119994317018,4,1670.0,-0.17080337987310867,0.25,58.0,0.2057942057942058,0.5106005106005106,0.0,False,grid_median_target;profitable_cell_share;method_q_value,False,"gate failed: grid_median_target, profitable_cell_share, method_q_value",ok,
RTX,1D,MR,long,54a8a437b75238c83518d476e9723742cc54fab90242662d3e1ee269214ef03d,mr_ma_distance_pct,e5683298e9532187e60811152d9a73aba35b7e5b3cfcabad516a3887974fc0bd,False,16,58.3062238633919,5,1582.5,-0.2260151198222073,0.1875,87.0,0.2727272727272727,0.5142226194857774,0.0,False,grid_median_target;profitable_cell_share;method_q_value,False,"gate failed: grid_median_target, profitable_cell_share, method_q_value",ok,
RTX,1D,MR,long,54a8a437b75238c83518d476e9723742cc54fab90242662d3e1ee269214ef03d,mr_zscore,73e81d249de6ec161ba16d3fd51371119754387752f6c34626029754dcf82791,False,16,45.978308410378084,6,1362.5,-0.21809951442761255,0.375,56.0,0.17182817182817184,0.5106005106005106,0.0,False,grid_median_target;profitable_cell_share;method_q_value,False,"gate failed: grid_median_target, profitable_cell_share, method_q_value",ok,
RTX,1D,MR,long,54a8a437b75238c83518d476e9723742cc54fab90242662d3e1ee269214ef03d,mr_williams_confirm,6a1b635e9699d5084558948cb50c02f83394611fe14c6c3c992e697d155f4f90,False,48,43.23953933590375,7,1350.0,-0.2101883932680327,0.2916666666666667,32.0,0.2007992007992008,0.5106005106005106,0.0,False,grid_median_target;profitable_cell_share;method_q_value,False,"gate failed: grid_median_target, profitable_cell_share, method_q_value",ok,
RTX,1D,MR,long,54a8a437b75238c83518d476e9723742cc54fab90242662d3e1ee269214ef03d,mr_ema_slope_drop,78f9c29c1d05db2f51bb9fbc82b6178abe11098fa85ec62e4beffbcb27eeea3d,False,16,46.947888093485965,8,1330.0,-0.20096640019203002,0.1875,77.0,0.22977022977022976,0.5106005106005106,0.0,False,grid_median_target;profitable_cell_share;method_q_value,False,"gate failed: grid_median_target, profitable_cell_share, method_q_value",ok,
RTX,1D,MR,long,54a8a437b75238c83518d476e9723742cc54fab90242662d3e1ee269214ef03d,mr_n_day_low,9ece048c515c00b4035bb0b55aa100589fde31b8dbbe327b5b19412628d054d6,False,8,39.1635301052567,9,1180.0,-0.20660489212990624,0.0,99.0,0.3836163836163836,0.5142226194857774,0.0,False,grid_median_target;profitable_cell_share;method_q_value,False,"gate failed: grid_median_target, profitable_cell_share, method_q_value",ok,
RTX,1D,MR,long,54a8a437b75238c83518d476e9723742cc54fab90242662d3e1ee269214ef03d,mr_down_closes,ad598d506a24be7bb848870ede86bc5c89c02cd28c1f1aafee47f66ea3a29905,False,4,40.0,10,1147.5,-0.27217616534816536,0.25,114.0,0.15584415584415584,0.5106005106005106,0.0,False,grid_median_target;profitable_cell_share;method_q_value,False,"gate failed: grid_median_target, profitable_cell_share, method_q_value",ok,
RTX,1D,MR,long,54a8a437b75238c83518d476e9723742cc54fab90242662d3e1ee269214ef03d,mr_rsi,acfa0f4cf7598cce8a563ea5733e25aa69de9ff3d041948c20fdc2c8d106c74b,False,16,38.75,11,1065.0,-0.28759200916991434,0.1875,44.0,0.2137862137862138,0.5106005106005106,0.0,False,grid_median_target;profitable_cell_share;method_q_value,False,"gate failed: grid_median_target, profitable_cell_share, method_q_value",ok,
RTX,1D,MR,long,54a8a437b75238c83518d476e9723742cc54fab90242662d3e1ee269214ef03d,mr_macd_hist_trough,867d0662775b1501e258642b913a6bfe2705b4824ba0988e69380661e2c41046,False,4,22.951301818871038,12,885.0,-0.2967518024471646,0.0,196.0,0.41858141858141856,0.5142226194857774,0.0,False,grid_median_target;profitable_cell_share;method_q_value,False,"gate failed: grid_median_target, profitable_cell_share, method_q_value",ok,
RTX,1D,MR,long,54a8a437b75238c83518d476e9723742cc54fab90242662d3e1ee269214ef03d,mr_connors_rsi,f6b7255755d23256f9d2ac7b1a0b9e964f6b1158faabf7286307613a6e4b3000,False,16,31.98242440694088,13,840.0,-0.3287363910158769,0.125,51.0,0.36663336663336665,0.5142226194857774,0.0,False,grid_median_target;profitable_cell_share;method_q_value,False,"gate failed: grid_median_target, profitable_cell_share, method_q_value",ok,
RTX,1D,MR,long,54a8a437b75238c83518d476e9723742cc54fab90242662d3e1ee269214ef03d,mr_macd_hist_turn,084782a822ceba251ae49189cedb091eba98fb1bf3e5b2c88ce24aab73b4dbcc,False,4,17.46800082737232,14,692.5,-0.3874803744094001,0.0,153.0,0.4865134865134865,0.5142226194857774,0.0,False,grid_median_target;profitable_cell_share;method_q_value,False,"gate failed: grid_median_target, profitable_cell_share, method_q_value",ok,
RTX,1D,MR,long,54a8a437b75238c83518d476e9723742cc54fab90242662d3e1ee269214ef03d,mr_ibs_after_new_high,68736833d39fc2e266c34a8d92c24a1d32204aa264d6c00269de2de7d1d4c544,False,16,17.801317008928894,15,525.0,-0.44358228610226813,0.0,178.0,0.4175824175824176,0.5142226194857774,0.0,False,grid_median_target;profitable_cell_share;method_q_value,False,"gate failed: grid_median_target, profitable_cell_share, method_q_value",ok,
RTX,1D,MR,long,54a8a437b75238c83518d476e9723742cc54fab90242662d3e1ee269214ef03d,mr_daily_drop,c6f8a57ef01565240fc41f49630b83a656a5b2c8387361d41f661996a1fee1cb,False,8,9.653167445642513,16,472.5,-0.329137354693079,0.0,242.0,0.4745254745254745,0.5142226194857774,0.0,False,grid_median_target;profitable_cell_share;method_q_value,False,"gate failed: grid_median_target, profitable_cell_share, method_q_value",ok,
RTX,1D,MR,long,54a8a437b75238c83518d476e9723742cc54fab90242662d3e1ee269214ef03d,mr_candle_score,3389760f6bd91a9f5f17fb6994b59f5e295a1de95b8f7fe019d5ae869b420356,False,32,10.30725070628063,17,430.0,-0.39288532569846935,0.03125,38.0,0.4885114885114885,0.5142226194857774,0.0,False,grid_median_target;profitable_cell_share;method_q_value,False,"gate failed: grid_median_target, profitable_cell_share, method_q_value",ok,
RTX,1D,MR,long,54a8a437b75238c83518d476e9723742cc54fab90242662d3e1ee269214ef03d,mr_ibs,1de2f186900fbc2040a160f1be373580bdd6024666d21f0e1165a1d2ce200683,False,12,15.473772615745482,18,375.0,-0.6160485557718244,0.08333333333333333,40.0,0.47352647352647353,0.5142226194857774,0.0,False,grid_median_target;profitable_cell_share;method_q_value,False,"gate failed: grid_median_target, profitable_cell_share, method_q_value",ok,
RTX,1D,MR,long,54a8a437b75238c83518d476e9723742cc54fab90242662d3e1ee269214ef03d,mr_lower_lows,093f52533f5475cf2791ac826cbf05c6eb9e21a321a375d765fdb1545a39c054,False,4,5.663568053964387,19,252.5,-0.4254966620309611,0.0,226.0,0.43656343656343655,0.5142226194857774,0.0,False,grid_median_target;profitable_cell_share;method_q_value,False,"gate failed: grid_median_target, profitable_cell_share, method_q_value",ok,
RTX,1D,MR,long,54a8a437b75238c83518d476e9723742cc54fab90242662d3e1ee269214ef03d,mr_macd_hist_falling,175f9d5d683d4c52459e1c78f826cf45a14aa4ac218ba05881da11a220f7f4f5,False,4,0.0,20,212.5,-0.44024129446911653,0.0,113.0,0.5944055944055944,0.5944055944055944,0.0,False,grid_median_target;profitable_cell_share;method_q_value,False,"gate failed: grid_median_target, profitable_cell_share, method_q_value",ok,
SHW,1D,MR,long,e526b51574f5f497798eb7bfb764670b1093116044f4263a21d857bd9b5d1e56,mr_macd_hist_falling,c663f5142e5c982473c987b4efb006b4043065ebd785e225007201d8b7614dac,False,4,81.86483885504146,1,1920.0,0.34407293849690235,1.0,100.0,0.10989010989010989,0.7026307026307026,0.0,False,method_q_value,False,gate failed: method_q_value,ok,
SHW,1D,MR,long,e526b51574f5f497798eb7bfb764670b1093116044f4263a21d857bd9b5d1e56,mr_down_closes,b1eeffa8fe88fcc56a3581935b82add27fb36172a92a36b689466c658b2965c6,False,4,60.017951462074016,2,1740.0,0.12473313316281984,0.75,415.0,0.2987012987012987,0.7026307026307026,0.0,False,method_q_value,False,gate failed: method_q_value,ok,
SHW,1D,MR,long,e526b51574f5f497798eb7bfb764670b1093116044f4263a21d857bd9b5d1e56,mr_n_day_low,258999f8f6a7a85e8943f4d7c0c651a1fed7997c1f152a09cd89f098acef5f99,False,8,51.95685130179231,3,1580.0,0.0625399931967997,0.625,114.0,0.4595404595404595,0.7026307026307026,0.0,False,method_q_value,False,gate failed: method_q_value,ok,
SHW,1D,MR,long,e526b51574f5f497798eb7bfb764670b1093116044f4263a21d857bd9b5d1e56,mr_daily_drop,55b483eee5028fe92a72ab49b64cd9ae02a66b50abe89ed2cbc805219b78e7f3,False,8,56.70028281764136,4,1565.0,0.07318409620084612,0.625,197.0,0.1968031968031968,0.7026307026307026,0.0,False,method_q_value,False,gate failed: method_q_value,ok,
SHW,1D,MR,long,e526b51574f5f497798eb7bfb764670b1093116044f4263a21d857bd9b5d1e56,mr_lower_lows,62cef91ae80976a8c03f7f04d740e370d36c123f9edebc8e53b454da59c4787b,False,4,48.463143790760014,5,1480.0,-0.047397310417969185,0.5,446.0,0.22677322677322678,0.7026307026307026,0.0,False,grid_median_target;profitable_cell_share;method_q_value,False,"gate failed: grid_median_target, profitable_cell_share, method_q_value",ok,
SHW,1D,MR,long,e526b51574f5f497798eb7bfb764670b1093116044f4263a21d857bd9b5d1e56,mr_macd_hist_trough,9db28b15f3ba6fb0999b664c1360ec7a36cd24c9f06bb11ee31de43c2921fc0e,False,4,47.68590372727642,6,1472.5,-0.08072894683082231,0.0,263.0,0.5114885114885115,0.7026307026307026,0.0,False,grid_median_target;profitable_cell_share;method_q_value,False,"gate failed: grid_median_target, profitable_cell_share, method_q_value",ok,
SHW,1D,MR,long,e526b51574f5f497798eb7bfb764670b1093116044f4263a21d857bd9b5d1e56,mr_connors_rsi,713adb251f14589a0d0164ef97672709cebdc58ed49e04fb6a05f0873dd4c297,False,16,49.95912877887105,7,1365.0,-0.10708080574447655,0.3125,72.0,0.3246753246753247,0.7026307026307026,0.0,False,grid_median_target;profitable_cell_share;method_q_value,False,"gate failed: grid_median_target, profitable_cell_share, method_q_value",ok,
SHW,1D,MR,long,e526b51574f5f497798eb7bfb764670b1093116044f4263a21d857bd9b5d1e56,mr_ma_distance_atr,3f714451218741d6522adccdbf683a1ae51814921d56495e9ec1daed63441a33,False,16,37.23994579604789,8,1185.0,-0.23262204821632604,0.1875,32.0,0.3906093906093906,0.7026307026307026,0.0,False,grid_median_target;profitable_cell_share;method_q_value,False,"gate failed: grid_median_target, profitable_cell_share, method_q_value",ok,
SHW,1D,MR,long,e526b51574f5f497798eb7bfb764670b1093116044f4263a21d857bd9b5d1e56,mr_ibs,42227029d815dcbae93d384eb18aad909c9f39cfc292c697acea93dbd4143dac,False,12,39.073367534648014,9,1182.5,-0.05978361607745317,0.4166666666666667,125.0,0.3916083916083916,0.7026307026307026,0.0,False,grid_median_target;profitable_cell_share;method_q_value,False,"gate failed: grid_median_target, profitable_cell_share, method_q_value",ok,
SHW,1D,MR,long,e526b51574f5f497798eb7bfb764670b1093116044f4263a21d857bd9b5d1e56,mr_candle_score,a09e7d9d12b900611e0555ad4d9ca646940f0341e4b5acedd7270eddeeb0467d,False,32,44.2887652526396,10,1162.5,-0.04032852026432416,0.4375,56.0,0.23676323676323677,0.7026307026307026,0.0,False,grid_median_target;profitable_cell_share;method_q_value,False,"gate failed: grid_median_target, profitable_cell_share, method_q_value",ok,
SHW,1D,MR,long,e526b51574f5f497798eb7bfb764670b1093116044f4263a21d857bd9b5d1e56,mr_keltner_lower,8df03b9ea992bb146bcf2466872c82f5a23d196af3a852022346cc7f2ef2bc70,False,16,25.137480823904394,11,905.0,-0.2817038340006659,0.125,33.0,0.5464535464535465,0.7026307026307026,0.0,False,grid_median_target;profitable_cell_share;method_q_value,False,"gate failed: grid_median_target, profitable_cell_share, method_q_value",ok,
SHW,1D,MR,long,e526b51574f5f497798eb7bfb764670b1093116044f4263a21d857bd9b5d1e56,mr_ibs_after_new_high,0b7bcb36195a98dbf7413a3a0395722f167636faf21565e435ffbbd866adf076,False,16,35.85103192658813,12,895.0,-0.17946459080888857,0.1875,71.0,0.3016983016983017,0.7026307026307026,0.0,False,grid_median_target;profitable_cell_share;method_q_value,False,"gate failed: grid_median_target, profitable_cell_share, method_q_value",ok,
SHW,1D,MR,long,e526b51574f5f497798eb7bfb764670b1093116044f4263a21d857bd9b5d1e56,mr_zscore,d312e258294ac648dc28667af1b0a3732d966acde5d2e38ff920037b76bbc3ce,False,16,26.65080165659526,13,887.5,-0.14967756339087207,0.0625,106.0,0.6193806193806194,0.7026307026307026,0.0,False,grid_median_target;profitable_cell_share;method_q_value,False,"gate failed: grid_median_target, profitable_cell_share, method_q_value",ok,
SHW,1D,MR,long,e526b51574f5f497798eb7bfb764670b1093116044f4263a21d857bd9b5d1e56,mr_williams_confirm,705bf10d4ef6f1a0035789428c27a5aee968f98f7c04f52449fcdd55a8abe4ce,False,48,29.950694891212336,14,860.0,-0.27309419299077276,0.20833333333333334,30.0,0.3596403596403596,0.7026307026307026,0.0,False,grid_median_target;profitable_cell_share;method_q_value,False,"gate failed: grid_median_target, profitable_cell_share, method_q_value",ok,
SHW,1D,MR,long,e526b51574f5f497798eb7bfb764670b1093116044f4263a21d857bd9b5d1e56,mr_rsi,e75f1127f65be59da4d70f646240a16f78be3256cda0c001c1105eba46b792f9,False,16,23.957173623636965,15,780.0,-0.235104239165057,0.125,61.0,0.7222777222777222,0.7222777222777222,0.0,False,grid_median_target;profitable_cell_share;method_q_value,False,"gate failed: grid_median_target, profitable_cell_share, method_q_value",ok,
SHW,1D,MR,long,e526b51574f5f497798eb7bfb764670b1093116044f4263a21d857bd9b5d1e56,mr_ma_distance_pct,314f35668598a85e0f6020b7e462d267a59f1252737c93cca90372d27b40e60f,False,16,19.26919872615249,16,562.5,-0.2786983400092816,0.0,240.0,0.6303696303696303,0.7026307026307026,0.0,False,grid_median_target;profitable_cell_share;method_q_value,False,"gate failed: grid_median_target, profitable_cell_share, method_q_value",ok,
SHW,1D,MR,long,e526b51574f5f497798eb7bfb764670b1093116044f4263a21d857bd9b5d1e56,mr_rsi_sum,56b08b046a8ba28b9f92dba0e776e202852ce7a4edf30a55ebb657345a316442,False,32,17.163302088171825,17,537.5,-0.3441966705145748,0.1875,104.0,0.3946053946053946,0.7026307026307026,0.0,False,grid_median_target;profitable_cell_share;method_q_value,False,"gate failed: grid_median_target, profitable_cell_share, method_q_value",ok,
SHW,1D,MR,long,e526b51574f5f497798eb7bfb764670b1093116044f4263a21d857bd9b5d1e56,mr_ema_slope_drop,1ee15f988cde7424f7a3083a728c7fe6fcd08f1a1f7fd03b370856ad1ac423ec,False,16,17.56666200212716,18,525.0,-0.2693817706529761,0.0,117.0,0.6323676323676324,0.7026307026307026,0.0,False,grid_median_target;profitable_cell_share;method_q_value,False,"gate failed: grid_median_target, profitable_cell_share, method_q_value",ok,
SHW,1D,MR,long,e526b51574f5f497798eb7bfb764670b1093116044f4263a21d857bd9b5d1e56,mr_macd_hist_turn,d663deebc57cf5760b3ae263431e71031e3e0eb9f0479cef8d8f9c1ee9c33609,False,4,8.392857142857142,19,215.0,-0.4290894508175549,0.0,66.0,0.6933066933066933,0.7222777222777222,0.0,False,grid_median_target;profitable_cell_share;method_q_value,False,"gate failed: grid_median_target, profitable_cell_share, method_q_value",ok,
SHW,1D,MR,long,e526b51574f5f497798eb7bfb764670b1093116044f4263a21d857bd9b5d1e56,mr_stochastic_k,34c41aaa2ad2aeefa6365c6ad674553fcf7518eb22e007a57b2eb0bc3815e95d,False,16,7.8125,20,180.0,-0.4363590944224489,0.0625,86.0,0.5734265734265734,0.7026307026307026,0.0,False,grid_median_target;profitable_cell_share;method_q_value,False,"gate failed: grid_median_target, profitable_cell_share, method_q_value",ok,
TJX,1D,MR,short,d6edbcb7dd9499abe4d5e4f7d7881e9b30702cf866580f70d594af7256e4af35,mr_ibs_after_new_high,8d4a4aed0030ce2b950de5a8ff231ec234f054d12cf8b08578976d0d562227b2,False,16,52.25162666246598,1,1992.5,-0.10400958744661071,0.25,68.0,0.16883116883116883,0.7448107448107447,0.0,False,grid_median_target;profitable_cell_share;method_q_value,False,"gate failed: grid_median_target, profitable_cell_share, method_q_value",ok,
TJX,1D,MR,short,d6edbcb7dd9499abe4d5e4f7d7881e9b30702cf866580f70d594af7256e4af35,mr_ibs,3776c511e4d7fb5458bea813bf4c8afe501c35a4f981fea3f3891be8f2229b9a,False,12,20.689032330178257,2,1867.5,-0.448499558670406,0.08333333333333333,47.0,0.37462537462537465,0.7448107448107447,0.0,False,grid_median_target;profitable_cell_share;method_q_value,False,"gate failed: grid_median_target, profitable_cell_share, method_q_value",ok,
TJX,1D,MR,short,d6edbcb7dd9499abe4d5e4f7d7881e9b30702cf866580f70d594af7256e4af35,mr_daily_drop,7b80a091e9cb4a6da3c83cafeea8b320f38ba4afb3efaada24ca411807dbc5e0,False,8,18.079636169321034,3,1747.5,-0.44644693722067064,0.125,52.0,0.37362637362637363,0.7448107448107447,0.0,False,grid_median_target;profitable_cell_share;method_q_value,False,"gate failed: grid_median_target, profitable_cell_share, method_q_value",ok,
TJX,1D,MR,short,d6edbcb7dd9499abe4d5e4f7d7881e9b30702cf866580f70d594af7256e4af35,mr_stochastic_k,6b921aa1c1879af8f8fc903040241f51429604d91dd08d760b5f825c42984c49,False,16,5.182118313774673,4,1595.0,-0.4460294954069056,0.0625,33.0,0.45754245754245754,0.7448107448107447,0.0,False,grid_median_target;profitable_cell_share;method_q_value,False,"gate failed: grid_median_target, profitable_cell_share, method_q_value",ok,
TJX,1D,MR,short,d6edbcb7dd9499abe4d5e4f7d7881e9b30702cf866580f70d594af7256e4af35,mr_williams_confirm,0b57748080948ee4a254e76b06bd2c5c021d2f05d130ed249796b359767f4708,False,48,11.932863444932117,5,1335.0,-0.5191724264540336,0.020833333333333332,36.0,0.3166833166833167,0.7448107448107447,0.0,False,grid_median_target;profitable_cell_share;method_q_value,False,"gate failed: grid_median_target, profitable_cell_share, method_q_value",ok,
TJX,1D,MR,short,d6edbcb7dd9499abe4d5e4f7d7881e9b30702cf866580f70d594af7256e4af35,mr_connors_rsi,b8cb7c02ac18c7c6cb220c1b9fdbac14ec890d0825d184b7a431a7b13a891208,False,16,1.5625,6,1230.0,-0.5241919998308036,0.0,59.0,0.5324675324675324,0.7448107448107447,0.0,False,grid_median_target;profitable_cell_share;method_q_value,False,"gate failed: grid_median_target, profitable_cell_share, method_q_value",ok,
TJX,1D,MR,short,d6edbcb7dd9499abe4d5e4f7d7881e9b30702cf866580f70d594af7256e4af35,mr_down_closes,f70f435325798e702267ef47d4bcde4d48ebbfc847b0731bd3660a1cc3ecbac6,False,4,0.0,7,1222.5,-0.4919658859049969,0.0,74.0,0.5054945054945055,0.7448107448107447,0.0,False,grid_median_target;profitable_cell_share;method_q_value,False,"gate failed: grid_median_target, profitable_cell_share, method_q_value",ok,
TJX,1D,MR,short,d6edbcb7dd9499abe4d5e4f7d7881e9b30702cf866580f70d594af7256e4af35,mr_ema_slope_drop,73a6d444bacfb4fdf224a42717b81f91adb6665a7d129267bed1e85b0898c49e,False,16,3.2711018416676563,8,1210.0,-0.5299938282961818,0.0,48.0,0.4785214785214785,0.7448107448107447,0.0,False,grid_median_target;profitable_cell_share;method_q_value,False,"gate failed: grid_median_target, profitable_cell_share, method_q_value",ok,
TJX,1D,MR,short,d6edbcb7dd9499abe4d5e4f7d7881e9b30702cf866580f70d594af7256e4af35,mr_ma_distance_atr,71247284d842a8b5ed2f6625704edeca149dec5a7fc4a54f06059113a7eb96a1,False,16,0.0,9,1062.5,-0.5493016740204325,0.0,168.0,0.5894105894105894,0.7448107448107447,0.0,False,grid_median_target;profitable_cell_share;method_q_value,False,"gate failed: grid_median_target, profitable_cell_share, method_q_value",ok,
TJX,1D,MR,short,d6edbcb7dd9499abe4d5e4f7d7881e9b30702cf866580f70d594af7256e4af35,mr_keltner_lower,81c31e939d7406818e92c697977e11a6d4a4369927593be5c5d7f7faf961d1f6,False,16,2.039766032917134,10,1032.5,-0.5448128984290439,0.0,64.0,0.5064935064935064,0.7448107448107447,0.0,False,grid_median_target;profitable_cell_share;method_q_value,False,"gate failed: grid_median_target, profitable_cell_share, method_q_value",ok,
TJX,1D,MR,short,d6edbcb7dd9499abe4d5e4f7d7881e9b30702cf866580f70d594af7256e4af35,mr_n_day_low,c1b02f59185cca32bb7d386c152dd71e4e111ecde5cfbd781f2192936090071a,False,8,0.0,11,1020.0,-0.49677840248558813,0.0,70.0,0.6643356643356644,0.7448107448107447,0.0,False,grid_median_target;profitable_cell_share;method_q_value,False,"gate failed: grid_median_target, profitable_cell_share, method_q_value",ok,
TJX,1D,MR,short,d6edbcb7dd9499abe4d5e4f7d7881e9b30702cf866580f70d594af7256e4af35,mr_zscore,43c8ec531ace47f294188080c9dcb64ba8ec6b20add00b7a8b454cdfdfe0f2a5,False,16,0.0,12,960.0,-0.5283408042093984,0.0,71.0,0.5374625374625375,0.7448107448107447,0.0,False,grid_median_target;profitable_cell_share;method_q_value,False,"gate failed: grid_median_target, profitable_cell_share, method_q_value",ok,
TJX,1D,MR,short,d6edbcb7dd9499abe4d5e4f7d7881e9b30702cf866580f70d594af7256e4af35,mr_candle_score,622066351aeb338325a4c59f48dfd4742b1fd834c8896087eab7f93910f384f7,False,32,2.34375,13,875.0,-0.5545845634818927,0.03125,32.0,0.5484515484515484,0.7448107448107447,0.0,False,grid_median_target;profitable_cell_share;method_q_value,False,"gate failed: grid_median_target, profitable_cell_share, method_q_value",ok,
TJX,1D,MR,short,d6edbcb7dd9499abe4d5e4f7d7881e9b30702cf866580f70d594af7256e4af35,mr_ma_distance_pct,506aca01d4a82ee81fe0938096f66c793cad88ecadfdeb832ccd657b4645cd43,False,16,2.513211178364555,14,820.0,-0.5549394743784744,0.0,31.0,0.45054945054945056,0.7448107448107447,0.0,False,grid_median_target;profitable_cell_share;method_q_value,False,"gate failed: grid_median_target, profitable_cell_share, method_q_value",ok,
TJX,1D,MR,short,d6edbcb7dd9499abe4d5e4f7d7881e9b30702cf866580f70d594af7256e4af35,mr_macd_hist_trough,bc54e2e6572b2103e767f315ab49cde7a685b85b10f7e0fc3d6a739da6e417ad,False,4,0.0,15,765.0,-0.5388440277677569,0.0,321.0,0.5824175824175825,0.7448107448107447,0.0,False,grid_median_target;profitable_cell_share;method_q_value,False,"gate failed: grid_median_target, profitable_cell_share, method_q_value",ok,
TJX,1D,MR,short,d6edbcb7dd9499abe4d5e4f7d7881e9b30702cf866580f70d594af7256e4af35,mr_macd_hist_turn,65c40406595c8dedbf8d5ed849c2f47c0018dad9ea2321eda6cda23bfda6b2e4,False,4,0.0,16,562.5,-0.5590431685412216,0.0,149.0,0.8231768231768232,0.8251748251748252,0.0,False,grid_median_target;profitable_cell_share;method_q_value,False,"gate failed: grid_median_target, profitable_cell_share, method_q_value",ok,
TJX,1D,MR,short,d6edbcb7dd9499abe4d5e4f7d7881e9b30702cf866580f70d594af7256e4af35,mr_rsi,d5f988b41140f5059b1320d4127c602808a2fe202f91b623d5840cbb769a9ebd,False,16,0.0,17,520.0,-0.5631107227985608,0.0,133.0,0.6493506493506493,0.7448107448107447,0.0,False,grid_median_target;profitable_cell_share;method_q_value,False,"gate failed: grid_median_target, profitable_cell_share, method_q_value",ok,
TJX,1D,MR,short,d6edbcb7dd9499abe4d5e4f7d7881e9b30702cf866580f70d594af7256e4af35,mr_rsi_sum,8725c88e48ded0ed17b0db51833c156108208643d7bd0da6f9f4beda03f7e8c2,False,32,0.0,18,520.0,-0.5814719935525057,0.0,30.0,0.5504495504495505,0.7448107448107447,0.0,False,grid_median_target;profitable_cell_share;method_q_value,False,"gate failed: grid_median_target, profitable_cell_share, method_q_value",ok,
TJX,1D,MR,short,d6edbcb7dd9499abe4d5e4f7d7881e9b30702cf866580f70d594af7256e4af35,mr_lower_lows,127488ea6b3c85757b8bbf25c113b479da5fd79909416798c884c653167dca16,False,4,0.0,19,422.5,-0.5617764214753812,0.0,110.0,0.6703296703296703,0.7448107448107447,0.0,False,grid_median_target;profitable_cell_share;method_q_value,False,"gate failed: grid_median_target, profitable_cell_share, method_q_value",ok,
TJX,1D,MR,short,d6edbcb7dd9499abe4d5e4f7d7881e9b30702cf866580f70d594af7256e4af35,mr_macd_hist_falling,a6ecfcd15b6c84eda3ddb7d117e83d69c301206f85a7c44f375e4378e196ca10,False,4,0.0,20,240.0,-0.6675961277999605,0.0,104.0,0.8251748251748252,0.8251748251748252,0.0,False,grid_median_target;profitable_cell_share;method_q_value,False,"gate failed: grid_median_target, profitable_cell_share, method_q_value",ok,
TMUS,1D,MR,long,d0ed7e2510522b109eaac8853584cf52e72dabaf16c7147b87cb28abafccdad1,mr_ibs,dd5bc5c07c53d3a904e0d2b5733cc951a1a623f3bccead588dce569af100cdce,False,12,65.50298091200993,1,1855.0,0.028982016149612835,0.5,30.0,0.08591408591408592,0.5727605727605728,0.0,False,profitable_cell_share;method_q_value,False,"gate failed: profitable_cell_share, method_q_value",ok,
TMUS,1D,MR,long,d0ed7e2510522b109eaac8853584cf52e72dabaf16c7147b87cb28abafccdad1,mr_williams_confirm,3a74591e7ffd5a333da066d718026d18d329ef1c3d3b601ae74c12d61a86d1a0,False,48,60.29630189952258,2,1672.5,0.009819132076971734,0.5208333333333334,34.0,0.08291708291708291,0.5727605727605728,0.0,False,profitable_cell_share;method_q_value,False,"gate failed: profitable_cell_share, method_q_value",ok,
TMUS,1D,MR,long,d0ed7e2510522b109eaac8853584cf52e72dabaf16c7147b87cb28abafccdad1,mr_stochastic_k,9efdbe56a02c8c70d325d035a4222f0b3ac93967398a37acf3051bd6186180f9,False,16,58.65435848500543,3,1632.5,-0.023330063882387314,0.375,75.0,0.17482517482517482,0.6233766233766234,0.0,False,grid_median_target;profitable_cell_share;method_q_value,False,"gate failed: grid_median_target, profitable_cell_share, method_q_value",ok,
TMUS,1D,MR,long,d0ed7e2510522b109eaac8853584cf52e72dabaf16c7147b87cb28abafccdad1,mr_candle_score,04998e47d4a6e1471a75fe590ba0d3be20ec442f8a5cd7cf8fb81ce4abb9e9c1,False,32,57.32121628458478,4,1585.0,0.016505109772084033,0.5,35.0,0.07192807192807193,0.5727605727605728,0.0,False,profitable_cell_share;method_q_value,False,"gate failed: profitable_cell_share, method_q_value",ok,
TMUS,1D,MR,long,d0ed7e2510522b109eaac8853584cf52e72dabaf16c7147b87cb28abafccdad1,mr_ma_distance_atr,caaea375c74013f2b3b70a07375d68fe91774a29ee187a0b81ca365e3b75d706,False,16,61.151096501076246,5,1550.0,-0.027586748671337098,0.4375,74.0,0.2217782217782218,0.6233766233766234,0.0,False,grid_median_target;profitable_cell_share;method_q_value,False,"gate failed: grid_median_target, profitable_cell_share, method_q_value",ok,
TMUS,1D,MR,long,d0ed7e2510522b109eaac8853584cf52e72dabaf16c7147b87cb28abafccdad1,mr_connors_rsi,687d948fdd4c09653230bec6db99861cf02e333aad248d1d29f8dc39f79fef1b,False,16,47.28949459586931,6,1540.0,0.07470583616081673,0.75,175.0,0.32967032967032966,0.6233766233766234,0.0,False,method_q_value,False,gate failed: method_q_value,ok,
TMUS,1D,MR,long,d0ed7e2510522b109eaac8853584cf52e72dabaf16c7147b87cb28abafccdad1,mr_ma_distance_pct,2f8b33e5e1dbb6cde3a4a458fd189b3c21ffc0a8561f9d2c02e8c82b8abfb620,False,16,38.711959870173295,7,1255.0,-0.11122765446208557,0.375,191.0,0.3936063936063936,0.6233766233766234,0.0,False,grid_median_target;profitable_cell_share;method_q_value,False,"gate failed: grid_median_target, profitable_cell_share, method_q_value",ok,
TMUS,1D,MR,long,d0ed7e2510522b109eaac8853584cf52e72dabaf16c7147b87cb28abafccdad1,mr_lower_lows,3ee8d782ee6d867e1863d3d369f1a4ba000c1b2a728852fceea08ac16021fb75,False,4,47.460126354577966,8,1182.5,-0.1293266968097439,0.5,38.0,0.26673326673326675,0.6233766233766234,0.0,False,grid_median_target;profitable_cell_share;method_q_value,False,"gate failed: grid_median_target, profitable_cell_share, method_q_value",ok,
TMUS,1D,MR,long,d0ed7e2510522b109eaac8853584cf52e72dabaf16c7147b87cb28abafccdad1,mr_ema_slope_drop,1677a17255b5157cda12f88553b71d230a60d866518373368d626491c9891cfa,False,16,38.62365820642153,9,1175.0,-0.09930307691958506,0.25,164.0,0.3516483516483517,0.6233766233766234,0.0,False,grid_median_target;profitable_cell_share;method_q_value,False,"gate failed: grid_median_target, profitable_cell_share, method_q_value",ok,
TMUS,1D,MR,long,d0ed7e2510522b109eaac8853584cf52e72dabaf16c7147b87cb28abafccdad1,mr_macd_hist_trough,921b26decdf06e5d6f6f3c29493dcebe983874def137e7d67252e1b9b0d8d216,False,4,36.540445107982286,10,1137.5,-0.1603275020906648,0.0,256.0,0.6053946053946054,0.6726606726606728,0.0,False,grid_median_target;profitable_cell_share;method_q_value,False,"gate failed: grid_median_target, profitable_cell_share, method_q_value",ok,
TMUS,1D,MR,long,d0ed7e2510522b109eaac8853584cf52e72dabaf16c7147b87cb28abafccdad1,mr_n_day_low,402cdde728fe8fd2103517cb825366ab305668944d9ee86d86109a0e9d281ac8,False,8,44.561514794903225,11,1032.5,-0.13906791033382626,0.25,197.0,0.17782217782217782,0.6233766233766234,0.0,False,grid_median_target;profitable_cell_share;method_q_value,False,"gate failed: grid_median_target, profitable_cell_share, method_q_value",ok,
TMUS,1D,MR,long,d0ed7e2510522b109eaac8853584cf52e72dabaf16c7147b87cb28abafccdad1,mr_keltner_lower,df68a9d0b3a783d16055969f9efc4cbee3b201998e5ecc77313e7f4c7cc57745,False,16,33.06625321813247,12,960.0,-0.18120649523879737,0.1875,68.0,0.44455544455544455,0.6233766233766234,0.0,False,grid_median_target;profitable_cell_share;method_q_value,False,"gate failed: grid_median_target, profitable_cell_share, method_q_value",ok,
TMUS,1D,MR,long,d0ed7e2510522b109eaac8853584cf52e72dabaf16c7147b87cb28abafccdad1,mr_down_closes,857b7b54a0f906c81ddc67ad71af168fe71a141c2736380ffbd07762da3d4872,False,4,29.152510293622882,13,890.0,-0.15534488097166702,0.0,403.0,0.6043956043956044,0.6726606726606728,0.0,False,grid_median_target;profitable_cell_share;method_q_value,False,"gate failed: grid_median_target, profitable_cell_share, method_q_value",ok,
TMUS,1D,MR,long,d0ed7e2510522b109eaac8853584cf52e72dabaf16c7147b87cb28abafccdad1,mr_daily_drop,270751dcdae6c96e0e490503ef3ae9f01be4a97b3871dd8fc7f31573c1e557bd,False,8,28.83624867073352,14,872.5,-0.18350015459706992,0.125,188.0,0.5494505494505495,0.6726606726606728,0.0,False,grid_median_target;profitable_cell_share;method_q_value,False,"gate failed: grid_median_target, profitable_cell_share, method_q_value",ok,
TMUS,1D,MR,long,d0ed7e2510522b109eaac8853584cf52e72dabaf16c7147b87cb28abafccdad1,mr_rsi,95f02d80981f61f08adcc24754adee73b8b8dcd0a4ec55ac961f1a566902016c,False,16,27.168475700244876,15,670.0,-0.1965320052365525,0.4375,184.0,0.33666333666333664,0.6233766233766234,0.0,False,grid_median_target;profitable_cell_share;method_q_value,False,"gate failed: grid_median_target, profitable_cell_share, method_q_value",ok,
TMUS,1D,MR,long,d0ed7e2510522b109eaac8853584cf52e72dabaf16c7147b87cb28abafccdad1,mr_rsi_sum,f44c3d0b35b11f5d4443d83662fe3dfcb7f8e941a20bb58c9b3eaea507262f1f,False,32,24.092806630507,16,590.0,-0.17416102343431084,0.09375,58.0,0.42357642357642356,0.6233766233766234,0.0,False,grid_median_target;profitable_cell_share;method_q_value,False,"gate failed: grid_median_target, profitable_cell_share, method_q_value",ok,
TMUS,1D,MR,long,d0ed7e2510522b109eaac8853584cf52e72dabaf16c7147b87cb28abafccdad1,mr_ibs_after_new_high,f3a573a056fc664677026468105d26a3ca97e38f0ddf58592e62b123a637ca9e,False,16,21.252135643214995,17,440.0,-0.25765691898847054,0.0,65.0,0.6573426573426573,0.6919396393080604,0.0,False,grid_median_target;profitable_cell_share;method_q_value,False,"gate failed: grid_median_target, profitable_cell_share, method_q_value",ok,
TMUS,1D,MR,long,d0ed7e2510522b109eaac8853584cf52e72dabaf16c7147b87cb28abafccdad1,mr_zscore,0fe7b88b6ef6f1c1d7e3df5c6a6025452320849e5a84934f9592c5ed30743006,False,16,15.032325358437193,18,385.0,-0.2849412813898497,0.25,33.0,0.4675324675324675,0.6233766233766234,0.0,False,grid_median_target;profitable_cell_share;method_q_value,False,"gate failed: grid_median_target, profitable_cell_share, method_q_value",ok,
TMUS,1D,MR,long,d0ed7e2510522b109eaac8853584cf52e72dabaf16c7147b87cb28abafccdad1,mr_macd_hist_falling,8faaaf08904a86a284b699d9b6973a22eac52e8bd162e207566b1c8b564480ea,False,4,10.681005416825833,19,347.5,-0.31228810760108583,0.0,66.0,0.45554445554445555,0.6233766233766234,0.0,False,grid_median_target;profitable_cell_share;method_q_value,False,"gate failed: grid_median_target, profitable_cell_share, method_q_value",ok,
TMUS,1D,MR,long,d0ed7e2510522b109eaac8853584cf52e72dabaf16c7147b87cb28abafccdad1,mr_macd_hist_turn,0ad659ff5c8a84487e549ca489512bb4eb5e908e7d434abbb8046d7a62d563bd,False,4,6.25,20,227.5,-0.31412858178529757,0.0,227.0,0.7432567432567433,0.7432567432567433,0.0,False,grid_median_target;profitable_cell_share;method_q_value,False,"gate failed: grid_median_target, profitable_cell_share, method_q_value",ok,
TXN,1D,MR,long,d762abc2150d75e6f76beac7ca88c4cda238c8fb21d308110b92c2bda452f09d,mr_ibs_after_new_high,7dbb854e08198fc4aeabd7cf752d9aba9f1e8a4aa6d355050ede3ab06b66beb0,False,16,90.625,1,1965.0,0.6614226617474721,1.0,74.0,0.053946053946053944,0.9760239760239762,0.0,False,method_q_value,False,gate failed: method_q_value,ok,
TXN,1D,MR,long,d762abc2150d75e6f76beac7ca88c4cda238c8fb21d308110b92c2bda452f09d,mr_ibs,25f120c3136b56421861630e4dafd662ef0b1c21af3d9b4fc09bd724aaef7c11,False,12,40.98305460851516,2,1782.5,-0.017741640030409334,0.5,171.0,0.21978021978021978,0.9760239760239762,0.0,False,grid_median_target;profitable_cell_share;method_q_value,False,"gate failed: grid_median_target, profitable_cell_share, method_q_value",ok,
TXN,1D,MR,long,d762abc2150d75e6f76beac7ca88c4cda238c8fb21d308110b92c2bda452f09d,mr_candle_score,5d72d0a69c1cf29bbbd32cfaaf654ff3428293512414538aa645911b6a537974,False,32,25.103210745086,3,1742.5,-0.15722384448912724,0.34375,43.0,0.4775224775224775,0.9760239760239762,0.0,False,grid_median_target;profitable_cell_share;method_q_value,False,"gate failed: grid_median_target, profitable_cell_share, method_q_value",ok,
TXN,1D,MR,long,d762abc2150d75e6f76beac7ca88c4cda238c8fb21d308110b92c2bda452f09d,mr_macd_hist_turn,b8818b129ffb2dfb5b8b0f1b4d8c6483f72a1aba55e4431811a8d6b87871b6de,False,4,36.187645487639074,4,1700.0,-0.11337209502048276,0.25,224.0,0.5554445554445554,0.9760239760239762,0.0,False,grid_median_target;profitable_cell_share;method_q_value,False,"gate failed: grid_median_target, profitable_cell_share, method_q_value",ok,
TXN,1D,MR,long,d762abc2150d75e6f76beac7ca88c4cda238c8fb21d308110b92c2bda452f09d,mr_macd_hist_trough,cde5e7eb92557ab9dd8390a01a76d6224d621f7780cfae18c708eb4b5424cf23,False,4,18.487677915195256,5,1455.0,-0.3351024757039591,0.0,338.0,0.8791208791208791,0.9760239760239762,0.0,False,grid_median_target;profitable_cell_share;method_q_value,False,"gate failed: grid_median_target, profitable_cell_share, method_q_value",ok,
TXN,1D,MR,long,d762abc2150d75e6f76beac7ca88c4cda238c8fb21d308110b92c2bda452f09d,mr_daily_drop,51b962839d813dd8bc8d5503d67094de32d7018277f3ee5850d56698218959bf,False,8,16.25,6,1415.0,-0.3406912685119483,0.0,168.0,0.7422577422577422,0.9760239760239762,0.0,False,grid_median_target;profitable_cell_share;method_q_value,False,"gate failed: grid_median_target, profitable_cell_share, method_q_value",ok,
TXN,1D,MR,long,d762abc2150d75e6f76beac7ca88c4cda238c8fb21d308110b92c2bda452f09d,mr_down_closes,a503d3ef2878a1febed3c2381d03bf9ff59335da05a66d789be0d4704bd598f7,False,4,16.25,7,1415.0,-0.3524237355570423,0.0,420.0,0.8621378621378621,0.9760239760239762,0.0,False,grid_median_target;profitable_cell_share;method_q_value,False,"gate failed: grid_median_target, profitable_cell_share, method_q_value",ok,
TXN,1D,MR,long,d762abc2150d75e6f76beac7ca88c4cda238c8fb21d308110b92c2bda452f09d,mr_macd_hist_falling,f92b69799a6180129eeabaf66fe3f8b412b02c93fea0832244a94c59091cf0fb,False,4,13.289684500546631,8,1355.0,-0.22317221769040618,0.0,98.0,0.6543456543456544,0.9760239760239762,0.0,False,grid_median_target;profitable_cell_share;method_q_value,False,"gate failed: grid_median_target, profitable_cell_share, method_q_value",ok,
TXN,1D,MR,long,d762abc2150d75e6f76beac7ca88c4cda238c8fb21d308110b92c2bda452f09d,mr_lower_lows,753230adc7a150044693b7b73e1f3bdb6ee4e02cd9d2643f8da67df19ea46ea2,False,4,13.75,9,1255.0,-0.4541431405458092,0.0,461.0,0.8991008991008991,0.9760239760239762,0.0,False,grid_median_target;profitable_cell_share;method_q_value,False,"gate failed: grid_median_target, profitable_cell_share, method_q_value",ok,
TXN,1D,MR,long,d762abc2150d75e6f76beac7ca88c4cda238c8fb21d308110b92c2bda452f09d,mr_connors_rsi,ce75f2100211e2ebd6e78cf47147f3357c8bb018c15015672da049cdf4c1a0ce,False,16,7.8125,10,1212.5,-0.43953706266453574,0.0,227.0,0.6623376623376623,0.9760239760239762,0.0,False,grid_median_target;profitable_cell_share;method_q_value,False,"gate failed: grid_median_target, profitable_cell_share, method_q_value",ok,
TXN,1D,MR,long,d762abc2150d75e6f76beac7ca88c4cda238c8fb21d308110b92c2bda452f09d,mr_williams_confirm,2b0592e37cb243f5696fcdd19cfce6849100f532af09295c90b1a3e2fb5c1b80,False,48,3.6458333333333335,11,842.5,-0.5152172836217768,0.0625,34.0,0.6273726273726273,0.9760239760239762,0.0,False,grid_median_target;profitable_cell_share;method_q_value,False,"gate failed: grid_median_target, profitable_cell_share, method_q_value",ok,
TXN,1D,MR,long,d762abc2150d75e6f76beac7ca88c4cda238c8fb21d308110b92c2bda452f09d,mr_zscore,5a454b9b890093e771d19c198c6053c66fe815035f55dc8bb136584b88b05b82,False,16,2.499999999999998,12,807.5,-0.4675225038402496,0.0,30.0,0.7432567432567433,0.9760239760239762,0.0,False,grid_median_target;profitable_cell_share;method_q_value,False,"gate failed: grid_median_target, profitable_cell_share, method_q_value",ok,
TXN,1D,MR,long,d762abc2150d75e6f76beac7ca88c4cda238c8fb21d308110b92c2bda452f09d,mr_n_day_low,82d9c2a95d14a10f09dbff669f3eaf1e211deff21008b03597e23e185dead782,False,8,0.0,13,805.0,-0.39748598945731306,0.0,148.0,0.8001998001998002,0.9760239760239762,0.0,False,grid_median_target;profitable_cell_share;method_q_value,False,"gate failed: grid_median_target, profitable_cell_share, method_q_value",ok,
TXN,1D,MR,long,d762abc2150d75e6f76beac7ca88c4cda238c8fb21d308110b92c2bda452f09d,mr_ema_slope_drop,14a1a4bde2d4163b2e74471b70573aa2391b0c37f0a74a7b0b3dcc0be8b89e26,False,16,1.5625,14,617.5,-0.5350593215964655,0.0,180.0,0.9460539460539461,0.9760239760239762,0.0,False,grid_median_target;profitable_cell_share;method_q_value,False,"gate failed: grid_median_target, profitable_cell_share, method_q_value",ok,
TXN,1D,MR,long,d762abc2150d75e6f76beac7ca88c4cda238c8fb21d308110b92c2bda452f09d,mr_keltner_lower,f5f77add087a907072786461ee1de4330b3012b2c886951b00792f683c3db977,False,16,1.071428571428571,15,612.5,-0.5414169695362825,0.0,110.0,0.9560439560439561,0.9760239760239762,0.0,False,grid_median_target;profitable_cell_share;method_q_value,False,"gate failed: grid_median_target, profitable_cell_share, method_q_value",ok,
TXN,1D,MR,long,d762abc2150d75e6f76beac7ca88c4cda238c8fb21d308110b92c2bda452f09d,mr_ma_distance_pct,d9e958f3dd0566668b00c612cb89b607a5843a6e54123490595f275179c76ab6,False,16,0.0,16,605.0,-0.5433931066273854,0.0,165.0,0.9760239760239761,0.9760239760239762,0.0,False,grid_median_target;profitable_cell_share;method_q_value,False,"gate failed: grid_median_target, profitable_cell_share, method_q_value",ok,
TXN,1D,MR,long,d762abc2150d75e6f76beac7ca88c4cda238c8fb21d308110b92c2bda452f09d,mr_ma_distance_atr,55c044a56b0d85e11b618f757c6a4a3567c758276baee43e657928a83a26519f,False,16,0.0,17,482.5,-0.5657850844024783,0.0,39.0,0.974025974025974,0.9760239760239762,0.0,False,grid_median_target;profitable_cell_share;method_q_value,False,"gate failed: grid_median_target, profitable_cell_share, method_q_value",ok,
TXN,1D,MR,long,d762abc2150d75e6f76beac7ca88c4cda238c8fb21d308110b92c2bda452f09d,mr_rsi_sum,91e1eac115a1f34d7beceeeda69fef1f4b6ce5be8e34cf5b771ec5a50be4a49d,False,32,0.0,18,385.0,-0.5741331820631119,0.0,66.0,0.9200799200799201,0.9760239760239762,0.0,False,grid_median_target;profitable_cell_share;method_q_value,False,"gate failed: grid_median_target, profitable_cell_share, method_q_value",ok,
TXN,1D,MR,long,d762abc2150d75e6f76beac7ca88c4cda238c8fb21d308110b92c2bda452f09d,mr_rsi,e908504c803f5df5d952d4deb7e6277b58613dcfd036300aa34c61b06bddaf7c,False,16,0.0,19,322.5,-0.5229036312289268,0.0,35.0,0.8431568431568431,0.9760239760239762,0.0,False,grid_median_target;profitable_cell_share;method_q_value,False,"gate failed: grid_median_target, profitable_cell_share, method_q_value",ok,
TXN,1D,MR,long,d762abc2150d75e6f76beac7ca88c4cda238c8fb21d308110b92c2bda452f09d,mr_stochastic_k,c0a0747321952762acb66b4346f17eabc7b8d4bbcc647a1b9711315b984ed873,False,16,0.0,20,222.5,-0.5645773820032396,0.0,63.0,0.9760239760239761,0.9760239760239762,0.0,False,grid_median_target;profitable_cell_share;method_q_value,False,"gate failed: grid_median_target, profitable_cell_share, method_q_value",ok,
TXN,1D,MR,short,2e95bc18bd7a4ba150de2bb093c58ae211ea43b0a519cdaf4cae556c65335ff8,mr_ibs_after_new_high,c8d11cd4cf309ff9a7f8a69af6802ca4a31e62795bc5083864aba89a3555c5d0,False,16,39.99297590324718,1,1965.0,-0.16552537449943894,0.25,54.0,0.05194805194805195,0.5194805194805195,0.0,False,grid_median_target;profitable_cell_share;method_q_value,False,"gate failed: grid_median_target, profitable_cell_share, method_q_value",ok,
TXN,1D,MR,short,2e95bc18bd7a4ba150de2bb093c58ae211ea43b0a519cdaf4cae556c65335ff8,mr_macd_hist_falling,a4dd61724efd54a9a4c88fc9a79b1debb5ce98e43e48f7422d33c90139bb2eea,False,4,38.92857142857143,2,1935.0,-0.3355035560116455,0.25,80.0,0.013986013986013986,0.27972027972027974,0.0,False,grid_median_target;profitable_cell_share;method_q_value,False,"gate failed: grid_median_target, profitable_cell_share, method_q_value",ok,
TXN,1D,MR,short,2e95bc18bd7a4ba150de2bb093c58ae211ea43b0a519cdaf4cae556c65335ff8,mr_rsi_sum,b08312b2bbf9776aef3d3bdd932140d8c7687ab78cbc2842db869c7aa5642fb1,False,32,26.25,3,1627.5,-0.4286676647822013,0.09375,37.0,0.13386613386613386,0.636030636030636,0.0,False,grid_median_target;profitable_cell_share;method_q_value,False,"gate failed: grid_median_target, profitable_cell_share, method_q_value",ok,
TXN,1D,MR,short,2e95bc18bd7a4ba150de2bb093c58ae211ea43b0a519cdaf4cae556c65335ff8,mr_candle_score,a92c176d62dd343e3076eb6afe9c0fd45e2dcd002b9d22eeceac13a52371d0f4,False,32,17.491812729531922,4,1490.0,-0.4468639177662205,0.0625,37.0,0.3906093906093906,0.7101988920170738,0.0,False,grid_median_target;profitable_cell_share;method_q_value,False,"gate failed: grid_median_target, profitable_cell_share, method_q_value",ok,
TXN,1D,MR,short,2e95bc18bd7a4ba150de2bb093c58ae211ea43b0a519cdaf4cae556c65335ff8,mr_williams_confirm,1d5744d0253d83c64d0394fcf31f4aef6a607e04b4de07a3affd906e9df7e4f9,False,48,22.083333333333332,5,1420.0,-0.46688497839647647,0.020833333333333332,31.0,0.19080919080919082,0.636030636030636,0.0,False,grid_median_target;profitable_cell_share;method_q_value,False,"gate failed: grid_median_target, profitable_cell_share, method_q_value",ok,
TXN,1D,MR,short,2e95bc18bd7a4ba150de2bb093c58ae211ea43b0a519cdaf4cae556c65335ff8,mr_stochastic_k,a239dd974905926210a84917b36074061a1e6693e8bd574a3d5a4771d547a7b0,False,16,6.047717239820452,6,1377.5,-0.41418103636388215,0.0,50.0,0.46053946053946054,0.726416440702155,0.0,False,grid_median_target;profitable_cell_share;method_q_value,False,"gate failed: grid_median_target, profitable_cell_share, method_q_value",ok,
TXN,1D,MR,short,2e95bc18bd7a4ba150de2bb093c58ae211ea43b0a519cdaf4cae556c65335ff8,mr_ibs,b492b12e82c627acda1e8badbce6988f6549534c3f094069881ed9bbc4809c5e,False,12,6.394108056686894,7,1255.0,-0.39713887145014404,0.0,168.0,0.34765234765234765,0.7101988920170738,0.0,False,grid_median_target;profitable_cell_share;method_q_value,False,"gate failed: grid_median_target, profitable_cell_share, method_q_value",ok,
TXN,1D,MR,short,2e95bc18bd7a4ba150de2bb093c58ae211ea43b0a519cdaf4cae556c65335ff8,mr_connors_rsi,e06ef942bd85c2b06334a88d443aecba6a68439c042f993730216f8200f80d08,False,16,23.125,8,1225.0,-0.5682567932904568,0.0625,60.0,0.17782217782217782,0.636030636030636,0.0,False,grid_median_target;profitable_cell_share;method_q_value,False,"gate failed: grid_median_target, profitable_cell_share, method_q_value",ok,
TXN,1D,MR,short,2e95bc18bd7a4ba150de2bb093c58ae211ea43b0a519cdaf4cae556c65335ff8,mr_keltner_lower,8859b628724d60df03ed5ebc0f042b8d3d8f3ea3a2b310ef5c2231664b0a05ac,False,16,10.831788170857845,9,1217.5,-0.6033250956298746,0.0,53.0,0.3066933066933067,0.7101988920170738,0.0,False,grid_median_target;profitable_cell_share;method_q_value,False,"gate failed: grid_median_target, profitable_cell_share, method_q_value",ok,
TXN,1D,MR,short,2e95bc18bd7a4ba150de2bb093c58ae211ea43b0a519cdaf4cae556c65335ff8,mr_rsi,b7deef663b31760f68c78bb51a8d0ce8e864efbbed99d67308309d8492677e20,False,16,26.25,10,1157.5,-0.6183497345742401,0.0625,30.0,0.16183816183816183,0.636030636030636,0.0,False,grid_median_target;profitable_cell_share;method_q_value,False,"gate failed: grid_median_target, profitable_cell_share, method_q_value",ok,
TXN,1D,MR,short,2e95bc18bd7a4ba150de2bb093c58ae211ea43b0a519cdaf4cae556c65335ff8,mr_down_closes,da1d060f947c9eafbc699a498dcd4096fc02745cc6bc9e1c37a6a1ac982fa2c2,False,4,0.0,11,995.0,-0.5142789176867923,0.0,142.0,0.5084915084915085,0.726416440702155,0.0,False,grid_median_target;profitable_cell_share;method_q_value,False,"gate failed: grid_median_target, profitable_cell_share, method_q_value",ok,
TXN,1D,MR,short,2e95bc18bd7a4ba150de2bb093c58ae211ea43b0a519cdaf4cae556c65335ff8,mr_ema_slope_drop,9775d654511b1b49f604a1b202d437a23a9d291f70744352cff3c07fd7aa37f2,False,16,11.005695175796118,12,917.5,-0.6599544432816042,0.0625,46.0,0.38961038961038963,0.7101988920170738,0.0,False,grid_median_target;profitable_cell_share;method_q_value,False,"gate failed: grid_median_target, profitable_cell_share, method_q_value",ok,
TXN,1D,MR,short,2e95bc18bd7a4ba150de2bb093c58ae211ea43b0a519cdaf4cae556c65335ff8,mr_n_day_low,090317361ff50b320b6cf5064ee2c9d5fb1dc095c533d7ca648a8de8845fef0f,False,8,0.0,13,765.0,-0.6105171967345417,0.0,75.0,0.5654345654345654,0.7539127539127539,0.0,False,grid_median_target;profitable_cell_share;method_q_value,False,"gate failed: grid_median_target, profitable_cell_share, method_q_value",ok,
TXN,1D,MR,short,2e95bc18bd7a4ba150de2bb093c58ae211ea43b0a519cdaf4cae556c65335ff8,mr_macd_hist_turn,4496b921690effc4d619fc268f5315f337a60d316ab648eafb9dab3203052ab5,False,4,9.099041697815776,14,755.0,-0.6254668427257564,0.0,100.0,0.35864135864135865,0.7101988920170738,0.0,False,grid_median_target;profitable_cell_share;method_q_value,False,"gate failed: grid_median_target, profitable_cell_share, method_q_value",ok,
TXN,1D,MR,short,2e95bc18bd7a4ba150de2bb093c58ae211ea43b0a519cdaf4cae556c65335ff8,mr_ma_distance_atr,546e23fb69ea6d13c262d36780e8a352190115b6f39ad0350ef39861322601a4,False,16,1.5625,15,717.5,-0.6541093641416931,0.0,52.0,0.7422577422577422,0.8571428571428571,0.0,False,grid_median_target;profitable_cell_share;method_q_value,False,"gate failed: grid_median_target, profitable_cell_share, method_q_value",ok,
TXN,1D,MR,short,2e95bc18bd7a4ba150de2bb093c58ae211ea43b0a519cdaf4cae556c65335ff8,mr_macd_hist_trough,3667e780e51380731cb2e0aa554b24aa55187508306c685745c35ee4019cddb6,False,4,0.5574686280979069,16,667.5,-0.6735715505037405,0.0,187.0,0.4975024975024975,0.726416440702155,0.0,False,grid_median_target;profitable_cell_share;method_q_value,False,"gate failed: grid_median_target, profitable_cell_share, method_q_value",ok,
TXN,1D,MR,short,2e95bc18bd7a4ba150de2bb093c58ae211ea43b0a519cdaf4cae556c65335ff8,mr_daily_drop,dac3d70badb5607aa4647ebf3817f5863ebb63e1a82fc89f870d35e3b7afbdc7,False,8,0.0,17,600.0,-0.5955712464588105,0.0,122.0,0.7292707292707292,0.8571428571428571,0.0,False,grid_median_target;profitable_cell_share;method_q_value,False,"gate failed: grid_median_target, profitable_cell_share, method_q_value",ok,
TXN,1D,MR,short,2e95bc18bd7a4ba150de2bb093c58ae211ea43b0a519cdaf4cae556c65335ff8,mr_lower_lows,01614c031fc2a959341465721e339611eee56394632c269a3d0cdb8e95ea377e,False,4,0.0,18,335.0,-0.6696289254015182,0.0,246.0,0.8271728271728271,0.8571428571428571,0.0,False,grid_median_target;profitable_cell_share;method_q_value,False,"gate failed: grid_median_target, profitable_cell_share, method_q_value",ok,
TXN,1D,MR,short,2e95bc18bd7a4ba150de2bb093c58ae211ea43b0a519cdaf4cae556c65335ff8,mr_zscore,1c2698bffb7e93043d47cd91b609350df9f381f79c5738b0e15fb19e604640c2,False,16,0.0,19,290.0,-0.6680948755534342,0.0,82.0,0.8171828171828172,0.8571428571428571,0.0,False,grid_median_target;profitable_cell_share;method_q_value,False,"gate failed: grid_median_target, profitable_cell_share, method_q_value",ok,
TXN,1D,MR,short,2e95bc18bd7a4ba150de2bb093c58ae211ea43b0a519cdaf4cae556c65335ff8,mr_ma_distance_pct,0e2d5e0c0e3e71b6f74ae73ea9bc66f1f22349fbf6aabebd1862546d675e2190,False,16,0.0,20,287.5,-0.7026251111045222,0.0,38.0,0.8571428571428571,0.8571428571428571,0.0,False,grid_median_target;profitable_cell_share;method_q_value,False,"gate failed: grid_median_target, profitable_cell_share, method_q_value",ok,
