control,timeframe,symbol,direction,method,grid_cells,numeric_params,small_grid,candidate_id,treatment,half_min,min_trades_half,cells,failed_h1,failed_h2,failed_whole,inf_h1,inf_h2,spp_median,spp_p5,spp_p95,spp_median_valid_only,selected,stability,plateau_area,h1_raw,h1_smoothed,h2_raw,h2_smoothed,h2_stability,in_both,shift_steps_zero_vs_cost,passed,failed
none,1D,AAPL,long,mr_ibs_after_new_high,676,2,false,c5cfb8f8cb244b90a87d2b4687a78c8e646d3c66fb4ad1ffea4ff23d52cf3059,skip,full,30,676,247,229,16,0,0,2.5404407994476164,1.2426786787315711,3.4242866651578185,2.543156521935024,"{""n"":14,""t"":32.0}",0.9728272202196223,0.04585798816568047,2.270276628780634,2.215441316003395,4.970555623632445,5.0265902185202656,1.0126824693298029,true,0,false,plateau_area
none,1D,AAPL,long,mr_ibs_after_new_high,676,2,false,c5cfb8f8cb244b90a87d2b4687a78c8e646d3c66fb4ad1ffea4ff23d52cf3059,skip,half,15,676,48,3,16,0,0,2.5404407994476164,1.2426786787315711,3.4242866651578185,2.543156521935024,"{""n"":17,""t"":13.0}",1.0468679806409733,0.09911242603550297,2.585529391054279,2.6865115089264453,4.604944887185708,4.685179502885534,1.0196015250722075,true,0,false,plateau_area
none,1D,AAPL,long,mr_ibs_after_new_high,676,2,false,c5cfb8f8cb244b90a87d2b4687a78c8e646d3c66fb4ad1ffea4ff23d52cf3059,worst,full,30,676,247,229,16,0,0,2.5404407994476164,1.2426786787315711,3.4242866651578185,2.543156521935024,"{""n"":14,""t"":32.0}",0.9728272202196223,0.04585798816568047,2.270276628780634,2.215441316003395,4.970555623632445,5.0265902185202656,1.0126824693298029,true,0,false,plateau_area
none,1D,AAPL,long,mr_ibs_after_new_high,676,2,false,c5cfb8f8cb244b90a87d2b4687a78c8e646d3c66fb4ad1ffea4ff23d52cf3059,worst,half,15,676,48,3,16,0,0,2.5404407994476164,1.2426786787315711,3.4242866651578185,2.543156521935024,"{""n"":19,""t"":14.0}",0.9058022844109939,0.06804733727810651,2.7874936267986117,2.5540931540311957,5.139905866221188,4.583841632269557,0.8782911050362291,true,0,false,plateau_area
none,1D,AAPL,long,mr_ibs_after_new_high,676,2,false,c5cfb8f8cb244b90a87d2b4687a78c8e646d3c66fb4ad1ffea4ff23d52cf3059,zero,full,30,676,247,229,16,0,0,2.5404407994476164,1.2426786787315711,3.4242866651578185,2.543156521935024,"{""n"":14,""t"":32.0}",0.9728272202196223,0.04585798816568047,2.270276628780634,2.215441316003395,4.970555623632445,5.0265902185202656,1.0126824693298029,true,0,false,plateau_area
none,1D,AAPL,long,mr_ibs_after_new_high,676,2,false,c5cfb8f8cb244b90a87d2b4687a78c8e646d3c66fb4ad1ffea4ff23d52cf3059,zero,half,15,676,48,3,16,0,0,2.5404407994476164,1.2426786787315711,3.4242866651578185,2.543156521935024,"{""n"":19,""t"":14.0}",0.9058022844109939,0.06804733727810651,2.7874936267986117,2.5540931540311957,5.139905866221188,4.583841632269557,0.8782911050362291,true,0,false,plateau_area
none,1D,AAPL,long,mr_ibs_after_new_high,676,2,false,c5cfb8f8cb244b90a87d2b4687a78c8e646d3c66fb4ad1ffea4ff23d52cf3059,worst0,full,30,676,247,229,16,0,0,2.5404407994476164,1.2426786787315711,3.4242866651578185,2.543156521935024,"{""n"":14,""t"":32.0}",0.9728272202196223,0.04585798816568047,2.270276628780634,2.215441316003395,4.970555623632445,5.0265902185202656,1.0126824693298029,true,0,false,plateau_area
none,1D,AAPL,long,mr_ibs_after_new_high,676,2,false,c5cfb8f8cb244b90a87d2b4687a78c8e646d3c66fb4ad1ffea4ff23d52cf3059,worst0,half,15,676,48,3,16,0,0,2.5404407994476164,1.2426786787315711,3.4242866651578185,2.543156521935024,"{""n"":19,""t"":14.0}",0.9058022844109939,0.06804733727810651,2.7874936267986117,2.5540931540311957,5.139905866221188,4.583841632269557,0.8782911050362291,true,0,false,plateau_area
none,1D,AAPL,long,mr_ibs_after_new_high,676,2,false,c5cfb8f8cb244b90a87d2b4687a78c8e646d3c66fb4ad1ffea4ff23d52cf3059,neginf,full,30,676,247,229,16,0,0,2.5404407994476164,1.2426786787315711,3.4242866651578185,2.543156521935024,"{""n"":14,""t"":32.0}",0.9728272202196223,0.04585798816568047,2.270276628780634,2.215441316003395,4.970555623632445,5.0265902185202656,1.0126824693298029,true,0,false,plateau_area
none,1D,AAPL,long,mr_ibs_after_new_high,676,2,false,c5cfb8f8cb244b90a87d2b4687a78c8e646d3c66fb4ad1ffea4ff23d52cf3059,neginf,half,15,676,48,3,16,0,0,2.5404407994476164,1.2426786787315711,3.4242866651578185,2.543156521935024,"{""n"":19,""t"":14.0}",0.9058022844109939,0.06656804733727811,2.7874936267986117,2.5540931540311957,5.139905866221188,4.583841632269557,0.8782911050362291,true,0,false,plateau_area
random_walk,1D,AAPL,long,mr_ibs_after_new_high,676,2,false,c5cfb8f8cb244b90a87d2b4687a78c8e646d3c66fb4ad1ffea4ff23d52cf3059,skip,full,30,676,66,154,0,0,0,0.07802659993588448,-0.08856004422166537,0.2975799992412954,0.07769561448930547,"{""n"":8,""t"":10.0}",1.6068429072664985,0.028106508875739646,0.9098078789453768,1.35149624559592,-0.1311586937062686,-0.10373281398186063,NaN,false,0,false,plateau_area;selected_in_both_halves
random_walk,1D,AAPL,long,mr_ibs_after_new_high,676,2,false,c5cfb8f8cb244b90a87d2b4687a78c8e646d3c66fb4ad1ffea4ff23d52cf3059,skip,half,15,676,0,0,0,0,0,0.07802659993588448,-0.08856004422166537,0.2975799992412954,0.07769561448930547,"{""n"":27,""t"":10.0}",1.2286981865154138,0.019230769230769232,1.6832535092950438,2.0040510301462793,-0.2792154027597124,-0.34675496909487286,NaN,false,0,false,plateau_area;selected_in_both_halves
random_walk,1D,AAPL,long,mr_ibs_after_new_high,676,2,false,c5cfb8f8cb244b90a87d2b4687a78c8e646d3c66fb4ad1ffea4ff23d52cf3059,worst,full,30,676,66,154,0,0,0,0.07802659993588448,-0.08856004422166537,0.2975799992412954,0.07769561448930547,"{""n"":8,""t"":12.0}",1.1312625351342707,0.023668639053254437,1.1875626385243665,1.3261248452474348,-0.24281353805592767,-0.18013236932639543,NaN,false,0,false,plateau_area;selected_in_both_halves
random_walk,1D,AAPL,long,mr_ibs_after_new_high,676,2,false,c5cfb8f8cb244b90a87d2b4687a78c8e646d3c66fb4ad1ffea4ff23d52cf3059,worst,half,15,676,0,0,0,0,0,0.07802659993588448,-0.08856004422166537,0.2975799992412954,0.07769561448930547,"{""n"":27,""t"":10.0}",1.2286981865154138,0.019230769230769232,1.6832535092950438,2.0040510301462793,-0.2792154027597124,-0.34675496909487286,NaN,false,0,false,plateau_area;selected_in_both_halves
random_walk,1D,AAPL,long,mr_ibs_after_new_high,676,2,false,c5cfb8f8cb244b90a87d2b4687a78c8e646d3c66fb4ad1ffea4ff23d52cf3059,zero,full,30,676,66,154,0,0,0,0.07802659993588448,-0.08856004422166537,0.2975799992412954,0.07769561448930547,"{""n"":8,""t"":12.0}",1.1312625351342707,0.019230769230769232,1.1875626385243665,1.3261248452474348,-0.24281353805592767,-0.18013236932639543,NaN,false,0,false,plateau_area;selected_in_both_halves
random_walk,1D,AAPL,long,mr_ibs_after_new_high,676,2,false,c5cfb8f8cb244b90a87d2b4687a78c8e646d3c66fb4ad1ffea4ff23d52cf3059,zero,half,15,676,0,0,0,0,0,0.07802659993588448,-0.08856004422166537,0.2975799992412954,0.07769561448930547,"{""n"":27,""t"":10.0}",1.2286981865154138,0.019230769230769232,1.6832535092950438,2.0040510301462793,-0.2792154027597124,-0.34675496909487286,NaN,false,0,false,plateau_area;selected_in_both_halves
random_walk,1D,AAPL,long,mr_ibs_after_new_high,676,2,false,c5cfb8f8cb244b90a87d2b4687a78c8e646d3c66fb4ad1ffea4ff23d52cf3059,worst0,full,30,676,66,154,0,0,0,0.07802659993588448,-0.08856004422166537,0.2975799992412954,0.07769561448930547,"{""n"":8,""t"":12.0}",1.1312625351342707,0.019230769230769232,1.1875626385243665,1.3261248452474348,-0.24281353805592767,-0.18013236932639543,NaN,false,0,false,plateau_area;selected_in_both_halves
random_walk,1D,AAPL,long,mr_ibs_after_new_high,676,2,false,c5cfb8f8cb244b90a87d2b4687a78c8e646d3c66fb4ad1ffea4ff23d52cf3059,worst0,half,15,676,0,0,0,0,0,0.07802659993588448,-0.08856004422166537,0.2975799992412954,0.07769561448930547,"{""n"":27,""t"":10.0}",1.2286981865154138,0.019230769230769232,1.6832535092950438,2.0040510301462793,-0.2792154027597124,-0.34675496909487286,NaN,false,0,false,plateau_area;selected_in_both_halves
random_walk,1D,AAPL,long,mr_ibs_after_new_high,676,2,false,c5cfb8f8cb244b90a87d2b4687a78c8e646d3c66fb4ad1ffea4ff23d52cf3059,neginf,full,30,676,66,154,0,0,0,0.07802659993588448,-0.08856004422166537,0.2975799992412954,0.07769561448930547,"{""n"":8,""t"":12.0}",1.1312625351342707,0.016272189349112426,1.1875626385243665,1.3261248452474348,-0.24281353805592767,-0.18013236932639543,NaN,false,0,false,plateau_area;selected_in_both_halves
random_walk,1D,AAPL,long,mr_ibs_after_new_high,676,2,false,c5cfb8f8cb244b90a87d2b4687a78c8e646d3c66fb4ad1ffea4ff23d52cf3059,neginf,half,15,676,0,0,0,0,0,0.07802659993588448,-0.08856004422166537,0.2975799992412954,0.07769561448930547,"{""n"":27,""t"":10.0}",1.2286981865154138,0.019230769230769232,1.6832535092950438,2.0040510301462793,-0.2792154027597124,-0.34675496909487286,NaN,false,0,false,plateau_area;selected_in_both_halves
none,1D,AAPL,long,mr_down_closes,3,1,true,981bf4a0c00f3a8e2d1d7355f731542a9e3c24bcfa5dd655ce472b4529ac2390,skip,full,30,3,1,1,0,0,0,1.2395355520521487,0.37783454357128937,1.5031476958993941,1.2395355520521487,"{""k"":2}",1.899488330113319,1.0,0.9182453542581417,1.331220844426126,1.5556664844839843,1.4517748731268891,0.8664345958554786,true,0,true,""
none,1D,AAPL,long,mr_down_closes,3,1,true,981bf4a0c00f3a8e2d1d7355f731542a9e3c24bcfa5dd655ce472b4529ac2390,skip,half,15,3,0,0,0,0,0,1.2395355520521487,0.37783454357128937,1.5031476958993941,1.2395355520521487,"{""k"":4}",1.3924190699322423,1.0,1.2526374941697591,1.4984169143819348,-0.02497455592223495,0.6614543529237795,NaN,false,0,false,selected_in_both_halves
none,1D,AAPL,long,mr_down_closes,3,1,true,981bf4a0c00f3a8e2d1d7355f731542a9e3c24bcfa5dd655ce472b4529ac2390,worst,full,30,3,1,1,0,0,0,1.2395355520521487,0.37783454357128937,1.5031476958993941,1.2395355520521487,"{""k"":2}",1.899488330113319,1.0,0.9182453542581417,1.331220844426126,1.5556664844839843,1.4517748731268891,0.8664345958554786,true,0,true,""
none,1D,AAPL,long,mr_down_closes,3,1,true,981bf4a0c00f3a8e2d1d7355f731542a9e3c24bcfa5dd655ce472b4529ac2390,worst,half,15,3,0,0,0,0,0,1.2395355520521487,0.37783454357128937,1.5031476958993941,1.2395355520521487,"{""k"":4}",1.3924190699322423,1.0,1.2526374941697591,1.4984169143819348,-0.02497455592223495,0.6614543529237795,NaN,false,0,false,selected_in_both_halves
none,1D,AAPL,long,mr_down_closes,3,1,true,981bf4a0c00f3a8e2d1d7355f731542a9e3c24bcfa5dd655ce472b4529ac2390,zero,full,30,3,1,1,0,0,0,1.2395355520521487,0.37783454357128937,1.5031476958993941,1.2395355520521487,"{""k"":2}",1.899488330113319,0.3333333333333333,0.9182453542581417,1.331220844426126,1.5556664844839843,1.4517748731268891,0.8664345958554786,true,0,true,""
none,1D,AAPL,long,mr_down_closes,3,1,true,981bf4a0c00f3a8e2d1d7355f731542a9e3c24bcfa5dd655ce472b4529ac2390,zero,half,15,3,0,0,0,0,0,1.2395355520521487,0.37783454357128937,1.5031476958993941,1.2395355520521487,"{""k"":4}",1.3924190699322423,1.0,1.2526374941697591,1.4984169143819348,-0.02497455592223495,0.6614543529237795,NaN,false,0,false,selected_in_both_halves
none,1D,AAPL,long,mr_down_closes,3,1,true,981bf4a0c00f3a8e2d1d7355f731542a9e3c24bcfa5dd655ce472b4529ac2390,worst0,full,30,3,1,1,0,0,0,1.2395355520521487,0.37783454357128937,1.5031476958993941,1.2395355520521487,"{""k"":2}",1.899488330113319,0.3333333333333333,0.9182453542581417,1.331220844426126,1.5556664844839843,1.4517748731268891,0.8664345958554786,true,0,true,""
none,1D,AAPL,long,mr_down_closes,3,1,true,981bf4a0c00f3a8e2d1d7355f731542a9e3c24bcfa5dd655ce472b4529ac2390,worst0,half,15,3,0,0,0,0,0,1.2395355520521487,0.37783454357128937,1.5031476958993941,1.2395355520521487,"{""k"":4}",1.3924190699322423,1.0,1.2526374941697591,1.4984169143819348,-0.02497455592223495,0.6614543529237795,NaN,false,0,false,selected_in_both_halves
none,1D,AAPL,long,mr_down_closes,3,1,true,981bf4a0c00f3a8e2d1d7355f731542a9e3c24bcfa5dd655ce472b4529ac2390,neginf,full,30,3,1,1,0,0,0,1.2395355520521487,0.37783454357128937,1.5031476958993941,1.2395355520521487,"{""k"":2}",1.899488330113319,0.3333333333333333,0.9182453542581417,1.331220844426126,1.5556664844839843,1.4517748731268891,0.8664345958554786,true,0,true,""
none,1D,AAPL,long,mr_down_closes,3,1,true,981bf4a0c00f3a8e2d1d7355f731542a9e3c24bcfa5dd655ce472b4529ac2390,neginf,half,15,3,0,0,0,0,0,1.2395355520521487,0.37783454357128937,1.5031476958993941,1.2395355520521487,"{""k"":4}",1.3924190699322423,1.0,1.2526374941697591,1.4984169143819348,-0.02497455592223495,0.6614543529237795,NaN,false,0,false,selected_in_both_halves
random_walk,1D,AAPL,long,mr_down_closes,3,1,true,981bf4a0c00f3a8e2d1d7355f731542a9e3c24bcfa5dd655ce472b4529ac2390,skip,full,30,3,1,1,0,0,0,0.2063685672095218,-0.3558147679868009,0.30402876040068133,0.2063685672095218,"{""k"":2}",-0.6768953739055481,0.6666666666666666,0.3225398450908588,0.052107058024322195,0.32169223035862743,0.6355841410894023,2.9515044574178453,true,0,false,stability_ratio
random_walk,1D,AAPL,long,mr_down_closes,3,1,true,981bf4a0c00f3a8e2d1d7355f731542a9e3c24bcfa5dd655ce472b4529ac2390,skip,half,15,3,0,0,0,0,0,0.2063685672095218,-0.3558147679868009,0.30402876040068133,0.2063685672095218,"{""k"":2}",-0.6768953739055481,0.3333333333333333,0.3225398450908588,0.052107058024322195,0.32169223035862743,0.6355841410894023,2.9515044574178453,true,0,false,stability_ratio
random_walk,1D,AAPL,long,mr_down_closes,3,1,true,981bf4a0c00f3a8e2d1d7355f731542a9e3c24bcfa5dd655ce472b4529ac2390,worst,full,30,3,1,1,0,0,0,0.2063685672095218,-0.3558147679868009,0.30402876040068133,0.2063685672095218,"{""k"":2}",-0.6768953739055481,0.3333333333333333,0.3225398450908588,0.052107058024322195,0.32169223035862743,0.6355841410894023,2.9515044574178453,true,0,false,stability_ratio
random_walk,1D,AAPL,long,mr_down_closes,3,1,true,981bf4a0c00f3a8e2d1d7355f731542a9e3c24bcfa5dd655ce472b4529ac2390,worst,half,15,3,0,0,0,0,0,0.2063685672095218,-0.3558147679868009,0.30402876040068133,0.2063685672095218,"{""k"":2}",-0.6768953739055481,0.3333333333333333,0.3225398450908588,0.052107058024322195,0.32169223035862743,0.6355841410894023,2.9515044574178453,true,0,false,stability_ratio
random_walk,1D,AAPL,long,mr_down_closes,3,1,true,981bf4a0c00f3a8e2d1d7355f731542a9e3c24bcfa5dd655ce472b4529ac2390,zero,full,30,3,1,1,0,0,0,0.2063685672095218,-0.3558147679868009,0.30402876040068133,0.2063685672095218,"{""k"":2}",-0.6768953739055481,0.3333333333333333,0.3225398450908588,0.052107058024322195,0.32169223035862743,0.6355841410894023,2.9515044574178453,true,0,false,stability_ratio
random_walk,1D,AAPL,long,mr_down_closes,3,1,true,981bf4a0c00f3a8e2d1d7355f731542a9e3c24bcfa5dd655ce472b4529ac2390,zero,half,15,3,0,0,0,0,0,0.2063685672095218,-0.3558147679868009,0.30402876040068133,0.2063685672095218,"{""k"":2}",-0.6768953739055481,0.3333333333333333,0.3225398450908588,0.052107058024322195,0.32169223035862743,0.6355841410894023,2.9515044574178453,true,0,false,stability_ratio
random_walk,1D,AAPL,long,mr_down_closes,3,1,true,981bf4a0c00f3a8e2d1d7355f731542a9e3c24bcfa5dd655ce472b4529ac2390,worst0,full,30,3,1,1,0,0,0,0.2063685672095218,-0.3558147679868009,0.30402876040068133,0.2063685672095218,"{""k"":2}",-0.6768953739055481,0.3333333333333333,0.3225398450908588,0.052107058024322195,0.32169223035862743,0.6355841410894023,2.9515044574178453,true,0,false,stability_ratio
random_walk,1D,AAPL,long,mr_down_closes,3,1,true,981bf4a0c00f3a8e2d1d7355f731542a9e3c24bcfa5dd655ce472b4529ac2390,worst0,half,15,3,0,0,0,0,0,0.2063685672095218,-0.3558147679868009,0.30402876040068133,0.2063685672095218,"{""k"":2}",-0.6768953739055481,0.3333333333333333,0.3225398450908588,0.052107058024322195,0.32169223035862743,0.6355841410894023,2.9515044574178453,true,0,false,stability_ratio
random_walk,1D,AAPL,long,mr_down_closes,3,1,true,981bf4a0c00f3a8e2d1d7355f731542a9e3c24bcfa5dd655ce472b4529ac2390,neginf,full,30,3,1,1,0,0,0,0.2063685672095218,-0.3558147679868009,0.30402876040068133,0.2063685672095218,"{""k"":2}",-0.6768953739055481,0.3333333333333333,0.3225398450908588,0.052107058024322195,0.32169223035862743,0.6355841410894023,2.9515044574178453,true,0,false,stability_ratio
random_walk,1D,AAPL,long,mr_down_closes,3,1,true,981bf4a0c00f3a8e2d1d7355f731542a9e3c24bcfa5dd655ce472b4529ac2390,neginf,half,15,3,0,0,0,0,0,0.2063685672095218,-0.3558147679868009,0.30402876040068133,0.2063685672095218,"{""k"":2}",-0.6768953739055481,0.3333333333333333,0.3225398450908588,0.052107058024322195,0.32169223035862743,0.6355841410894023,2.9515044574178453,true,0,false,stability_ratio
none,1D,ADI,short,mr_rsi_sum,240,3,false,8a1b069247a2267f84f3cbcda15998d38b17cf4e702909c9562b32e2633d28f0,skip,full,30,240,55,93,30,0,0,0.40824233641339236,-inf,1.0279030262553823,0.49609731880010444,"{""level"":20.0,""m"":4,""n"":4}",0.8710731962940913,0.15,0.8422145901780673,0.7426792246274391,0.43918580841416066,1.5911912806609958,NaN,false,0,false,selected_in_both_halves
none,1D,ADI,short,mr_rsi_sum,240,3,false,8a1b069247a2267f84f3cbcda15998d38b17cf4e702909c9562b32e2633d28f0,skip,half,15,240,18,43,30,0,0,0.40824233641339236,-inf,1.0279030262553823,0.49609731880010444,"{""level"":15.0,""m"":4,""n"":4}",0.19069940143075648,0.06666666666666667,4.269687739952599,1.246159501761125,0.6759395584049073,0.8144019903902584,NaN,false,0,false,stability_ratio;plateau_area;selected_in_both_halves
none,1D,ADI,short,mr_rsi_sum,240,3,false,8a1b069247a2267f84f3cbcda15998d38b17cf4e702909c9562b32e2633d28f0,worst,full,30,240,55,93,30,0,0,0.40824233641339236,-inf,1.0279030262553823,0.49609731880010444,"{""level"":23.0,""m"":2,""n"":6}",1.0319591092628524,0.025,0.4264488248334832,0.43894200570569586,0.6513504176997637,0.6213420461448483,1.9676135688060574,false,1,false,plateau_area;selected_in_both_halves
none,1D,ADI,short,mr_rsi_sum,240,3,false,8a1b069247a2267f84f3cbcda15998d38b17cf4e702909c9562b32e2633d28f0,worst,half,15,240,18,43,30,0,0,0.40824233641339236,-inf,1.0279030262553823,0.49609731880010444,"{""level"":15.0,""m"":4,""n"":3}",2.191264489718265,0.008333333333333333,0.42318883540530955,0.8853078481302513,1.1831728144736724,0.7070721877993353,0.5610256629691125,false,0,false,plateau_area;selected_in_both_halves
none,1D,ADI,short,mr_rsi_sum,240,3,false,8a1b069247a2267f84f3cbcda15998d38b17cf4e702909c9562b32e2633d28f0,zero,full,30,240,55,93,30,0,0,0.40824233641339236,-inf,1.0279030262553823,0.49609731880010444,"{""level"":23.0,""m"":2,""n"":6}",1.2783955703513508,0.020833333333333332,0.4264488248334832,0.5352768333307324,0.6513504176997637,0.3743830133509369,NaN,false,0,false,plateau_area;selected_in_both_halves
none,1D,ADI,short,mr_rsi_sum,240,3,false,8a1b069247a2267f84f3cbcda15998d38b17cf4e702909c9562b32e2633d28f0,zero,half,15,240,18,43,30,0,0,0.40824233641339236,-inf,1.0279030262553823,0.49609731880010444,"{""level"":15.0,""m"":4,""n"":3}",2.191264489718265,0.029166666666666667,0.42318883540530955,0.8853078481302513,1.1831728144736724,0.6823174394487186,0.5382012879593912,false,0,false,plateau_area;selected_in_both_halves
none,1D,ADI,short,mr_rsi_sum,240,3,false,8a1b069247a2267f84f3cbcda15998d38b17cf4e702909c9562b32e2633d28f0,worst0,full,30,240,55,93,30,0,0,0.40824233641339236,-inf,1.0279030262553823,0.49609731880010444,"{""level"":23.0,""m"":2,""n"":6}",1.0319591092628524,0.025,0.4264488248334832,0.43894200570569586,0.6513504176997637,0.3743830133509369,NaN,false,1,false,plateau_area;selected_in_both_halves
none,1D,ADI,short,mr_rsi_sum,240,3,false,8a1b069247a2267f84f3cbcda15998d38b17cf4e702909c9562b32e2633d28f0,worst0,half,15,240,18,43,30,0,0,0.40824233641339236,-inf,1.0279030262553823,0.49609731880010444,"{""level"":15.0,""m"":4,""n"":3}",2.191264489718265,0.008333333333333333,0.42318883540530955,0.8853078481302513,1.1831728144736724,0.6823174394487186,0.5382012879593912,false,0,false,plateau_area;selected_in_both_halves
none,1D,ADI,short,mr_rsi_sum,240,3,false,8a1b069247a2267f84f3cbcda15998d38b17cf4e702909c9562b32e2633d28f0,neginf,full,30,240,55,93,30,0,0,0.40824233641339236,-inf,1.0279030262553823,0.49609731880010444,"{""level"":18.0,""m"":4,""n"":2}",2.829394366978508,0.0125,0.1561389183300331,0.4179752711841897,1.4258862195164916,-inf,-inf,false,0,false,plateau_area;selected_in_both_halves
none,1D,ADI,short,mr_rsi_sum,240,3,false,8a1b069247a2267f84f3cbcda15998d38b17cf4e702909c9562b32e2633d28f0,neginf,half,15,240,18,43,30,0,0,0.40824233641339236,-inf,1.0279030262553823,0.49609731880010444,"{""level"":15.0,""m"":4,""n"":3}",2.191264489718265,0.008333333333333333,0.42318883540530955,0.8853078481302513,1.1831728144736724,-inf,-inf,false,0,false,plateau_area;selected_in_both_halves
random_walk,1D,ADI,short,mr_rsi_sum,240,3,false,8a1b069247a2267f84f3cbcda15998d38b17cf4e702909c9562b32e2633d28f0,skip,full,30,240,36,25,3,0,0,-0.48933135135554334,-0.6642096413127899,-0.11850365136913603,-0.488237604121969,"{""level"":22.0,""m"":4,""n"":6}",NaN,0.0,-0.030329069681078957,-0.04163294785262384,-0.5174895098012019,-0.49928570649360476,NaN,false,0,false,spp_median_target;stability_ratio;plateau_area;selected_in_both_halves
random_walk,1D,ADI,short,mr_rsi_sum,240,3,false,8a1b069247a2267f84f3cbcda15998d38b17cf4e702909c9562b32e2633d28f0,skip,half,15,240,6,2,3,0,0,-0.48933135135554334,-0.6642096413127899,-0.11850365136913603,-0.488237604121969,"{""level"":16.0,""m"":2,""n"":6}",NaN,0.03333333333333333,-0.25597904053795556,0.3410960878880744,0.5673769211810302,-0.11349133812962654,-0.3091215840209566,false,0,false,spp_median_target;stability_ratio;plateau_area;selected_in_both_halves
random_walk,1D,ADI,short,mr_rsi_sum,240,3,false,8a1b069247a2267f84f3cbcda15998d38b17cf4e702909c9562b32e2633d28f0,worst,full,30,240,36,25,3,0,0,-0.48933135135554334,-0.6642096413127899,-0.11850365136913603,-0.488237604121969,"{""level"":22.0,""m"":2,""n"":6}",NaN,0.0,-0.16216266802615126,-0.09499137646816964,-0.5948055381532292,-0.4761935338977316,NaN,false,0,false,spp_median_target;stability_ratio;plateau_area;selected_in_both_halves
random_walk,1D,ADI,short,mr_rsi_sum,240,3,false,8a1b069247a2267f84f3cbcda15998d38b17cf4e702909c9562b32e2633d28f0,worst,half,15,240,6,2,3,0,0,-0.48933135135554334,-0.6642096413127899,-0.11850365136913603,-0.488237604121969,"{""level"":19.0,""m"":4,""n"":6}",NaN,0.008333333333333333,-0.19126768893075177,0.1456220975866816,-0.33270244685699873,-0.3900507407931036,NaN,false,0,false,spp_median_target;stability_ratio;plateau_area;selected_in_both_halves
random_walk,1D,ADI,short,mr_rsi_sum,240,3,false,8a1b069247a2267f84f3cbcda15998d38b17cf4e702909c9562b32e2633d28f0,zero,full,30,240,36,25,3,0,0,-0.48933135135554334,-0.6642096413127899,-0.11850365136913603,-0.488237604121969,"{""level"":22.0,""m"":4,""n"":6}",NaN,0.0,-0.030329069681078957,-0.038163535531571854,-0.5174895098012019,-0.49928570649360476,NaN,false,0,false,spp_median_target;stability_ratio;plateau_area;selected_in_both_halves
random_walk,1D,ADI,short,mr_rsi_sum,240,3,false,8a1b069247a2267f84f3cbcda15998d38b17cf4e702909c9562b32e2633d28f0,zero,half,15,240,6,2,3,0,0,-0.48933135135554334,-0.6642096413127899,-0.11850365136913603,-0.488237604121969,"{""level"":16.0,""m"":2,""n"":6}",NaN,0.025,-0.25597904053795556,0.2558220659160558,0.5673769211810302,-0.11349133812962654,-0.3091215840209566,false,0,false,spp_median_target;stability_ratio;plateau_area;selected_in_both_halves
random_walk,1D,ADI,short,mr_rsi_sum,240,3,false,8a1b069247a2267f84f3cbcda15998d38b17cf4e702909c9562b32e2633d28f0,worst0,full,30,240,36,25,3,0,0,-0.48933135135554334,-0.6642096413127899,-0.11850365136913603,-0.488237604121969,"{""level"":22.0,""m"":2,""n"":6}",NaN,0.0,-0.16216266802615126,-0.09499137646816964,-0.5948055381532292,-0.4761935338977316,NaN,false,0,false,spp_median_target;stability_ratio;plateau_area;selected_in_both_halves
random_walk,1D,ADI,short,mr_rsi_sum,240,3,false,8a1b069247a2267f84f3cbcda15998d38b17cf4e702909c9562b32e2633d28f0,worst0,half,15,240,6,2,3,0,0,-0.48933135135554334,-0.6642096413127899,-0.11850365136913603,-0.488237604121969,"{""level"":19.0,""m"":4,""n"":6}",NaN,0.008333333333333333,-0.19126768893075177,0.1456220975866816,-0.33270244685699873,-0.3900507407931036,NaN,false,0,false,spp_median_target;stability_ratio;plateau_area;selected_in_both_halves
random_walk,1D,ADI,short,mr_rsi_sum,240,3,false,8a1b069247a2267f84f3cbcda15998d38b17cf4e702909c9562b32e2633d28f0,neginf,full,30,240,36,25,3,0,0,-0.48933135135554334,-0.6642096413127899,-0.11850365136913603,-0.488237604121969,"{""level"":22.0,""m"":2,""n"":6}",NaN,0.0,-0.16216266802615126,-0.09499137646816964,-0.5948055381532292,-0.4761935338977316,NaN,false,0,false,spp_median_target;stability_ratio;plateau_area;selected_in_both_halves
random_walk,1D,ADI,short,mr_rsi_sum,240,3,false,8a1b069247a2267f84f3cbcda15998d38b17cf4e702909c9562b32e2633d28f0,neginf,half,15,240,6,2,3,0,0,-0.48933135135554334,-0.6642096413127899,-0.11850365136913603,-0.488237604121969,"{""level"":19.0,""m"":4,""n"":6}",NaN,0.004166666666666667,-0.19126768893075177,0.1456220975866816,-0.33270244685699873,-0.3900507407931036,NaN,false,0,false,spp_median_target;stability_ratio;plateau_area;selected_in_both_halves
none,1D,EEM,short,mr_n_day_low,9,1,true,5f363cba4886ff5e93065b005b26db7780fc3a24b89fe489a794a72e3a41a334,skip,full,30,9,0,0,0,0,0,0.6486183931811729,0.38856184505583813,0.9391799566408973,0.6486183931811729,"{""n"":10,""source"":""low""}",0.8406484802050289,0.4444444444444444,1.4110825467127228,1.2986534725253076,0.061909400031281064,-0.025221202546434042,-1.8147778054282704,false,0,false,selected_in_both_halves
none,1D,EEM,short,mr_n_day_low,9,1,true,5f363cba4886ff5e93065b005b26db7780fc3a24b89fe489a794a72e3a41a334,skip,half,15,9,0,0,0,0,0,0.6486183931811729,0.38856184505583813,0.9391799566408973,0.6486183931811729,"{""n"":10,""source"":""low""}",0.8406484802050289,0.4444444444444444,1.4110825467127228,1.2986534725253076,0.061909400031281064,-0.025221202546434042,-1.8147778054282704,false,0,false,selected_in_both_halves
none,1D,EEM,short,mr_n_day_low,9,1,true,5f363cba4886ff5e93065b005b26db7780fc3a24b89fe489a794a72e3a41a334,worst,full,30,9,0,0,0,0,0,0.6486183931811729,0.38856184505583813,0.9391799566408973,0.6486183931811729,"{""n"":10,""source"":""low""}",0.8406484802050289,0.4444444444444444,1.4110825467127228,1.2986534725253076,0.061909400031281064,-0.025221202546434042,-1.8147778054282704,false,0,false,selected_in_both_halves
none,1D,EEM,short,mr_n_day_low,9,1,true,5f363cba4886ff5e93065b005b26db7780fc3a24b89fe489a794a72e3a41a334,worst,half,15,9,0,0,0,0,0,0.6486183931811729,0.38856184505583813,0.9391799566408973,0.6486183931811729,"{""n"":10,""source"":""low""}",0.8406484802050289,0.4444444444444444,1.4110825467127228,1.2986534725253076,0.061909400031281064,-0.025221202546434042,-1.8147778054282704,false,0,false,selected_in_both_halves
none,1D,EEM,short,mr_n_day_low,9,1,true,5f363cba4886ff5e93065b005b26db7780fc3a24b89fe489a794a72e3a41a334,zero,full,30,9,0,0,0,0,0,0.6486183931811729,0.38856184505583813,0.9391799566408973,0.6486183931811729,"{""n"":10,""source"":""low""}",0.8406484802050289,0.4444444444444444,1.4110825467127228,1.2986534725253076,0.061909400031281064,-0.025221202546434042,-1.8147778054282704,false,0,false,selected_in_both_halves
none,1D,EEM,short,mr_n_day_low,9,1,true,5f363cba4886ff5e93065b005b26db7780fc3a24b89fe489a794a72e3a41a334,zero,half,15,9,0,0,0,0,0,0.6486183931811729,0.38856184505583813,0.9391799566408973,0.6486183931811729,"{""n"":10,""source"":""low""}",0.8406484802050289,0.4444444444444444,1.4110825467127228,1.2986534725253076,0.061909400031281064,-0.025221202546434042,-1.8147778054282704,false,0,false,selected_in_both_halves
none,1D,EEM,short,mr_n_day_low,9,1,true,5f363cba4886ff5e93065b005b26db7780fc3a24b89fe489a794a72e3a41a334,worst0,full,30,9,0,0,0,0,0,0.6486183931811729,0.38856184505583813,0.9391799566408973,0.6486183931811729,"{""n"":10,""source"":""low""}",0.8406484802050289,0.4444444444444444,1.4110825467127228,1.2986534725253076,0.061909400031281064,-0.025221202546434042,-1.8147778054282704,false,0,false,selected_in_both_halves
none,1D,EEM,short,mr_n_day_low,9,1,true,5f363cba4886ff5e93065b005b26db7780fc3a24b89fe489a794a72e3a41a334,worst0,half,15,9,0,0,0,0,0,0.6486183931811729,0.38856184505583813,0.9391799566408973,0.6486183931811729,"{""n"":10,""source"":""low""}",0.8406484802050289,0.4444444444444444,1.4110825467127228,1.2986534725253076,0.061909400031281064,-0.025221202546434042,-1.8147778054282704,false,0,false,selected_in_both_halves
none,1D,EEM,short,mr_n_day_low,9,1,true,5f363cba4886ff5e93065b005b26db7780fc3a24b89fe489a794a72e3a41a334,neginf,full,30,9,0,0,0,0,0,0.6486183931811729,0.38856184505583813,0.9391799566408973,0.6486183931811729,"{""n"":10,""source"":""low""}",0.8406484802050289,0.4444444444444444,1.4110825467127228,1.2986534725253076,0.061909400031281064,-0.025221202546434042,-1.8147778054282704,false,0,false,selected_in_both_halves
none,1D,EEM,short,mr_n_day_low,9,1,true,5f363cba4886ff5e93065b005b26db7780fc3a24b89fe489a794a72e3a41a334,neginf,half,15,9,0,0,0,0,0,0.6486183931811729,0.38856184505583813,0.9391799566408973,0.6486183931811729,"{""n"":10,""source"":""low""}",0.8406484802050289,0.4444444444444444,1.4110825467127228,1.2986534725253076,0.061909400031281064,-0.025221202546434042,-1.8147778054282704,false,0,false,selected_in_both_halves
random_walk,1D,EEM,short,mr_n_day_low,9,1,true,5f363cba4886ff5e93065b005b26db7780fc3a24b89fe489a794a72e3a41a334,skip,full,30,9,0,0,0,0,0,-0.262773395335049,-0.4492706331696999,-0.055836351136490436,-0.262773395335049,"{""n"":10,""source"":""low""}",-0.37085536329393753,0.1111111111111111,0.1378045344213392,0.04334949187248076,-0.22445386017575236,-0.2555134491898683,NaN,false,0,false,spp_median_target;stability_ratio;selected_in_both_halves
random_walk,1D,EEM,short,mr_n_day_low,9,1,true,5f363cba4886ff5e93065b005b26db7780fc3a24b89fe489a794a72e3a41a334,skip,half,15,9,0,0,0,0,0,-0.262773395335049,-0.4492706331696999,-0.055836351136490436,-0.262773395335049,"{""n"":10,""source"":""low""}",-0.37085536329393753,0.1111111111111111,0.1378045344213392,0.04334949187248076,-0.22445386017575236,-0.2555134491898683,NaN,false,0,false,spp_median_target;stability_ratio;selected_in_both_halves
random_walk,1D,EEM,short,mr_n_day_low,9,1,true,5f363cba4886ff5e93065b005b26db7780fc3a24b89fe489a794a72e3a41a334,worst,full,30,9,0,0,0,0,0,-0.262773395335049,-0.4492706331696999,-0.055836351136490436,-0.262773395335049,"{""n"":10,""source"":""low""}",-0.37085536329393753,0.1111111111111111,0.1378045344213392,0.04334949187248076,-0.22445386017575236,-0.2555134491898683,NaN,false,0,false,spp_median_target;stability_ratio;selected_in_both_halves
random_walk,1D,EEM,short,mr_n_day_low,9,1,true,5f363cba4886ff5e93065b005b26db7780fc3a24b89fe489a794a72e3a41a334,worst,half,15,9,0,0,0,0,0,-0.262773395335049,-0.4492706331696999,-0.055836351136490436,-0.262773395335049,"{""n"":10,""source"":""low""}",-0.37085536329393753,0.1111111111111111,0.1378045344213392,0.04334949187248076,-0.22445386017575236,-0.2555134491898683,NaN,false,0,false,spp_median_target;stability_ratio;selected_in_both_halves
random_walk,1D,EEM,short,mr_n_day_low,9,1,true,5f363cba4886ff5e93065b005b26db7780fc3a24b89fe489a794a72e3a41a334,zero,full,30,9,0,0,0,0,0,-0.262773395335049,-0.4492706331696999,-0.055836351136490436,-0.262773395335049,"{""n"":10,""source"":""low""}",-0.37085536329393753,0.1111111111111111,0.1378045344213392,0.04334949187248076,-0.22445386017575236,-0.2555134491898683,NaN,false,0,false,spp_median_target;stability_ratio;selected_in_both_halves
random_walk,1D,EEM,short,mr_n_day_low,9,1,true,5f363cba4886ff5e93065b005b26db7780fc3a24b89fe489a794a72e3a41a334,zero,half,15,9,0,0,0,0,0,-0.262773395335049,-0.4492706331696999,-0.055836351136490436,-0.262773395335049,"{""n"":10,""source"":""low""}",-0.37085536329393753,0.1111111111111111,0.1378045344213392,0.04334949187248076,-0.22445386017575236,-0.2555134491898683,NaN,false,0,false,spp_median_target;stability_ratio;selected_in_both_halves
random_walk,1D,EEM,short,mr_n_day_low,9,1,true,5f363cba4886ff5e93065b005b26db7780fc3a24b89fe489a794a72e3a41a334,worst0,full,30,9,0,0,0,0,0,-0.262773395335049,-0.4492706331696999,-0.055836351136490436,-0.262773395335049,"{""n"":10,""source"":""low""}",-0.37085536329393753,0.1111111111111111,0.1378045344213392,0.04334949187248076,-0.22445386017575236,-0.2555134491898683,NaN,false,0,false,spp_median_target;stability_ratio;selected_in_both_halves
random_walk,1D,EEM,short,mr_n_day_low,9,1,true,5f363cba4886ff5e93065b005b26db7780fc3a24b89fe489a794a72e3a41a334,worst0,half,15,9,0,0,0,0,0,-0.262773395335049,-0.4492706331696999,-0.055836351136490436,-0.262773395335049,"{""n"":10,""source"":""low""}",-0.37085536329393753,0.1111111111111111,0.1378045344213392,0.04334949187248076,-0.22445386017575236,-0.2555134491898683,NaN,false,0,false,spp_median_target;stability_ratio;selected_in_both_halves
random_walk,1D,EEM,short,mr_n_day_low,9,1,true,5f363cba4886ff5e93065b005b26db7780fc3a24b89fe489a794a72e3a41a334,neginf,full,30,9,0,0,0,0,0,-0.262773395335049,-0.4492706331696999,-0.055836351136490436,-0.262773395335049,"{""n"":10,""source"":""low""}",-0.37085536329393753,0.1111111111111111,0.1378045344213392,0.04334949187248076,-0.22445386017575236,-0.2555134491898683,NaN,false,0,false,spp_median_target;stability_ratio;selected_in_both_halves
random_walk,1D,EEM,short,mr_n_day_low,9,1,true,5f363cba4886ff5e93065b005b26db7780fc3a24b89fe489a794a72e3a41a334,neginf,half,15,9,0,0,0,0,0,-0.262773395335049,-0.4492706331696999,-0.055836351136490436,-0.262773395335049,"{""n"":10,""source"":""low""}",-0.37085536329393753,0.1111111111111111,0.1378045344213392,0.04334949187248076,-0.22445386017575236,-0.2555134491898683,NaN,false,0,false,spp_median_target;stability_ratio;selected_in_both_halves
none,1D,ETN,long,mr_n_day_low,29,1,false,83a60072eed39981c856507438cf4cf3a6c831a909cbc8571088ead4ff4af390,skip,full,30,29,10,16,0,0,0,0.7988482505630475,0.44041630648622115,1.049706929655572,0.7988482505630475,"{""n"":2,""source"":""low""}",0.5629570894365556,0.06896551724137931,0.26429238277742034,0.20653882667302448,2.144406908552788,1.9052465214588303,0.7769449574704442,false,0,false,stability_ratio;plateau_area;selected_in_both_halves
none,1D,ETN,long,mr_n_day_low,29,1,false,83a60072eed39981c856507438cf4cf3a6c831a909cbc8571088ead4ff4af390,skip,half,15,29,0,1,0,0,0,0.7988482505630475,0.44041630648622115,1.049706929655572,0.7988482505630475,"{""n"":2,""source"":""low""}",0.5629570894365556,0.06896551724137931,0.26429238277742034,0.20653882667302448,2.144406908552788,1.9052465214588303,0.7769449574704442,false,0,false,stability_ratio;plateau_area;selected_in_both_halves
none,1D,ETN,long,mr_n_day_low,29,1,false,83a60072eed39981c856507438cf4cf3a6c831a909cbc8571088ead4ff4af390,worst,full,30,29,10,16,0,0,0,0.7988482505630475,0.44041630648622115,1.049706929655572,0.7988482505630475,"{""n"":2,""source"":""low""}",0.5629570894365556,0.06896551724137931,0.26429238277742034,0.20653882667302448,2.144406908552788,1.9052465214588303,0.7769449574704442,false,0,false,stability_ratio;plateau_area;selected_in_both_halves
none,1D,ETN,long,mr_n_day_low,29,1,false,83a60072eed39981c856507438cf4cf3a6c831a909cbc8571088ead4ff4af390,worst,half,15,29,0,1,0,0,0,0.7988482505630475,0.44041630648622115,1.049706929655572,0.7988482505630475,"{""n"":2,""source"":""low""}",0.5629570894365556,0.06896551724137931,0.26429238277742034,0.20653882667302448,2.144406908552788,1.9052465214588303,0.7769449574704442,false,0,false,stability_ratio;plateau_area;selected_in_both_halves
none,1D,ETN,long,mr_n_day_low,29,1,false,83a60072eed39981c856507438cf4cf3a6c831a909cbc8571088ead4ff4af390,zero,full,30,29,10,16,0,0,0,0.7988482505630475,0.44041630648622115,1.049706929655572,0.7988482505630475,"{""n"":2,""source"":""low""}",0.5629570894365556,0.06896551724137931,0.26429238277742034,0.20653882667302448,2.144406908552788,1.9052465214588303,0.7769449574704442,false,0,false,stability_ratio;plateau_area;selected_in_both_halves
none,1D,ETN,long,mr_n_day_low,29,1,false,83a60072eed39981c856507438cf4cf3a6c831a909cbc8571088ead4ff4af390,zero,half,15,29,0,1,0,0,0,0.7988482505630475,0.44041630648622115,1.049706929655572,0.7988482505630475,"{""n"":2,""source"":""low""}",0.5629570894365556,0.06896551724137931,0.26429238277742034,0.20653882667302448,2.144406908552788,1.9052465214588303,0.7769449574704442,false,0,false,stability_ratio;plateau_area;selected_in_both_halves
none,1D,ETN,long,mr_n_day_low,29,1,false,83a60072eed39981c856507438cf4cf3a6c831a909cbc8571088ead4ff4af390,worst0,full,30,29,10,16,0,0,0,0.7988482505630475,0.44041630648622115,1.049706929655572,0.7988482505630475,"{""n"":2,""source"":""low""}",0.5629570894365556,0.06896551724137931,0.26429238277742034,0.20653882667302448,2.144406908552788,1.9052465214588303,0.7769449574704442,false,0,false,stability_ratio;plateau_area;selected_in_both_halves
none,1D,ETN,long,mr_n_day_low,29,1,false,83a60072eed39981c856507438cf4cf3a6c831a909cbc8571088ead4ff4af390,worst0,half,15,29,0,1,0,0,0,0.7988482505630475,0.44041630648622115,1.049706929655572,0.7988482505630475,"{""n"":2,""source"":""low""}",0.5629570894365556,0.06896551724137931,0.26429238277742034,0.20653882667302448,2.144406908552788,1.9052465214588303,0.7769449574704442,false,0,false,stability_ratio;plateau_area;selected_in_both_halves
none,1D,ETN,long,mr_n_day_low,29,1,false,83a60072eed39981c856507438cf4cf3a6c831a909cbc8571088ead4ff4af390,neginf,full,30,29,10,16,0,0,0,0.7988482505630475,0.44041630648622115,1.049706929655572,0.7988482505630475,"{""n"":2,""source"":""low""}",0.5629570894365556,0.06896551724137931,0.26429238277742034,0.20653882667302448,2.144406908552788,1.9052465214588303,0.7769449574704442,false,0,false,stability_ratio;plateau_area;selected_in_both_halves
none,1D,ETN,long,mr_n_day_low,29,1,false,83a60072eed39981c856507438cf4cf3a6c831a909cbc8571088ead4ff4af390,neginf,half,15,29,0,1,0,0,0,0.7988482505630475,0.44041630648622115,1.049706929655572,0.7988482505630475,"{""n"":2,""source"":""low""}",0.5629570894365556,0.06896551724137931,0.26429238277742034,0.20653882667302448,2.144406908552788,1.9052465214588303,0.7769449574704442,false,0,false,stability_ratio;plateau_area;selected_in_both_halves
random_walk,1D,ETN,long,mr_n_day_low,29,1,false,83a60072eed39981c856507438cf4cf3a6c831a909cbc8571088ead4ff4af390,skip,full,30,29,16,23,0,0,0,0.26063788987710274,0.014165268748538545,0.45031523952277447,0.26063788987710274,"{""n"":7,""source"":""low""}",4.160561749740239,0.06896551724137931,0.03057032910922513,0.09498327101561684,1.0118628911855205,1.0306222808901548,1.0370789162603944,true,0,false,plateau_area
random_walk,1D,ETN,long,mr_n_day_low,29,1,false,83a60072eed39981c856507438cf4cf3a6c831a909cbc8571088ead4ff4af390,skip,half,15,29,0,14,0,0,0,0.26063788987710274,0.014165268748538545,0.45031523952277447,0.26063788987710274,"{""n"":16,""source"":""low""}",2.041902843631323,0.034482758620689655,0.0812154530253929,0.13762786066136823,1.0396927949165562,1.0491604650536193,1.0182124377188222,true,9,false,plateau_area
random_walk,1D,ETN,long,mr_n_day_low,29,1,false,83a60072eed39981c856507438cf4cf3a6c831a909cbc8571088ead4ff4af390,worst,full,30,29,16,23,0,0,0,0.26063788987710274,0.014165268748538545,0.45031523952277447,0.26063788987710274,"{""n"":7,""source"":""low""}",4.160561749740239,0.06896551724137931,0.03057032910922513,0.09498327101561684,1.0118628911855205,0.6798469839103424,0.5078148776369573,false,0,false,plateau_area;selected_in_both_halves
random_walk,1D,ETN,long,mr_n_day_low,29,1,false,83a60072eed39981c856507438cf4cf3a6c831a909cbc8571088ead4ff4af390,worst,half,15,29,0,14,0,0,0,0.26063788987710274,0.014165268748538545,0.45031523952277447,0.26063788987710274,"{""n"":16,""source"":""low""}",2.041902843631323,0.034482758620689655,0.0812154530253929,0.13762786066136823,1.0396927949165562,0.692205773352652,0.49866870781990025,false,9,false,plateau_area;selected_in_both_halves
random_walk,1D,ETN,long,mr_n_day_low,29,1,false,83a60072eed39981c856507438cf4cf3a6c831a909cbc8571088ead4ff4af390,zero,full,30,29,16,23,0,0,0,0.26063788987710274,0.014165268748538545,0.45031523952277447,0.26063788987710274,"{""n"":7,""source"":""low""}",4.160561749740239,0.06896551724137931,0.03057032910922513,0.09498327101561684,1.0118628911855205,0.6870815205934365,0.5185394581301972,false,0,false,plateau_area;selected_in_both_halves
random_walk,1D,ETN,long,mr_n_day_low,29,1,false,83a60072eed39981c856507438cf4cf3a6c831a909cbc8571088ead4ff4af390,zero,half,15,29,0,14,0,0,0,0.26063788987710274,0.014165268748538545,0.45031523952277447,0.26063788987710274,"{""n"":16,""source"":""low""}",2.041902843631323,0.034482758620689655,0.0812154530253929,0.13762786066136823,1.0396927949165562,0.6994403100357461,0.5091062188594111,false,9,false,plateau_area;selected_in_both_halves
random_walk,1D,ETN,long,mr_n_day_low,29,1,false,83a60072eed39981c856507438cf4cf3a6c831a909cbc8571088ead4ff4af390,worst0,full,30,29,16,23,0,0,0,0.26063788987710274,0.014165268748538545,0.45031523952277447,0.26063788987710274,"{""n"":7,""source"":""low""}",4.160561749740239,0.06896551724137931,0.03057032910922513,0.09498327101561684,1.0118628911855205,0.6798469839103424,0.5078148776369573,false,0,false,plateau_area;selected_in_both_halves
random_walk,1D,ETN,long,mr_n_day_low,29,1,false,83a60072eed39981c856507438cf4cf3a6c831a909cbc8571088ead4ff4af390,worst0,half,15,29,0,14,0,0,0,0.26063788987710274,0.014165268748538545,0.45031523952277447,0.26063788987710274,"{""n"":16,""source"":""low""}",2.041902843631323,0.034482758620689655,0.0812154530253929,0.13762786066136823,1.0396927949165562,0.692205773352652,0.49866870781990025,false,9,false,plateau_area;selected_in_both_halves
random_walk,1D,ETN,long,mr_n_day_low,29,1,false,83a60072eed39981c856507438cf4cf3a6c831a909cbc8571088ead4ff4af390,neginf,full,30,29,16,23,0,0,0,0.26063788987710274,0.014165268748538545,0.45031523952277447,0.26063788987710274,"{""n"":7,""source"":""low""}",4.160561749740239,0.06896551724137931,0.03057032910922513,0.09498327101561684,1.0118628911855205,-inf,-inf,false,0,false,plateau_area;selected_in_both_halves
random_walk,1D,ETN,long,mr_n_day_low,29,1,false,83a60072eed39981c856507438cf4cf3a6c831a909cbc8571088ead4ff4af390,neginf,half,15,29,0,14,0,0,0,0.26063788987710274,0.014165268748538545,0.45031523952277447,0.26063788987710274,"{""n"":16,""source"":""low""}",2.041902843631323,0.034482758620689655,0.0812154530253929,0.13762786066136823,1.0396927949165562,-inf,-inf,false,9,false,plateau_area;selected_in_both_halves
none,1D,GNRC,short,mr_candle_score,54,2,false,1b0d78d85c087dead474bdbe100f93d98a8ba670ad2002267879557c2477a49b,skip,full,30,54,17,18,7,0,0,0.34279033705486006,-inf,1.014429132228207,0.37388394922115975,"{""level"":-1.75,""mode"":""rising"",""n"":6}",0.18042953188713562,0.05555555555555555,0.6524917987792814,0.22468139160700895,0.9545236892510297,0.9685689210550722,1.0183929848496782,true,0,false,stability_ratio;plateau_area
none,1D,GNRC,short,mr_candle_score,54,2,false,1b0d78d85c087dead474bdbe100f93d98a8ba670ad2002267879557c2477a49b,skip,half,15,54,5,7,7,0,0,0.34279033705486006,-inf,1.014429132228207,0.37388394922115975,"{""level"":-3.0,""mode"":""rising"",""n"":4}",1.5442296040009773,0.018518518518518517,0.9525004052460279,1.3412845940143898,1.3488869678765902,1.534676440154403,NaN,false,2,false,plateau_area;selected_in_both_halves
none,1D,GNRC,short,mr_candle_score,54,2,false,1b0d78d85c087dead474bdbe100f93d98a8ba670ad2002267879557c2477a49b,worst,full,30,54,17,18,7,0,0,0.34279033705486006,-inf,1.014429132228207,0.37388394922115975,"{""level"":-1.75,""mode"":""rising"",""n"":6}",-0.09665712697109995,0.018518518518518517,0.6524917987792814,0.05619198092803823,0.9545236892510297,0.7416469964103758,0.7323774838849458,false,0,false,stability_ratio;plateau_area;selected_in_both_halves
none,1D,GNRC,short,mr_candle_score,54,2,false,1b0d78d85c087dead474bdbe100f93d98a8ba670ad2002267879557c2477a49b,worst,half,15,54,5,7,7,0,0,0.34279033705486006,-inf,1.014429132228207,0.37388394922115975,"{""level"":-3.0,""mode"":""rising"",""n"":3}",0.374101953556047,0.018518518518518517,1.9655318158338853,0.9403463793723316,1.84013848407449,1.064845978548199,0.4944125049917231,false,0,false,stability_ratio;plateau_area;selected_in_both_halves
none,1D,GNRC,short,mr_candle_score,54,2,false,1b0d78d85c087dead474bdbe100f93d98a8ba670ad2002267879557c2477a49b,zero,full,30,54,17,18,7,0,0,0.34279033705486006,-inf,1.014429132228207,0.37388394922115975,"{""level"":-1.75,""mode"":""rising"",""n"":6}",0.14434362550970847,0.037037037037037035,0.6524917987792814,0.1872344930058408,0.9545236892510297,0.8071407675458935,0.8147143878797426,true,0,false,stability_ratio;plateau_area
none,1D,GNRC,short,mr_candle_score,54,2,false,1b0d78d85c087dead474bdbe100f93d98a8ba670ad2002267879557c2477a49b,zero,half,15,54,5,7,7,0,0,0.34279033705486006,-inf,1.014429132228207,0.37388394922115975,"{""level"":-3.0,""mode"":""rising"",""n"":3}",0.374101953556047,0.037037037037037035,1.9655318158338853,0.9403463793723316,1.84013848407449,1.1303397496837169,0.5371226194982136,false,0,false,stability_ratio;plateau_area;selected_in_both_halves
none,1D,GNRC,short,mr_candle_score,54,2,false,1b0d78d85c087dead474bdbe100f93d98a8ba670ad2002267879557c2477a49b,worst0,full,30,54,17,18,7,0,0,0.34279033705486006,-inf,1.014429132228207,0.37388394922115975,"{""level"":-1.75,""mode"":""rising"",""n"":6}",-0.09665712697109995,0.018518518518518517,0.6524917987792814,0.05619198092803823,0.9545236892510297,0.7416469964103758,0.7323774838849458,false,0,false,stability_ratio;plateau_area;selected_in_both_halves
none,1D,GNRC,short,mr_candle_score,54,2,false,1b0d78d85c087dead474bdbe100f93d98a8ba670ad2002267879557c2477a49b,worst0,half,15,54,5,7,7,0,0,0.34279033705486006,-inf,1.014429132228207,0.37388394922115975,"{""level"":-3.0,""mode"":""rising"",""n"":3}",0.374101953556047,0.018518518518518517,1.9655318158338853,0.9403463793723316,1.84013848407449,1.064845978548199,0.4944125049917231,false,0,false,stability_ratio;plateau_area;selected_in_both_halves
none,1D,GNRC,short,mr_candle_score,54,2,false,1b0d78d85c087dead474bdbe100f93d98a8ba670ad2002267879557c2477a49b,neginf,full,30,54,17,18,7,0,0,0.34279033705486006,-inf,1.014429132228207,0.37388394922115975,"{""level"":-2.0,""mode"":""rising"",""n"":2}",0.1696732127634678,0.018518518518518517,0.17767454201288654,0.046538602774413344,1.0680674358755495,-inf,-inf,false,0,false,stability_ratio;plateau_area;selected_in_both_halves
none,1D,GNRC,short,mr_candle_score,54,2,false,1b0d78d85c087dead474bdbe100f93d98a8ba670ad2002267879557c2477a49b,neginf,half,15,54,5,7,7,0,0,0.34279033705486006,-inf,1.014429132228207,0.37388394922115975,"{""level"":-3.0,""mode"":""rising"",""n"":3}",0.374101953556047,0.018518518518518517,1.9655318158338853,0.9403463793723316,1.84013848407449,-inf,-inf,false,0,false,stability_ratio;plateau_area;selected_in_both_halves
random_walk,1D,GNRC,short,mr_candle_score,54,2,false,1b0d78d85c087dead474bdbe100f93d98a8ba670ad2002267879557c2477a49b,skip,full,30,54,31,32,18,0,0,-0.289657263439753,-inf,0.3555947941403439,-0.0554647110945386,"{""level"":-2.0,""mode"":""rising"",""n"":3}",NaN,0.0,-0.15655926364942793,-0.3336591591033454,1.803463083607716,1.4327862785407166,0.7259518397789189,false,4,false,spp_median_target;stability_ratio;plateau_area;selected_in_both_halves
random_walk,1D,GNRC,short,mr_candle_score,54,2,false,1b0d78d85c087dead474bdbe100f93d98a8ba670ad2002267879557c2477a49b,skip,half,15,54,14,19,18,0,0,-0.289657263439753,-inf,0.3555947941403439,-0.0554647110945386,"{""level"":-1.0,""mode"":""rising"",""n"":1}",NaN,0.0,-0.48860346390229664,-0.3448586274775913,0.040554376238508084,0.5925778736452516,19.149245485787187,true,0,false,spp_median_target;stability_ratio;plateau_area
random_walk,1D,GNRC,short,mr_candle_score,54,2,false,1b0d78d85c087dead474bdbe100f93d98a8ba670ad2002267879557c2477a49b,worst,full,30,54,31,32,18,0,0,-0.289657263439753,-inf,0.3555947941403439,-0.0554647110945386,"{""level"":-1.0,""mode"":""rising"",""n"":1}",NaN,0.0,-0.48860346390229664,-0.3448586274775913,0.040554376238508084,0.5925778736452516,19.149245485787187,true,0,false,spp_median_target;stability_ratio;plateau_area
random_walk,1D,GNRC,short,mr_candle_score,54,2,false,1b0d78d85c087dead474bdbe100f93d98a8ba670ad2002267879557c2477a49b,worst,half,15,54,14,19,18,0,0,-0.289657263439753,-inf,0.3555947941403439,-0.0554647110945386,"{""level"":-1.0,""mode"":""rising"",""n"":1}",NaN,0.0,-0.48860346390229664,-0.3448586274775913,0.040554376238508084,0.5925778736452516,19.149245485787187,true,0,false,spp_median_target;stability_ratio;plateau_area
random_walk,1D,GNRC,short,mr_candle_score,54,2,false,1b0d78d85c087dead474bdbe100f93d98a8ba670ad2002267879557c2477a49b,zero,full,30,54,31,32,18,0,0,-0.289657263439753,-inf,0.3555947941403439,-0.0554647110945386,"{""level"":-2.0,""mode"":""rising"",""n"":3}",NaN,0.0,-0.15655926364942793,-0.1853661995018586,1.803463083607716,0.6367939015736518,0.27223193991709455,false,0,false,spp_median_target;stability_ratio;plateau_area;selected_in_both_halves
random_walk,1D,GNRC,short,mr_candle_score,54,2,false,1b0d78d85c087dead474bdbe100f93d98a8ba670ad2002267879557c2477a49b,zero,half,15,54,14,19,18,0,0,-0.289657263439753,-inf,0.3555947941403439,-0.0554647110945386,"{""level"":-1.0,""mode"":""rising"",""n"":1}",NaN,0.0,-0.48860346390229664,-0.3448586274775913,0.040554376238508084,0.5925778736452516,19.149245485787187,true,0,false,spp_median_target;stability_ratio;plateau_area
random_walk,1D,GNRC,short,mr_candle_score,54,2,false,1b0d78d85c087dead474bdbe100f93d98a8ba670ad2002267879557c2477a49b,worst0,full,30,54,31,32,18,0,0,-0.289657263439753,-inf,0.3555947941403439,-0.0554647110945386,"{""level"":-1.0,""mode"":""rising"",""n"":1}",NaN,0.0,-0.48860346390229664,-0.3448586274775913,0.040554376238508084,0.5925778736452516,19.149245485787187,true,0,false,spp_median_target;stability_ratio;plateau_area
random_walk,1D,GNRC,short,mr_candle_score,54,2,false,1b0d78d85c087dead474bdbe100f93d98a8ba670ad2002267879557c2477a49b,worst0,half,15,54,14,19,18,0,0,-0.289657263439753,-inf,0.3555947941403439,-0.0554647110945386,"{""level"":-1.0,""mode"":""rising"",""n"":1}",NaN,0.0,-0.48860346390229664,-0.3448586274775913,0.040554376238508084,0.5925778736452516,19.149245485787187,true,0,false,spp_median_target;stability_ratio;plateau_area
random_walk,1D,GNRC,short,mr_candle_score,54,2,false,1b0d78d85c087dead474bdbe100f93d98a8ba670ad2002267879557c2477a49b,neginf,full,30,54,31,32,18,0,0,-0.289657263439753,-inf,0.3555947941403439,-0.0554647110945386,"{""level"":-1.0,""mode"":""rising"",""n"":1}",NaN,0.0,-0.48860346390229664,-0.3448586274775913,0.040554376238508084,0.5925778736452516,19.149245485787187,true,0,false,spp_median_target;stability_ratio;plateau_area
random_walk,1D,GNRC,short,mr_candle_score,54,2,false,1b0d78d85c087dead474bdbe100f93d98a8ba670ad2002267879557c2477a49b,neginf,half,15,54,14,19,18,0,0,-0.289657263439753,-inf,0.3555947941403439,-0.0554647110945386,"{""level"":-1.0,""mode"":""rising"",""n"":1}",NaN,0.0,-0.48860346390229664,-0.3448586274775913,0.040554376238508084,0.5925778736452516,19.149245485787187,true,0,false,spp_median_target;stability_ratio;plateau_area
none,1D,K,short,mr_stochastic_k,972,2,false,e85ee4731ac58b8383725dcd034ced8849aa474d3e5974a4e90a1d43492f6b3a,skip,full,30,972,195,184,71,0,0,0.3462955821548542,-inf,0.8840373595432012,0.3743846153374959,"{""n"":5,""t"":18.0}",0.9241131524996101,0.015432098765432098,1.6474372682922258,1.5363094276296918,0.3091136422836724,0.6218511931309618,2.138188991284725,true,0,false,plateau_area
none,1D,K,short,mr_stochastic_k,972,2,false,e85ee4731ac58b8383725dcd034ced8849aa474d3e5974a4e90a1d43492f6b3a,skip,half,15,972,61,73,71,0,0,0.3462955821548542,-inf,0.8840373595432012,0.3743846153374959,"{""n"":9,""t"":7.0}",1.0450623928174874,0.03189300411522634,3.077349887860422,3.1882880874473156,1.5484125931992905,0.7533574541796271,NaN,false,0,false,plateau_area;selected_in_both_halves
none,1D,K,short,mr_stochastic_k,972,2,false,e85ee4731ac58b8383725dcd034ced8849aa474d3e5974a4e90a1d43492f6b3a,worst,full,30,972,195,184,71,0,0,0.3462955821548542,-inf,0.8840373595432012,0.3743846153374959,"{""n"":5,""t"":18.0}",0.9241131524996101,0.015432098765432098,1.6474372682922258,1.5363094276296918,0.3091136422836724,0.6218511931309618,2.138188991284725,true,0,false,plateau_area
none,1D,K,short,mr_stochastic_k,972,2,false,e85ee4731ac58b8383725dcd034ced8849aa474d3e5974a4e90a1d43492f6b3a,worst,half,15,972,61,73,71,0,0,0.3462955821548542,-inf,0.8840373595432012,0.3743846153374959,"{""n"":9,""t"":9.0}",1.0611108578628337,0.01131687242798354,2.848390069550442,3.0031167901532902,0.8997917644404597,0.5493496016080534,0.5618459195038064,false,0,false,plateau_area;selected_in_both_halves
none,1D,K,short,mr_stochastic_k,972,2,false,e85ee4731ac58b8383725dcd034ced8849aa474d3e5974a4e90a1d43492f6b3a,zero,full,30,972,195,184,71,0,0,0.3462955821548542,-inf,0.8840373595432012,0.3743846153374959,"{""n"":5,""t"":18.0}",0.9241131524996101,0.015432098765432098,1.6474372682922258,1.5363094276296918,0.3091136422836724,0.6218511931309618,2.138188991284725,true,0,false,plateau_area
none,1D,K,short,mr_stochastic_k,972,2,false,e85ee4731ac58b8383725dcd034ced8849aa474d3e5974a4e90a1d43492f6b3a,zero,half,15,972,61,73,71,0,0,0.3462955821548542,-inf,0.8840373595432012,0.3743846153374959,"{""n"":9,""t"":9.0}",1.0611108578628337,0.01131687242798354,2.848390069550442,3.0031167901532902,0.8997917644404597,0.5493496016080534,0.5618459195038064,false,0,false,plateau_area;selected_in_both_halves
none,1D,K,short,mr_stochastic_k,972,2,false,e85ee4731ac58b8383725dcd034ced8849aa474d3e5974a4e90a1d43492f6b3a,worst0,full,30,972,195,184,71,0,0,0.3462955821548542,-inf,0.8840373595432012,0.3743846153374959,"{""n"":5,""t"":18.0}",0.9241131524996101,0.015432098765432098,1.6474372682922258,1.5363094276296918,0.3091136422836724,0.6218511931309618,2.138188991284725,true,0,false,plateau_area
none,1D,K,short,mr_stochastic_k,972,2,false,e85ee4731ac58b8383725dcd034ced8849aa474d3e5974a4e90a1d43492f6b3a,worst0,half,15,972,61,73,71,0,0,0.3462955821548542,-inf,0.8840373595432012,0.3743846153374959,"{""n"":9,""t"":9.0}",1.0611108578628337,0.01131687242798354,2.848390069550442,3.0031167901532902,0.8997917644404597,0.5493496016080534,0.5618459195038064,false,0,false,plateau_area;selected_in_both_halves
none,1D,K,short,mr_stochastic_k,972,2,false,e85ee4731ac58b8383725dcd034ced8849aa474d3e5974a4e90a1d43492f6b3a,neginf,full,30,972,195,184,71,0,0,0.3462955821548542,-inf,0.8840373595432012,0.3743846153374959,"{""n"":5,""t"":18.0}",0.9241131524996101,0.015432098765432098,1.6474372682922258,1.5363094276296918,0.3091136422836724,0.6218511931309618,2.138188991284725,true,0,false,plateau_area
none,1D,K,short,mr_stochastic_k,972,2,false,e85ee4731ac58b8383725dcd034ced8849aa474d3e5974a4e90a1d43492f6b3a,neginf,half,15,972,61,73,71,0,0,0.3462955821548542,-inf,0.8840373595432012,0.3743846153374959,"{""n"":9,""t"":9.0}",1.0611108578628337,0.0102880658436214,2.848390069550442,3.0031167901532902,0.8997917644404597,0.5493496016080534,0.5618459195038064,false,0,false,plateau_area;selected_in_both_halves
random_walk,1D,K,short,mr_stochastic_k,972,2,false,e85ee4731ac58b8383725dcd034ced8849aa474d3e5974a4e90a1d43492f6b3a,skip,full,30,972,218,320,133,0,0,-0.39738595476657684,-inf,0.22343718713278063,-0.34814485204256734,"{""n"":21,""t"":14.0}",0.5269589378195674,0.00205761316872428,0.47502566126475976,0.2752864227157425,0.13361899182854026,0.3880967007365539,NaN,false,0,false,spp_median_target;stability_ratio;plateau_area;selected_in_both_halves
random_walk,1D,K,short,mr_stochastic_k,972,2,false,e85ee4731ac58b8383725dcd034ced8849aa474d3e5974a4e90a1d43492f6b3a,skip,half,15,972,99,164,133,0,0,-0.39738595476657684,-inf,0.22343718713278063,-0.34814485204256734,"{""n"":3,""t"":15.0}",2.490454695166238,0.00102880658436214,0.26060678763842504,0.5713448758207302,0.0624757724814218,0.21324995608113548,4.016653048278611,true,0,false,spp_median_target;plateau_area
random_walk,1D,K,short,mr_stochastic_k,972,2,false,e85ee4731ac58b8383725dcd034ced8849aa474d3e5974a4e90a1d43492f6b3a,worst,full,30,972,218,320,133,0,0,-0.39738595476657684,-inf,0.22343718713278063,-0.34814485204256734,"{""n"":21,""t"":14.0}",0.5269589378195674,0.00205761316872428,0.47502566126475976,0.2752864227157425,0.13361899182854026,-0.6187339603780191,NaN,false,0,false,spp_median_target;stability_ratio;plateau_area;selected_in_both_halves
random_walk,1D,K,short,mr_stochastic_k,972,2,false,e85ee4731ac58b8383725dcd034ced8849aa474d3e5974a4e90a1d43492f6b3a,worst,half,15,972,99,164,133,0,0,-0.39738595476657684,-inf,0.22343718713278063,-0.34814485204256734,"{""n"":9,""t"":10.0}",0.5020031522103026,0.0030864197530864196,0.7856905819987068,0.43789375251123236,0.5256277114233585,-0.5613798931366598,NaN,false,0,false,spp_median_target;stability_ratio;plateau_area;selected_in_both_halves
random_walk,1D,K,short,mr_stochastic_k,972,2,false,e85ee4731ac58b8383725dcd034ced8849aa474d3e5974a4e90a1d43492f6b3a,zero,full,30,972,218,320,133,0,0,-0.39738595476657684,-inf,0.22343718713278063,-0.34814485204256734,"{""n"":21,""t"":14.0}",0.5269589378195674,0.00205761316872428,0.47502566126475976,0.2752864227157425,0.13361899182854026,0.043121855637394874,NaN,false,0,false,spp_median_target;stability_ratio;plateau_area;selected_in_both_halves
random_walk,1D,K,short,mr_stochastic_k,972,2,false,e85ee4731ac58b8383725dcd034ced8849aa474d3e5974a4e90a1d43492f6b3a,zero,half,15,972,99,164,133,0,0,-0.39738595476657684,-inf,0.22343718713278063,-0.34814485204256734,"{""n"":9,""t"":10.0}",0.5020031522103026,0.0030864197530864196,0.7856905819987068,0.43789375251123236,0.5256277114233585,0.10047592287875422,NaN,false,0,false,spp_median_target;stability_ratio;plateau_area;selected_in_both_halves
random_walk,1D,K,short,mr_stochastic_k,972,2,false,e85ee4731ac58b8383725dcd034ced8849aa474d3e5974a4e90a1d43492f6b3a,worst0,full,30,972,218,320,133,0,0,-0.39738595476657684,-inf,0.22343718713278063,-0.34814485204256734,"{""n"":21,""t"":14.0}",0.5269589378195674,0.00205761316872428,0.47502566126475976,0.2752864227157425,0.13361899182854026,-0.6187339603780191,NaN,false,0,false,spp_median_target;stability_ratio;plateau_area;selected_in_both_halves
random_walk,1D,K,short,mr_stochastic_k,972,2,false,e85ee4731ac58b8383725dcd034ced8849aa474d3e5974a4e90a1d43492f6b3a,worst0,half,15,972,99,164,133,0,0,-0.39738595476657684,-inf,0.22343718713278063,-0.34814485204256734,"{""n"":9,""t"":10.0}",0.5020031522103026,0.0030864197530864196,0.7856905819987068,0.43789375251123236,0.5256277114233585,-0.5613798931366598,NaN,false,0,false,spp_median_target;stability_ratio;plateau_area;selected_in_both_halves
random_walk,1D,K,short,mr_stochastic_k,972,2,false,e85ee4731ac58b8383725dcd034ced8849aa474d3e5974a4e90a1d43492f6b3a,neginf,full,30,972,218,320,133,0,0,-0.39738595476657684,-inf,0.22343718713278063,-0.34814485204256734,"{""n"":21,""t"":14.0}",0.5269589378195674,0.00205761316872428,0.47502566126475976,0.2752864227157425,0.13361899182854026,-inf,NaN,false,0,false,spp_median_target;stability_ratio;plateau_area;selected_in_both_halves
random_walk,1D,K,short,mr_stochastic_k,972,2,false,e85ee4731ac58b8383725dcd034ced8849aa474d3e5974a4e90a1d43492f6b3a,neginf,half,15,972,99,164,133,0,0,-0.39738595476657684,-inf,0.22343718713278063,-0.34814485204256734,"{""n"":9,""t"":10.0}",0.5020031522103026,0.0030864197530864196,0.7856905819987068,0.43789375251123236,0.5256277114233585,-inf,NaN,false,0,false,spp_median_target;stability_ratio;plateau_area;selected_in_both_halves
none,1D,K,short,mr_macd_hist_falling,3,1,true,b5cf78fa4d88516b122ecbd50a41da94f5354bdfe8a9ce28eecce0a8d8558863,skip,full,30,3,1,1,0,0,0,0.005687749512769437,-0.0693551803898231,0.39323272832381306,0.005687749512769437,"{""k"":4}",1.8486385792175897,1.0,0.8441440583340685,1.2023306654938655,-0.49876707579810026,-0.2611389255005371,NaN,false,0,false,selected_in_both_halves
none,1D,K,short,mr_macd_hist_falling,3,1,true,b5cf78fa4d88516b122ecbd50a41da94f5354bdfe8a9ce28eecce0a8d8558863,skip,half,15,3,0,0,0,0,0,0.005687749512769437,-0.0693551803898231,0.39323272832381306,0.005687749512769437,"{""k"":6}",1.6163001195664368,1.0,0.9654873211741531,1.2630022969139079,-0.42874725600067287,-0.22612901560182339,NaN,false,0,false,selected_in_both_halves
none,1D,K,short,mr_macd_hist_falling,3,1,true,b5cf78fa4d88516b122ecbd50a41da94f5354bdfe8a9ce28eecce0a8d8558863,worst,full,30,3,1,1,0,0,0,0.005687749512769437,-0.0693551803898231,0.39323272832381306,0.005687749512769437,"{""k"":4}",1.8486385792175897,1.0,0.8441440583340685,1.2023306654938655,-0.49876707579810026,-0.2611389255005371,NaN,false,0,false,selected_in_both_halves
none,1D,K,short,mr_macd_hist_falling,3,1,true,b5cf78fa4d88516b122ecbd50a41da94f5354bdfe8a9ce28eecce0a8d8558863,worst,half,15,3,0,0,0,0,0,0.005687749512769437,-0.0693551803898231,0.39323272832381306,0.005687749512769437,"{""k"":6}",1.6163001195664368,1.0,0.9654873211741531,1.2630022969139079,-0.42874725600067287,-0.22612901560182339,NaN,false,0,false,selected_in_both_halves
none,1D,K,short,mr_macd_hist_falling,3,1,true,b5cf78fa4d88516b122ecbd50a41da94f5354bdfe8a9ce28eecce0a8d8558863,zero,full,30,3,1,1,0,0,0,0.005687749512769437,-0.0693551803898231,0.39323272832381306,0.005687749512769437,"{""k"":4}",1.8486385792175897,0.3333333333333333,0.8441440583340685,1.2023306654938655,-0.49876707579810026,-0.2611389255005371,NaN,false,0,false,selected_in_both_halves
none,1D,K,short,mr_macd_hist_falling,3,1,true,b5cf78fa4d88516b122ecbd50a41da94f5354bdfe8a9ce28eecce0a8d8558863,zero,half,15,3,0,0,0,0,0,0.005687749512769437,-0.0693551803898231,0.39323272832381306,0.005687749512769437,"{""k"":6}",1.6163001195664368,1.0,0.9654873211741531,1.2630022969139079,-0.42874725600067287,-0.22612901560182339,NaN,false,0,false,selected_in_both_halves
none,1D,K,short,mr_macd_hist_falling,3,1,true,b5cf78fa4d88516b122ecbd50a41da94f5354bdfe8a9ce28eecce0a8d8558863,worst0,full,30,3,1,1,0,0,0,0.005687749512769437,-0.0693551803898231,0.39323272832381306,0.005687749512769437,"{""k"":4}",1.8486385792175897,0.3333333333333333,0.8441440583340685,1.2023306654938655,-0.49876707579810026,-0.2611389255005371,NaN,false,0,false,selected_in_both_halves
none,1D,K,short,mr_macd_hist_falling,3,1,true,b5cf78fa4d88516b122ecbd50a41da94f5354bdfe8a9ce28eecce0a8d8558863,worst0,half,15,3,0,0,0,0,0,0.005687749512769437,-0.0693551803898231,0.39323272832381306,0.005687749512769437,"{""k"":6}",1.6163001195664368,1.0,0.9654873211741531,1.2630022969139079,-0.42874725600067287,-0.22612901560182339,NaN,false,0,false,selected_in_both_halves
none,1D,K,short,mr_macd_hist_falling,3,1,true,b5cf78fa4d88516b122ecbd50a41da94f5354bdfe8a9ce28eecce0a8d8558863,neginf,full,30,3,1,1,0,0,0,0.005687749512769437,-0.0693551803898231,0.39323272832381306,0.005687749512769437,"{""k"":4}",1.8486385792175897,0.3333333333333333,0.8441440583340685,1.2023306654938655,-0.49876707579810026,-0.2611389255005371,NaN,false,0,false,selected_in_both_halves
none,1D,K,short,mr_macd_hist_falling,3,1,true,b5cf78fa4d88516b122ecbd50a41da94f5354bdfe8a9ce28eecce0a8d8558863,neginf,half,15,3,0,0,0,0,0,0.005687749512769437,-0.0693551803898231,0.39323272832381306,0.005687749512769437,"{""k"":6}",1.6163001195664368,1.0,0.9654873211741531,1.2630022969139079,-0.42874725600067287,-0.22612901560182339,NaN,false,0,false,selected_in_both_halves
random_walk,1D,K,short,mr_macd_hist_falling,3,1,true,b5cf78fa4d88516b122ecbd50a41da94f5354bdfe8a9ce28eecce0a8d8558863,skip,full,30,3,1,1,0,0,0,-0.2876826186192823,-0.3505460310027155,-0.14307866848234613,-0.2876826186192823,"{""k"":4}",NaN,0.0,-0.5021002363076483,-0.4701277742909373,-0.2829064494048893,-0.24022136661557542,NaN,false,0,false,spp_median_target;stability_ratio;plateau_area;selected_in_both_halves
random_walk,1D,K,short,mr_macd_hist_falling,3,1,true,b5cf78fa4d88516b122ecbd50a41da94f5354bdfe8a9ce28eecce0a8d8558863,skip,half,15,3,0,0,0,0,0,-0.2876826186192823,-0.3505460310027155,-0.14307866848234613,-0.2876826186192823,"{""k"":6}",NaN,0.0,-0.09933853389792464,-0.26874692308607545,-0.18303364598464214,-0.19028496490545183,NaN,false,0,false,spp_median_target;stability_ratio;plateau_area;selected_in_both_halves
random_walk,1D,K,short,mr_macd_hist_falling,3,1,true,b5cf78fa4d88516b122ecbd50a41da94f5354bdfe8a9ce28eecce0a8d8558863,worst,full,30,3,1,1,0,0,0,-0.2876826186192823,-0.3505460310027155,-0.14307866848234613,-0.2876826186192823,"{""k"":4}",NaN,0.0,-0.5021002363076483,-0.4701277742909373,-0.2829064494048893,-0.24022136661557542,NaN,false,0,false,spp_median_target;stability_ratio;plateau_area;selected_in_both_halves
random_walk,1D,K,short,mr_macd_hist_falling,3,1,true,b5cf78fa4d88516b122ecbd50a41da94f5354bdfe8a9ce28eecce0a8d8558863,worst,half,15,3,0,0,0,0,0,-0.2876826186192823,-0.3505460310027155,-0.14307866848234613,-0.2876826186192823,"{""k"":6}",NaN,0.0,-0.09933853389792464,-0.26874692308607545,-0.18303364598464214,-0.19028496490545183,NaN,false,0,false,spp_median_target;stability_ratio;plateau_area;selected_in_both_halves
random_walk,1D,K,short,mr_macd_hist_falling,3,1,true,b5cf78fa4d88516b122ecbd50a41da94f5354bdfe8a9ce28eecce0a8d8558863,zero,full,30,3,1,1,0,0,0,-0.2876826186192823,-0.3505460310027155,-0.14307866848234613,-0.2876826186192823,"{""k"":5}",NaN,0.0,-0.4381553122742262,-0.31341851619395816,-0.1975362838262615,-0.16014757774371693,NaN,false,0,false,spp_median_target;stability_ratio;plateau_area;selected_in_both_halves
random_walk,1D,K,short,mr_macd_hist_falling,3,1,true,b5cf78fa4d88516b122ecbd50a41da94f5354bdfe8a9ce28eecce0a8d8558863,zero,half,15,3,0,0,0,0,0,-0.2876826186192823,-0.3505460310027155,-0.14307866848234613,-0.2876826186192823,"{""k"":6}",NaN,0.0,-0.09933853389792464,-0.26874692308607545,-0.18303364598464214,-0.19028496490545183,NaN,false,0,false,spp_median_target;stability_ratio;plateau_area;selected_in_both_halves
random_walk,1D,K,short,mr_macd_hist_falling,3,1,true,b5cf78fa4d88516b122ecbd50a41da94f5354bdfe8a9ce28eecce0a8d8558863,worst0,full,30,3,1,1,0,0,0,-0.2876826186192823,-0.3505460310027155,-0.14307866848234613,-0.2876826186192823,"{""k"":4}",NaN,0.0,-0.5021002363076483,-0.4701277742909373,-0.2829064494048893,-0.24022136661557542,NaN,false,0,false,spp_median_target;stability_ratio;plateau_area;selected_in_both_halves
random_walk,1D,K,short,mr_macd_hist_falling,3,1,true,b5cf78fa4d88516b122ecbd50a41da94f5354bdfe8a9ce28eecce0a8d8558863,worst0,half,15,3,0,0,0,0,0,-0.2876826186192823,-0.3505460310027155,-0.14307866848234613,-0.2876826186192823,"{""k"":6}",NaN,0.0,-0.09933853389792464,-0.26874692308607545,-0.18303364598464214,-0.19028496490545183,NaN,false,0,false,spp_median_target;stability_ratio;plateau_area;selected_in_both_halves
random_walk,1D,K,short,mr_macd_hist_falling,3,1,true,b5cf78fa4d88516b122ecbd50a41da94f5354bdfe8a9ce28eecce0a8d8558863,neginf,full,30,3,1,1,0,0,0,-0.2876826186192823,-0.3505460310027155,-0.14307866848234613,-0.2876826186192823,"{""k"":4}",NaN,0.0,-0.5021002363076483,-0.4701277742909373,-0.2829064494048893,-0.24022136661557542,NaN,false,0,false,spp_median_target;stability_ratio;plateau_area;selected_in_both_halves
random_walk,1D,K,short,mr_macd_hist_falling,3,1,true,b5cf78fa4d88516b122ecbd50a41da94f5354bdfe8a9ce28eecce0a8d8558863,neginf,half,15,3,0,0,0,0,0,-0.2876826186192823,-0.3505460310027155,-0.14307866848234613,-0.2876826186192823,"{""k"":6}",NaN,0.0,-0.09933853389792464,-0.26874692308607545,-0.18303364598464214,-0.19028496490545183,NaN,false,0,false,spp_median_target;stability_ratio;plateau_area;selected_in_both_halves
none,1D,LEN,short,mr_stochastic_k,338,2,false,d48c06f5bd0984fc95edf64fcafe1c2cd05104f3c195a6fcb8a31525b2d1fb47,skip,full,30,338,82,77,40,0,0,0.31495150322371535,-inf,1.1731073305791728,0.4089966686765817,"{""n"":5,""t"":11.0}",0.8224941947224719,0.029585798816568046,1.514058296124496,1.3124926933064704,1.2683054216656804,1.5443306213440091,1.2720413346059636,true,0,false,plateau_area
none,1D,LEN,short,mr_stochastic_k,338,2,false,d48c06f5bd0984fc95edf64fcafe1c2cd05104f3c195a6fcb8a31525b2d1fb47,skip,half,15,338,45,31,40,0,0,0.31495150322371535,-inf,1.1731073305791728,0.4089966686765817,"{""n"":6,""t"":11.0}",0.8634013694567466,0.047337278106508875,1.2610975458924338,1.107973814558777,1.4802437758781335,1.690885659425524,1.1600899276541352,true,1,false,plateau_area
none,1D,LEN,short,mr_stochastic_k,338,2,false,d48c06f5bd0984fc95edf64fcafe1c2cd05104f3c195a6fcb8a31525b2d1fb47,worst,full,30,338,82,77,40,0,0,0.31495150322371535,-inf,1.1731073305791728,0.4089966686765817,"{""n"":5,""t"":13.0}",0.6474427235305806,0.014792899408284023,1.398265030531646,0.9600707985790533,0.850030819258657,1.2710189795213869,1.5571700102693045,true,0,false,stability_ratio;plateau_area
none,1D,LEN,short,mr_stochastic_k,338,2,false,d48c06f5bd0984fc95edf64fcafe1c2cd05104f3c195a6fcb8a31525b2d1fb47,worst,half,15,338,45,31,40,0,0,0.31495150322371535,-inf,1.1731073305791728,0.4089966686765817,"{""n"":6,""t"":11.0}",0.8634013694567466,0.029585798816568046,1.2610975458924338,1.107973814558777,1.4802437758781335,1.690885659425524,1.1600899276541352,true,1,false,plateau_area
none,1D,LEN,short,mr_stochastic_k,338,2,false,d48c06f5bd0984fc95edf64fcafe1c2cd05104f3c195a6fcb8a31525b2d1fb47,zero,full,30,338,82,77,40,0,0,0.31495150322371535,-inf,1.1731073305791728,0.4089966686765817,"{""n"":5,""t"":13.0}",0.6474427235305806,0.020710059171597635,1.398265030531646,0.9600707985790533,0.850030819258657,1.2710189795213869,1.5571700102693045,true,0,false,stability_ratio;plateau_area
none,1D,LEN,short,mr_stochastic_k,338,2,false,d48c06f5bd0984fc95edf64fcafe1c2cd05104f3c195a6fcb8a31525b2d1fb47,zero,half,15,338,45,31,40,0,0,0.31495150322371535,-inf,1.1731073305791728,0.4089966686765817,"{""n"":6,""t"":11.0}",0.8634013694567466,0.029585798816568046,1.2610975458924338,1.107973814558777,1.4802437758781335,1.690885659425524,1.1600899276541352,true,1,false,plateau_area
none,1D,LEN,short,mr_stochastic_k,338,2,false,d48c06f5bd0984fc95edf64fcafe1c2cd05104f3c195a6fcb8a31525b2d1fb47,worst0,full,30,338,82,77,40,0,0,0.31495150322371535,-inf,1.1731073305791728,0.4089966686765817,"{""n"":5,""t"":13.0}",0.6474427235305806,0.014792899408284023,1.398265030531646,0.9600707985790533,0.850030819258657,1.2710189795213869,1.5571700102693045,true,0,false,stability_ratio;plateau_area
none,1D,LEN,short,mr_stochastic_k,338,2,false,d48c06f5bd0984fc95edf64fcafe1c2cd05104f3c195a6fcb8a31525b2d1fb47,worst0,half,15,338,45,31,40,0,0,0.31495150322371535,-inf,1.1731073305791728,0.4089966686765817,"{""n"":6,""t"":11.0}",0.8634013694567466,0.029585798816568046,1.2610975458924338,1.107973814558777,1.4802437758781335,1.690885659425524,1.1600899276541352,true,1,false,plateau_area
none,1D,LEN,short,mr_stochastic_k,338,2,false,d48c06f5bd0984fc95edf64fcafe1c2cd05104f3c195a6fcb8a31525b2d1fb47,neginf,full,30,338,82,77,40,0,0,0.31495150322371535,-inf,1.1731073305791728,0.4089966686765817,"{""n"":5,""t"":13.0}",0.6474427235305806,0.011834319526627219,1.398265030531646,0.9600707985790533,0.850030819258657,1.2710189795213869,1.5571700102693045,true,0,false,stability_ratio;plateau_area
none,1D,LEN,short,mr_stochastic_k,338,2,false,d48c06f5bd0984fc95edf64fcafe1c2cd05104f3c195a6fcb8a31525b2d1fb47,neginf,half,15,338,45,31,40,0,0,0.31495150322371535,-inf,1.1731073305791728,0.4089966686765817,"{""n"":6,""t"":11.0}",0.8634013694567466,0.029585798816568046,1.2610975458924338,1.107973814558777,1.4802437758781335,1.690885659425524,1.1600899276541352,true,1,false,plateau_area
random_walk,1D,LEN,short,mr_stochastic_k,338,2,false,d48c06f5bd0984fc95edf64fcafe1c2cd05104f3c195a6fcb8a31525b2d1fb47,skip,full,30,338,126,125,67,0,0,-0.4894741164171342,-inf,-0.11859292215989499,-0.4638095053850036,"{""n"":13,""t"":15.0}",1.0935902504946424,0.01775147928994083,0.7822786720823897,0.8473574781951071,-0.8418206357598504,-0.7691900591088418,NaN,false,0,false,spp_median_target;plateau_area;selected_in_both_halves
random_walk,1D,LEN,short,mr_stochastic_k,338,2,false,d48c06f5bd0984fc95edf64fcafe1c2cd05104f3c195a6fcb8a31525b2d1fb47,skip,half,15,338,64,70,67,0,0,-0.4894741164171342,-inf,-0.11859292215989499,-0.4638095053850036,"{""n"":13,""t"":15.0}",1.0935902504946424,0.01775147928994083,0.7822786720823897,0.8473574781951071,-0.8418206357598504,-0.7691900591088418,NaN,false,0,false,spp_median_target;plateau_area;selected_in_both_halves
random_walk,1D,LEN,short,mr_stochastic_k,338,2,false,d48c06f5bd0984fc95edf64fcafe1c2cd05104f3c195a6fcb8a31525b2d1fb47,worst,full,30,338,126,125,67,0,0,-0.4894741164171342,-inf,-0.11859292215989499,-0.4638095053850036,"{""n"":13,""t"":15.0}",1.0935902504946424,0.01775147928994083,0.7822786720823897,0.8473574781951071,-0.8418206357598504,-0.7691900591088418,NaN,false,0,false,spp_median_target;plateau_area;selected_in_both_halves
random_walk,1D,LEN,short,mr_stochastic_k,338,2,false,d48c06f5bd0984fc95edf64fcafe1c2cd05104f3c195a6fcb8a31525b2d1fb47,worst,half,15,338,64,70,67,0,0,-0.4894741164171342,-inf,-0.11859292215989499,-0.4638095053850036,"{""n"":13,""t"":15.0}",1.0935902504946424,0.01775147928994083,0.7822786720823897,0.8473574781951071,-0.8418206357598504,-0.7691900591088418,NaN,false,0,false,spp_median_target;plateau_area;selected_in_both_halves
random_walk,1D,LEN,short,mr_stochastic_k,338,2,false,d48c06f5bd0984fc95edf64fcafe1c2cd05104f3c195a6fcb8a31525b2d1fb47,zero,full,30,338,126,125,67,0,0,-0.4894741164171342,-inf,-0.11859292215989499,-0.4638095053850036,"{""n"":13,""t"":15.0}",1.0935902504946424,0.01775147928994083,0.7822786720823897,0.8473574781951071,-0.8418206357598504,-0.7691900591088418,NaN,false,0,false,spp_median_target;plateau_area;selected_in_both_halves
random_walk,1D,LEN,short,mr_stochastic_k,338,2,false,d48c06f5bd0984fc95edf64fcafe1c2cd05104f3c195a6fcb8a31525b2d1fb47,zero,half,15,338,64,70,67,0,0,-0.4894741164171342,-inf,-0.11859292215989499,-0.4638095053850036,"{""n"":13,""t"":15.0}",1.0935902504946424,0.01775147928994083,0.7822786720823897,0.8473574781951071,-0.8418206357598504,-0.7691900591088418,NaN,false,0,false,spp_median_target;plateau_area;selected_in_both_halves
random_walk,1D,LEN,short,mr_stochastic_k,338,2,false,d48c06f5bd0984fc95edf64fcafe1c2cd05104f3c195a6fcb8a31525b2d1fb47,worst0,full,30,338,126,125,67,0,0,-0.4894741164171342,-inf,-0.11859292215989499,-0.4638095053850036,"{""n"":13,""t"":15.0}",1.0935902504946424,0.01775147928994083,0.7822786720823897,0.8473574781951071,-0.8418206357598504,-0.7691900591088418,NaN,false,0,false,spp_median_target;plateau_area;selected_in_both_halves
random_walk,1D,LEN,short,mr_stochastic_k,338,2,false,d48c06f5bd0984fc95edf64fcafe1c2cd05104f3c195a6fcb8a31525b2d1fb47,worst0,half,15,338,64,70,67,0,0,-0.4894741164171342,-inf,-0.11859292215989499,-0.4638095053850036,"{""n"":13,""t"":15.0}",1.0935902504946424,0.01775147928994083,0.7822786720823897,0.8473574781951071,-0.8418206357598504,-0.7691900591088418,NaN,false,0,false,spp_median_target;plateau_area;selected_in_both_halves
random_walk,1D,LEN,short,mr_stochastic_k,338,2,false,d48c06f5bd0984fc95edf64fcafe1c2cd05104f3c195a6fcb8a31525b2d1fb47,neginf,full,30,338,126,125,67,0,0,-0.4894741164171342,-inf,-0.11859292215989499,-0.4638095053850036,"{""n"":13,""t"":15.0}",1.0935902504946424,0.01775147928994083,0.7822786720823897,0.8473574781951071,-0.8418206357598504,-0.7691900591088418,NaN,false,0,false,spp_median_target;plateau_area;selected_in_both_halves
random_walk,1D,LEN,short,mr_stochastic_k,338,2,false,d48c06f5bd0984fc95edf64fcafe1c2cd05104f3c195a6fcb8a31525b2d1fb47,neginf,half,15,338,64,70,67,0,0,-0.4894741164171342,-inf,-0.11859292215989499,-0.4638095053850036,"{""n"":13,""t"":15.0}",1.0935902504946424,0.01775147928994083,0.7822786720823897,0.8473574781951071,-0.8418206357598504,-0.7691900591088418,NaN,false,0,false,spp_median_target;plateau_area;selected_in_both_halves
none,1D,MSFT,long,mr_ibs_after_new_high,319,2,false,c4591491ed6288c26148e5faa3e2fc1c3fbb0892df64ec625ceeffb7cf29a7b2,skip,full,30,319,282,293,101,0,0,1.3812056861208604,-inf,2.3504235346234483,1.588705883787716,"{""n"":4,""t"":18.0}",1.3556577556018579,0.07836990595611286,1.3532295801540917,1.7810398870800017,1.1179522374700492,1.2057311124652057,1.0897343472447467,true,2,false,plateau_area
none,1D,MSFT,long,mr_ibs_after_new_high,319,2,false,c4591491ed6288c26148e5faa3e2fc1c3fbb0892df64ec625ceeffb7cf29a7b2,skip,half,15,319,126,98,101,0,0,1.3812056861208604,-inf,2.3504235346234483,1.588705883787716,"{""n"":18,""t"":18.0}",1.0090662429222623,0.22570532915360503,3.395619971668135,3.4229848743657603,0.8048582663150828,1.201930622942604,1.5550125033207858,true,12,true,""
none,1D,MSFT,long,mr_ibs_after_new_high,319,2,false,c4591491ed6288c26148e5faa3e2fc1c3fbb0892df64ec625ceeffb7cf29a7b2,worst,full,30,319,282,293,101,0,0,1.3812056861208604,-inf,2.3504235346234483,1.588705883787716,"{""n"":4,""t"":18.0}",1.3556577556018579,0.050156739811912224,1.3532295801540917,1.7810398870800017,1.1179522374700492,1.152395865701266,1.0346607667674683,true,0,false,plateau_area
none,1D,MSFT,long,mr_ibs_after_new_high,319,2,false,c4591491ed6288c26148e5faa3e2fc1c3fbb0892df64ec625ceeffb7cf29a7b2,worst,half,15,319,126,98,101,0,0,1.3812056861208604,-inf,2.3504235346234483,1.588705883787716,"{""n"":18,""t"":18.0}",1.0090662429222623,0.11285266457680251,3.395619971668135,3.4229848743657603,0.8048582663150828,1.201930622942604,1.5550125033207858,true,12,true,""
none,1D,MSFT,long,mr_ibs_after_new_high,319,2,false,c4591491ed6288c26148e5faa3e2fc1c3fbb0892df64ec625ceeffb7cf29a7b2,zero,full,30,319,282,293,101,0,0,1.3812056861208604,-inf,2.3504235346234483,1.588705883787716,"{""n"":4,""t"":18.0}",1.3556577556018579,0.047021943573667714,1.3532295801540917,1.7810398870800017,1.1179522374700492,1.0717609888579607,0.9535175538391533,true,0,false,plateau_area
none,1D,MSFT,long,mr_ibs_after_new_high,319,2,false,c4591491ed6288c26148e5faa3e2fc1c3fbb0892df64ec625ceeffb7cf29a7b2,zero,half,15,319,126,98,101,0,0,1.3812056861208604,-inf,2.3504235346234483,1.588705883787716,"{""n"":18,""t"":18.0}",1.0090662429222623,0.11285266457680251,3.395619971668135,3.4229848743657603,0.8048582663150828,1.201930622942604,1.5550125033207858,true,12,true,""
none,1D,MSFT,long,mr_ibs_after_new_high,319,2,false,c4591491ed6288c26148e5faa3e2fc1c3fbb0892df64ec625ceeffb7cf29a7b2,worst0,full,30,319,282,293,101,0,0,1.3812056861208604,-inf,2.3504235346234483,1.588705883787716,"{""n"":4,""t"":18.0}",1.3556577556018579,0.047021943573667714,1.3532295801540917,1.7810398870800017,1.1179522374700492,1.0717609888579607,0.9535175538391533,true,0,false,plateau_area
none,1D,MSFT,long,mr_ibs_after_new_high,319,2,false,c4591491ed6288c26148e5faa3e2fc1c3fbb0892df64ec625ceeffb7cf29a7b2,worst0,half,15,319,126,98,101,0,0,1.3812056861208604,-inf,2.3504235346234483,1.588705883787716,"{""n"":18,""t"":18.0}",1.0090662429222623,0.11285266457680251,3.395619971668135,3.4229848743657603,0.8048582663150828,1.201930622942604,1.5550125033207858,true,12,true,""
none,1D,MSFT,long,mr_ibs_after_new_high,319,2,false,c4591491ed6288c26148e5faa3e2fc1c3fbb0892df64ec625ceeffb7cf29a7b2,neginf,full,30,319,282,293,101,0,0,1.3812056861208604,-inf,2.3504235346234483,1.588705883787716,"{""n"":4,""t"":18.0}",1.3556577556018579,0.047021943573667714,1.3532295801540917,1.7810398870800017,1.1179522374700492,-inf,-inf,false,0,false,plateau_area;selected_in_both_halves
none,1D,MSFT,long,mr_ibs_after_new_high,319,2,false,c4591491ed6288c26148e5faa3e2fc1c3fbb0892df64ec625ceeffb7cf29a7b2,neginf,half,15,319,126,98,101,0,0,1.3812056861208604,-inf,2.3504235346234483,1.588705883787716,"{""n"":18,""t"":18.0}",1.0090662429222623,0.11285266457680251,3.395619971668135,3.4229848743657603,0.8048582663150828,1.201930622942604,1.5550125033207858,true,12,true,""
random_walk,1D,MSFT,long,mr_ibs_after_new_high,319,2,false,c4591491ed6288c26148e5faa3e2fc1c3fbb0892df64ec625ceeffb7cf29a7b2,skip,full,30,319,121,14,0,0,0,0.5218393347183131,0.2860765799027649,0.8832073545140452,0.5218393347183131,"{""n"":13,""t"":15.0}",1.001540194730606,0.109717868338558,1.4841592123173553,1.4861185502015193,0.287109828560024,0.200661328908825,0.6612635568925967,false,0,false,selected_in_both_halves
random_walk,1D,MSFT,long,mr_ibs_after_new_high,319,2,false,c4591491ed6288c26148e5faa3e2fc1c3fbb0892df64ec625ceeffb7cf29a7b2,skip,half,15,319,0,0,0,0,0,0.5218393347183131,0.2860765799027649,0.8832073545140452,0.5218393347183131,"{""n"":13,""t"":14.0}",0.9222293253188756,0.10658307210031348,1.7858700667275156,1.6624137822988725,0.12755102898536677,0.26193146703189174,2.185235383868871,true,0,true,""
random_walk,1D,MSFT,long,mr_ibs_after_new_high,319,2,false,c4591491ed6288c26148e5faa3e2fc1c3fbb0892df64ec625ceeffb7cf29a7b2,worst,full,30,319,121,14,0,0,0,0.5218393347183131,0.2860765799027649,0.8832073545140452,0.5218393347183131,"{""n"":13,""t"":16.0}",0.9345633979989335,0.06583072100313479,1.4029415554416083,1.3213382414912174,0.27350594763712643,0.24146681160193553,0.8682148291436385,true,0,false,plateau_area
random_walk,1D,MSFT,long,mr_ibs_after_new_high,319,2,false,c4591491ed6288c26148e5faa3e2fc1c3fbb0892df64ec625ceeffb7cf29a7b2,worst,half,15,319,0,0,0,0,0,0.5218393347183131,0.2860765799027649,0.8832073545140452,0.5218393347183131,"{""n"":13,""t"":14.0}",0.9222293253188756,0.10658307210031348,1.7858700667275156,1.6624137822988725,0.12755102898536677,0.26193146703189174,2.185235383868871,true,0,true,""
random_walk,1D,MSFT,long,mr_ibs_after_new_high,319,2,false,c4591491ed6288c26148e5faa3e2fc1c3fbb0892df64ec625ceeffb7cf29a7b2,zero,full,30,319,121,14,0,0,0,0.5218393347183131,0.2860765799027649,0.8832073545140452,0.5218393347183131,"{""n"":13,""t"":16.0}",0.9345633979989335,0.06583072100313479,1.4029415554416083,1.3213382414912174,0.27350594763712643,0.24146681160193553,0.8682148291436385,true,0,false,plateau_area
random_walk,1D,MSFT,long,mr_ibs_after_new_high,319,2,false,c4591491ed6288c26148e5faa3e2fc1c3fbb0892df64ec625ceeffb7cf29a7b2,zero,half,15,319,0,0,0,0,0,0.5218393347183131,0.2860765799027649,0.8832073545140452,0.5218393347183131,"{""n"":13,""t"":14.0}",0.9222293253188756,0.10658307210031348,1.7858700667275156,1.6624137822988725,0.12755102898536677,0.26193146703189174,2.185235383868871,true,0,true,""
random_walk,1D,MSFT,long,mr_ibs_after_new_high,319,2,false,c4591491ed6288c26148e5faa3e2fc1c3fbb0892df64ec625ceeffb7cf29a7b2,worst0,full,30,319,121,14,0,0,0,0.5218393347183131,0.2860765799027649,0.8832073545140452,0.5218393347183131,"{""n"":13,""t"":16.0}",0.9345633979989335,0.06583072100313479,1.4029415554416083,1.3213382414912174,0.27350594763712643,0.24146681160193553,0.8682148291436385,true,0,false,plateau_area
random_walk,1D,MSFT,long,mr_ibs_after_new_high,319,2,false,c4591491ed6288c26148e5faa3e2fc1c3fbb0892df64ec625ceeffb7cf29a7b2,worst0,half,15,319,0,0,0,0,0,0.5218393347183131,0.2860765799027649,0.8832073545140452,0.5218393347183131,"{""n"":13,""t"":14.0}",0.9222293253188756,0.10658307210031348,1.7858700667275156,1.6624137822988725,0.12755102898536677,0.26193146703189174,2.185235383868871,true,0,true,""
random_walk,1D,MSFT,long,mr_ibs_after_new_high,319,2,false,c4591491ed6288c26148e5faa3e2fc1c3fbb0892df64ec625ceeffb7cf29a7b2,neginf,full,30,319,121,14,0,0,0,0.5218393347183131,0.2860765799027649,0.8832073545140452,0.5218393347183131,"{""n"":13,""t"":16.0}",0.9345633979989335,0.05642633228840126,1.4029415554416083,1.3213382414912174,0.27350594763712643,0.24146681160193553,0.8682148291436385,true,0,false,plateau_area
random_walk,1D,MSFT,long,mr_ibs_after_new_high,319,2,false,c4591491ed6288c26148e5faa3e2fc1c3fbb0892df64ec625ceeffb7cf29a7b2,neginf,half,15,319,0,0,0,0,0,0.5218393347183131,0.2860765799027649,0.8832073545140452,0.5218393347183131,"{""n"":13,""t"":14.0}",0.9222293253188756,0.10658307210031348,1.7858700667275156,1.6624137822988725,0.12755102898536677,0.26193146703189174,2.185235383868871,true,0,true,""
none,1D,MSFT,long,mr_zscore,936,2,false,a6646729e395b4e523f755619b7dd750f4da8d29f89eb48800d0edf9d0224a23,skip,full,30,936,398,226,33,0,0,1.3829652120937383,0.21844647262521388,2.0110550949727863,1.3996980175408882,"{""n"":28,""t"":0.75}",1.0361658064698445,0.09722222222222222,3.0237316826742355,3.1148614283845135,0.8351189060954373,0.8546266048598157,1.0280310245000956,true,0,false,plateau_area
none,1D,MSFT,long,mr_zscore,936,2,false,a6646729e395b4e523f755619b7dd750f4da8d29f89eb48800d0edf9d0224a23,skip,half,15,936,93,6,33,0,0,1.3829652120937383,0.21844647262521388,2.0110550949727863,1.3996980175408882,"{""n"":28,""t"":0.75}",1.0361658064698445,0.09722222222222222,3.0237316826742355,3.1148614283845135,0.8351189060954373,0.8546266048598157,1.0280310245000956,true,0,false,plateau_area
none,1D,MSFT,long,mr_zscore,936,2,false,a6646729e395b4e523f755619b7dd750f4da8d29f89eb48800d0edf9d0224a23,worst,full,30,936,398,226,33,0,0,1.3829652120937383,0.21844647262521388,2.0110550949727863,1.3996980175408882,"{""n"":28,""t"":0.75}",1.0361658064698445,0.09722222222222222,3.0237316826742355,3.1148614283845135,0.8351189060954373,0.8546266048598157,1.0280310245000956,true,0,false,plateau_area
none,1D,MSFT,long,mr_zscore,936,2,false,a6646729e395b4e523f755619b7dd750f4da8d29f89eb48800d0edf9d0224a23,worst,half,15,936,93,6,33,0,0,1.3829652120937383,0.21844647262521388,2.0110550949727863,1.3996980175408882,"{""n"":28,""t"":0.75}",1.0361658064698445,0.09722222222222222,3.0237316826742355,3.1148614283845135,0.8351189060954373,0.8546266048598157,1.0280310245000956,true,0,false,plateau_area
none,1D,MSFT,long,mr_zscore,936,2,false,a6646729e395b4e523f755619b7dd750f4da8d29f89eb48800d0edf9d0224a23,zero,full,30,936,398,226,33,0,0,1.3829652120937383,0.21844647262521388,2.0110550949727863,1.3996980175408882,"{""n"":28,""t"":0.75}",1.0361658064698445,0.09722222222222222,3.0237316826742355,3.1148614283845135,0.8351189060954373,0.8546266048598157,1.0280310245000956,true,0,false,plateau_area
none,1D,MSFT,long,mr_zscore,936,2,false,a6646729e395b4e523f755619b7dd750f4da8d29f89eb48800d0edf9d0224a23,zero,half,15,936,93,6,33,0,0,1.3829652120937383,0.21844647262521388,2.0110550949727863,1.3996980175408882,"{""n"":28,""t"":0.75}",1.0361658064698445,0.09722222222222222,3.0237316826742355,3.1148614283845135,0.8351189060954373,0.8546266048598157,1.0280310245000956,true,0,false,plateau_area
none,1D,MSFT,long,mr_zscore,936,2,false,a6646729e395b4e523f755619b7dd750f4da8d29f89eb48800d0edf9d0224a23,worst0,full,30,936,398,226,33,0,0,1.3829652120937383,0.21844647262521388,2.0110550949727863,1.3996980175408882,"{""n"":28,""t"":0.75}",1.0361658064698445,0.09722222222222222,3.0237316826742355,3.1148614283845135,0.8351189060954373,0.8546266048598157,1.0280310245000956,true,0,false,plateau_area
none,1D,MSFT,long,mr_zscore,936,2,false,a6646729e395b4e523f755619b7dd750f4da8d29f89eb48800d0edf9d0224a23,worst0,half,15,936,93,6,33,0,0,1.3829652120937383,0.21844647262521388,2.0110550949727863,1.3996980175408882,"{""n"":28,""t"":0.75}",1.0361658064698445,0.09722222222222222,3.0237316826742355,3.1148614283845135,0.8351189060954373,0.8546266048598157,1.0280310245000956,true,0,false,plateau_area
none,1D,MSFT,long,mr_zscore,936,2,false,a6646729e395b4e523f755619b7dd750f4da8d29f89eb48800d0edf9d0224a23,neginf,full,30,936,398,226,33,0,0,1.3829652120937383,0.21844647262521388,2.0110550949727863,1.3996980175408882,"{""n"":28,""t"":0.75}",1.0361658064698445,0.09722222222222222,3.0237316826742355,3.1148614283845135,0.8351189060954373,0.8546266048598157,1.0280310245000956,true,0,false,plateau_area
none,1D,MSFT,long,mr_zscore,936,2,false,a6646729e395b4e523f755619b7dd750f4da8d29f89eb48800d0edf9d0224a23,neginf,half,15,936,93,6,33,0,0,1.3829652120937383,0.21844647262521388,2.0110550949727863,1.3996980175408882,"{""n"":28,""t"":0.75}",1.0361658064698445,0.09722222222222222,3.0237316826742355,3.1148614283845135,0.8351189060954373,0.8546266048598157,1.0280310245000956,true,0,false,plateau_area
random_walk,1D,MSFT,long,mr_zscore,936,2,false,a6646729e395b4e523f755619b7dd750f4da8d29f89eb48800d0edf9d0224a23,skip,full,30,936,79,194,2,0,0,-0.04871607845313903,-0.4087794814506539,0.37555112819510356,-0.048694007129395485,"{""n"":11,""t"":1.7}",1.1818492408659724,0.019230769230769232,0.6760327007832676,0.7853091749503879,-0.2774596746761266,-0.2970530451147329,NaN,false,0,false,spp_median_target;plateau_area;selected_in_both_halves
random_walk,1D,MSFT,long,mr_zscore,936,2,false,a6646729e395b4e523f755619b7dd750f4da8d29f89eb48800d0edf9d0224a23,skip,half,15,936,2,16,2,0,0,-0.04871607845313903,-0.4087794814506539,0.37555112819510356,-0.048694007129395485,"{""n"":11,""t"":1.7}",1.1818492408659724,0.017094017094017096,0.6760327007832676,0.7853091749503879,-0.2774596746761266,-0.2970530451147329,NaN,false,0,false,spp_median_target;plateau_area;selected_in_both_halves
random_walk,1D,MSFT,long,mr_zscore,936,2,false,a6646729e395b4e523f755619b7dd750f4da8d29f89eb48800d0edf9d0224a23,worst,full,30,936,79,194,2,0,0,-0.04871607845313903,-0.4087794814506539,0.37555112819510356,-0.048694007129395485,"{""n"":11,""t"":1.7}",1.1818492408659724,0.014957264957264958,0.6760327007832676,0.7853091749503879,-0.2774596746761266,-0.2970530451147329,NaN,false,0,false,spp_median_target;plateau_area;selected_in_both_halves
random_walk,1D,MSFT,long,mr_zscore,936,2,false,a6646729e395b4e523f755619b7dd750f4da8d29f89eb48800d0edf9d0224a23,worst,half,15,936,2,16,2,0,0,-0.04871607845313903,-0.4087794814506539,0.37555112819510356,-0.048694007129395485,"{""n"":11,""t"":1.7}",1.1818492408659724,0.017094017094017096,0.6760327007832676,0.7853091749503879,-0.2774596746761266,-0.2970530451147329,NaN,false,0,false,spp_median_target;plateau_area;selected_in_both_halves
random_walk,1D,MSFT,long,mr_zscore,936,2,false,a6646729e395b4e523f755619b7dd750f4da8d29f89eb48800d0edf9d0224a23,zero,full,30,936,79,194,2,0,0,-0.04871607845313903,-0.4087794814506539,0.37555112819510356,-0.048694007129395485,"{""n"":11,""t"":1.7}",1.1818492408659724,0.016025641025641024,0.6760327007832676,0.7853091749503879,-0.2774596746761266,-0.2970530451147329,NaN,false,0,false,spp_median_target;plateau_area;selected_in_both_halves
random_walk,1D,MSFT,long,mr_zscore,936,2,false,a6646729e395b4e523f755619b7dd750f4da8d29f89eb48800d0edf9d0224a23,zero,half,15,936,2,16,2,0,0,-0.04871607845313903,-0.4087794814506539,0.37555112819510356,-0.048694007129395485,"{""n"":11,""t"":1.7}",1.1818492408659724,0.017094017094017096,0.6760327007832676,0.7853091749503879,-0.2774596746761266,-0.2970530451147329,NaN,false,0,false,spp_median_target;plateau_area;selected_in_both_halves
random_walk,1D,MSFT,long,mr_zscore,936,2,false,a6646729e395b4e523f755619b7dd750f4da8d29f89eb48800d0edf9d0224a23,worst0,full,30,936,79,194,2,0,0,-0.04871607845313903,-0.4087794814506539,0.37555112819510356,-0.048694007129395485,"{""n"":11,""t"":1.7}",1.1818492408659724,0.014957264957264958,0.6760327007832676,0.7853091749503879,-0.2774596746761266,-0.2970530451147329,NaN,false,0,false,spp_median_target;plateau_area;selected_in_both_halves
random_walk,1D,MSFT,long,mr_zscore,936,2,false,a6646729e395b4e523f755619b7dd750f4da8d29f89eb48800d0edf9d0224a23,worst0,half,15,936,2,16,2,0,0,-0.04871607845313903,-0.4087794814506539,0.37555112819510356,-0.048694007129395485,"{""n"":11,""t"":1.7}",1.1818492408659724,0.017094017094017096,0.6760327007832676,0.7853091749503879,-0.2774596746761266,-0.2970530451147329,NaN,false,0,false,spp_median_target;plateau_area;selected_in_both_halves
random_walk,1D,MSFT,long,mr_zscore,936,2,false,a6646729e395b4e523f755619b7dd750f4da8d29f89eb48800d0edf9d0224a23,neginf,full,30,936,79,194,2,0,0,-0.04871607845313903,-0.4087794814506539,0.37555112819510356,-0.048694007129395485,"{""n"":11,""t"":1.7}",1.1818492408659724,0.014957264957264958,0.6760327007832676,0.7853091749503879,-0.2774596746761266,-0.2970530451147329,NaN,false,0,false,spp_median_target;plateau_area;selected_in_both_halves
random_walk,1D,MSFT,long,mr_zscore,936,2,false,a6646729e395b4e523f755619b7dd750f4da8d29f89eb48800d0edf9d0224a23,neginf,half,15,936,2,16,2,0,0,-0.04871607845313903,-0.4087794814506539,0.37555112819510356,-0.048694007129395485,"{""n"":11,""t"":1.7}",1.1818492408659724,0.017094017094017096,0.6760327007832676,0.7853091749503879,-0.2774596746761266,-0.2970530451147329,NaN,false,0,false,spp_median_target;plateau_area;selected_in_both_halves
none,1D,MSFT,long,mr_macd_hist_falling,3,1,true,06ac353cc59e7016a2deaac5c13e920b8f73cce52a0da1a0f323867f525d70e3,skip,full,30,3,0,0,0,0,0,1.1866629391781218,0.5694125117685205,1.625953621526027,1.1866629391781218,"{""k"":1}",1.2984375062787497,1.0,1.168802203055861,1.3432094104624108,2.073891531108346,1.5487691423514374,0.4935874119932701,false,0,false,selected_in_both_halves
none,1D,MSFT,long,mr_macd_hist_falling,3,1,true,06ac353cc59e7016a2deaac5c13e920b8f73cce52a0da1a0f323867f525d70e3,skip,half,15,3,0,0,0,0,0,1.1866629391781218,0.5694125117685205,1.625953621526027,1.1866629391781218,"{""k"":1}",1.2984375062787497,1.0,1.168802203055861,1.3432094104624108,2.073891531108346,1.5487691423514374,0.4935874119932701,false,0,false,selected_in_both_halves
none,1D,MSFT,long,mr_macd_hist_falling,3,1,true,06ac353cc59e7016a2deaac5c13e920b8f73cce52a0da1a0f323867f525d70e3,worst,full,30,3,0,0,0,0,0,1.1866629391781218,0.5694125117685205,1.625953621526027,1.1866629391781218,"{""k"":1}",1.2984375062787497,1.0,1.168802203055861,1.3432094104624108,2.073891531108346,1.5487691423514374,0.4935874119932701,false,0,false,selected_in_both_halves
none,1D,MSFT,long,mr_macd_hist_falling,3,1,true,06ac353cc59e7016a2deaac5c13e920b8f73cce52a0da1a0f323867f525d70e3,worst,half,15,3,0,0,0,0,0,1.1866629391781218,0.5694125117685205,1.625953621526027,1.1866629391781218,"{""k"":1}",1.2984375062787497,1.0,1.168802203055861,1.3432094104624108,2.073891531108346,1.5487691423514374,0.4935874119932701,false,0,false,selected_in_both_halves
none,1D,MSFT,long,mr_macd_hist_falling,3,1,true,06ac353cc59e7016a2deaac5c13e920b8f73cce52a0da1a0f323867f525d70e3,zero,full,30,3,0,0,0,0,0,1.1866629391781218,0.5694125117685205,1.625953621526027,1.1866629391781218,"{""k"":1}",1.2984375062787497,1.0,1.168802203055861,1.3432094104624108,2.073891531108346,1.5487691423514374,0.4935874119932701,false,0,false,selected_in_both_halves
none,1D,MSFT,long,mr_macd_hist_falling,3,1,true,06ac353cc59e7016a2deaac5c13e920b8f73cce52a0da1a0f323867f525d70e3,zero,half,15,3,0,0,0,0,0,1.1866629391781218,0.5694125117685205,1.625953621526027,1.1866629391781218,"{""k"":1}",1.2984375062787497,1.0,1.168802203055861,1.3432094104624108,2.073891531108346,1.5487691423514374,0.4935874119932701,false,0,false,selected_in_both_halves
none,1D,MSFT,long,mr_macd_hist_falling,3,1,true,06ac353cc59e7016a2deaac5c13e920b8f73cce52a0da1a0f323867f525d70e3,worst0,full,30,3,0,0,0,0,0,1.1866629391781218,0.5694125117685205,1.625953621526027,1.1866629391781218,"{""k"":1}",1.2984375062787497,1.0,1.168802203055861,1.3432094104624108,2.073891531108346,1.5487691423514374,0.4935874119932701,false,0,false,selected_in_both_halves
none,1D,MSFT,long,mr_macd_hist_falling,3,1,true,06ac353cc59e7016a2deaac5c13e920b8f73cce52a0da1a0f323867f525d70e3,worst0,half,15,3,0,0,0,0,0,1.1866629391781218,0.5694125117685205,1.625953621526027,1.1866629391781218,"{""k"":1}",1.2984375062787497,1.0,1.168802203055861,1.3432094104624108,2.073891531108346,1.5487691423514374,0.4935874119932701,false,0,false,selected_in_both_halves
none,1D,MSFT,long,mr_macd_hist_falling,3,1,true,06ac353cc59e7016a2deaac5c13e920b8f73cce52a0da1a0f323867f525d70e3,neginf,full,30,3,0,0,0,0,0,1.1866629391781218,0.5694125117685205,1.625953621526027,1.1866629391781218,"{""k"":1}",1.2984375062787497,1.0,1.168802203055861,1.3432094104624108,2.073891531108346,1.5487691423514374,0.4935874119932701,false,0,false,selected_in_both_halves
none,1D,MSFT,long,mr_macd_hist_falling,3,1,true,06ac353cc59e7016a2deaac5c13e920b8f73cce52a0da1a0f323867f525d70e3,neginf,half,15,3,0,0,0,0,0,1.1866629391781218,0.5694125117685205,1.625953621526027,1.1866629391781218,"{""k"":1}",1.2984375062787497,1.0,1.168802203055861,1.3432094104624108,2.073891531108346,1.5487691423514374,0.4935874119932701,false,0,false,selected_in_both_halves
random_walk,1D,MSFT,long,mr_macd_hist_falling,3,1,true,06ac353cc59e7016a2deaac5c13e920b8f73cce52a0da1a0f323867f525d70e3,skip,full,30,3,0,0,0,0,0,0.33934331606011536,0.021385242417153377,0.43042614429130843,0.33934331606011536,"{""k"":3}",0.4975131230933888,0.6666666666666666,1.1696073755266703,0.875751196859003,-0.40476336682271435,-0.46511102193845866,NaN,false,0,false,stability_ratio;selected_in_both_halves
random_walk,1D,MSFT,long,mr_macd_hist_falling,3,1,true,06ac353cc59e7016a2deaac5c13e920b8f73cce52a0da1a0f323867f525d70e3,skip,half,15,3,0,0,0,0,0,0.33934331606011536,0.021385242417153377,0.43042614429130843,0.33934331606011536,"{""k"":3}",0.4975131230933888,0.6666666666666666,1.1696073755266703,0.875751196859003,-0.40476336682271435,-0.46511102193845866,NaN,false,0,false,stability_ratio;selected_in_both_halves
random_walk,1D,MSFT,long,mr_macd_hist_falling,3,1,true,06ac353cc59e7016a2deaac5c13e920b8f73cce52a0da1a0f323867f525d70e3,worst,full,30,3,0,0,0,0,0,0.33934331606011536,0.021385242417153377,0.43042614429130843,0.33934331606011536,"{""k"":3}",0.4975131230933888,0.6666666666666666,1.1696073755266703,0.875751196859003,-0.40476336682271435,-0.46511102193845866,NaN,false,0,false,stability_ratio;selected_in_both_halves
random_walk,1D,MSFT,long,mr_macd_hist_falling,3,1,true,06ac353cc59e7016a2deaac5c13e920b8f73cce52a0da1a0f323867f525d70e3,worst,half,15,3,0,0,0,0,0,0.33934331606011536,0.021385242417153377,0.43042614429130843,0.33934331606011536,"{""k"":3}",0.4975131230933888,0.6666666666666666,1.1696073755266703,0.875751196859003,-0.40476336682271435,-0.46511102193845866,NaN,false,0,false,stability_ratio;selected_in_both_halves
random_walk,1D,MSFT,long,mr_macd_hist_falling,3,1,true,06ac353cc59e7016a2deaac5c13e920b8f73cce52a0da1a0f323867f525d70e3,zero,full,30,3,0,0,0,0,0,0.33934331606011536,0.021385242417153377,0.43042614429130843,0.33934331606011536,"{""k"":3}",0.4975131230933888,0.6666666666666666,1.1696073755266703,0.875751196859003,-0.40476336682271435,-0.46511102193845866,NaN,false,0,false,stability_ratio;selected_in_both_halves
random_walk,1D,MSFT,long,mr_macd_hist_falling,3,1,true,06ac353cc59e7016a2deaac5c13e920b8f73cce52a0da1a0f323867f525d70e3,zero,half,15,3,0,0,0,0,0,0.33934331606011536,0.021385242417153377,0.43042614429130843,0.33934331606011536,"{""k"":3}",0.4975131230933888,0.6666666666666666,1.1696073755266703,0.875751196859003,-0.40476336682271435,-0.46511102193845866,NaN,false,0,false,stability_ratio;selected_in_both_halves
random_walk,1D,MSFT,long,mr_macd_hist_falling,3,1,true,06ac353cc59e7016a2deaac5c13e920b8f73cce52a0da1a0f323867f525d70e3,worst0,full,30,3,0,0,0,0,0,0.33934331606011536,0.021385242417153377,0.43042614429130843,0.33934331606011536,"{""k"":3}",0.4975131230933888,0.6666666666666666,1.1696073755266703,0.875751196859003,-0.40476336682271435,-0.46511102193845866,NaN,false,0,false,stability_ratio;selected_in_both_halves
random_walk,1D,MSFT,long,mr_macd_hist_falling,3,1,true,06ac353cc59e7016a2deaac5c13e920b8f73cce52a0da1a0f323867f525d70e3,worst0,half,15,3,0,0,0,0,0,0.33934331606011536,0.021385242417153377,0.43042614429130843,0.33934331606011536,"{""k"":3}",0.4975131230933888,0.6666666666666666,1.1696073755266703,0.875751196859003,-0.40476336682271435,-0.46511102193845866,NaN,false,0,false,stability_ratio;selected_in_both_halves
random_walk,1D,MSFT,long,mr_macd_hist_falling,3,1,true,06ac353cc59e7016a2deaac5c13e920b8f73cce52a0da1a0f323867f525d70e3,neginf,full,30,3,0,0,0,0,0,0.33934331606011536,0.021385242417153377,0.43042614429130843,0.33934331606011536,"{""k"":3}",0.4975131230933888,0.6666666666666666,1.1696073755266703,0.875751196859003,-0.40476336682271435,-0.46511102193845866,NaN,false,0,false,stability_ratio;selected_in_both_halves
random_walk,1D,MSFT,long,mr_macd_hist_falling,3,1,true,06ac353cc59e7016a2deaac5c13e920b8f73cce52a0da1a0f323867f525d70e3,neginf,half,15,3,0,0,0,0,0,0.33934331606011536,0.021385242417153377,0.43042614429130843,0.33934331606011536,"{""k"":3}",0.4975131230933888,0.6666666666666666,1.1696073755266703,0.875751196859003,-0.40476336682271435,-0.46511102193845866,NaN,false,0,false,stability_ratio;selected_in_both_halves
none,1D,RTX,long,mr_n_day_low,16,1,false,3e03b47cc5185b956b40fc509e221dc6a88bc54d4047f4a61fe9604f575893e9,skip,full,30,16,2,0,0,0,0,0.4704217010006532,0.39377024967557694,0.51379408021354,0.46940568308490516,"{""n"":18,""source"":""low""}",0.8672230444162675,0.1875,1.018585035640405,0.9509627256226646,0.2696332987698644,0.26100206894483086,0.9519835094677955,true,0,true,""
none,1D,RTX,long,mr_n_day_low,16,1,false,3e03b47cc5185b956b40fc509e221dc6a88bc54d4047f4a61fe9604f575893e9,skip,half,15,16,0,0,0,0,0,0.4704217010006532,0.39377024967557694,0.51379408021354,0.46940568308490516,"{""n"":20,""source"":""low""}",1.0680256986291443,0.1875,1.0386041945865574,1.0739300825545124,0.2577915416226039,0.25886853014427824,1.0083554992913695,true,1,true,""
none,1D,RTX,long,mr_n_day_low,16,1,false,3e03b47cc5185b956b40fc509e221dc6a88bc54d4047f4a61fe9604f575893e9,worst,full,30,16,2,0,0,0,0,0.4704217010006532,0.39377024967557694,0.51379408021354,0.46940568308490516,"{""n"":17,""source"":""low""}",0.934306624062278,0.125,0.8833404156049243,0.844654006269379,0.25342738939867565,0.31320290251412547,1.3538026015495992,true,0,true,""
none,1D,RTX,long,mr_n_day_low,16,1,false,3e03b47cc5185b956b40fc509e221dc6a88bc54d4047f4a61fe9604f575893e9,worst,half,15,16,0,0,0,0,0,0.4704217010006532,0.39377024967557694,0.51379408021354,0.46940568308490516,"{""n"":20,""source"":""low""}",1.0680256986291443,0.1875,1.0386041945865574,1.0739300825545124,0.2577915416226039,0.25886853014427824,1.0083554992913695,true,1,true,""
none,1D,RTX,long,mr_n_day_low,16,1,false,3e03b47cc5185b956b40fc509e221dc6a88bc54d4047f4a61fe9604f575893e9,zero,full,30,16,2,0,0,0,0,0.4704217010006532,0.39377024967557694,0.51379408021354,0.46940568308490516,"{""n"":17,""source"":""low""}",0.934306624062278,0.125,0.8833404156049243,0.844654006269379,0.25342738939867565,0.31320290251412547,1.3538026015495992,true,0,true,""
none,1D,RTX,long,mr_n_day_low,16,1,false,3e03b47cc5185b956b40fc509e221dc6a88bc54d4047f4a61fe9604f575893e9,zero,half,15,16,0,0,0,0,0,0.4704217010006532,0.39377024967557694,0.51379408021354,0.46940568308490516,"{""n"":20,""source"":""low""}",1.0680256986291443,0.1875,1.0386041945865574,1.0739300825545124,0.2577915416226039,0.25886853014427824,1.0083554992913695,true,1,true,""
none,1D,RTX,long,mr_n_day_low,16,1,false,3e03b47cc5185b956b40fc509e221dc6a88bc54d4047f4a61fe9604f575893e9,worst0,full,30,16,2,0,0,0,0,0.4704217010006532,0.39377024967557694,0.51379408021354,0.46940568308490516,"{""n"":17,""source"":""low""}",0.934306624062278,0.125,0.8833404156049243,0.844654006269379,0.25342738939867565,0.31320290251412547,1.3538026015495992,true,0,true,""
none,1D,RTX,long,mr_n_day_low,16,1,false,3e03b47cc5185b956b40fc509e221dc6a88bc54d4047f4a61fe9604f575893e9,worst0,half,15,16,0,0,0,0,0,0.4704217010006532,0.39377024967557694,0.51379408021354,0.46940568308490516,"{""n"":20,""source"":""low""}",1.0680256986291443,0.1875,1.0386041945865574,1.0739300825545124,0.2577915416226039,0.25886853014427824,1.0083554992913695,true,1,true,""
none,1D,RTX,long,mr_n_day_low,16,1,false,3e03b47cc5185b956b40fc509e221dc6a88bc54d4047f4a61fe9604f575893e9,neginf,full,30,16,2,0,0,0,0,0.4704217010006532,0.39377024967557694,0.51379408021354,0.46940568308490516,"{""n"":17,""source"":""low""}",0.934306624062278,0.125,0.8833404156049243,0.844654006269379,0.25342738939867565,0.31320290251412547,1.3538026015495992,true,0,true,""
none,1D,RTX,long,mr_n_day_low,16,1,false,3e03b47cc5185b956b40fc509e221dc6a88bc54d4047f4a61fe9604f575893e9,neginf,half,15,16,0,0,0,0,0,0.4704217010006532,0.39377024967557694,0.51379408021354,0.46940568308490516,"{""n"":20,""source"":""low""}",1.0680256986291443,0.1875,1.0386041945865574,1.0739300825545124,0.2577915416226039,0.25886853014427824,1.0083554992913695,true,1,true,""
random_walk,1D,RTX,long,mr_n_day_low,16,1,false,3e03b47cc5185b956b40fc509e221dc6a88bc54d4047f4a61fe9604f575893e9,skip,full,30,16,0,10,0,0,0,-0.09156051704847043,-0.22462056991117552,-0.03631750698851613,-0.10760922736233566,"{""n"":6,""source"":""low""}",NaN,0.0,-0.44789566719727464,-0.42290781070922884,0.7327186814727822,0.6274510771939655,0.784499275901033,false,0,false,spp_median_target;stability_ratio;plateau_area;selected_in_both_halves
random_walk,1D,RTX,long,mr_n_day_low,16,1,false,3e03b47cc5185b956b40fc509e221dc6a88bc54d4047f4a61fe9604f575893e9,skip,half,15,16,0,0,0,0,0,-0.09156051704847043,-0.22462056991117552,-0.03631750698851613,-0.10760922736233566,"{""n"":6,""source"":""low""}",NaN,0.0,-0.44789566719727464,-0.42290781070922884,0.7327186814727822,0.6274510771939655,0.784499275901033,false,0,false,spp_median_target;stability_ratio;plateau_area;selected_in_both_halves
random_walk,1D,RTX,long,mr_n_day_low,16,1,false,3e03b47cc5185b956b40fc509e221dc6a88bc54d4047f4a61fe9604f575893e9,worst,full,30,16,0,10,0,0,0,-0.09156051704847043,-0.22462056991117552,-0.03631750698851613,-0.10760922736233566,"{""n"":6,""source"":""low""}",NaN,0.0,-0.44789566719727464,-0.42290781070922884,0.7327186814727822,0.6274510771939655,0.784499275901033,false,0,false,spp_median_target;stability_ratio;plateau_area;selected_in_both_halves
random_walk,1D,RTX,long,mr_n_day_low,16,1,false,3e03b47cc5185b956b40fc509e221dc6a88bc54d4047f4a61fe9604f575893e9,worst,half,15,16,0,0,0,0,0,-0.09156051704847043,-0.22462056991117552,-0.03631750698851613,-0.10760922736233566,"{""n"":6,""source"":""low""}",NaN,0.0,-0.44789566719727464,-0.42290781070922884,0.7327186814727822,0.6274510771939655,0.784499275901033,false,0,false,spp_median_target;stability_ratio;plateau_area;selected_in_both_halves
random_walk,1D,RTX,long,mr_n_day_low,16,1,false,3e03b47cc5185b956b40fc509e221dc6a88bc54d4047f4a61fe9604f575893e9,zero,full,30,16,0,10,0,0,0,-0.09156051704847043,-0.22462056991117552,-0.03631750698851613,-0.10760922736233566,"{""n"":6,""source"":""low""}",NaN,0.0,-0.44789566719727464,-0.42290781070922884,0.7327186814727822,0.6274510771939655,0.784499275901033,false,0,false,spp_median_target;stability_ratio;plateau_area;selected_in_both_halves
random_walk,1D,RTX,long,mr_n_day_low,16,1,false,3e03b47cc5185b956b40fc509e221dc6a88bc54d4047f4a61fe9604f575893e9,zero,half,15,16,0,0,0,0,0,-0.09156051704847043,-0.22462056991117552,-0.03631750698851613,-0.10760922736233566,"{""n"":6,""source"":""low""}",NaN,0.0,-0.44789566719727464,-0.42290781070922884,0.7327186814727822,0.6274510771939655,0.784499275901033,false,0,false,spp_median_target;stability_ratio;plateau_area;selected_in_both_halves
random_walk,1D,RTX,long,mr_n_day_low,16,1,false,3e03b47cc5185b956b40fc509e221dc6a88bc54d4047f4a61fe9604f575893e9,worst0,full,30,16,0,10,0,0,0,-0.09156051704847043,-0.22462056991117552,-0.03631750698851613,-0.10760922736233566,"{""n"":6,""source"":""low""}",NaN,0.0,-0.44789566719727464,-0.42290781070922884,0.7327186814727822,0.6274510771939655,0.784499275901033,false,0,false,spp_median_target;stability_ratio;plateau_area;selected_in_both_halves
random_walk,1D,RTX,long,mr_n_day_low,16,1,false,3e03b47cc5185b956b40fc509e221dc6a88bc54d4047f4a61fe9604f575893e9,worst0,half,15,16,0,0,0,0,0,-0.09156051704847043,-0.22462056991117552,-0.03631750698851613,-0.10760922736233566,"{""n"":6,""source"":""low""}",NaN,0.0,-0.44789566719727464,-0.42290781070922884,0.7327186814727822,0.6274510771939655,0.784499275901033,false,0,false,spp_median_target;stability_ratio;plateau_area;selected_in_both_halves
random_walk,1D,RTX,long,mr_n_day_low,16,1,false,3e03b47cc5185b956b40fc509e221dc6a88bc54d4047f4a61fe9604f575893e9,neginf,full,30,16,0,10,0,0,0,-0.09156051704847043,-0.22462056991117552,-0.03631750698851613,-0.10760922736233566,"{""n"":6,""source"":""low""}",NaN,0.0,-0.44789566719727464,-0.42290781070922884,0.7327186814727822,0.6274510771939655,0.784499275901033,false,0,false,spp_median_target;stability_ratio;plateau_area;selected_in_both_halves
random_walk,1D,RTX,long,mr_n_day_low,16,1,false,3e03b47cc5185b956b40fc509e221dc6a88bc54d4047f4a61fe9604f575893e9,neginf,half,15,16,0,0,0,0,0,-0.09156051704847043,-0.22462056991117552,-0.03631750698851613,-0.10760922736233566,"{""n"":6,""source"":""low""}",NaN,0.0,-0.44789566719727464,-0.42290781070922884,0.7327186814727822,0.6274510771939655,0.784499275901033,false,0,false,spp_median_target;stability_ratio;plateau_area;selected_in_both_halves
none,1D,RTX,long,mr_candle_score,55,2,false,c0974bf3e07788dd1169da77b090eb2d338758c4d78dab2ebe81920925042f1a,skip,full,30,55,20,17,9,0,0,0.2405915782777086,-inf,1.511021453299268,0.3979118039905627,"{""level"":-2.25,""mode"":""rising"",""n"":1}",1.8483934053521773,0.2727272727272727,0.4011299742043476,0.6847266615410622,0.16826222424833365,0.41901842763306596,2.987027129865648,true,0,true,""
none,1D,RTX,long,mr_candle_score,55,2,false,c0974bf3e07788dd1169da77b090eb2d338758c4d78dab2ebe81920925042f1a,skip,half,15,55,10,5,9,0,0,0.2405915782777086,-inf,1.511021453299268,0.3979118039905627,"{""level"":-2.5,""mode"":""rising"",""n"":2}",0.6196987296504372,0.18181818181818182,1.0706325058665143,0.7216357326734533,0.4236659631465402,0.8647706609859707,2.171306709143675,true,1,false,stability_ratio
none,1D,RTX,long,mr_candle_score,55,2,false,c0974bf3e07788dd1169da77b090eb2d338758c4d78dab2ebe81920925042f1a,worst,full,30,55,20,17,9,0,0,0.2405915782777086,-inf,1.511021453299268,0.3979118039905627,"{""level"":-2.25,""mode"":""rising"",""n"":1}",1.8483934053521773,0.07272727272727272,0.4011299742043476,0.6847266615410622,0.16826222424833365,0.04957955939413352,0.1535878093775372,false,0,false,plateau_area;selected_in_both_halves
none,1D,RTX,long,mr_candle_score,55,2,false,c0974bf3e07788dd1169da77b090eb2d338758c4d78dab2ebe81920925042f1a,worst,half,15,55,10,5,9,0,0,0.2405915782777086,-inf,1.511021453299268,0.3979118039905627,"{""level"":-2.25,""mode"":""rising"",""n"":1}",1.8483934053521773,0.12727272727272726,0.4011299742043476,0.6847266615410622,0.16826222424833365,0.42056760613755734,2.79937273276635,true,0,true,""
none,1D,RTX,long,mr_candle_score,55,2,false,c0974bf3e07788dd1169da77b090eb2d338758c4d78dab2ebe81920925042f1a,zero,full,30,55,20,17,9,0,0,0.2405915782777086,-inf,1.511021453299268,0.3979118039905627,"{""level"":-2.25,""mode"":""rising"",""n"":1}",1.8483934053521773,0.09090909090909091,0.4011299742043476,0.6847266615410622,0.16826222424833365,0.279345618422044,1.7922162779193886,true,0,false,plateau_area
none,1D,RTX,long,mr_candle_score,55,2,false,c0974bf3e07788dd1169da77b090eb2d338758c4d78dab2ebe81920925042f1a,zero,half,15,55,10,5,9,0,0,0.2405915782777086,-inf,1.511021453299268,0.3979118039905627,"{""level"":-2.25,""mode"":""rising"",""n"":1}",1.8483934053521773,0.16363636363636364,0.4011299742043476,0.6847266615410622,0.16826222424833365,0.42056760613755734,2.79937273276635,true,0,true,""
none,1D,RTX,long,mr_candle_score,55,2,false,c0974bf3e07788dd1169da77b090eb2d338758c4d78dab2ebe81920925042f1a,worst0,full,30,55,20,17,9,0,0,0.2405915782777086,-inf,1.511021453299268,0.3979118039905627,"{""level"":-2.25,""mode"":""rising"",""n"":1}",1.8483934053521773,0.07272727272727272,0.4011299742043476,0.6847266615410622,0.16826222424833365,0.04957955939413352,0.1535878093775372,false,0,false,plateau_area;selected_in_both_halves
none,1D,RTX,long,mr_candle_score,55,2,false,c0974bf3e07788dd1169da77b090eb2d338758c4d78dab2ebe81920925042f1a,worst0,half,15,55,10,5,9,0,0,0.2405915782777086,-inf,1.511021453299268,0.3979118039905627,"{""level"":-2.25,""mode"":""rising"",""n"":1}",1.8483934053521773,0.12727272727272726,0.4011299742043476,0.6847266615410622,0.16826222424833365,0.42056760613755734,2.79937273276635,true,0,true,""
none,1D,RTX,long,mr_candle_score,55,2,false,c0974bf3e07788dd1169da77b090eb2d338758c4d78dab2ebe81920925042f1a,neginf,full,30,55,20,17,9,0,0,0.2405915782777086,-inf,1.511021453299268,0.3979118039905627,"{""level"":-2.25,""mode"":""rising"",""n"":1}",1.8483934053521773,0.07272727272727272,0.4011299742043476,0.6847266615410622,0.16826222424833365,-inf,-inf,false,0,false,plateau_area;selected_in_both_halves
none,1D,RTX,long,mr_candle_score,55,2,false,c0974bf3e07788dd1169da77b090eb2d338758c4d78dab2ebe81920925042f1a,neginf,half,15,55,10,5,9,0,0,0.2405915782777086,-inf,1.511021453299268,0.3979118039905627,"{""level"":-2.25,""mode"":""rising"",""n"":1}",1.8483934053521773,0.12727272727272726,0.4011299742043476,0.6847266615410622,0.16826222424833365,0.42056760613755734,2.79937273276635,true,0,true,""
random_walk,1D,RTX,long,mr_candle_score,55,2,false,c0974bf3e07788dd1169da77b090eb2d338758c4d78dab2ebe81920925042f1a,skip,full,30,55,33,30,24,0,0,-0.4490644063680143,-inf,-0.003143523984316804,-0.23248368323401553,"{""level"":-1.5,""mode"":""rising"",""n"":2}",0.6567789493256784,0.10909090909090909,0.4724578821096705,0.33732663986213224,-0.610138016583619,-0.40021742896104273,NaN,false,4,false,spp_median_target;stability_ratio;selected_in_both_halves
random_walk,1D,RTX,long,mr_candle_score,55,2,false,c0974bf3e07788dd1169da77b090eb2d338758c4d78dab2ebe81920925042f1a,skip,half,15,55,22,19,24,0,0,-0.4490644063680143,-inf,-0.003143523984316804,-0.23248368323401553,"{""level"":-0.5,""mode"":""rising"",""n"":4}",1.6212522680118318,0.01818181818181818,0.18022133049247466,0.273523755752941,-0.626692300580032,-0.5892660678180238,NaN,false,0,false,spp_median_target;plateau_area;selected_in_both_halves
random_walk,1D,RTX,long,mr_candle_score,55,2,false,c0974bf3e07788dd1169da77b090eb2d338758c4d78dab2ebe81920925042f1a,worst,full,30,55,33,30,24,0,0,-0.4490644063680143,-inf,-0.003143523984316804,-0.23248368323401553,"{""level"":-0.5,""mode"":""rising"",""n"":4}",1.6212522680118318,0.01818181818181818,0.18022133049247466,0.273523755752941,-0.626692300580032,-0.5892660678180238,NaN,false,0,false,spp_median_target;plateau_area;selected_in_both_halves
random_walk,1D,RTX,long,mr_candle_score,55,2,false,c0974bf3e07788dd1169da77b090eb2d338758c4d78dab2ebe81920925042f1a,worst,half,15,55,22,19,24,0,0,-0.4490644063680143,-inf,-0.003143523984316804,-0.23248368323401553,"{""level"":-0.5,""mode"":""rising"",""n"":4}",1.6212522680118318,0.01818181818181818,0.18022133049247466,0.273523755752941,-0.626692300580032,-0.5892660678180238,NaN,false,0,false,spp_median_target;plateau_area;selected_in_both_halves
random_walk,1D,RTX,long,mr_candle_score,55,2,false,c0974bf3e07788dd1169da77b090eb2d338758c4d78dab2ebe81920925042f1a,zero,full,30,55,33,30,24,0,0,-0.4490644063680143,-inf,-0.003143523984316804,-0.23248368323401553,"{""level"":-0.5,""mode"":""rising"",""n"":4}",1.6212522680118318,0.01818181818181818,0.18022133049247466,0.273523755752941,-0.626692300580032,-0.5892660678180238,NaN,false,0,false,spp_median_target;plateau_area;selected_in_both_halves
random_walk,1D,RTX,long,mr_candle_score,55,2,false,c0974bf3e07788dd1169da77b090eb2d338758c4d78dab2ebe81920925042f1a,zero,half,15,55,22,19,24,0,0,-0.4490644063680143,-inf,-0.003143523984316804,-0.23248368323401553,"{""level"":-0.5,""mode"":""rising"",""n"":4}",1.6212522680118318,0.01818181818181818,0.18022133049247466,0.273523755752941,-0.626692300580032,-0.5892660678180238,NaN,false,0,false,spp_median_target;plateau_area;selected_in_both_halves
random_walk,1D,RTX,long,mr_candle_score,55,2,false,c0974bf3e07788dd1169da77b090eb2d338758c4d78dab2ebe81920925042f1a,worst0,full,30,55,33,30,24,0,0,-0.4490644063680143,-inf,-0.003143523984316804,-0.23248368323401553,"{""level"":-0.5,""mode"":""rising"",""n"":4}",1.6212522680118318,0.01818181818181818,0.18022133049247466,0.273523755752941,-0.626692300580032,-0.5892660678180238,NaN,false,0,false,spp_median_target;plateau_area;selected_in_both_halves
random_walk,1D,RTX,long,mr_candle_score,55,2,false,c0974bf3e07788dd1169da77b090eb2d338758c4d78dab2ebe81920925042f1a,worst0,half,15,55,22,19,24,0,0,-0.4490644063680143,-inf,-0.003143523984316804,-0.23248368323401553,"{""level"":-0.5,""mode"":""rising"",""n"":4}",1.6212522680118318,0.01818181818181818,0.18022133049247466,0.273523755752941,-0.626692300580032,-0.5892660678180238,NaN,false,0,false,spp_median_target;plateau_area;selected_in_both_halves
random_walk,1D,RTX,long,mr_candle_score,55,2,false,c0974bf3e07788dd1169da77b090eb2d338758c4d78dab2ebe81920925042f1a,neginf,full,30,55,33,30,24,0,0,-0.4490644063680143,-inf,-0.003143523984316804,-0.23248368323401553,"{""level"":-0.5,""mode"":""rising"",""n"":4}",1.6212522680118318,0.01818181818181818,0.18022133049247466,0.273523755752941,-0.626692300580032,-0.5892660678180238,NaN,false,0,false,spp_median_target;plateau_area;selected_in_both_halves
random_walk,1D,RTX,long,mr_candle_score,55,2,false,c0974bf3e07788dd1169da77b090eb2d338758c4d78dab2ebe81920925042f1a,neginf,half,15,55,22,19,24,0,0,-0.4490644063680143,-inf,-0.003143523984316804,-0.23248368323401553,"{""level"":-0.5,""mode"":""rising"",""n"":4}",1.6212522680118318,0.01818181818181818,0.18022133049247466,0.273523755752941,-0.626692300580032,-0.5892660678180238,NaN,false,0,false,spp_median_target;plateau_area;selected_in_both_halves
none,1D,SHW,long,mr_connors_rsi,78,2,false,4cb5d280f6e16f99a103efc1675bb023ffaa416ae3be9db31f5b47b39b03110f,skip,full,30,78,16,12,4,0,0,0.7871383674913006,0.36190797967594335,1.3421061989727026,0.7914393522890463,"{""rsi_len"":2,""t"":12.0}",1.0302861554441116,0.07692307692307693,1.845050337785486,1.8729900784516769,1.8675079591975177,2.36931443715039,1.4030556942058514,true,0,false,plateau_area
none,1D,SHW,long,mr_connors_rsi,78,2,false,4cb5d280f6e16f99a103efc1675bb023ffaa416ae3be9db31f5b47b39b03110f,skip,half,15,78,4,2,4,0,0,0.7871383674913006,0.36190797967594335,1.3421061989727026,0.7914393522890463,"{""rsi_len"":2,""t"":12.0}",0.7582176927603438,0.10256410256410256,1.845050337785486,1.473299898082918,1.8675079591975177,1.6819604118183744,0.8807731684577939,true,0,false,stability_ratio
none,1D,SHW,long,mr_connors_rsi,78,2,false,4cb5d280f6e16f99a103efc1675bb023ffaa416ae3be9db31f5b47b39b03110f,worst,full,30,78,16,12,4,0,0,0.7871383674913006,0.36190797967594335,1.3421061989727026,0.7914393522890463,"{""rsi_len"":2,""t"":17.0}",1.8727800061257305,0.15384615384615385,0.6246011865046842,1.078884042657765,0.42502162190024234,0.7479087774829379,1.911635000983967,true,0,true,""
none,1D,SHW,long,mr_connors_rsi,78,2,false,4cb5d280f6e16f99a103efc1675bb023ffaa416ae3be9db31f5b47b39b03110f,worst,half,15,78,4,2,4,0,0,0.7871383674913006,0.36190797967594335,1.3421061989727026,0.7914393522890463,"{""rsi_len"":2,""t"":12.0}",0.7582176927603438,0.038461538461538464,1.845050337785486,1.473299898082918,1.8675079591975177,1.6819604118183744,0.8807731684577939,true,0,false,stability_ratio;plateau_area
none,1D,SHW,long,mr_connors_rsi,78,2,false,4cb5d280f6e16f99a103efc1675bb023ffaa416ae3be9db31f5b47b39b03110f,zero,full,30,78,16,12,4,0,0,0.7871383674913006,0.36190797967594335,1.3421061989727026,0.7914393522890463,"{""rsi_len"":2,""t"":17.0}",1.8727800061257305,0.1282051282051282,0.6246011865046842,1.078884042657765,0.42502162190024234,0.7479087774829379,1.911635000983967,true,0,true,""
none,1D,SHW,long,mr_connors_rsi,78,2,false,4cb5d280f6e16f99a103efc1675bb023ffaa416ae3be9db31f5b47b39b03110f,zero,half,15,78,4,2,4,0,0,0.7871383674913006,0.36190797967594335,1.3421061989727026,0.7914393522890463,"{""rsi_len"":2,""t"":12.0}",0.7582176927603438,0.02564102564102564,1.845050337785486,1.473299898082918,1.8675079591975177,1.6819604118183744,0.8807731684577939,true,0,false,stability_ratio;plateau_area
none,1D,SHW,long,mr_connors_rsi,78,2,false,4cb5d280f6e16f99a103efc1675bb023ffaa416ae3be9db31f5b47b39b03110f,worst0,full,30,78,16,12,4,0,0,0.7871383674913006,0.36190797967594335,1.3421061989727026,0.7914393522890463,"{""rsi_len"":2,""t"":17.0}",1.8727800061257305,0.1282051282051282,0.6246011865046842,1.078884042657765,0.42502162190024234,0.7479087774829379,1.911635000983967,true,0,true,""
none,1D,SHW,long,mr_connors_rsi,78,2,false,4cb5d280f6e16f99a103efc1675bb023ffaa416ae3be9db31f5b47b39b03110f,worst0,half,15,78,4,2,4,0,0,0.7871383674913006,0.36190797967594335,1.3421061989727026,0.7914393522890463,"{""rsi_len"":2,""t"":12.0}",0.7582176927603438,0.02564102564102564,1.845050337785486,1.473299898082918,1.8675079591975177,1.6819604118183744,0.8807731684577939,true,0,false,stability_ratio;plateau_area
none,1D,SHW,long,mr_connors_rsi,78,2,false,4cb5d280f6e16f99a103efc1675bb023ffaa416ae3be9db31f5b47b39b03110f,neginf,full,30,78,16,12,4,0,0,0.7871383674913006,0.36190797967594335,1.3421061989727026,0.7914393522890463,"{""rsi_len"":2,""t"":17.0}",1.8727800061257305,0.08974358974358974,0.6246011865046842,1.078884042657765,0.42502162190024234,0.7479087774829379,1.911635000983967,true,0,false,plateau_area
none,1D,SHW,long,mr_connors_rsi,78,2,false,4cb5d280f6e16f99a103efc1675bb023ffaa416ae3be9db31f5b47b39b03110f,neginf,half,15,78,4,2,4,0,0,0.7871383674913006,0.36190797967594335,1.3421061989727026,0.7914393522890463,"{""rsi_len"":2,""t"":12.0}",0.7582176927603438,0.02564102564102564,1.845050337785486,1.473299898082918,1.8675079591975177,1.6819604118183744,0.8807731684577939,true,0,false,stability_ratio;plateau_area
random_walk,1D,SHW,long,mr_connors_rsi,78,2,false,4cb5d280f6e16f99a103efc1675bb023ffaa416ae3be9db31f5b47b39b03110f,skip,full,30,78,12,10,4,0,0,-0.01814418957071519,-0.3718145585297484,0.470588532418307,-0.011916128212550364,"{""rsi_len"":2,""t"":35.0}",1.041317432237914,0.1282051282051282,1.6707750620112263,1.7225491635683101,-0.0019978626191174873,-0.027461021516834726,NaN,false,0,false,spp_median_target;selected_in_both_halves
random_walk,1D,SHW,long,mr_connors_rsi,78,2,false,4cb5d280f6e16f99a103efc1675bb023ffaa416ae3be9db31f5b47b39b03110f,skip,half,15,78,6,2,4,0,0,-0.01814418957071519,-0.3718145585297484,0.470588532418307,-0.011916128212550364,"{""rsi_len"":2,""t"":35.0}",1.041317432237914,0.1282051282051282,1.6707750620112263,1.7225491635683101,-0.0019978626191174873,-0.027461021516834726,NaN,false,0,false,spp_median_target;selected_in_both_halves
random_walk,1D,SHW,long,mr_connors_rsi,78,2,false,4cb5d280f6e16f99a103efc1675bb023ffaa416ae3be9db31f5b47b39b03110f,worst,full,30,78,12,10,4,0,0,-0.01814418957071519,-0.3718145585297484,0.470588532418307,-0.011916128212550364,"{""rsi_len"":2,""t"":35.0}",1.041317432237914,0.1282051282051282,1.6707750620112263,1.7225491635683101,-0.0019978626191174873,-0.027461021516834726,NaN,false,0,false,spp_median_target;selected_in_both_halves
random_walk,1D,SHW,long,mr_connors_rsi,78,2,false,4cb5d280f6e16f99a103efc1675bb023ffaa416ae3be9db31f5b47b39b03110f,worst,half,15,78,6,2,4,0,0,-0.01814418957071519,-0.3718145585297484,0.470588532418307,-0.011916128212550364,"{""rsi_len"":2,""t"":35.0}",1.041317432237914,0.1282051282051282,1.6707750620112263,1.7225491635683101,-0.0019978626191174873,-0.027461021516834726,NaN,false,0,false,spp_median_target;selected_in_both_halves
random_walk,1D,SHW,long,mr_connors_rsi,78,2,false,4cb5d280f6e16f99a103efc1675bb023ffaa416ae3be9db31f5b47b39b03110f,zero,full,30,78,12,10,4,0,0,-0.01814418957071519,-0.3718145585297484,0.470588532418307,-0.011916128212550364,"{""rsi_len"":2,""t"":35.0}",1.041317432237914,0.1282051282051282,1.6707750620112263,1.7225491635683101,-0.0019978626191174873,-0.027461021516834726,NaN,false,0,false,spp_median_target;selected_in_both_halves
random_walk,1D,SHW,long,mr_connors_rsi,78,2,false,4cb5d280f6e16f99a103efc1675bb023ffaa416ae3be9db31f5b47b39b03110f,zero,half,15,78,6,2,4,0,0,-0.01814418957071519,-0.3718145585297484,0.470588532418307,-0.011916128212550364,"{""rsi_len"":2,""t"":35.0}",1.041317432237914,0.1282051282051282,1.6707750620112263,1.7225491635683101,-0.0019978626191174873,-0.027461021516834726,NaN,false,0,false,spp_median_target;selected_in_both_halves
random_walk,1D,SHW,long,mr_connors_rsi,78,2,false,4cb5d280f6e16f99a103efc1675bb023ffaa416ae3be9db31f5b47b39b03110f,worst0,full,30,78,12,10,4,0,0,-0.01814418957071519,-0.3718145585297484,0.470588532418307,-0.011916128212550364,"{""rsi_len"":2,""t"":35.0}",1.041317432237914,0.1282051282051282,1.6707750620112263,1.7225491635683101,-0.0019978626191174873,-0.027461021516834726,NaN,false,0,false,spp_median_target;selected_in_both_halves
random_walk,1D,SHW,long,mr_connors_rsi,78,2,false,4cb5d280f6e16f99a103efc1675bb023ffaa416ae3be9db31f5b47b39b03110f,worst0,half,15,78,6,2,4,0,0,-0.01814418957071519,-0.3718145585297484,0.470588532418307,-0.011916128212550364,"{""rsi_len"":2,""t"":35.0}",1.041317432237914,0.1282051282051282,1.6707750620112263,1.7225491635683101,-0.0019978626191174873,-0.027461021516834726,NaN,false,0,false,spp_median_target;selected_in_both_halves
random_walk,1D,SHW,long,mr_connors_rsi,78,2,false,4cb5d280f6e16f99a103efc1675bb023ffaa416ae3be9db31f5b47b39b03110f,neginf,full,30,78,12,10,4,0,0,-0.01814418957071519,-0.3718145585297484,0.470588532418307,-0.011916128212550364,"{""rsi_len"":2,""t"":35.0}",1.041317432237914,0.1282051282051282,1.6707750620112263,1.7225491635683101,-0.0019978626191174873,-0.027461021516834726,NaN,false,0,false,spp_median_target;selected_in_both_halves
random_walk,1D,SHW,long,mr_connors_rsi,78,2,false,4cb5d280f6e16f99a103efc1675bb023ffaa416ae3be9db31f5b47b39b03110f,neginf,half,15,78,6,2,4,0,0,-0.01814418957071519,-0.3718145585297484,0.470588532418307,-0.011916128212550364,"{""rsi_len"":2,""t"":35.0}",1.041317432237914,0.1282051282051282,1.6707750620112263,1.7225491635683101,-0.0019978626191174873,-0.027461021516834726,NaN,false,0,false,spp_median_target;selected_in_both_halves
none,1D,TJX,short,mr_rsi_sum,390,3,false,28f40b4cac04c7beaa4b44fb2864afe08d18c13b78abcc798eed5a7616564be5,skip,full,30,390,152,166,81,0,0,0.18278142491088062,-inf,0.9762714311660937,0.27462538027050803,"{""level"":10.0,""m"":2,""n"":2}",1.61413558679966,0.010256410256410256,0.10544010082324856,0.1378173599188991,1.751970940879919,1.7464379139475352,0.993683654445085,true,0,false,plateau_area
none,1D,TJX,short,mr_rsi_sum,390,3,false,28f40b4cac04c7beaa4b44fb2864afe08d18c13b78abcc798eed5a7616564be5,skip,half,15,390,71,95,81,0,0,0.18278142491088062,-inf,0.9762714311660937,0.27462538027050803,"{""level"":14.0,""m"":2,""n"":4}",0.5261095473591972,0.05641025641025641,1.04692838579472,0.6004119558306316,1.3092263783945794,1.4274148151650201,NaN,false,0,false,stability_ratio;plateau_area;selected_in_both_halves
none,1D,TJX,short,mr_rsi_sum,390,3,false,28f40b4cac04c7beaa4b44fb2864afe08d18c13b78abcc798eed5a7616564be5,worst,full,30,390,152,166,81,0,0,0.18278142491088062,-inf,0.9762714311660937,0.27462538027050803,"{""level"":19.0,""m"":2,""n"":2}",-2.1289707022355193,0.0,0.08205033320708588,-0.15328833144707846,0.897358878975675,0.9677026748244318,1.0855161610124795,true,1,false,stability_ratio;plateau_area
none,1D,TJX,short,mr_rsi_sum,390,3,false,28f40b4cac04c7beaa4b44fb2864afe08d18c13b78abcc798eed5a7616564be5,worst,half,15,390,71,95,81,0,0,0.18278142491088062,-inf,0.9762714311660937,0.27462538027050803,"{""level"":10.0,""m"":2,""n"":2}",4.772023197072488,0.002564102564102564,0.10544010082324856,0.45344729375433457,1.751970940879919,1.344757891501542,0.7343641202673264,false,0,false,plateau_area;selected_in_both_halves
none,1D,TJX,short,mr_rsi_sum,390,3,false,28f40b4cac04c7beaa4b44fb2864afe08d18c13b78abcc798eed5a7616564be5,zero,full,30,390,152,166,81,0,0,0.18278142491088062,-inf,0.9762714311660937,0.27462538027050803,"{""level"":10.0,""m"":2,""n"":2}",0.23059079811423713,0.002564102564102564,0.10544010082324856,0.034454339979724774,1.751970940879919,0.4366094784868838,0.14195480777786929,false,11,false,stability_ratio;plateau_area;selected_in_both_halves
none,1D,TJX,short,mr_rsi_sum,390,3,false,28f40b4cac04c7beaa4b44fb2864afe08d18c13b78abcc798eed5a7616564be5,zero,half,15,390,71,95,81,0,0,0.18278142491088062,-inf,0.9762714311660937,0.27462538027050803,"{""level"":10.0,""m"":2,""n"":2}",4.772023197072488,0.002564102564102564,0.10544010082324856,0.45344729375433457,1.751970940879919,1.4133682966482461,0.7791205084964894,false,0,false,plateau_area;selected_in_both_halves
none,1D,TJX,short,mr_rsi_sum,390,3,false,28f40b4cac04c7beaa4b44fb2864afe08d18c13b78abcc798eed5a7616564be5,worst0,full,30,390,152,166,81,0,0,0.18278142491088062,-inf,0.9762714311660937,0.27462538027050803,"{""level"":19.0,""m"":2,""n"":2}",-2.1289707022355193,0.0,0.08205033320708588,-0.15328833144707846,0.897358878975675,0.9677026748244318,1.0855161610124795,true,1,false,stability_ratio;plateau_area
none,1D,TJX,short,mr_rsi_sum,390,3,false,28f40b4cac04c7beaa4b44fb2864afe08d18c13b78abcc798eed5a7616564be5,worst0,half,15,390,71,95,81,0,0,0.18278142491088062,-inf,0.9762714311660937,0.27462538027050803,"{""level"":10.0,""m"":2,""n"":2}",4.772023197072488,0.002564102564102564,0.10544010082324856,0.45344729375433457,1.751970940879919,1.344757891501542,0.7343641202673264,false,0,false,plateau_area;selected_in_both_halves
none,1D,TJX,short,mr_rsi_sum,390,3,false,28f40b4cac04c7beaa4b44fb2864afe08d18c13b78abcc798eed5a7616564be5,neginf,full,30,390,152,166,81,0,0,0.18278142491088062,-inf,0.9762714311660937,0.27462538027050803,"{""level"":19.0,""m"":2,""n"":2}",-2.1289707022355193,0.0,0.08205033320708588,-0.15328833144707846,0.897358878975675,-inf,-inf,false,1,false,stability_ratio;plateau_area;selected_in_both_halves
none,1D,TJX,short,mr_rsi_sum,390,3,false,28f40b4cac04c7beaa4b44fb2864afe08d18c13b78abcc798eed5a7616564be5,neginf,half,15,390,71,95,81,0,0,0.18278142491088062,-inf,0.9762714311660937,0.27462538027050803,"{""level"":10.0,""m"":2,""n"":2}",4.772023197072488,0.002564102564102564,0.10544010082324856,0.45344729375433457,1.751970940879919,-inf,-inf,false,0,false,plateau_area;selected_in_both_halves
random_walk,1D,TJX,short,mr_rsi_sum,390,3,false,28f40b4cac04c7beaa4b44fb2864afe08d18c13b78abcc798eed5a7616564be5,skip,full,30,390,108,91,48,0,0,-0.6233958153309153,-inf,-0.36210761082635184,-0.599937014057029,"{""level"":20.0,""m"":2,""n"":5}",NaN,0.0,-0.28209054331020766,-0.24714579116558968,-0.6317144604407013,-0.6701750967043621,NaN,false,9,false,spp_median_target;stability_ratio;plateau_area;selected_in_both_halves
random_walk,1D,TJX,short,mr_rsi_sum,390,3,false,28f40b4cac04c7beaa4b44fb2864afe08d18c13b78abcc798eed5a7616564be5,skip,half,15,390,48,48,48,0,0,-0.6233958153309153,-inf,-0.36210761082635184,-0.599937014057029,"{""level"":14.0,""m"":4,""n"":4}",-2.77800632244905,0.0,0.0781012403020831,-0.19237682437926754,-0.49226441515453917,-0.7062819660373567,NaN,false,15,false,spp_median_target;stability_ratio;plateau_area;selected_in_both_halves
random_walk,1D,TJX,short,mr_rsi_sum,390,3,false,28f40b4cac04c7beaa4b44fb2864afe08d18c13b78abcc798eed5a7616564be5,worst,full,30,390,108,91,48,0,0,-0.6233958153309153,-inf,-0.36210761082635184,-0.599937014057029,"{""level"":29.0,""m"":4,""n"":6}",NaN,0.0,-0.34886787311443096,-0.26079034815912605,-0.9549826900859648,-0.9063164566199315,NaN,false,0,false,spp_median_target;stability_ratio;plateau_area;selected_in_both_halves
random_walk,1D,TJX,short,mr_rsi_sum,390,3,false,28f40b4cac04c7beaa4b44fb2864afe08d18c13b78abcc798eed5a7616564be5,worst,half,15,390,48,48,48,0,0,-0.6233958153309153,-inf,-0.36210761082635184,-0.599937014057029,"{""level"":29.0,""m"":4,""n"":6}",NaN,0.0,-0.34886787311443096,-0.26079034815912605,-0.9549826900859648,-0.9063164566199315,NaN,false,0,false,spp_median_target;stability_ratio;plateau_area;selected_in_both_halves
random_walk,1D,TJX,short,mr_rsi_sum,390,3,false,28f40b4cac04c7beaa4b44fb2864afe08d18c13b78abcc798eed5a7616564be5,zero,full,30,390,108,91,48,0,0,-0.6233958153309153,-inf,-0.36210761082635184,-0.599937014057029,"{""level"":20.0,""m"":2,""n"":6}",NaN,0.0,-0.2526498346492266,-0.127582645018245,-0.7683357722303521,-0.5014877988530841,NaN,false,1,false,spp_median_target;stability_ratio;plateau_area;selected_in_both_halves
random_walk,1D,TJX,short,mr_rsi_sum,390,3,false,28f40b4cac04c7beaa4b44fb2864afe08d18c13b78abcc798eed5a7616564be5,zero,half,15,390,48,48,48,0,0,-0.6233958153309153,-inf,-0.36210761082635184,-0.599937014057029,"{""level"":12.0,""m"":3,""n"":4}",-1.3723240354201571,0.0,0.09486604272329592,-0.12185165452631261,-0.5942987321898309,-0.33464305269543,NaN,false,2,false,spp_median_target;stability_ratio;plateau_area;selected_in_both_halves
random_walk,1D,TJX,short,mr_rsi_sum,390,3,false,28f40b4cac04c7beaa4b44fb2864afe08d18c13b78abcc798eed5a7616564be5,worst0,full,30,390,108,91,48,0,0,-0.6233958153309153,-inf,-0.36210761082635184,-0.599937014057029,"{""level"":29.0,""m"":4,""n"":6}",NaN,0.0,-0.34886787311443096,-0.26079034815912605,-0.9549826900859648,-0.9063164566199315,NaN,false,0,false,spp_median_target;stability_ratio;plateau_area;selected_in_both_halves
random_walk,1D,TJX,short,mr_rsi_sum,390,3,false,28f40b4cac04c7beaa4b44fb2864afe08d18c13b78abcc798eed5a7616564be5,worst0,half,15,390,48,48,48,0,0,-0.6233958153309153,-inf,-0.36210761082635184,-0.599937014057029,"{""level"":29.0,""m"":4,""n"":6}",NaN,0.0,-0.34886787311443096,-0.26079034815912605,-0.9549826900859648,-0.9063164566199315,NaN,false,0,false,spp_median_target;stability_ratio;plateau_area;selected_in_both_halves
random_walk,1D,TJX,short,mr_rsi_sum,390,3,false,28f40b4cac04c7beaa4b44fb2864afe08d18c13b78abcc798eed5a7616564be5,neginf,full,30,390,108,91,48,0,0,-0.6233958153309153,-inf,-0.36210761082635184,-0.599937014057029,"{""level"":29.0,""m"":4,""n"":6}",NaN,0.0,-0.34886787311443096,-0.26079034815912605,-0.9549826900859648,-0.9063164566199315,NaN,false,0,false,spp_median_target;stability_ratio;plateau_area;selected_in_both_halves
random_walk,1D,TJX,short,mr_rsi_sum,390,3,false,28f40b4cac04c7beaa4b44fb2864afe08d18c13b78abcc798eed5a7616564be5,neginf,half,15,390,48,48,48,0,0,-0.6233958153309153,-inf,-0.36210761082635184,-0.599937014057029,"{""level"":29.0,""m"":4,""n"":6}",NaN,0.0,-0.34886787311443096,-0.26079034815912605,-0.9549826900859648,-0.9063164566199315,NaN,false,0,false,spp_median_target;stability_ratio;plateau_area;selected_in_both_halves
none,1D,TJX,short,mr_macd_hist_falling,3,1,true,dc370edc261e48e804e3a0f12f40273dadcd3bbbdf86f0651371241a1ec152c9,skip,full,30,3,2,1,0,0,0,0.4555919017428945,0.26855113210539167,0.9698861232847799,0.4555919017428945,"{""k"":4}",NaN,0.0,-0.05847529541551605,-0.05847529541551605,0.5688306796292821,0.9371510425723936,2.2950087825190892,true,0,false,stability_ratio;plateau_area
none,1D,TJX,short,mr_macd_hist_falling,3,1,true,dc370edc261e48e804e3a0f12f40273dadcd3bbbdf86f0651371241a1ec152c9,skip,half,15,3,0,0,0,0,0,0.4555919017428945,0.26855113210539167,0.9698861232847799,0.4555919017428945,"{""k"":5}",NaN,0.0,-0.2933059687130965,-0.11072432540751616,1.305471405515505,1.298647995497235,0.992159832085052,true,0,false,stability_ratio;plateau_area
none,1D,TJX,short,mr_macd_hist_falling,3,1,true,dc370edc261e48e804e3a0f12f40273dadcd3bbbdf86f0651371241a1ec152c9,worst,full,30,3,2,1,0,0,0,0.4555919017428945,0.26855113210539167,0.9698861232847799,0.4555919017428945,"{""k"":4}",NaN,0.0,-0.05847529541551605,-0.05847529541551605,0.5688306796292821,0.9371510425723936,2.2950087825190892,true,0,false,stability_ratio;plateau_area
none,1D,TJX,short,mr_macd_hist_falling,3,1,true,dc370edc261e48e804e3a0f12f40273dadcd3bbbdf86f0651371241a1ec152c9,worst,half,15,3,0,0,0,0,0,0.4555919017428945,0.26855113210539167,0.9698861232847799,0.4555919017428945,"{""k"":5}",NaN,0.0,-0.2933059687130965,-0.11072432540751616,1.305471405515505,1.298647995497235,0.992159832085052,true,0,false,stability_ratio;plateau_area
none,1D,TJX,short,mr_macd_hist_falling,3,1,true,dc370edc261e48e804e3a0f12f40273dadcd3bbbdf86f0651371241a1ec152c9,zero,full,30,3,2,1,0,0,0,0.4555919017428945,0.26855113210539167,0.9698861232847799,0.4555919017428945,"{""k"":4}",NaN,0.0,-0.05847529541551605,-0.029237647707758024,0.5688306796292821,0.9371510425723936,2.2950087825190892,true,0,false,stability_ratio;plateau_area
none,1D,TJX,short,mr_macd_hist_falling,3,1,true,dc370edc261e48e804e3a0f12f40273dadcd3bbbdf86f0651371241a1ec152c9,zero,half,15,3,0,0,0,0,0,0.4555919017428945,0.26855113210539167,0.9698861232847799,0.4555919017428945,"{""k"":5}",NaN,0.0,-0.2933059687130965,-0.11072432540751616,1.305471405515505,1.298647995497235,0.992159832085052,true,0,false,stability_ratio;plateau_area
none,1D,TJX,short,mr_macd_hist_falling,3,1,true,dc370edc261e48e804e3a0f12f40273dadcd3bbbdf86f0651371241a1ec152c9,worst0,full,30,3,2,1,0,0,0,0.4555919017428945,0.26855113210539167,0.9698861232847799,0.4555919017428945,"{""k"":4}",NaN,0.0,-0.05847529541551605,-0.05847529541551605,0.5688306796292821,0.9371510425723936,2.2950087825190892,true,0,false,stability_ratio;plateau_area
none,1D,TJX,short,mr_macd_hist_falling,3,1,true,dc370edc261e48e804e3a0f12f40273dadcd3bbbdf86f0651371241a1ec152c9,worst0,half,15,3,0,0,0,0,0,0.4555919017428945,0.26855113210539167,0.9698861232847799,0.4555919017428945,"{""k"":5}",NaN,0.0,-0.2933059687130965,-0.11072432540751616,1.305471405515505,1.298647995497235,0.992159832085052,true,0,false,stability_ratio;plateau_area
none,1D,TJX,short,mr_macd_hist_falling,3,1,true,dc370edc261e48e804e3a0f12f40273dadcd3bbbdf86f0651371241a1ec152c9,neginf,full,30,3,2,1,0,0,0,0.4555919017428945,0.26855113210539167,0.9698861232847799,0.4555919017428945,"{""k"":4}",NaN,0.0,-0.05847529541551605,-inf,0.5688306796292821,0.9371510425723936,2.2950087825190892,true,0,false,stability_ratio;plateau_area
none,1D,TJX,short,mr_macd_hist_falling,3,1,true,dc370edc261e48e804e3a0f12f40273dadcd3bbbdf86f0651371241a1ec152c9,neginf,half,15,3,0,0,0,0,0,0.4555919017428945,0.26855113210539167,0.9698861232847799,0.4555919017428945,"{""k"":5}",NaN,0.0,-0.2933059687130965,-0.11072432540751616,1.305471405515505,1.298647995497235,0.992159832085052,true,0,false,stability_ratio;plateau_area
random_walk,1D,TJX,short,mr_macd_hist_falling,3,1,true,dc370edc261e48e804e3a0f12f40273dadcd3bbbdf86f0651371241a1ec152c9,skip,full,30,3,0,1,0,0,0,-0.7347977500618842,-0.7809053475051564,-0.6285163970862716,-0.7347977500618842,"{""k"":6}",NaN,0.0,-0.46244454814110875,-0.4498134515584509,-0.9141968486508367,-0.7656049421316656,NaN,false,0,false,spp_median_target;stability_ratio;plateau_area;selected_in_both_halves
random_walk,1D,TJX,short,mr_macd_hist_falling,3,1,true,dc370edc261e48e804e3a0f12f40273dadcd3bbbdf86f0651371241a1ec152c9,skip,half,15,3,0,0,0,0,0,-0.7347977500618842,-0.7809053475051564,-0.6285163970862716,-0.7347977500618842,"{""k"":6}",NaN,0.0,-0.46244454814110875,-0.4498134515584509,-0.9141968486508367,-0.8399008953912512,NaN,false,0,false,spp_median_target;stability_ratio;plateau_area;selected_in_both_halves
random_walk,1D,TJX,short,mr_macd_hist_falling,3,1,true,dc370edc261e48e804e3a0f12f40273dadcd3bbbdf86f0651371241a1ec152c9,worst,full,30,3,0,1,0,0,0,-0.7347977500618842,-0.7809053475051564,-0.6285163970862716,-0.7347977500618842,"{""k"":6}",NaN,0.0,-0.46244454814110875,-0.4498134515584509,-0.9141968486508367,-0.77359664849321,NaN,false,0,false,spp_median_target;stability_ratio;plateau_area;selected_in_both_halves
random_walk,1D,TJX,short,mr_macd_hist_falling,3,1,true,dc370edc261e48e804e3a0f12f40273dadcd3bbbdf86f0651371241a1ec152c9,worst,half,15,3,0,0,0,0,0,-0.7347977500618842,-0.7809053475051564,-0.6285163970862716,-0.7347977500618842,"{""k"":6}",NaN,0.0,-0.46244454814110875,-0.4498134515584509,-0.9141968486508367,-0.8399008953912512,NaN,false,0,false,spp_median_target;stability_ratio;plateau_area;selected_in_both_halves
random_walk,1D,TJX,short,mr_macd_hist_falling,3,1,true,dc370edc261e48e804e3a0f12f40273dadcd3bbbdf86f0651371241a1ec152c9,zero,full,30,3,0,1,0,0,0,-0.7347977500618842,-0.7809053475051564,-0.6285163970862716,-0.7347977500618842,"{""k"":6}",NaN,0.0,-0.46244454814110875,-0.4498134515584509,-0.9141968486508367,-0.3828024710658328,NaN,false,0,false,spp_median_target;stability_ratio;plateau_area;selected_in_both_halves
random_walk,1D,TJX,short,mr_macd_hist_falling,3,1,true,dc370edc261e48e804e3a0f12f40273dadcd3bbbdf86f0651371241a1ec152c9,zero,half,15,3,0,0,0,0,0,-0.7347977500618842,-0.7809053475051564,-0.6285163970862716,-0.7347977500618842,"{""k"":6}",NaN,0.0,-0.46244454814110875,-0.4498134515584509,-0.9141968486508367,-0.8399008953912512,NaN,false,0,false,spp_median_target;stability_ratio;plateau_area;selected_in_both_halves
random_walk,1D,TJX,short,mr_macd_hist_falling,3,1,true,dc370edc261e48e804e3a0f12f40273dadcd3bbbdf86f0651371241a1ec152c9,worst0,full,30,3,0,1,0,0,0,-0.7347977500618842,-0.7809053475051564,-0.6285163970862716,-0.7347977500618842,"{""k"":6}",NaN,0.0,-0.46244454814110875,-0.4498134515584509,-0.9141968486508367,-0.77359664849321,NaN,false,0,false,spp_median_target;stability_ratio;plateau_area;selected_in_both_halves
random_walk,1D,TJX,short,mr_macd_hist_falling,3,1,true,dc370edc261e48e804e3a0f12f40273dadcd3bbbdf86f0651371241a1ec152c9,worst0,half,15,3,0,0,0,0,0,-0.7347977500618842,-0.7809053475051564,-0.6285163970862716,-0.7347977500618842,"{""k"":6}",NaN,0.0,-0.46244454814110875,-0.4498134515584509,-0.9141968486508367,-0.8399008953912512,NaN,false,0,false,spp_median_target;stability_ratio;plateau_area;selected_in_both_halves
random_walk,1D,TJX,short,mr_macd_hist_falling,3,1,true,dc370edc261e48e804e3a0f12f40273dadcd3bbbdf86f0651371241a1ec152c9,neginf,full,30,3,0,1,0,0,0,-0.7347977500618842,-0.7809053475051564,-0.6285163970862716,-0.7347977500618842,"{""k"":6}",NaN,0.0,-0.46244454814110875,-0.4498134515584509,-0.9141968486508367,-inf,NaN,false,0,false,spp_median_target;stability_ratio;plateau_area;selected_in_both_halves
random_walk,1D,TJX,short,mr_macd_hist_falling,3,1,true,dc370edc261e48e804e3a0f12f40273dadcd3bbbdf86f0651371241a1ec152c9,neginf,half,15,3,0,0,0,0,0,-0.7347977500618842,-0.7809053475051564,-0.6285163970862716,-0.7347977500618842,"{""k"":6}",NaN,0.0,-0.46244454814110875,-0.4498134515584509,-0.9141968486508367,-0.8399008953912512,NaN,false,0,false,spp_median_target;stability_ratio;plateau_area;selected_in_both_halves
none,1D,TMUS,long,mr_down_closes,3,1,true,dfb9c289576670c27a2d46893a3ba4d011b892411c6315c99ae4182fb09b6a16,skip,full,30,3,1,0,0,0,0,0.25175099471379164,0.22197205020307167,0.6205657028215944,0.25175099471379164,"{""k"":2}",2.7425786202839944,1.0,0.1819947171354237,0.3405647686778349,0.34778226592397016,0.5540383879735671,2.1861221359382785,true,0,true,""
none,1D,TMUS,long,mr_down_closes,3,1,true,dfb9c289576670c27a2d46893a3ba4d011b892411c6315c99ae4182fb09b6a16,skip,half,15,3,0,0,0,0,0,0.25175099471379164,0.22197205020307167,0.6205657028215944,0.25175099471379164,"{""k"":2}",2.7425786202839944,1.0,0.1819947171354237,0.3405647686778349,0.34778226592397016,0.5540383879735671,2.1861221359382785,true,0,true,""
none,1D,TMUS,long,mr_down_closes,3,1,true,dfb9c289576670c27a2d46893a3ba4d011b892411c6315c99ae4182fb09b6a16,worst,full,30,3,1,0,0,0,0,0.25175099471379164,0.22197205020307167,0.6205657028215944,0.25175099471379164,"{""k"":2}",2.7425786202839944,1.0,0.1819947171354237,0.3405647686778349,0.34778226592397016,0.5540383879735671,2.1861221359382785,true,0,true,""
none,1D,TMUS,long,mr_down_closes,3,1,true,dfb9c289576670c27a2d46893a3ba4d011b892411c6315c99ae4182fb09b6a16,worst,half,15,3,0,0,0,0,0,0.25175099471379164,0.22197205020307167,0.6205657028215944,0.25175099471379164,"{""k"":2}",2.7425786202839944,1.0,0.1819947171354237,0.3405647686778349,0.34778226592397016,0.5540383879735671,2.1861221359382785,true,0,true,""
none,1D,TMUS,long,mr_down_closes,3,1,true,dfb9c289576670c27a2d46893a3ba4d011b892411c6315c99ae4182fb09b6a16,zero,full,30,3,1,0,0,0,0,0.25175099471379164,0.22197205020307167,0.6205657028215944,0.25175099471379164,"{""k"":2}",2.7425786202839944,0.3333333333333333,0.1819947171354237,0.3405647686778349,0.34778226592397016,0.5540383879735671,2.1861221359382785,true,0,true,""
none,1D,TMUS,long,mr_down_closes,3,1,true,dfb9c289576670c27a2d46893a3ba4d011b892411c6315c99ae4182fb09b6a16,zero,half,15,3,0,0,0,0,0,0.25175099471379164,0.22197205020307167,0.6205657028215944,0.25175099471379164,"{""k"":2}",2.7425786202839944,1.0,0.1819947171354237,0.3405647686778349,0.34778226592397016,0.5540383879735671,2.1861221359382785,true,0,true,""
none,1D,TMUS,long,mr_down_closes,3,1,true,dfb9c289576670c27a2d46893a3ba4d011b892411c6315c99ae4182fb09b6a16,worst0,full,30,3,1,0,0,0,0,0.25175099471379164,0.22197205020307167,0.6205657028215944,0.25175099471379164,"{""k"":2}",2.7425786202839944,0.3333333333333333,0.1819947171354237,0.3405647686778349,0.34778226592397016,0.5540383879735671,2.1861221359382785,true,0,true,""
none,1D,TMUS,long,mr_down_closes,3,1,true,dfb9c289576670c27a2d46893a3ba4d011b892411c6315c99ae4182fb09b6a16,worst0,half,15,3,0,0,0,0,0,0.25175099471379164,0.22197205020307167,0.6205657028215944,0.25175099471379164,"{""k"":2}",2.7425786202839944,1.0,0.1819947171354237,0.3405647686778349,0.34778226592397016,0.5540383879735671,2.1861221359382785,true,0,true,""
none,1D,TMUS,long,mr_down_closes,3,1,true,dfb9c289576670c27a2d46893a3ba4d011b892411c6315c99ae4182fb09b6a16,neginf,full,30,3,1,0,0,0,0,0.25175099471379164,0.22197205020307167,0.6205657028215944,0.25175099471379164,"{""k"":2}",2.7425786202839944,0.3333333333333333,0.1819947171354237,0.3405647686778349,0.34778226592397016,0.5540383879735671,2.1861221359382785,true,0,true,""
none,1D,TMUS,long,mr_down_closes,3,1,true,dfb9c289576670c27a2d46893a3ba4d011b892411c6315c99ae4182fb09b6a16,neginf,half,15,3,0,0,0,0,0,0.25175099471379164,0.22197205020307167,0.6205657028215944,0.25175099471379164,"{""k"":2}",2.7425786202839944,1.0,0.1819947171354237,0.3405647686778349,0.34778226592397016,0.5540383879735671,2.1861221359382785,true,0,true,""
random_walk,1D,TMUS,long,mr_down_closes,3,1,true,dfb9c289576670c27a2d46893a3ba4d011b892411c6315c99ae4182fb09b6a16,skip,full,30,3,1,1,0,0,0,-0.20580220159322365,-0.36049493450321746,-0.08475608957639266,-0.20580220159322365,"{""k"":2}",NaN,0.0,-0.2828185061852151,-0.3398173732995138,0.25044844955368933,0.149699496821748,0.19545157567171503,false,0,false,spp_median_target;stability_ratio;plateau_area;selected_in_both_halves
random_walk,1D,TMUS,long,mr_down_closes,3,1,true,dfb9c289576670c27a2d46893a3ba4d011b892411c6315c99ae4182fb09b6a16,skip,half,15,3,0,0,0,0,0,-0.20580220159322365,-0.36049493450321746,-0.08475608957639266,-0.20580220159322365,"{""k"":2}",NaN,0.0,-0.2828185061852151,-0.3398173732995138,0.25044844955368933,0.149699496821748,0.19545157567171503,false,0,false,spp_median_target;stability_ratio;plateau_area;selected_in_both_halves
random_walk,1D,TMUS,long,mr_down_closes,3,1,true,dfb9c289576670c27a2d46893a3ba4d011b892411c6315c99ae4182fb09b6a16,worst,full,30,3,1,1,0,0,0,-0.20580220159322365,-0.36049493450321746,-0.08475608957639266,-0.20580220159322365,"{""k"":2}",NaN,0.0,-0.2828185061852151,-0.3398173732995138,0.25044844955368933,0.149699496821748,0.19545157567171503,false,0,false,spp_median_target;stability_ratio;plateau_area;selected_in_both_halves
random_walk,1D,TMUS,long,mr_down_closes,3,1,true,dfb9c289576670c27a2d46893a3ba4d011b892411c6315c99ae4182fb09b6a16,worst,half,15,3,0,0,0,0,0,-0.20580220159322365,-0.36049493450321746,-0.08475608957639266,-0.20580220159322365,"{""k"":2}",NaN,0.0,-0.2828185061852151,-0.3398173732995138,0.25044844955368933,0.149699496821748,0.19545157567171503,false,0,false,spp_median_target;stability_ratio;plateau_area;selected_in_both_halves
random_walk,1D,TMUS,long,mr_down_closes,3,1,true,dfb9c289576670c27a2d46893a3ba4d011b892411c6315c99ae4182fb09b6a16,zero,full,30,3,1,1,0,0,0,-0.20580220159322365,-0.36049493450321746,-0.08475608957639266,-0.20580220159322365,"{""k"":3}",NaN,0.0,-0.39681624041381247,-0.22654491553300918,0.04895054408980662,0.099799664547832,2.558178404454572,true,0,false,spp_median_target;stability_ratio;plateau_area
random_walk,1D,TMUS,long,mr_down_closes,3,1,true,dfb9c289576670c27a2d46893a3ba4d011b892411c6315c99ae4182fb09b6a16,zero,half,15,3,0,0,0,0,0,-0.20580220159322365,-0.36049493450321746,-0.08475608957639266,-0.20580220159322365,"{""k"":2}",NaN,0.0,-0.2828185061852151,-0.3398173732995138,0.25044844955368933,0.149699496821748,0.19545157567171503,false,0,false,spp_median_target;stability_ratio;plateau_area;selected_in_both_halves
random_walk,1D,TMUS,long,mr_down_closes,3,1,true,dfb9c289576670c27a2d46893a3ba4d011b892411c6315c99ae4182fb09b6a16,worst0,full,30,3,1,1,0,0,0,-0.20580220159322365,-0.36049493450321746,-0.08475608957639266,-0.20580220159322365,"{""k"":2}",NaN,0.0,-0.2828185061852151,-0.3398173732995138,0.25044844955368933,0.149699496821748,0.19545157567171503,false,0,false,spp_median_target;stability_ratio;plateau_area;selected_in_both_halves
random_walk,1D,TMUS,long,mr_down_closes,3,1,true,dfb9c289576670c27a2d46893a3ba4d011b892411c6315c99ae4182fb09b6a16,worst0,half,15,3,0,0,0,0,0,-0.20580220159322365,-0.36049493450321746,-0.08475608957639266,-0.20580220159322365,"{""k"":2}",NaN,0.0,-0.2828185061852151,-0.3398173732995138,0.25044844955368933,0.149699496821748,0.19545157567171503,false,0,false,spp_median_target;stability_ratio;plateau_area;selected_in_both_halves
random_walk,1D,TMUS,long,mr_down_closes,3,1,true,dfb9c289576670c27a2d46893a3ba4d011b892411c6315c99ae4182fb09b6a16,neginf,full,30,3,1,1,0,0,0,-0.20580220159322365,-0.36049493450321746,-0.08475608957639266,-0.20580220159322365,"{""k"":2}",NaN,0.0,-0.2828185061852151,-0.3398173732995138,0.25044844955368933,0.149699496821748,0.19545157567171503,false,0,false,spp_median_target;stability_ratio;plateau_area;selected_in_both_halves
random_walk,1D,TMUS,long,mr_down_closes,3,1,true,dfb9c289576670c27a2d46893a3ba4d011b892411c6315c99ae4182fb09b6a16,neginf,half,15,3,0,0,0,0,0,-0.20580220159322365,-0.36049493450321746,-0.08475608957639266,-0.20580220159322365,"{""k"":2}",NaN,0.0,-0.2828185061852151,-0.3398173732995138,0.25044844955368933,0.149699496821748,0.19545157567171503,false,0,false,spp_median_target;stability_ratio;plateau_area;selected_in_both_halves
none,1D,TMUS,long,mr_n_day_low,21,1,false,e31799ad44b7c8f5bead8cf3b306bcf1095d93bd24fd2f5c6ec80ba9e6722afc,skip,full,30,21,20,8,0,0,0,0.6248048494612355,0.3434377453592285,0.977992775854811,0.6248048494612355,"{""n"":10,""source"":""low""}",NaN,0.09523809523809523,0.021512326411506664,0.021512326411506664,0.9476647483257611,0.8610645596754544,0.8172345467037722,true,0,false,stability_ratio;plateau_area
none,1D,TMUS,long,mr_n_day_low,21,1,false,e31799ad44b7c8f5bead8cf3b306bcf1095d93bd24fd2f5c6ec80ba9e6722afc,skip,half,15,21,6,0,0,0,0,0.6248048494612355,0.3434377453592285,0.977992775854811,0.6248048494612355,"{""n"":18,""source"":""low""}",1.0153526607781196,0.38095238095238093,1.1631031897584028,1.175007675573276,0.9330837145847914,0.9216324648759867,0.9815912824383067,true,0,true,""
none,1D,TMUS,long,mr_n_day_low,21,1,false,e31799ad44b7c8f5bead8cf3b306bcf1095d93bd24fd2f5c6ec80ba9e6722afc,worst,full,30,21,20,8,0,0,0,0.6248048494612355,0.3434377453592285,0.977992775854811,0.6248048494612355,"{""n"":10,""source"":""low""}",1.0,1.0,0.021512326411506664,0.021512326411506664,0.9476647483257611,0.8610645596754544,0.8172345467037722,true,0,true,""
none,1D,TMUS,long,mr_n_day_low,21,1,false,e31799ad44b7c8f5bead8cf3b306bcf1095d93bd24fd2f5c6ec80ba9e6722afc,worst,half,15,21,6,0,0,0,0,0.6248048494612355,0.3434377453592285,0.977992775854811,0.6248048494612355,"{""n"":18,""source"":""low""}",1.0153526607781196,0.38095238095238093,1.1631031897584028,1.175007675573276,0.9330837145847914,0.9216324648759867,0.9815912824383067,true,0,true,""
none,1D,TMUS,long,mr_n_day_low,21,1,false,e31799ad44b7c8f5bead8cf3b306bcf1095d93bd24fd2f5c6ec80ba9e6722afc,zero,full,30,21,20,8,0,0,0,0.6248048494612355,0.3434377453592285,0.977992775854811,0.6248048494612355,"{""n"":10,""source"":""low""}",0.0,0.047619047619047616,0.021512326411506664,0.010756163205753332,0.9476647483257611,0.8610645596754544,0.8172345467037722,true,0,false,stability_ratio;plateau_area
none,1D,TMUS,long,mr_n_day_low,21,1,false,e31799ad44b7c8f5bead8cf3b306bcf1095d93bd24fd2f5c6ec80ba9e6722afc,zero,half,15,21,6,0,0,0,0,0.6248048494612355,0.3434377453592285,0.977992775854811,0.6248048494612355,"{""n"":18,""source"":""low""}",1.0153526607781196,0.38095238095238093,1.1631031897584028,1.175007675573276,0.9330837145847914,0.9216324648759867,0.9815912824383067,true,0,true,""
none,1D,TMUS,long,mr_n_day_low,21,1,false,e31799ad44b7c8f5bead8cf3b306bcf1095d93bd24fd2f5c6ec80ba9e6722afc,worst0,full,30,21,20,8,0,0,0,0.6248048494612355,0.3434377453592285,0.977992775854811,0.6248048494612355,"{""n"":10,""source"":""low""}",0.0,0.047619047619047616,0.021512326411506664,0.010756163205753332,0.9476647483257611,0.8610645596754544,0.8172345467037722,true,0,false,stability_ratio;plateau_area
none,1D,TMUS,long,mr_n_day_low,21,1,false,e31799ad44b7c8f5bead8cf3b306bcf1095d93bd24fd2f5c6ec80ba9e6722afc,worst0,half,15,21,6,0,0,0,0,0.6248048494612355,0.3434377453592285,0.977992775854811,0.6248048494612355,"{""n"":18,""source"":""low""}",1.0153526607781196,0.38095238095238093,1.1631031897584028,1.175007675573276,0.9330837145847914,0.9216324648759867,0.9815912824383067,true,0,true,""
none,1D,TMUS,long,mr_n_day_low,21,1,false,e31799ad44b7c8f5bead8cf3b306bcf1095d93bd24fd2f5c6ec80ba9e6722afc,neginf,full,30,21,20,8,0,0,0,0.6248048494612355,0.3434377453592285,0.977992775854811,0.6248048494612355,"{""n"":10,""source"":""low""}",-inf,0.0,0.021512326411506664,-inf,0.9476647483257611,0.8610645596754544,0.8172345467037722,true,0,false,stability_ratio;plateau_area
none,1D,TMUS,long,mr_n_day_low,21,1,false,e31799ad44b7c8f5bead8cf3b306bcf1095d93bd24fd2f5c6ec80ba9e6722afc,neginf,half,15,21,6,0,0,0,0,0.6248048494612355,0.3434377453592285,0.977992775854811,0.6248048494612355,"{""n"":18,""source"":""low""}",1.0153526607781196,0.38095238095238093,1.1631031897584028,1.175007675573276,0.9330837145847914,0.9216324648759867,0.9815912824383067,true,0,true,""
random_walk,1D,TMUS,long,mr_n_day_low,21,1,false,e31799ad44b7c8f5bead8cf3b306bcf1095d93bd24fd2f5c6ec80ba9e6722afc,skip,full,30,21,21,21,2,0,0,-0.5790978579327462,-inf,-0.45731996721444795,-0.5585927180244965,,NaN,0.0,,,,NaN,NaN,false,,false,no_valid_cell
random_walk,1D,TMUS,long,mr_n_day_low,21,1,false,e31799ad44b7c8f5bead8cf3b306bcf1095d93bd24fd2f5c6ec80ba9e6722afc,skip,half,15,21,2,1,2,0,0,-0.5790978579327462,-inf,-0.45731996721444795,-0.5585927180244965,"{""n"":10,""source"":""low""}",NaN,0.0,-0.6199848696099443,-0.6440031297494719,-0.27855710932090233,-0.3008602976608903,NaN,false,0,false,spp_median_target;stability_ratio;plateau_area;selected_in_both_halves
random_walk,1D,TMUS,long,mr_n_day_low,21,1,false,e31799ad44b7c8f5bead8cf3b306bcf1095d93bd24fd2f5c6ec80ba9e6722afc,worst,full,30,21,21,21,2,0,0,-0.5790978579327462,-inf,-0.45731996721444795,-0.5585927180244965,,NaN,0.0,,,,NaN,NaN,false,,false,no_valid_cell
random_walk,1D,TMUS,long,mr_n_day_low,21,1,false,e31799ad44b7c8f5bead8cf3b306bcf1095d93bd24fd2f5c6ec80ba9e6722afc,worst,half,15,21,2,1,2,0,0,-0.5790978579327462,-inf,-0.45731996721444795,-0.5585927180244965,"{""n"":10,""source"":""low""}",NaN,0.0,-0.6199848696099443,-0.6440031297494719,-0.27855710932090233,-0.3008602976608903,NaN,false,0,false,spp_median_target;stability_ratio;plateau_area;selected_in_both_halves
random_walk,1D,TMUS,long,mr_n_day_low,21,1,false,e31799ad44b7c8f5bead8cf3b306bcf1095d93bd24fd2f5c6ec80ba9e6722afc,zero,full,30,21,21,21,2,0,0,-0.5790978579327462,-inf,-0.45731996721444795,-0.5585927180244965,,NaN,0.0,,,,NaN,NaN,false,,false,no_valid_cell
random_walk,1D,TMUS,long,mr_n_day_low,21,1,false,e31799ad44b7c8f5bead8cf3b306bcf1095d93bd24fd2f5c6ec80ba9e6722afc,zero,half,15,21,2,1,2,0,0,-0.5790978579327462,-inf,-0.45731996721444795,-0.5585927180244965,"{""n"":10,""source"":""low""}",NaN,0.0,-0.6199848696099443,-0.6440031297494719,-0.27855710932090233,-0.3008602976608903,NaN,false,0,false,spp_median_target;stability_ratio;plateau_area;selected_in_both_halves
random_walk,1D,TMUS,long,mr_n_day_low,21,1,false,e31799ad44b7c8f5bead8cf3b306bcf1095d93bd24fd2f5c6ec80ba9e6722afc,worst0,full,30,21,21,21,2,0,0,-0.5790978579327462,-inf,-0.45731996721444795,-0.5585927180244965,,NaN,0.0,,,,NaN,NaN,false,,false,no_valid_cell
random_walk,1D,TMUS,long,mr_n_day_low,21,1,false,e31799ad44b7c8f5bead8cf3b306bcf1095d93bd24fd2f5c6ec80ba9e6722afc,worst0,half,15,21,2,1,2,0,0,-0.5790978579327462,-inf,-0.45731996721444795,-0.5585927180244965,"{""n"":10,""source"":""low""}",NaN,0.0,-0.6199848696099443,-0.6440031297494719,-0.27855710932090233,-0.3008602976608903,NaN,false,0,false,spp_median_target;stability_ratio;plateau_area;selected_in_both_halves
random_walk,1D,TMUS,long,mr_n_day_low,21,1,false,e31799ad44b7c8f5bead8cf3b306bcf1095d93bd24fd2f5c6ec80ba9e6722afc,neginf,full,30,21,21,21,2,0,0,-0.5790978579327462,-inf,-0.45731996721444795,-0.5585927180244965,,NaN,0.0,,,,NaN,NaN,false,,false,no_valid_cell
random_walk,1D,TMUS,long,mr_n_day_low,21,1,false,e31799ad44b7c8f5bead8cf3b306bcf1095d93bd24fd2f5c6ec80ba9e6722afc,neginf,half,15,21,2,1,2,0,0,-0.5790978579327462,-inf,-0.45731996721444795,-0.5585927180244965,"{""n"":10,""source"":""low""}",NaN,0.0,-0.6199848696099443,-0.6440031297494719,-0.27855710932090233,-0.3008602976608903,NaN,false,0,false,spp_median_target;stability_ratio;plateau_area;selected_in_both_halves
none,1D,TMUS,long,mr_williams_confirm,527,2,false,7a80de75b024e1269dbee58325dcf8a06d6bca90290010bd70a89749ba6f4f06,skip,full,30,527,255,204,108,0,0,0.6328050895586754,-inf,1.3683480282762275,0.7341251782321204,"{""confirm"":""same_bar"",""n"":26,""t"":40.0}",1.0424515939773913,0.04364326375711575,2.2723063058760054,2.344653574392991,-0.15382063290782955,-0.17533542369971894,NaN,false,0,false,plateau_area;selected_in_both_halves
none,1D,TMUS,long,mr_williams_confirm,527,2,false,7a80de75b024e1269dbee58325dcf8a06d6bca90290010bd70a89749ba6f4f06,skip,half,15,527,132,66,108,0,0,0.6328050895586754,-inf,1.3683480282762275,0.7341251782321204,"{""confirm"":""same_bar"",""n"":26,""t"":40.0}",1.0424515939773913,0.04364326375711575,2.2723063058760054,2.344653574392991,-0.15382063290782955,-0.17533542369971894,NaN,false,0,false,plateau_area;selected_in_both_halves
none,1D,TMUS,long,mr_williams_confirm,527,2,false,7a80de75b024e1269dbee58325dcf8a06d6bca90290010bd70a89749ba6f4f06,worst,full,30,527,255,204,108,0,0,0.6328050895586754,-inf,1.3683480282762275,0.7341251782321204,"{""confirm"":""same_bar"",""n"":26,""t"":40.0}",1.0424515939773913,0.04364326375711575,2.2723063058760054,2.344653574392991,-0.15382063290782955,-0.17533542369971894,NaN,false,0,false,plateau_area;selected_in_both_halves
none,1D,TMUS,long,mr_williams_confirm,527,2,false,7a80de75b024e1269dbee58325dcf8a06d6bca90290010bd70a89749ba6f4f06,worst,half,15,527,132,66,108,0,0,0.6328050895586754,-inf,1.3683480282762275,0.7341251782321204,"{""confirm"":""same_bar"",""n"":26,""t"":40.0}",1.0424515939773913,0.04364326375711575,2.2723063058760054,2.344653574392991,-0.15382063290782955,-0.17533542369971894,NaN,false,0,false,plateau_area;selected_in_both_halves
none,1D,TMUS,long,mr_williams_confirm,527,2,false,7a80de75b024e1269dbee58325dcf8a06d6bca90290010bd70a89749ba6f4f06,zero,full,30,527,255,204,108,0,0,0.6328050895586754,-inf,1.3683480282762275,0.7341251782321204,"{""confirm"":""same_bar"",""n"":26,""t"":40.0}",1.0424515939773913,0.04364326375711575,2.2723063058760054,2.344653574392991,-0.15382063290782955,-0.17533542369971894,NaN,false,0,false,plateau_area;selected_in_both_halves
none,1D,TMUS,long,mr_williams_confirm,527,2,false,7a80de75b024e1269dbee58325dcf8a06d6bca90290010bd70a89749ba6f4f06,zero,half,15,527,132,66,108,0,0,0.6328050895586754,-inf,1.3683480282762275,0.7341251782321204,"{""confirm"":""same_bar"",""n"":26,""t"":40.0}",1.0424515939773913,0.04364326375711575,2.2723063058760054,2.344653574392991,-0.15382063290782955,-0.17533542369971894,NaN,false,0,false,plateau_area;selected_in_both_halves
none,1D,TMUS,long,mr_williams_confirm,527,2,false,7a80de75b024e1269dbee58325dcf8a06d6bca90290010bd70a89749ba6f4f06,worst0,full,30,527,255,204,108,0,0,0.6328050895586754,-inf,1.3683480282762275,0.7341251782321204,"{""confirm"":""same_bar"",""n"":26,""t"":40.0}",1.0424515939773913,0.04364326375711575,2.2723063058760054,2.344653574392991,-0.15382063290782955,-0.17533542369971894,NaN,false,0,false,plateau_area;selected_in_both_halves
none,1D,TMUS,long,mr_williams_confirm,527,2,false,7a80de75b024e1269dbee58325dcf8a06d6bca90290010bd70a89749ba6f4f06,worst0,half,15,527,132,66,108,0,0,0.6328050895586754,-inf,1.3683480282762275,0.7341251782321204,"{""confirm"":""same_bar"",""n"":26,""t"":40.0}",1.0424515939773913,0.04364326375711575,2.2723063058760054,2.344653574392991,-0.15382063290782955,-0.17533542369971894,NaN,false,0,false,plateau_area;selected_in_both_halves
none,1D,TMUS,long,mr_williams_confirm,527,2,false,7a80de75b024e1269dbee58325dcf8a06d6bca90290010bd70a89749ba6f4f06,neginf,full,30,527,255,204,108,0,0,0.6328050895586754,-inf,1.3683480282762275,0.7341251782321204,"{""confirm"":""same_bar"",""n"":26,""t"":40.0}",1.0424515939773913,0.04364326375711575,2.2723063058760054,2.344653574392991,-0.15382063290782955,-0.17533542369971894,NaN,false,0,false,plateau_area;selected_in_both_halves
none,1D,TMUS,long,mr_williams_confirm,527,2,false,7a80de75b024e1269dbee58325dcf8a06d6bca90290010bd70a89749ba6f4f06,neginf,half,15,527,132,66,108,0,0,0.6328050895586754,-inf,1.3683480282762275,0.7341251782321204,"{""confirm"":""same_bar"",""n"":26,""t"":40.0}",1.0424515939773913,0.04364326375711575,2.2723063058760054,2.344653574392991,-0.15382063290782955,-0.17533542369971894,NaN,false,0,false,plateau_area;selected_in_both_halves
random_walk,1D,TMUS,long,mr_williams_confirm,527,2,false,7a80de75b024e1269dbee58325dcf8a06d6bca90290010bd70a89749ba6f4f06,skip,full,30,527,144,138,23,0,0,0.3880261407279218,-0.13723364825396847,0.9093903071698365,0.41231322202384535,"{""confirm"":""same_bar"",""n"":19,""t"":19.0}",0.8311036072426466,0.03795066413662239,1.1985578933488719,1.029864472767641,0.9818361514832056,0.9377454534557546,0.949480333143212,true,0,false,plateau_area
random_walk,1D,TMUS,long,mr_williams_confirm,527,2,false,7a80de75b024e1269dbee58325dcf8a06d6bca90290010bd70a89749ba6f4f06,skip,half,15,527,18,27,23,0,0,0.3880261407279218,-0.13723364825396847,0.9093903071698365,0.41231322202384535,"{""confirm"":""same_bar"",""n"":19,""t"":20.0}",1.0102417353698967,0.04554079696394687,0.9876151748225348,0.9966061910606029,1.0274111856038262,1.065641897082911,1.0418620616717278,true,0,false,plateau_area
random_walk,1D,TMUS,long,mr_williams_confirm,527,2,false,7a80de75b024e1269dbee58325dcf8a06d6bca90290010bd70a89749ba6f4f06,worst,full,30,527,144,138,23,0,0,0.3880261407279218,-0.13723364825396847,0.9093903071698365,0.41231322202384535,"{""confirm"":""same_bar"",""n"":19,""t"":20.0}",1.0102417353698967,0.028462998102466792,0.9876151748225348,0.9966061910606029,1.0274111856038262,1.065641897082911,1.0418620616717278,true,0,false,plateau_area
random_walk,1D,TMUS,long,mr_williams_confirm,527,2,false,7a80de75b024e1269dbee58325dcf8a06d6bca90290010bd70a89749ba6f4f06,worst,half,15,527,18,27,23,0,0,0.3880261407279218,-0.13723364825396847,0.9093903071698365,0.41231322202384535,"{""confirm"":""same_bar"",""n"":19,""t"":20.0}",1.0102417353698967,0.04554079696394687,0.9876151748225348,0.9966061910606029,1.0274111856038262,1.065641897082911,1.0418620616717278,true,0,false,plateau_area
random_walk,1D,TMUS,long,mr_williams_confirm,527,2,false,7a80de75b024e1269dbee58325dcf8a06d6bca90290010bd70a89749ba6f4f06,zero,full,30,527,144,138,23,0,0,0.3880261407279218,-0.13723364825396847,0.9093903071698365,0.41231322202384535,"{""confirm"":""same_bar"",""n"":19,""t"":20.0}",1.0102417353698967,0.028462998102466792,0.9876151748225348,0.9966061910606029,1.0274111856038262,1.065641897082911,1.0418620616717278,true,0,false,plateau_area
random_walk,1D,TMUS,long,mr_williams_confirm,527,2,false,7a80de75b024e1269dbee58325dcf8a06d6bca90290010bd70a89749ba6f4f06,zero,half,15,527,18,27,23,0,0,0.3880261407279218,-0.13723364825396847,0.9093903071698365,0.41231322202384535,"{""confirm"":""same_bar"",""n"":19,""t"":20.0}",1.0102417353698967,0.04554079696394687,0.9876151748225348,0.9966061910606029,1.0274111856038262,1.065641897082911,1.0418620616717278,true,0,false,plateau_area
random_walk,1D,TMUS,long,mr_williams_confirm,527,2,false,7a80de75b024e1269dbee58325dcf8a06d6bca90290010bd70a89749ba6f4f06,worst0,full,30,527,144,138,23,0,0,0.3880261407279218,-0.13723364825396847,0.9093903071698365,0.41231322202384535,"{""confirm"":""same_bar"",""n"":19,""t"":20.0}",1.0102417353698967,0.028462998102466792,0.9876151748225348,0.9966061910606029,1.0274111856038262,1.065641897082911,1.0418620616717278,true,0,false,plateau_area
random_walk,1D,TMUS,long,mr_williams_confirm,527,2,false,7a80de75b024e1269dbee58325dcf8a06d6bca90290010bd70a89749ba6f4f06,worst0,half,15,527,18,27,23,0,0,0.3880261407279218,-0.13723364825396847,0.9093903071698365,0.41231322202384535,"{""confirm"":""same_bar"",""n"":19,""t"":20.0}",1.0102417353698967,0.04554079696394687,0.9876151748225348,0.9966061910606029,1.0274111856038262,1.065641897082911,1.0418620616717278,true,0,false,plateau_area
random_walk,1D,TMUS,long,mr_williams_confirm,527,2,false,7a80de75b024e1269dbee58325dcf8a06d6bca90290010bd70a89749ba6f4f06,neginf,full,30,527,144,138,23,0,0,0.3880261407279218,-0.13723364825396847,0.9093903071698365,0.41231322202384535,"{""confirm"":""same_bar"",""n"":19,""t"":20.0}",1.0102417353698967,0.028462998102466792,0.9876151748225348,0.9966061910606029,1.0274111856038262,1.065641897082911,1.0418620616717278,true,0,false,plateau_area
random_walk,1D,TMUS,long,mr_williams_confirm,527,2,false,7a80de75b024e1269dbee58325dcf8a06d6bca90290010bd70a89749ba6f4f06,neginf,half,15,527,18,27,23,0,0,0.3880261407279218,-0.13723364825396847,0.9093903071698365,0.41231322202384535,"{""confirm"":""same_bar"",""n"":19,""t"":20.0}",1.0102417353698967,0.04554079696394687,0.9876151748225348,0.9966061910606029,1.0274111856038262,1.065641897082911,1.0418620616717278,true,0,false,plateau_area
none,1D,TXN,long,mr_ema_slope_drop,180,2,false,071eb87566792ce7680a09d683ce4ab418d5b9553b6972f4c09dfe50ee3a7e70,skip,full,30,180,33,15,3,0,0,1.1779305738015093,0.7980835112449892,1.6253999284763931,1.1790391428291511,"{""n"":7,""p"":0.75}",1.1948171144345558,0.20555555555555555,1.1432544283120654,1.3214348513426928,1.0707773096509763,1.008536565084328,0.9346074697265457,true,12,true,""
none,1D,TXN,long,mr_ema_slope_drop,180,2,false,071eb87566792ce7680a09d683ce4ab418d5b9553b6972f4c09dfe50ee3a7e70,skip,half,15,180,9,0,3,0,0,1.1779305738015093,0.7980835112449892,1.6253999284763931,1.1790391428291511,"{""n"":10,""p"":0.75}",1.1626459440089365,0.03888888888888889,3.029040345775733,3.4231692469596124,1.1193721978390818,1.138066253065088,1.0200405783835915,true,0,false,plateau_area
none,1D,TXN,long,mr_ema_slope_drop,180,2,false,071eb87566792ce7680a09d683ce4ab418d5b9553b6972f4c09dfe50ee3a7e70,worst,full,30,180,33,15,3,0,0,1.1779305738015093,0.7980835112449892,1.6253999284763931,1.1790391428291511,"{""n"":6,""p"":0.7}",0.991351974003594,0.1111111111111111,1.281002565279118,1.2711553266248987,1.2885996969550897,1.1524767985009554,0.8811591674879633,true,11,true,""
none,1D,TXN,long,mr_ema_slope_drop,180,2,false,071eb87566792ce7680a09d683ce4ab418d5b9553b6972f4c09dfe50ee3a7e70,worst,half,15,180,9,0,3,0,0,1.1779305738015093,0.7980835112449892,1.6253999284763931,1.1790391428291511,"{""n"":10,""p"":0.75}",0.9531336674853399,0.044444444444444446,3.029040345775733,2.910740335737861,1.1193721978390818,1.138066253065088,1.0200405783835915,true,1,false,plateau_area
none,1D,TXN,long,mr_ema_slope_drop,180,2,false,071eb87566792ce7680a09d683ce4ab418d5b9553b6972f4c09dfe50ee3a7e70,zero,full,30,180,33,15,3,0,0,1.1779305738015093,0.7980835112449892,1.6253999284763931,1.1790391428291511,"{""n"":6,""p"":0.7}",0.991351974003594,0.1,1.281002565279118,1.2711553266248987,1.2885996969550897,1.1524767985009554,0.8811591674879633,true,11,true,""
none,1D,TXN,long,mr_ema_slope_drop,180,2,false,071eb87566792ce7680a09d683ce4ab418d5b9553b6972f4c09dfe50ee3a7e70,zero,half,15,180,9,0,3,0,0,1.1779305738015093,0.7980835112449892,1.6253999284763931,1.1790391428291511,"{""n"":10,""p"":0.7}",0.6293989844519402,0.027777777777777776,4.200668028138688,2.903358163798302,1.2740673775413536,1.0969324738130888,0.8331627602897175,true,0,false,stability_ratio;plateau_area
none,1D,TXN,long,mr_ema_slope_drop,180,2,false,071eb87566792ce7680a09d683ce4ab418d5b9553b6972f4c09dfe50ee3a7e70,worst0,full,30,180,33,15,3,0,0,1.1779305738015093,0.7980835112449892,1.6253999284763931,1.1790391428291511,"{""n"":6,""p"":0.7}",0.991351974003594,0.1,1.281002565279118,1.2711553266248987,1.2885996969550897,1.1524767985009554,0.8811591674879633,true,11,true,""
none,1D,TXN,long,mr_ema_slope_drop,180,2,false,071eb87566792ce7680a09d683ce4ab418d5b9553b6972f4c09dfe50ee3a7e70,worst0,half,15,180,9,0,3,0,0,1.1779305738015093,0.7980835112449892,1.6253999284763931,1.1790391428291511,"{""n"":10,""p"":0.7}",0.6293989844519402,0.027777777777777776,4.200668028138688,2.903358163798302,1.2740673775413536,1.0969324738130888,0.8331627602897175,true,0,false,stability_ratio;plateau_area
none,1D,TXN,long,mr_ema_slope_drop,180,2,false,071eb87566792ce7680a09d683ce4ab418d5b9553b6972f4c09dfe50ee3a7e70,neginf,full,30,180,33,15,3,0,0,1.1779305738015093,0.7980835112449892,1.6253999284763931,1.1790391428291511,"{""n"":6,""p"":0.7}",0.991351974003594,0.07222222222222222,1.281002565279118,1.2711553266248987,1.2885996969550897,1.1524767985009554,0.8811591674879633,true,11,false,plateau_area
none,1D,TXN,long,mr_ema_slope_drop,180,2,false,071eb87566792ce7680a09d683ce4ab418d5b9553b6972f4c09dfe50ee3a7e70,neginf,half,15,180,9,0,3,0,0,1.1779305738015093,0.7980835112449892,1.6253999284763931,1.1790391428291511,"{""n"":10,""p"":0.7}",0.6293989844519402,0.011111111111111112,4.200668028138688,2.903358163798302,1.2740673775413536,1.0969324738130888,0.8331627602897175,true,0,false,stability_ratio;plateau_area
random_walk,1D,TXN,long,mr_ema_slope_drop,180,2,false,071eb87566792ce7680a09d683ce4ab418d5b9553b6972f4c09dfe50ee3a7e70,skip,full,30,180,5,10,0,0,0,-0.5236524095852075,-0.655190470630792,-0.3071132920756642,-0.5238366054330041,"{""n"":5,""p"":0.05}",NaN,0.0,-0.15732661415793528,-0.2016560894227617,-0.37274709803561223,-0.45266109863068005,NaN,false,0,false,spp_median_target;stability_ratio;plateau_area;selected_in_both_halves
random_walk,1D,TXN,long,mr_ema_slope_drop,180,2,false,071eb87566792ce7680a09d683ce4ab418d5b9553b6972f4c09dfe50ee3a7e70,skip,half,15,180,0,0,0,0,0,-0.5236524095852075,-0.655190470630792,-0.3071132920756642,-0.5238366054330041,"{""n"":5,""p"":0.05}",NaN,0.0,-0.15732661415793528,-0.2016560894227617,-0.37274709803561223,-0.45266109863068005,NaN,false,0,false,spp_median_target;stability_ratio;plateau_area;selected_in_both_halves
random_walk,1D,TXN,long,mr_ema_slope_drop,180,2,false,071eb87566792ce7680a09d683ce4ab418d5b9553b6972f4c09dfe50ee3a7e70,worst,full,30,180,5,10,0,0,0,-0.5236524095852075,-0.655190470630792,-0.3071132920756642,-0.5238366054330041,"{""n"":5,""p"":0.05}",NaN,0.0,-0.15732661415793528,-0.2016560894227617,-0.37274709803561223,-0.45266109863068005,NaN,false,0,false,spp_median_target;stability_ratio;plateau_area;selected_in_both_halves
random_walk,1D,TXN,long,mr_ema_slope_drop,180,2,false,071eb87566792ce7680a09d683ce4ab418d5b9553b6972f4c09dfe50ee3a7e70,worst,half,15,180,0,0,0,0,0,-0.5236524095852075,-0.655190470630792,-0.3071132920756642,-0.5238366054330041,"{""n"":5,""p"":0.05}",NaN,0.0,-0.15732661415793528,-0.2016560894227617,-0.37274709803561223,-0.45266109863068005,NaN,false,0,false,spp_median_target;stability_ratio;plateau_area;selected_in_both_halves
random_walk,1D,TXN,long,mr_ema_slope_drop,180,2,false,071eb87566792ce7680a09d683ce4ab418d5b9553b6972f4c09dfe50ee3a7e70,zero,full,30,180,5,10,0,0,0,-0.5236524095852075,-0.655190470630792,-0.3071132920756642,-0.5238366054330041,"{""n"":5,""p"":0.05}",NaN,0.0,-0.15732661415793528,-0.2016560894227617,-0.37274709803561223,-0.45266109863068005,NaN,false,0,false,spp_median_target;stability_ratio;plateau_area;selected_in_both_halves
random_walk,1D,TXN,long,mr_ema_slope_drop,180,2,false,071eb87566792ce7680a09d683ce4ab418d5b9553b6972f4c09dfe50ee3a7e70,zero,half,15,180,0,0,0,0,0,-0.5236524095852075,-0.655190470630792,-0.3071132920756642,-0.5238366054330041,"{""n"":5,""p"":0.05}",NaN,0.0,-0.15732661415793528,-0.2016560894227617,-0.37274709803561223,-0.45266109863068005,NaN,false,0,false,spp_median_target;stability_ratio;plateau_area;selected_in_both_halves
random_walk,1D,TXN,long,mr_ema_slope_drop,180,2,false,071eb87566792ce7680a09d683ce4ab418d5b9553b6972f4c09dfe50ee3a7e70,worst0,full,30,180,5,10,0,0,0,-0.5236524095852075,-0.655190470630792,-0.3071132920756642,-0.5238366054330041,"{""n"":5,""p"":0.05}",NaN,0.0,-0.15732661415793528,-0.2016560894227617,-0.37274709803561223,-0.45266109863068005,NaN,false,0,false,spp_median_target;stability_ratio;plateau_area;selected_in_both_halves
random_walk,1D,TXN,long,mr_ema_slope_drop,180,2,false,071eb87566792ce7680a09d683ce4ab418d5b9553b6972f4c09dfe50ee3a7e70,worst0,half,15,180,0,0,0,0,0,-0.5236524095852075,-0.655190470630792,-0.3071132920756642,-0.5238366054330041,"{""n"":5,""p"":0.05}",NaN,0.0,-0.15732661415793528,-0.2016560894227617,-0.37274709803561223,-0.45266109863068005,NaN,false,0,false,spp_median_target;stability_ratio;plateau_area;selected_in_both_halves
random_walk,1D,TXN,long,mr_ema_slope_drop,180,2,false,071eb87566792ce7680a09d683ce4ab418d5b9553b6972f4c09dfe50ee3a7e70,neginf,full,30,180,5,10,0,0,0,-0.5236524095852075,-0.655190470630792,-0.3071132920756642,-0.5238366054330041,"{""n"":5,""p"":0.05}",NaN,0.0,-0.15732661415793528,-0.2016560894227617,-0.37274709803561223,-0.45266109863068005,NaN,false,0,false,spp_median_target;stability_ratio;plateau_area;selected_in_both_halves
random_walk,1D,TXN,long,mr_ema_slope_drop,180,2,false,071eb87566792ce7680a09d683ce4ab418d5b9553b6972f4c09dfe50ee3a7e70,neginf,half,15,180,0,0,0,0,0,-0.5236524095852075,-0.655190470630792,-0.3071132920756642,-0.5238366054330041,"{""n"":5,""p"":0.05}",NaN,0.0,-0.15732661415793528,-0.2016560894227617,-0.37274709803561223,-0.45266109863068005,NaN,false,0,false,spp_median_target;stability_ratio;plateau_area;selected_in_both_halves
none,1D,TXN,long,mr_macd_hist_turn,3,1,true,0e6f9d016d455b2cfedaa12b395a4ee2b8f57a9ee827f82f871137e1848336d2,skip,full,30,3,0,0,0,0,0,0.3075927208209395,0.02947489453652351,0.6667689512351448,0.3075927208209395,"{""k"":3}",1.2217360861933892,0.6666666666666666,0.8318783558609543,0.924107081269754,-0.03154996620207742,0.19234307463631456,NaN,false,2,false,selected_in_both_halves
none,1D,TXN,long,mr_macd_hist_turn,3,1,true,0e6f9d016d455b2cfedaa12b395a4ee2b8f57a9ee827f82f871137e1848336d2,skip,half,15,3,0,0,0,0,0,0.3075927208209395,0.02947489453652351,0.6667689512351448,0.3075927208209395,"{""k"":3}",1.2217360861933892,0.6666666666666666,0.8318783558609543,0.924107081269754,-0.03154996620207742,0.19234307463631456,NaN,false,2,false,selected_in_both_halves
none,1D,TXN,long,mr_macd_hist_turn,3,1,true,0e6f9d016d455b2cfedaa12b395a4ee2b8f57a9ee827f82f871137e1848336d2,worst,full,30,3,0,0,0,0,0,0.3075927208209395,0.02947489453652351,0.6667689512351448,0.3075927208209395,"{""k"":3}",1.2217360861933892,0.6666666666666666,0.8318783558609543,0.924107081269754,-0.03154996620207742,0.19234307463631456,NaN,false,2,false,selected_in_both_halves
none,1D,TXN,long,mr_macd_hist_turn,3,1,true,0e6f9d016d455b2cfedaa12b395a4ee2b8f57a9ee827f82f871137e1848336d2,worst,half,15,3,0,0,0,0,0,0.3075927208209395,0.02947489453652351,0.6667689512351448,0.3075927208209395,"{""k"":3}",1.2217360861933892,0.6666666666666666,0.8318783558609543,0.924107081269754,-0.03154996620207742,0.19234307463631456,NaN,false,2,false,selected_in_both_halves
none,1D,TXN,long,mr_macd_hist_turn,3,1,true,0e6f9d016d455b2cfedaa12b395a4ee2b8f57a9ee827f82f871137e1848336d2,zero,full,30,3,0,0,0,0,0,0.3075927208209395,0.02947489453652351,0.6667689512351448,0.3075927208209395,"{""k"":3}",1.2217360861933892,0.6666666666666666,0.8318783558609543,0.924107081269754,-0.03154996620207742,0.19234307463631456,NaN,false,2,false,selected_in_both_halves
none,1D,TXN,long,mr_macd_hist_turn,3,1,true,0e6f9d016d455b2cfedaa12b395a4ee2b8f57a9ee827f82f871137e1848336d2,zero,half,15,3,0,0,0,0,0,0.3075927208209395,0.02947489453652351,0.6667689512351448,0.3075927208209395,"{""k"":3}",1.2217360861933892,0.6666666666666666,0.8318783558609543,0.924107081269754,-0.03154996620207742,0.19234307463631456,NaN,false,2,false,selected_in_both_halves
none,1D,TXN,long,mr_macd_hist_turn,3,1,true,0e6f9d016d455b2cfedaa12b395a4ee2b8f57a9ee827f82f871137e1848336d2,worst0,full,30,3,0,0,0,0,0,0.3075927208209395,0.02947489453652351,0.6667689512351448,0.3075927208209395,"{""k"":3}",1.2217360861933892,0.6666666666666666,0.8318783558609543,0.924107081269754,-0.03154996620207742,0.19234307463631456,NaN,false,2,false,selected_in_both_halves
none,1D,TXN,long,mr_macd_hist_turn,3,1,true,0e6f9d016d455b2cfedaa12b395a4ee2b8f57a9ee827f82f871137e1848336d2,worst0,half,15,3,0,0,0,0,0,0.3075927208209395,0.02947489453652351,0.6667689512351448,0.3075927208209395,"{""k"":3}",1.2217360861933892,0.6666666666666666,0.8318783558609543,0.924107081269754,-0.03154996620207742,0.19234307463631456,NaN,false,2,false,selected_in_both_halves
none,1D,TXN,long,mr_macd_hist_turn,3,1,true,0e6f9d016d455b2cfedaa12b395a4ee2b8f57a9ee827f82f871137e1848336d2,neginf,full,30,3,0,0,0,0,0,0.3075927208209395,0.02947489453652351,0.6667689512351448,0.3075927208209395,"{""k"":3}",1.2217360861933892,0.6666666666666666,0.8318783558609543,0.924107081269754,-0.03154996620207742,0.19234307463631456,NaN,false,2,false,selected_in_both_halves
none,1D,TXN,long,mr_macd_hist_turn,3,1,true,0e6f9d016d455b2cfedaa12b395a4ee2b8f57a9ee827f82f871137e1848336d2,neginf,half,15,3,0,0,0,0,0,0.3075927208209395,0.02947489453652351,0.6667689512351448,0.3075927208209395,"{""k"":3}",1.2217360861933892,0.6666666666666666,0.8318783558609543,0.924107081269754,-0.03154996620207742,0.19234307463631456,NaN,false,2,false,selected_in_both_halves
random_walk,1D,TXN,long,mr_macd_hist_turn,3,1,true,0e6f9d016d455b2cfedaa12b395a4ee2b8f57a9ee827f82f871137e1848336d2,skip,full,30,3,0,0,0,0,0,-0.01836533231569513,-0.24385668500671312,0.011935091380513106,-0.01836533231569513,"{""k"":2}",NaN,0.3333333333333333,-0.2555275717572028,0.0677687815383997,-0.24600115647098506,-0.2193880870533704,NaN,false,0,false,spp_median_target;stability_ratio;selected_in_both_halves
random_walk,1D,TXN,long,mr_macd_hist_turn,3,1,true,0e6f9d016d455b2cfedaa12b395a4ee2b8f57a9ee827f82f871137e1848336d2,skip,half,15,3,0,0,0,0,0,-0.01836533231569513,-0.24385668500671312,0.011935091380513106,-0.01836533231569513,"{""k"":2}",NaN,0.3333333333333333,-0.2555275717572028,0.0677687815383997,-0.24600115647098506,-0.2193880870533704,NaN,false,0,false,spp_median_target;stability_ratio;selected_in_both_halves
random_walk,1D,TXN,long,mr_macd_hist_turn,3,1,true,0e6f9d016d455b2cfedaa12b395a4ee2b8f57a9ee827f82f871137e1848336d2,worst,full,30,3,0,0,0,0,0,-0.01836533231569513,-0.24385668500671312,0.011935091380513106,-0.01836533231569513,"{""k"":2}",NaN,0.3333333333333333,-0.2555275717572028,0.0677687815383997,-0.24600115647098506,-0.2193880870533704,NaN,false,0,false,spp_median_target;stability_ratio;selected_in_both_halves
random_walk,1D,TXN,long,mr_macd_hist_turn,3,1,true,0e6f9d016d455b2cfedaa12b395a4ee2b8f57a9ee827f82f871137e1848336d2,worst,half,15,3,0,0,0,0,0,-0.01836533231569513,-0.24385668500671312,0.011935091380513106,-0.01836533231569513,"{""k"":2}",NaN,0.3333333333333333,-0.2555275717572028,0.0677687815383997,-0.24600115647098506,-0.2193880870533704,NaN,false,0,false,spp_median_target;stability_ratio;selected_in_both_halves
random_walk,1D,TXN,long,mr_macd_hist_turn,3,1,true,0e6f9d016d455b2cfedaa12b395a4ee2b8f57a9ee827f82f871137e1848336d2,zero,full,30,3,0,0,0,0,0,-0.01836533231569513,-0.24385668500671312,0.011935091380513106,-0.01836533231569513,"{""k"":2}",NaN,0.3333333333333333,-0.2555275717572028,0.0677687815383997,-0.24600115647098506,-0.2193880870533704,NaN,false,0,false,spp_median_target;stability_ratio;selected_in_both_halves
random_walk,1D,TXN,long,mr_macd_hist_turn,3,1,true,0e6f9d016d455b2cfedaa12b395a4ee2b8f57a9ee827f82f871137e1848336d2,zero,half,15,3,0,0,0,0,0,-0.01836533231569513,-0.24385668500671312,0.011935091380513106,-0.01836533231569513,"{""k"":2}",NaN,0.3333333333333333,-0.2555275717572028,0.0677687815383997,-0.24600115647098506,-0.2193880870533704,NaN,false,0,false,spp_median_target;stability_ratio;selected_in_both_halves
random_walk,1D,TXN,long,mr_macd_hist_turn,3,1,true,0e6f9d016d455b2cfedaa12b395a4ee2b8f57a9ee827f82f871137e1848336d2,worst0,full,30,3,0,0,0,0,0,-0.01836533231569513,-0.24385668500671312,0.011935091380513106,-0.01836533231569513,"{""k"":2}",NaN,0.3333333333333333,-0.2555275717572028,0.0677687815383997,-0.24600115647098506,-0.2193880870533704,NaN,false,0,false,spp_median_target;stability_ratio;selected_in_both_halves
random_walk,1D,TXN,long,mr_macd_hist_turn,3,1,true,0e6f9d016d455b2cfedaa12b395a4ee2b8f57a9ee827f82f871137e1848336d2,worst0,half,15,3,0,0,0,0,0,-0.01836533231569513,-0.24385668500671312,0.011935091380513106,-0.01836533231569513,"{""k"":2}",NaN,0.3333333333333333,-0.2555275717572028,0.0677687815383997,-0.24600115647098506,-0.2193880870533704,NaN,false,0,false,spp_median_target;stability_ratio;selected_in_both_halves
random_walk,1D,TXN,long,mr_macd_hist_turn,3,1,true,0e6f9d016d455b2cfedaa12b395a4ee2b8f57a9ee827f82f871137e1848336d2,neginf,full,30,3,0,0,0,0,0,-0.01836533231569513,-0.24385668500671312,0.011935091380513106,-0.01836533231569513,"{""k"":2}",NaN,0.3333333333333333,-0.2555275717572028,0.0677687815383997,-0.24600115647098506,-0.2193880870533704,NaN,false,0,false,spp_median_target;stability_ratio;selected_in_both_halves
random_walk,1D,TXN,long,mr_macd_hist_turn,3,1,true,0e6f9d016d455b2cfedaa12b395a4ee2b8f57a9ee827f82f871137e1848336d2,neginf,half,15,3,0,0,0,0,0,-0.01836533231569513,-0.24385668500671312,0.011935091380513106,-0.01836533231569513,"{""k"":2}",NaN,0.3333333333333333,-0.2555275717572028,0.0677687815383997,-0.24600115647098506,-0.2193880870533704,NaN,false,0,false,spp_median_target;stability_ratio;selected_in_both_halves
none,1D,TXN,long,mr_macd_hist_falling,3,1,true,179fbbe4eb8db75995d8008a40d2b3b21bd9831ed2c28b044838fa8bed17ae73,skip,full,30,3,0,0,0,0,0,0.31956689676615696,0.1580579507207181,0.4634688138359404,0.31956689676615696,"{""k"":4}",0.7687406766285142,0.6666666666666666,0.13421958916011653,0.11869982347393285,0.19046290717404216,0.5462156817807478,4.735664648672238,true,2,false,stability_ratio
none,1D,TXN,long,mr_macd_hist_falling,3,1,true,179fbbe4eb8db75995d8008a40d2b3b21bd9831ed2c28b044838fa8bed17ae73,skip,half,15,3,0,0,0,0,0,0.31956689676615696,0.1580579507207181,0.4634688138359404,0.31956689676615696,"{""k"":4}",0.7687406766285142,0.6666666666666666,0.13421958916011653,0.11869982347393285,0.19046290717404216,0.5462156817807478,4.735664648672238,true,2,false,stability_ratio
none,1D,TXN,long,mr_macd_hist_falling,3,1,true,179fbbe4eb8db75995d8008a40d2b3b21bd9831ed2c28b044838fa8bed17ae73,worst,full,30,3,0,0,0,0,0,0.31956689676615696,0.1580579507207181,0.4634688138359404,0.31956689676615696,"{""k"":4}",0.7687406766285142,0.6666666666666666,0.13421958916011653,0.11869982347393285,0.19046290717404216,0.5462156817807478,4.735664648672238,true,2,false,stability_ratio
none,1D,TXN,long,mr_macd_hist_falling,3,1,true,179fbbe4eb8db75995d8008a40d2b3b21bd9831ed2c28b044838fa8bed17ae73,worst,half,15,3,0,0,0,0,0,0.31956689676615696,0.1580579507207181,0.4634688138359404,0.31956689676615696,"{""k"":4}",0.7687406766285142,0.6666666666666666,0.13421958916011653,0.11869982347393285,0.19046290717404216,0.5462156817807478,4.735664648672238,true,2,false,stability_ratio
none,1D,TXN,long,mr_macd_hist_falling,3,1,true,179fbbe4eb8db75995d8008a40d2b3b21bd9831ed2c28b044838fa8bed17ae73,zero,full,30,3,0,0,0,0,0,0.31956689676615696,0.1580579507207181,0.4634688138359404,0.31956689676615696,"{""k"":4}",0.7687406766285142,0.6666666666666666,0.13421958916011653,0.11869982347393285,0.19046290717404216,0.5462156817807478,4.735664648672238,true,2,false,stability_ratio
none,1D,TXN,long,mr_macd_hist_falling,3,1,true,179fbbe4eb8db75995d8008a40d2b3b21bd9831ed2c28b044838fa8bed17ae73,zero,half,15,3,0,0,0,0,0,0.31956689676615696,0.1580579507207181,0.4634688138359404,0.31956689676615696,"{""k"":4}",0.7687406766285142,0.6666666666666666,0.13421958916011653,0.11869982347393285,0.19046290717404216,0.5462156817807478,4.735664648672238,true,2,false,stability_ratio
none,1D,TXN,long,mr_macd_hist_falling,3,1,true,179fbbe4eb8db75995d8008a40d2b3b21bd9831ed2c28b044838fa8bed17ae73,worst0,full,30,3,0,0,0,0,0,0.31956689676615696,0.1580579507207181,0.4634688138359404,0.31956689676615696,"{""k"":4}",0.7687406766285142,0.6666666666666666,0.13421958916011653,0.11869982347393285,0.19046290717404216,0.5462156817807478,4.735664648672238,true,2,false,stability_ratio
none,1D,TXN,long,mr_macd_hist_falling,3,1,true,179fbbe4eb8db75995d8008a40d2b3b21bd9831ed2c28b044838fa8bed17ae73,worst0,half,15,3,0,0,0,0,0,0.31956689676615696,0.1580579507207181,0.4634688138359404,0.31956689676615696,"{""k"":4}",0.7687406766285142,0.6666666666666666,0.13421958916011653,0.11869982347393285,0.19046290717404216,0.5462156817807478,4.735664648672238,true,2,false,stability_ratio
none,1D,TXN,long,mr_macd_hist_falling,3,1,true,179fbbe4eb8db75995d8008a40d2b3b21bd9831ed2c28b044838fa8bed17ae73,neginf,full,30,3,0,0,0,0,0,0.31956689676615696,0.1580579507207181,0.4634688138359404,0.31956689676615696,"{""k"":4}",0.7687406766285142,0.6666666666666666,0.13421958916011653,0.11869982347393285,0.19046290717404216,0.5462156817807478,4.735664648672238,true,2,false,stability_ratio
none,1D,TXN,long,mr_macd_hist_falling,3,1,true,179fbbe4eb8db75995d8008a40d2b3b21bd9831ed2c28b044838fa8bed17ae73,neginf,half,15,3,0,0,0,0,0,0.31956689676615696,0.1580579507207181,0.4634688138359404,0.31956689676615696,"{""k"":4}",0.7687406766285142,0.6666666666666666,0.13421958916011653,0.11869982347393285,0.19046290717404216,0.5462156817807478,4.735664648672238,true,2,false,stability_ratio
random_walk,1D,TXN,long,mr_macd_hist_falling,3,1,true,179fbbe4eb8db75995d8008a40d2b3b21bd9831ed2c28b044838fa8bed17ae73,skip,full,30,3,0,0,0,0,0,-0.21298436060332734,-0.23336007477748502,-0.16527351884562097,-0.21298436060332734,"{""k"":4}",NaN,0.0,-0.2614618992446776,-0.22593970144368697,-0.22408129817168088,-0.1838025671487743,NaN,false,0,false,spp_median_target;stability_ratio;plateau_area;selected_in_both_halves
random_walk,1D,TXN,long,mr_macd_hist_falling,3,1,true,179fbbe4eb8db75995d8008a40d2b3b21bd9831ed2c28b044838fa8bed17ae73,skip,half,15,3,0,0,0,0,0,-0.21298436060332734,-0.23336007477748502,-0.16527351884562097,-0.21298436060332734,"{""k"":4}",NaN,0.0,-0.2614618992446776,-0.22593970144368697,-0.22408129817168088,-0.1838025671487743,NaN,false,0,false,spp_median_target;stability_ratio;plateau_area;selected_in_both_halves
random_walk,1D,TXN,long,mr_macd_hist_falling,3,1,true,179fbbe4eb8db75995d8008a40d2b3b21bd9831ed2c28b044838fa8bed17ae73,worst,full,30,3,0,0,0,0,0,-0.21298436060332734,-0.23336007477748502,-0.16527351884562097,-0.21298436060332734,"{""k"":4}",NaN,0.0,-0.2614618992446776,-0.22593970144368697,-0.22408129817168088,-0.1838025671487743,NaN,false,0,false,spp_median_target;stability_ratio;plateau_area;selected_in_both_halves
random_walk,1D,TXN,long,mr_macd_hist_falling,3,1,true,179fbbe4eb8db75995d8008a40d2b3b21bd9831ed2c28b044838fa8bed17ae73,worst,half,15,3,0,0,0,0,0,-0.21298436060332734,-0.23336007477748502,-0.16527351884562097,-0.21298436060332734,"{""k"":4}",NaN,0.0,-0.2614618992446776,-0.22593970144368697,-0.22408129817168088,-0.1838025671487743,NaN,false,0,false,spp_median_target;stability_ratio;plateau_area;selected_in_both_halves
random_walk,1D,TXN,long,mr_macd_hist_falling,3,1,true,179fbbe4eb8db75995d8008a40d2b3b21bd9831ed2c28b044838fa8bed17ae73,zero,full,30,3,0,0,0,0,0,-0.21298436060332734,-0.23336007477748502,-0.16527351884562097,-0.21298436060332734,"{""k"":4}",NaN,0.0,-0.2614618992446776,-0.22593970144368697,-0.22408129817168088,-0.1838025671487743,NaN,false,0,false,spp_median_target;stability_ratio;plateau_area;selected_in_both_halves
random_walk,1D,TXN,long,mr_macd_hist_falling,3,1,true,179fbbe4eb8db75995d8008a40d2b3b21bd9831ed2c28b044838fa8bed17ae73,zero,half,15,3,0,0,0,0,0,-0.21298436060332734,-0.23336007477748502,-0.16527351884562097,-0.21298436060332734,"{""k"":4}",NaN,0.0,-0.2614618992446776,-0.22593970144368697,-0.22408129817168088,-0.1838025671487743,NaN,false,0,false,spp_median_target;stability_ratio;plateau_area;selected_in_both_halves
random_walk,1D,TXN,long,mr_macd_hist_falling,3,1,true,179fbbe4eb8db75995d8008a40d2b3b21bd9831ed2c28b044838fa8bed17ae73,worst0,full,30,3,0,0,0,0,0,-0.21298436060332734,-0.23336007477748502,-0.16527351884562097,-0.21298436060332734,"{""k"":4}",NaN,0.0,-0.2614618992446776,-0.22593970144368697,-0.22408129817168088,-0.1838025671487743,NaN,false,0,false,spp_median_target;stability_ratio;plateau_area;selected_in_both_halves
random_walk,1D,TXN,long,mr_macd_hist_falling,3,1,true,179fbbe4eb8db75995d8008a40d2b3b21bd9831ed2c28b044838fa8bed17ae73,worst0,half,15,3,0,0,0,0,0,-0.21298436060332734,-0.23336007477748502,-0.16527351884562097,-0.21298436060332734,"{""k"":4}",NaN,0.0,-0.2614618992446776,-0.22593970144368697,-0.22408129817168088,-0.1838025671487743,NaN,false,0,false,spp_median_target;stability_ratio;plateau_area;selected_in_both_halves
random_walk,1D,TXN,long,mr_macd_hist_falling,3,1,true,179fbbe4eb8db75995d8008a40d2b3b21bd9831ed2c28b044838fa8bed17ae73,neginf,full,30,3,0,0,0,0,0,-0.21298436060332734,-0.23336007477748502,-0.16527351884562097,-0.21298436060332734,"{""k"":4}",NaN,0.0,-0.2614618992446776,-0.22593970144368697,-0.22408129817168088,-0.1838025671487743,NaN,false,0,false,spp_median_target;stability_ratio;plateau_area;selected_in_both_halves
random_walk,1D,TXN,long,mr_macd_hist_falling,3,1,true,179fbbe4eb8db75995d8008a40d2b3b21bd9831ed2c28b044838fa8bed17ae73,neginf,half,15,3,0,0,0,0,0,-0.21298436060332734,-0.23336007477748502,-0.16527351884562097,-0.21298436060332734,"{""k"":4}",NaN,0.0,-0.2614618992446776,-0.22593970144368697,-0.22408129817168088,-0.1838025671487743,NaN,false,0,false,spp_median_target;stability_ratio;plateau_area;selected_in_both_halves
none,1D,TXN,short,mr_ema_slope_drop,210,2,false,2a7f9b9cd6a1151d9c68a997993ea29319a1474cc8a0499f27b7b0da30f7eda3,skip,full,30,210,89,61,42,0,0,0.564828827431189,-inf,1.3201637029091562,0.7639920048960294,"{""n"":3,""p"":1.25}",0.5925843365802208,0.07142857142857142,1.6587131821845555,1.3208203164131287,0.9661798685054191,0.7340779817244498,0.6796981675333986,false,0,false,stability_ratio;plateau_area;selected_in_both_halves
none,1D,TXN,short,mr_ema_slope_drop,210,2,false,2a7f9b9cd6a1151d9c68a997993ea29319a1474cc8a0499f27b7b0da30f7eda3,skip,half,15,210,60,32,42,0,0,0.564828827431189,-inf,1.3201637029091562,0.7639920048960294,"{""n"":8,""p"":0.9}",0.877970377243053,0.08095238095238096,1.8910612726497604,1.7064488776803828,1.0008902490477225,1.0561358159764171,1.0620959819060223,true,0,false,plateau_area
none,1D,TXN,short,mr_ema_slope_drop,210,2,false,2a7f9b9cd6a1151d9c68a997993ea29319a1474cc8a0499f27b7b0da30f7eda3,worst,full,30,210,89,61,42,0,0,0.564828827431189,-inf,1.3201637029091562,0.7639920048960294,"{""n"":6,""p"":0.7}",0.7599551738424131,0.03333333333333333,1.3660310798619208,1.0745566860029736,0.9118568226568311,0.8401054411321309,0.9114769970354589,true,0,false,stability_ratio;plateau_area
none,1D,TXN,short,mr_ema_slope_drop,210,2,false,2a7f9b9cd6a1151d9c68a997993ea29319a1474cc8a0499f27b7b0da30f7eda3,worst,half,15,210,60,32,42,0,0,0.564828827431189,-inf,1.3201637029091562,0.7639920048960294,"{""n"":3,""p"":1.25}",0.878686085486079,0.014285714285714285,1.6587131821845555,1.5077944402945673,0.9661798685054191,0.7340779817244498,0.6796981675333986,false,0,false,plateau_area;selected_in_both_halves
none,1D,TXN,short,mr_ema_slope_drop,210,2,false,2a7f9b9cd6a1151d9c68a997993ea29319a1474cc8a0499f27b7b0da30f7eda3,zero,full,30,210,89,61,42,0,0,0.564828827431189,-inf,1.3201637029091562,0.7639920048960294,"{""n"":6,""p"":0.7}",0.7599551738424131,0.04285714285714286,1.3660310798619208,1.0745566860029736,0.9118568226568311,0.8401054411321309,0.9114769970354589,true,0,false,stability_ratio;plateau_area
none,1D,TXN,short,mr_ema_slope_drop,210,2,false,2a7f9b9cd6a1151d9c68a997993ea29319a1474cc8a0499f27b7b0da30f7eda3,zero,half,15,210,60,32,42,0,0,0.564828827431189,-inf,1.3201637029091562,0.7639920048960294,"{""n"":3,""p"":1.25}",0.878686085486079,0.014285714285714285,1.6587131821845555,1.5077944402945673,0.9661798685054191,0.7340779817244498,0.6796981675333986,false,0,false,plateau_area;selected_in_both_halves
none,1D,TXN,short,mr_ema_slope_drop,210,2,false,2a7f9b9cd6a1151d9c68a997993ea29319a1474cc8a0499f27b7b0da30f7eda3,worst0,full,30,210,89,61,42,0,0,0.564828827431189,-inf,1.3201637029091562,0.7639920048960294,"{""n"":6,""p"":0.7}",0.7599551738424131,0.03333333333333333,1.3660310798619208,1.0745566860029736,0.9118568226568311,0.8401054411321309,0.9114769970354589,true,0,false,stability_ratio;plateau_area
none,1D,TXN,short,mr_ema_slope_drop,210,2,false,2a7f9b9cd6a1151d9c68a997993ea29319a1474cc8a0499f27b7b0da30f7eda3,worst0,half,15,210,60,32,42,0,0,0.564828827431189,-inf,1.3201637029091562,0.7639920048960294,"{""n"":3,""p"":1.25}",0.878686085486079,0.014285714285714285,1.6587131821845555,1.5077944402945673,0.9661798685054191,0.7340779817244498,0.6796981675333986,false,0,false,plateau_area;selected_in_both_halves
none,1D,TXN,short,mr_ema_slope_drop,210,2,false,2a7f9b9cd6a1151d9c68a997993ea29319a1474cc8a0499f27b7b0da30f7eda3,neginf,full,30,210,89,61,42,0,0,0.564828827431189,-inf,1.3201637029091562,0.7639920048960294,"{""n"":6,""p"":0.7}",0.7599551738424131,0.03333333333333333,1.3660310798619208,1.0745566860029736,0.9118568226568311,0.8401054411321309,0.9114769970354589,true,0,false,stability_ratio;plateau_area
none,1D,TXN,short,mr_ema_slope_drop,210,2,false,2a7f9b9cd6a1151d9c68a997993ea29319a1474cc8a0499f27b7b0da30f7eda3,neginf,half,15,210,60,32,42,0,0,0.564828827431189,-inf,1.3201637029091562,0.7639920048960294,"{""n"":3,""p"":1.25}",0.878686085486079,0.014285714285714285,1.6587131821845555,1.5077944402945673,0.9661798685054191,0.7340779817244498,0.6796981675333986,false,0,false,plateau_area;selected_in_both_halves
random_walk,1D,TXN,short,mr_ema_slope_drop,210,2,false,2a7f9b9cd6a1151d9c68a997993ea29319a1474cc8a0499f27b7b0da30f7eda3,skip,full,30,210,48,38,12,0,0,-0.6085950443147745,-inf,-0.02107591547127344,-0.5949714154171387,"{""n"":8,""p"":0.95}",1.1141092994216417,0.047619047619047616,0.1665036146765573,0.18233662369481807,-0.3361305345569726,-0.42274694174806915,NaN,false,0,false,spp_median_target;plateau_area;selected_in_both_halves
random_walk,1D,TXN,short,mr_ema_slope_drop,210,2,false,2a7f9b9cd6a1151d9c68a997993ea29319a1474cc8a0499f27b7b0da30f7eda3,skip,half,15,210,20,0,12,0,0,-0.6085950443147745,-inf,-0.02107591547127344,-0.5949714154171387,"{""n"":12,""p"":0.95}",0.8684769989740476,0.0380952380952381,0.9802465678613125,0.8771065915809046,-0.22781984360582103,-0.22877703194648083,NaN,false,0,false,spp_median_target;plateau_area;selected_in_both_halves
random_walk,1D,TXN,short,mr_ema_slope_drop,210,2,false,2a7f9b9cd6a1151d9c68a997993ea29319a1474cc8a0499f27b7b0da30f7eda3,worst,full,30,210,48,38,12,0,0,-0.6085950443147745,-inf,-0.02107591547127344,-0.5949714154171387,"{""n"":9,""p"":0.85}",-0.5692488539012905,0.0,0.04381757117780937,-0.017303027356871156,-0.3044477364559571,-0.42190147403244965,NaN,false,1,false,spp_median_target;stability_ratio;plateau_area;selected_in_both_halves
random_walk,1D,TXN,short,mr_ema_slope_drop,210,2,false,2a7f9b9cd6a1151d9c68a997993ea29319a1474cc8a0499f27b7b0da30f7eda3,worst,half,15,210,20,0,12,0,0,-0.6085950443147745,-inf,-0.02107591547127344,-0.5949714154171387,"{""n"":12,""p"":0.9}",0.8802090038723827,0.01904761904761905,0.8535319761121329,0.7683274380744279,-0.22361601752043087,-0.22013328424932407,NaN,false,0,false,spp_median_target;plateau_area;selected_in_both_halves
random_walk,1D,TXN,short,mr_ema_slope_drop,210,2,false,2a7f9b9cd6a1151d9c68a997993ea29319a1474cc8a0499f27b7b0da30f7eda3,zero,full,30,210,48,38,12,0,0,-0.6085950443147745,-inf,-0.02107591547127344,-0.5949714154171387,"{""n"":8,""p"":0.95}",0.696318312138526,0.009523809523809525,0.1665036146765573,0.12155774912987871,-0.3361305345569726,-0.37577505933161703,NaN,false,0,false,spp_median_target;stability_ratio;plateau_area;selected_in_both_halves
random_walk,1D,TXN,short,mr_ema_slope_drop,210,2,false,2a7f9b9cd6a1151d9c68a997993ea29319a1474cc8a0499f27b7b0da30f7eda3,zero,half,15,210,20,0,12,0,0,-0.6085950443147745,-inf,-0.02107591547127344,-0.5949714154171387,"{""n"":12,""p"":0.9}",0.8802090038723827,0.02857142857142857,0.8535319761121329,0.7683274380744279,-0.22361601752043087,-0.22013328424932407,NaN,false,0,false,spp_median_target;plateau_area;selected_in_both_halves
random_walk,1D,TXN,short,mr_ema_slope_drop,210,2,false,2a7f9b9cd6a1151d9c68a997993ea29319a1474cc8a0499f27b7b0da30f7eda3,worst0,full,30,210,48,38,12,0,0,-0.6085950443147745,-inf,-0.02107591547127344,-0.5949714154171387,"{""n"":9,""p"":0.85}",-0.5692488539012905,0.0,0.04381757117780937,-0.017303027356871156,-0.3044477364559571,-0.42190147403244965,NaN,false,1,false,spp_median_target;stability_ratio;plateau_area;selected_in_both_halves
random_walk,1D,TXN,short,mr_ema_slope_drop,210,2,false,2a7f9b9cd6a1151d9c68a997993ea29319a1474cc8a0499f27b7b0da30f7eda3,worst0,half,15,210,20,0,12,0,0,-0.6085950443147745,-inf,-0.02107591547127344,-0.5949714154171387,"{""n"":12,""p"":0.9}",0.8802090038723827,0.01904761904761905,0.8535319761121329,0.7683274380744279,-0.22361601752043087,-0.22013328424932407,NaN,false,0,false,spp_median_target;plateau_area;selected_in_both_halves
random_walk,1D,TXN,short,mr_ema_slope_drop,210,2,false,2a7f9b9cd6a1151d9c68a997993ea29319a1474cc8a0499f27b7b0da30f7eda3,neginf,full,30,210,48,38,12,0,0,-0.6085950443147745,-inf,-0.02107591547127344,-0.5949714154171387,"{""n"":8,""p"":0.85}",-0.37027147434477076,0.0,0.11691732740040978,-0.02549020912706557,-0.3316090993509257,-0.46286221734416344,NaN,false,0,false,spp_median_target;stability_ratio;plateau_area;selected_in_both_halves
random_walk,1D,TXN,short,mr_ema_slope_drop,210,2,false,2a7f9b9cd6a1151d9c68a997993ea29319a1474cc8a0499f27b7b0da30f7eda3,neginf,half,15,210,20,0,12,0,0,-0.6085950443147745,-inf,-0.02107591547127344,-0.5949714154171387,"{""n"":12,""p"":0.9}",0.8802090038723827,0.014285714285714285,0.8535319761121329,0.7683274380744279,-0.22361601752043087,-0.22013328424932407,NaN,false,0,false,spp_median_target;plateau_area;selected_in_both_halves
none,1D,TXN,short,mr_rsi_sum,312,3,false,2f394071725f777535e66b7e71e7f83a9edfff283298457cb9f4c5240009667a,skip,full,30,312,68,133,47,0,0,0.10655585006129917,-inf,0.5107576106512571,0.1666311751277532,"{""level"":16.0,""m"":2,""n"":4}",0.14253722485624834,0.038461538461538464,0.5829959272868108,0.13864276665671868,0.29082083141788856,0.9552639601431551,NaN,false,0,false,stability_ratio;plateau_area;selected_in_both_halves
none,1D,TXN,short,mr_rsi_sum,312,3,false,2f394071725f777535e66b7e71e7f83a9edfff283298457cb9f4c5240009667a,skip,half,15,312,31,76,47,0,0,0.10655585006129917,-inf,0.5107576106512571,0.1666311751277532,"{""level"":10.0,""m"":4,""n"":2}",1.2505060924557747,0.028846153846153848,0.16573848657705068,0.20132577284158,0.37428655390005017,0.9045681733903885,NaN,false,2,false,plateau_area;selected_in_both_halves
none,1D,TXN,short,mr_rsi_sum,312,3,false,2f394071725f777535e66b7e71e7f83a9edfff283298457cb9f4c5240009667a,worst,full,30,312,68,133,47,0,0,0.10655585006129917,-inf,0.5107576106512571,0.1666311751277532,"{""level"":18.0,""m"":2,""n"":2}",NaN,0.003205128205128205,-0.0891789533740225,0.05226301782347009,1.027433009747966,1.2820680334943753,1.2703666902204664,true,0,false,stability_ratio;plateau_area
none,1D,TXN,short,mr_rsi_sum,312,3,false,2f394071725f777535e66b7e71e7f83a9edfff283298457cb9f4c5240009667a,worst,half,15,312,31,76,47,0,0,0.10655585006129917,-inf,0.5107576106512571,0.1666311751277532,"{""level"":10.0,""m"":2,""n"":2}",1.3609790881374868,0.003205128205128205,0.1455966578225074,0.19158433800206254,2.0006480808290066,0.8197666493946315,0.3254291988109576,false,0,false,plateau_area;selected_in_both_halves
none,1D,TXN,short,mr_rsi_sum,312,3,false,2f394071725f777535e66b7e71e7f83a9edfff283298457cb9f4c5240009667a,zero,full,30,312,68,133,47,0,0,0.10655585006129917,-inf,0.5107576106512571,0.1666311751277532,"{""level"":17.0,""m"":2,""n"":4}",1.1135582220386069,0.01282051282051282,0.06345135459239834,0.07025647632732707,0.579307353449991,0.17192315222138876,NaN,false,2,false,plateau_area;selected_in_both_halves
none,1D,TXN,short,mr_rsi_sum,312,3,false,2f394071725f777535e66b7e71e7f83a9edfff283298457cb9f4c5240009667a,zero,half,15,312,31,76,47,0,0,0.10655585006129917,-inf,0.5107576106512571,0.1666311751277532,"{""level"":10.0,""m"":2,""n"":2}",1.3609790881374868,0.009615384615384616,0.1455966578225074,0.19158433800206254,2.0006480808290066,0.7852115969296874,0.3056898508917571,false,0,false,plateau_area;selected_in_both_halves
none,1D,TXN,short,mr_rsi_sum,312,3,false,2f394071725f777535e66b7e71e7f83a9edfff283298457cb9f4c5240009667a,worst0,full,30,312,68,133,47,0,0,0.10655585006129917,-inf,0.5107576106512571,0.1666311751277532,"{""level"":18.0,""m"":2,""n"":2}",NaN,0.003205128205128205,-0.0891789533740225,0.05226301782347009,1.027433009747966,1.2667102323988444,1.2540600651923317,true,0,false,stability_ratio;plateau_area
none,1D,TXN,short,mr_rsi_sum,312,3,false,2f394071725f777535e66b7e71e7f83a9edfff283298457cb9f4c5240009667a,worst0,half,15,312,31,76,47,0,0,0.10655585006129917,-inf,0.5107576106512571,0.1666311751277532,"{""level"":10.0,""m"":2,""n"":2}",1.3609790881374868,0.003205128205128205,0.1455966578225074,0.19158433800206254,2.0006480808290066,0.7852115969296874,0.3056898508917571,false,0,false,plateau_area;selected_in_both_halves
none,1D,TXN,short,mr_rsi_sum,312,3,false,2f394071725f777535e66b7e71e7f83a9edfff283298457cb9f4c5240009667a,neginf,full,30,312,68,133,47,0,0,0.10655585006129917,-inf,0.5107576106512571,0.1666311751277532,"{""level"":18.0,""m"":2,""n"":2}",NaN,0.003205128205128205,-0.0891789533740225,0.05226301782347009,1.027433009747966,-inf,-inf,false,0,false,stability_ratio;plateau_area;selected_in_both_halves
none,1D,TXN,short,mr_rsi_sum,312,3,false,2f394071725f777535e66b7e71e7f83a9edfff283298457cb9f4c5240009667a,neginf,half,15,312,31,76,47,0,0,0.10655585006129917,-inf,0.5107576106512571,0.1666311751277532,"{""level"":10.0,""m"":2,""n"":2}",1.3609790881374868,0.003205128205128205,0.1455966578225074,0.19158433800206254,2.0006480808290066,-inf,-inf,false,0,false,plateau_area;selected_in_both_halves
random_walk,1D,TXN,short,mr_rsi_sum,312,3,false,2f394071725f777535e66b7e71e7f83a9edfff283298457cb9f4c5240009667a,skip,full,30,312,66,54,16,0,0,-0.4548985170946194,-0.7107687745714535,0.19151336043846176,-0.42968114479287556,"{""level"":20.0,""m"":3,""n"":5}",NaN,0.0,-0.23051392823412262,-0.07866757796285118,0.06657859871806882,-0.12830528582945408,-2.099308883562943,false,0,false,spp_median_target;stability_ratio;plateau_area;selected_in_both_halves
random_walk,1D,TXN,short,mr_rsi_sum,312,3,false,2f394071725f777535e66b7e71e7f83a9edfff283298457cb9f4c5240009667a,skip,half,15,312,30,11,16,0,0,-0.4548985170946194,-0.7107687745714535,0.19151336043846176,-0.42968114479287556,"{""level"":20.0,""m"":3,""n"":5}",NaN,0.0,-0.23051392823412262,-0.06916294118551614,0.06657859871806882,-0.12830528582945408,-2.099308883562943,false,0,false,spp_median_target;stability_ratio;plateau_area;selected_in_both_halves
random_walk,1D,TXN,short,mr_rsi_sum,312,3,false,2f394071725f777535e66b7e71e7f83a9edfff283298457cb9f4c5240009667a,worst,full,30,312,66,54,16,0,0,-0.4548985170946194,-0.7107687745714535,0.19151336043846176,-0.42968114479287556,"{""level"":21.0,""m"":3,""n"":5}",NaN,0.0,-0.146642929299568,-0.1431830902458989,0.038904005180271706,-0.17674999304849232,-4.869306424319771,false,0,false,spp_median_target;stability_ratio;plateau_area;selected_in_both_halves
random_walk,1D,TXN,short,mr_rsi_sum,312,3,false,2f394071725f777535e66b7e71e7f83a9edfff283298457cb9f4c5240009667a,worst,half,15,312,30,11,16,0,0,-0.4548985170946194,-0.7107687745714535,0.19151336043846176,-0.42968114479287556,"{""level"":20.0,""m"":3,""n"":5}",NaN,0.0,-0.23051392823412262,-0.06916294118551614,0.06657859871806882,-0.12830528582945408,-2.099308883562943,false,0,false,spp_median_target;stability_ratio;plateau_area;selected_in_both_halves
random_walk,1D,TXN,short,mr_rsi_sum,312,3,false,2f394071725f777535e66b7e71e7f83a9edfff283298457cb9f4c5240009667a,zero,full,30,312,66,54,16,0,0,-0.4548985170946194,-0.7107687745714535,0.19151336043846176,-0.42968114479287556,"{""level"":19.0,""m"":3,""n"":5}",NaN,0.0,-0.06734074517089726,-0.05977191140294621,0.08741962543511315,-0.0692024526306837,-0.8970012815317127,false,1,false,spp_median_target;stability_ratio;plateau_area;selected_in_both_halves
random_walk,1D,TXN,short,mr_rsi_sum,312,3,false,2f394071725f777535e66b7e71e7f83a9edfff283298457cb9f4c5240009667a,zero,half,15,312,30,11,16,0,0,-0.4548985170946194,-0.7107687745714535,0.19151336043846176,-0.42968114479287556,"{""level"":20.0,""m"":3,""n"":5}",NaN,0.0,-0.23051392823412262,-0.06916294118551614,0.06657859871806882,-0.12830528582945408,-2.099308883562943,false,0,false,spp_median_target;stability_ratio;plateau_area;selected_in_both_halves
random_walk,1D,TXN,short,mr_rsi_sum,312,3,false,2f394071725f777535e66b7e71e7f83a9edfff283298457cb9f4c5240009667a,worst0,full,30,312,66,54,16,0,0,-0.4548985170946194,-0.7107687745714535,0.19151336043846176,-0.42968114479287556,"{""level"":21.0,""m"":3,""n"":5}",NaN,0.0,-0.146642929299568,-0.1431830902458989,0.038904005180271706,-0.17674999304849232,-4.869306424319771,false,0,false,spp_median_target;stability_ratio;plateau_area;selected_in_both_halves
random_walk,1D,TXN,short,mr_rsi_sum,312,3,false,2f394071725f777535e66b7e71e7f83a9edfff283298457cb9f4c5240009667a,worst0,half,15,312,30,11,16,0,0,-0.4548985170946194,-0.7107687745714535,0.19151336043846176,-0.42968114479287556,"{""level"":20.0,""m"":3,""n"":5}",NaN,0.0,-0.23051392823412262,-0.06916294118551614,0.06657859871806882,-0.12830528582945408,-2.099308883562943,false,0,false,spp_median_target;stability_ratio;plateau_area;selected_in_both_halves
random_walk,1D,TXN,short,mr_rsi_sum,312,3,false,2f394071725f777535e66b7e71e7f83a9edfff283298457cb9f4c5240009667a,neginf,full,30,312,66,54,16,0,0,-0.4548985170946194,-0.7107687745714535,0.19151336043846176,-0.42968114479287556,"{""level"":20.0,""m"":2,""n"":5}",-0.6306831836469553,0.0,0.3126958629086913,-0.15471969856238724,-0.30651261949718583,-0.1632345947658892,NaN,false,2,false,spp_median_target;stability_ratio;plateau_area;selected_in_both_halves
random_walk,1D,TXN,short,mr_rsi_sum,312,3,false,2f394071725f777535e66b7e71e7f83a9edfff283298457cb9f4c5240009667a,neginf,half,15,312,30,11,16,0,0,-0.4548985170946194,-0.7107687745714535,0.19151336043846176,-0.42968114479287556,"{""level"":20.0,""m"":3,""n"":5}",NaN,0.0,-0.23051392823412262,-0.06916294118551614,0.06657859871806882,-0.12830528582945408,-2.099308883562943,false,0,false,spp_median_target;stability_ratio;plateau_area;selected_in_both_halves
none,1H,ARKK,long,tf_base_candle,11,1,false,37c193f1a983bbebf9718848165f073874d2ca0f11248631a57108d16377fecb,skip,full,100,11,0,0,0,0,0,1.2539192275783506,1.1108570633260964,1.4563661184412704,1.2539192275783506,"{""frac"":0.47}",0.9494016692709842,1.0,1.9774281435042638,1.9107251013723354,1.1434330332722065,1.024247967352723,0.8436483872014695,true,0,true,""
none,1H,ARKK,long,tf_base_candle,11,1,false,37c193f1a983bbebf9718848165f073874d2ca0f11248631a57108d16377fecb,skip,half,50,11,0,0,0,0,0,1.2539192275783506,1.1108570633260964,1.4563661184412704,1.2539192275783506,"{""frac"":0.47}",0.9494016692709842,1.0,1.9774281435042638,1.9107251013723354,1.1434330332722065,1.024247967352723,0.8436483872014695,true,0,true,""
none,1H,ARKK,long,tf_base_candle,11,1,false,37c193f1a983bbebf9718848165f073874d2ca0f11248631a57108d16377fecb,worst,full,100,11,0,0,0,0,0,1.2539192275783506,1.1108570633260964,1.4563661184412704,1.2539192275783506,"{""frac"":0.47}",0.9494016692709842,1.0,1.9774281435042638,1.9107251013723354,1.1434330332722065,1.024247967352723,0.8436483872014695,true,0,true,""
none,1H,ARKK,long,tf_base_candle,11,1,false,37c193f1a983bbebf9718848165f073874d2ca0f11248631a57108d16377fecb,worst,half,50,11,0,0,0,0,0,1.2539192275783506,1.1108570633260964,1.4563661184412704,1.2539192275783506,"{""frac"":0.47}",0.9494016692709842,1.0,1.9774281435042638,1.9107251013723354,1.1434330332722065,1.024247967352723,0.8436483872014695,true,0,true,""
none,1H,ARKK,long,tf_base_candle,11,1,false,37c193f1a983bbebf9718848165f073874d2ca0f11248631a57108d16377fecb,zero,full,100,11,0,0,0,0,0,1.2539192275783506,1.1108570633260964,1.4563661184412704,1.2539192275783506,"{""frac"":0.47}",0.9494016692709842,1.0,1.9774281435042638,1.9107251013723354,1.1434330332722065,1.024247967352723,0.8436483872014695,true,0,true,""
none,1H,ARKK,long,tf_base_candle,11,1,false,37c193f1a983bbebf9718848165f073874d2ca0f11248631a57108d16377fecb,zero,half,50,11,0,0,0,0,0,1.2539192275783506,1.1108570633260964,1.4563661184412704,1.2539192275783506,"{""frac"":0.47}",0.9494016692709842,1.0,1.9774281435042638,1.9107251013723354,1.1434330332722065,1.024247967352723,0.8436483872014695,true,0,true,""
none,1H,ARKK,long,tf_base_candle,11,1,false,37c193f1a983bbebf9718848165f073874d2ca0f11248631a57108d16377fecb,worst0,full,100,11,0,0,0,0,0,1.2539192275783506,1.1108570633260964,1.4563661184412704,1.2539192275783506,"{""frac"":0.47}",0.9494016692709842,1.0,1.9774281435042638,1.9107251013723354,1.1434330332722065,1.024247967352723,0.8436483872014695,true,0,true,""
none,1H,ARKK,long,tf_base_candle,11,1,false,37c193f1a983bbebf9718848165f073874d2ca0f11248631a57108d16377fecb,worst0,half,50,11,0,0,0,0,0,1.2539192275783506,1.1108570633260964,1.4563661184412704,1.2539192275783506,"{""frac"":0.47}",0.9494016692709842,1.0,1.9774281435042638,1.9107251013723354,1.1434330332722065,1.024247967352723,0.8436483872014695,true,0,true,""
none,1H,ARKK,long,tf_base_candle,11,1,false,37c193f1a983bbebf9718848165f073874d2ca0f11248631a57108d16377fecb,neginf,full,100,11,0,0,0,0,0,1.2539192275783506,1.1108570633260964,1.4563661184412704,1.2539192275783506,"{""frac"":0.47}",0.9494016692709842,1.0,1.9774281435042638,1.9107251013723354,1.1434330332722065,1.024247967352723,0.8436483872014695,true,0,true,""
none,1H,ARKK,long,tf_base_candle,11,1,false,37c193f1a983bbebf9718848165f073874d2ca0f11248631a57108d16377fecb,neginf,half,50,11,0,0,0,0,0,1.2539192275783506,1.1108570633260964,1.4563661184412704,1.2539192275783506,"{""frac"":0.47}",0.9494016692709842,1.0,1.9774281435042638,1.9107251013723354,1.1434330332722065,1.024247967352723,0.8436483872014695,true,0,true,""
random_walk,1H,ARKK,long,tf_base_candle,11,1,false,37c193f1a983bbebf9718848165f073874d2ca0f11248631a57108d16377fecb,skip,full,100,11,0,0,0,0,0,-0.2565380508931466,-0.30635752721766857,-0.2235085839450488,-0.2565380508931466,"{""frac"":0.43}",0.8530437528224522,0.18181818181818182,0.19771526178959153,0.178344933201375,-0.5401852120893725,-0.5451490759346962,NaN,false,0,false,spp_median_target;selected_in_both_halves
random_walk,1H,ARKK,long,tf_base_candle,11,1,false,37c193f1a983bbebf9718848165f073874d2ca0f11248631a57108d16377fecb,skip,half,50,11,0,0,0,0,0,-0.2565380508931466,-0.30635752721766857,-0.2235085839450488,-0.2565380508931466,"{""frac"":0.43}",0.8530437528224522,0.18181818181818182,0.19771526178959153,0.178344933201375,-0.5401852120893725,-0.5451490759346962,NaN,false,0,false,spp_median_target;selected_in_both_halves
random_walk,1H,ARKK,long,tf_base_candle,11,1,false,37c193f1a983bbebf9718848165f073874d2ca0f11248631a57108d16377fecb,worst,full,100,11,0,0,0,0,0,-0.2565380508931466,-0.30635752721766857,-0.2235085839450488,-0.2565380508931466,"{""frac"":0.43}",0.8530437528224522,0.18181818181818182,0.19771526178959153,0.178344933201375,-0.5401852120893725,-0.5451490759346962,NaN,false,0,false,spp_median_target;selected_in_both_halves
random_walk,1H,ARKK,long,tf_base_candle,11,1,false,37c193f1a983bbebf9718848165f073874d2ca0f11248631a57108d16377fecb,worst,half,50,11,0,0,0,0,0,-0.2565380508931466,-0.30635752721766857,-0.2235085839450488,-0.2565380508931466,"{""frac"":0.43}",0.8530437528224522,0.18181818181818182,0.19771526178959153,0.178344933201375,-0.5401852120893725,-0.5451490759346962,NaN,false,0,false,spp_median_target;selected_in_both_halves
random_walk,1H,ARKK,long,tf_base_candle,11,1,false,37c193f1a983bbebf9718848165f073874d2ca0f11248631a57108d16377fecb,zero,full,100,11,0,0,0,0,0,-0.2565380508931466,-0.30635752721766857,-0.2235085839450488,-0.2565380508931466,"{""frac"":0.43}",0.8530437528224522,0.18181818181818182,0.19771526178959153,0.178344933201375,-0.5401852120893725,-0.5451490759346962,NaN,false,0,false,spp_median_target;selected_in_both_halves
random_walk,1H,ARKK,long,tf_base_candle,11,1,false,37c193f1a983bbebf9718848165f073874d2ca0f11248631a57108d16377fecb,zero,half,50,11,0,0,0,0,0,-0.2565380508931466,-0.30635752721766857,-0.2235085839450488,-0.2565380508931466,"{""frac"":0.43}",0.8530437528224522,0.18181818181818182,0.19771526178959153,0.178344933201375,-0.5401852120893725,-0.5451490759346962,NaN,false,0,false,spp_median_target;selected_in_both_halves
random_walk,1H,ARKK,long,tf_base_candle,11,1,false,37c193f1a983bbebf9718848165f073874d2ca0f11248631a57108d16377fecb,worst0,full,100,11,0,0,0,0,0,-0.2565380508931466,-0.30635752721766857,-0.2235085839450488,-0.2565380508931466,"{""frac"":0.43}",0.8530437528224522,0.18181818181818182,0.19771526178959153,0.178344933201375,-0.5401852120893725,-0.5451490759346962,NaN,false,0,false,spp_median_target;selected_in_both_halves
random_walk,1H,ARKK,long,tf_base_candle,11,1,false,37c193f1a983bbebf9718848165f073874d2ca0f11248631a57108d16377fecb,worst0,half,50,11,0,0,0,0,0,-0.2565380508931466,-0.30635752721766857,-0.2235085839450488,-0.2565380508931466,"{""frac"":0.43}",0.8530437528224522,0.18181818181818182,0.19771526178959153,0.178344933201375,-0.5401852120893725,-0.5451490759346962,NaN,false,0,false,spp_median_target;selected_in_both_halves
random_walk,1H,ARKK,long,tf_base_candle,11,1,false,37c193f1a983bbebf9718848165f073874d2ca0f11248631a57108d16377fecb,neginf,full,100,11,0,0,0,0,0,-0.2565380508931466,-0.30635752721766857,-0.2235085839450488,-0.2565380508931466,"{""frac"":0.43}",0.8530437528224522,0.18181818181818182,0.19771526178959153,0.178344933201375,-0.5401852120893725,-0.5451490759346962,NaN,false,0,false,spp_median_target;selected_in_both_halves
random_walk,1H,ARKK,long,tf_base_candle,11,1,false,37c193f1a983bbebf9718848165f073874d2ca0f11248631a57108d16377fecb,neginf,half,50,11,0,0,0,0,0,-0.2565380508931466,-0.30635752721766857,-0.2235085839450488,-0.2565380508931466,"{""frac"":0.43}",0.8530437528224522,0.18181818181818182,0.19771526178959153,0.178344933201375,-0.5401852120893725,-0.5451490759346962,NaN,false,0,false,spp_median_target;selected_in_both_halves
none,1H,ARKK,long,tf_sma_cross,770,2,false,0ad34d755785241c3291ec5aef0d741882c4345a6181caa170ae81b75d708df0,skip,full,100,770,390,400,0,0,0,0.6688973620564349,0.36662977682582737,1.1150000671964737,0.6688885594926547,"{""fast"":2,""slow"":30}",1.2942906016529743,0.05064935064935065,3.4956721129147765,4.352958320657454,0.24161299266393918,0.13833334322567625,0.48704919400465274,false,2,false,plateau_area;selected_in_both_halves
none,1H,ARKK,long,tf_sma_cross,770,2,false,0ad34d755785241c3291ec5aef0d741882c4345a6181caa170ae81b75d708df0,skip,half,50,770,0,0,0,0,0,0.6688973620564349,0.36662977682582737,1.1150000671964737,0.6688885594926547,"{""fast"":2,""slow"":30}",1.2942906016529743,0.05064935064935065,3.4956721129147765,4.352958320657454,0.24161299266393918,0.13833334322567625,0.48704919400465274,false,2,false,plateau_area;selected_in_both_halves
none,1H,ARKK,long,tf_sma_cross,770,2,false,0ad34d755785241c3291ec5aef0d741882c4345a6181caa170ae81b75d708df0,worst,full,100,770,390,400,0,0,0,0.6688973620564349,0.36662977682582737,1.1150000671964737,0.6688885594926547,"{""fast"":2,""slow"":30}",1.2942906016529743,0.05064935064935065,3.4956721129147765,4.352958320657454,0.24161299266393918,0.13833334322567625,0.48704919400465274,false,2,false,plateau_area;selected_in_both_halves
none,1H,ARKK,long,tf_sma_cross,770,2,false,0ad34d755785241c3291ec5aef0d741882c4345a6181caa170ae81b75d708df0,worst,half,50,770,0,0,0,0,0,0.6688973620564349,0.36662977682582737,1.1150000671964737,0.6688885594926547,"{""fast"":2,""slow"":30}",1.2942906016529743,0.05064935064935065,3.4956721129147765,4.352958320657454,0.24161299266393918,0.13833334322567625,0.48704919400465274,false,2,false,plateau_area;selected_in_both_halves
none,1H,ARKK,long,tf_sma_cross,770,2,false,0ad34d755785241c3291ec5aef0d741882c4345a6181caa170ae81b75d708df0,zero,full,100,770,390,400,0,0,0,0.6688973620564349,0.36662977682582737,1.1150000671964737,0.6688885594926547,"{""fast"":2,""slow"":30}",1.2942906016529743,0.05064935064935065,3.4956721129147765,4.352958320657454,0.24161299266393918,0.13833334322567625,0.48704919400465274,false,2,false,plateau_area;selected_in_both_halves
none,1H,ARKK,long,tf_sma_cross,770,2,false,0ad34d755785241c3291ec5aef0d741882c4345a6181caa170ae81b75d708df0,zero,half,50,770,0,0,0,0,0,0.6688973620564349,0.36662977682582737,1.1150000671964737,0.6688885594926547,"{""fast"":2,""slow"":30}",1.2942906016529743,0.05064935064935065,3.4956721129147765,4.352958320657454,0.24161299266393918,0.13833334322567625,0.48704919400465274,false,2,false,plateau_area;selected_in_both_halves
none,1H,ARKK,long,tf_sma_cross,770,2,false,0ad34d755785241c3291ec5aef0d741882c4345a6181caa170ae81b75d708df0,worst0,full,100,770,390,400,0,0,0,0.6688973620564349,0.36662977682582737,1.1150000671964737,0.6688885594926547,"{""fast"":2,""slow"":30}",1.2942906016529743,0.05064935064935065,3.4956721129147765,4.352958320657454,0.24161299266393918,0.13833334322567625,0.48704919400465274,false,2,false,plateau_area;selected_in_both_halves
none,1H,ARKK,long,tf_sma_cross,770,2,false,0ad34d755785241c3291ec5aef0d741882c4345a6181caa170ae81b75d708df0,worst0,half,50,770,0,0,0,0,0,0.6688973620564349,0.36662977682582737,1.1150000671964737,0.6688885594926547,"{""fast"":2,""slow"":30}",1.2942906016529743,0.05064935064935065,3.4956721129147765,4.352958320657454,0.24161299266393918,0.13833334322567625,0.48704919400465274,false,2,false,plateau_area;selected_in_both_halves
none,1H,ARKK,long,tf_sma_cross,770,2,false,0ad34d755785241c3291ec5aef0d741882c4345a6181caa170ae81b75d708df0,neginf,full,100,770,390,400,0,0,0,0.6688973620564349,0.36662977682582737,1.1150000671964737,0.6688885594926547,"{""fast"":2,""slow"":30}",1.2942906016529743,0.05064935064935065,3.4956721129147765,4.352958320657454,0.24161299266393918,0.13833334322567625,0.48704919400465274,false,2,false,plateau_area;selected_in_both_halves
none,1H,ARKK,long,tf_sma_cross,770,2,false,0ad34d755785241c3291ec5aef0d741882c4345a6181caa170ae81b75d708df0,neginf,half,50,770,0,0,0,0,0,0.6688973620564349,0.36662977682582737,1.1150000671964737,0.6688885594926547,"{""fast"":2,""slow"":30}",1.2942906016529743,0.05064935064935065,3.4956721129147765,4.352958320657454,0.24161299266393918,0.13833334322567625,0.48704919400465274,false,2,false,plateau_area;selected_in_both_halves
random_walk,1H,ARKK,long,tf_sma_cross,770,2,false,0ad34d755785241c3291ec5aef0d741882c4345a6181caa170ae81b75d708df0,skip,full,100,770,336,347,0,0,0,-0.020826453538143115,-0.2684900024534896,0.22507602582897773,-0.021095865930655742,"{""fast"":2,""slow"":73}",0.5546619225048974,0.003896103896103896,0.34301204467293145,0.21571510756267517,0.44583474249885774,0.800308230299209,1.954093848712365,true,0,false,spp_median_target;stability_ratio;plateau_area
random_walk,1H,ARKK,long,tf_sma_cross,770,2,false,0ad34d755785241c3291ec5aef0d741882c4345a6181caa170ae81b75d708df0,skip,half,50,770,0,0,0,0,0,-0.020826453538143115,-0.2684900024534896,0.22507602582897773,-0.021095865930655742,"{""fast"":2,""slow"":73}",0.5546619225048974,0.003896103896103896,0.34301204467293145,0.21571510756267517,0.44583474249885774,0.800308230299209,1.954093848712365,true,0,false,spp_median_target;stability_ratio;plateau_area
random_walk,1H,ARKK,long,tf_sma_cross,770,2,false,0ad34d755785241c3291ec5aef0d741882c4345a6181caa170ae81b75d708df0,worst,full,100,770,336,347,0,0,0,-0.020826453538143115,-0.2684900024534896,0.22507602582897773,-0.021095865930655742,"{""fast"":2,""slow"":73}",0.5546619225048974,0.003896103896103896,0.34301204467293145,0.21571510756267517,0.44583474249885774,0.800308230299209,1.954093848712365,true,0,false,spp_median_target;stability_ratio;plateau_area
random_walk,1H,ARKK,long,tf_sma_cross,770,2,false,0ad34d755785241c3291ec5aef0d741882c4345a6181caa170ae81b75d708df0,worst,half,50,770,0,0,0,0,0,-0.020826453538143115,-0.2684900024534896,0.22507602582897773,-0.021095865930655742,"{""fast"":2,""slow"":73}",0.5546619225048974,0.003896103896103896,0.34301204467293145,0.21571510756267517,0.44583474249885774,0.800308230299209,1.954093848712365,true,0,false,spp_median_target;stability_ratio;plateau_area
random_walk,1H,ARKK,long,tf_sma_cross,770,2,false,0ad34d755785241c3291ec5aef0d741882c4345a6181caa170ae81b75d708df0,zero,full,100,770,336,347,0,0,0,-0.020826453538143115,-0.2684900024534896,0.22507602582897773,-0.021095865930655742,"{""fast"":2,""slow"":73}",0.5546619225048974,0.003896103896103896,0.34301204467293145,0.21571510756267517,0.44583474249885774,0.800308230299209,1.954093848712365,true,0,false,spp_median_target;stability_ratio;plateau_area
random_walk,1H,ARKK,long,tf_sma_cross,770,2,false,0ad34d755785241c3291ec5aef0d741882c4345a6181caa170ae81b75d708df0,zero,half,50,770,0,0,0,0,0,-0.020826453538143115,-0.2684900024534896,0.22507602582897773,-0.021095865930655742,"{""fast"":2,""slow"":73}",0.5546619225048974,0.003896103896103896,0.34301204467293145,0.21571510756267517,0.44583474249885774,0.800308230299209,1.954093848712365,true,0,false,spp_median_target;stability_ratio;plateau_area
random_walk,1H,ARKK,long,tf_sma_cross,770,2,false,0ad34d755785241c3291ec5aef0d741882c4345a6181caa170ae81b75d708df0,worst0,full,100,770,336,347,0,0,0,-0.020826453538143115,-0.2684900024534896,0.22507602582897773,-0.021095865930655742,"{""fast"":2,""slow"":73}",0.5546619225048974,0.003896103896103896,0.34301204467293145,0.21571510756267517,0.44583474249885774,0.800308230299209,1.954093848712365,true,0,false,spp_median_target;stability_ratio;plateau_area
random_walk,1H,ARKK,long,tf_sma_cross,770,2,false,0ad34d755785241c3291ec5aef0d741882c4345a6181caa170ae81b75d708df0,worst0,half,50,770,0,0,0,0,0,-0.020826453538143115,-0.2684900024534896,0.22507602582897773,-0.021095865930655742,"{""fast"":2,""slow"":73}",0.5546619225048974,0.003896103896103896,0.34301204467293145,0.21571510756267517,0.44583474249885774,0.800308230299209,1.954093848712365,true,0,false,spp_median_target;stability_ratio;plateau_area
random_walk,1H,ARKK,long,tf_sma_cross,770,2,false,0ad34d755785241c3291ec5aef0d741882c4345a6181caa170ae81b75d708df0,neginf,full,100,770,336,347,0,0,0,-0.020826453538143115,-0.2684900024534896,0.22507602582897773,-0.021095865930655742,"{""fast"":2,""slow"":73}",0.5546619225048974,0.003896103896103896,0.34301204467293145,0.21571510756267517,0.44583474249885774,0.800308230299209,1.954093848712365,true,0,false,spp_median_target;stability_ratio;plateau_area
random_walk,1H,ARKK,long,tf_sma_cross,770,2,false,0ad34d755785241c3291ec5aef0d741882c4345a6181caa170ae81b75d708df0,neginf,half,50,770,0,0,0,0,0,-0.020826453538143115,-0.2684900024534896,0.22507602582897773,-0.021095865930655742,"{""fast"":2,""slow"":73}",0.5546619225048974,0.003896103896103896,0.34301204467293145,0.21571510756267517,0.44583474249885774,0.800308230299209,1.954093848712365,true,0,false,spp_median_target;stability_ratio;plateau_area
none,1H,BAC,long,tf_keltner_breakout,1476,2,false,99ac912745da30c40aa5d164072dc7296a7824c6fec0f2650756a8320e7fed50,skip,full,100,1476,869,804,33,0,0,1.0513480709518366,0.6150093950435777,1.5124330404799444,1.0599500745859494,"{""mult"":1.25,""n"":50}",1.2276071884743025,0.14905149051490515,1.2845226975706845,1.4794337640543447,1.322847137152378,1.3212523172530748,0.9985532841812065,true,11,true,""
none,1H,BAC,long,tf_keltner_breakout,1476,2,false,99ac912745da30c40aa5d164072dc7296a7824c6fec0f2650756a8320e7fed50,skip,half,50,1476,40,29,33,0,0,1.0513480709518366,0.6150093950435777,1.5124330404799444,1.0599500745859494,"{""mult"":2.5,""n"":19}",1.0905216670809827,0.015582655826558265,2.442343232522489,2.626580716682399,0.8303794994944264,0.8583247527018508,1.040384310871507,true,0,false,plateau_area
none,1H,BAC,long,tf_keltner_breakout,1476,2,false,99ac912745da30c40aa5d164072dc7296a7824c6fec0f2650756a8320e7fed50,worst,full,100,1476,869,804,33,0,0,1.0513480709518366,0.6150093950435777,1.5124330404799444,1.0599500745859494,"{""mult"":1.0,""n"":41}",0.9081591808312434,0.13279132791327913,1.6097036838886116,1.4782934572687934,1.1908752894732832,1.237507893630762,1.0440530424477672,true,2,true,""
none,1H,BAC,long,tf_keltner_breakout,1476,2,false,99ac912745da30c40aa5d164072dc7296a7824c6fec0f2650756a8320e7fed50,worst,half,50,1476,40,29,33,0,0,1.0513480709518366,0.6150093950435777,1.5124330404799444,1.0599500745859494,"{""mult"":2.5,""n"":19}",1.0905216670809827,0.008807588075880758,2.442343232522489,2.626580716682399,0.8303794994944264,0.8583247527018508,1.040384310871507,true,0,false,plateau_area
none,1H,BAC,long,tf_keltner_breakout,1476,2,false,99ac912745da30c40aa5d164072dc7296a7824c6fec0f2650756a8320e7fed50,zero,full,100,1476,869,804,33,0,0,1.0513480709518366,0.6150093950435777,1.5124330404799444,1.0599500745859494,"{""mult"":1.0,""n"":41}",0.9081591808312434,0.13211382113821138,1.6097036838886116,1.4782934572687934,1.1908752894732832,1.237507893630762,1.0440530424477672,true,2,true,""
none,1H,BAC,long,tf_keltner_breakout,1476,2,false,99ac912745da30c40aa5d164072dc7296a7824c6fec0f2650756a8320e7fed50,zero,half,50,1476,40,29,33,0,0,1.0513480709518366,0.6150093950435777,1.5124330404799444,1.0599500745859494,"{""mult"":2.5,""n"":19}",1.0905216670809827,0.008807588075880758,2.442343232522489,2.626580716682399,0.8303794994944264,0.8583247527018508,1.040384310871507,true,0,false,plateau_area
none,1H,BAC,long,tf_keltner_breakout,1476,2,false,99ac912745da30c40aa5d164072dc7296a7824c6fec0f2650756a8320e7fed50,worst0,full,100,1476,869,804,33,0,0,1.0513480709518366,0.6150093950435777,1.5124330404799444,1.0599500745859494,"{""mult"":1.0,""n"":41}",0.9081591808312434,0.13211382113821138,1.6097036838886116,1.4782934572687934,1.1908752894732832,1.237507893630762,1.0440530424477672,true,2,true,""
none,1H,BAC,long,tf_keltner_breakout,1476,2,false,99ac912745da30c40aa5d164072dc7296a7824c6fec0f2650756a8320e7fed50,worst0,half,50,1476,40,29,33,0,0,1.0513480709518366,0.6150093950435777,1.5124330404799444,1.0599500745859494,"{""mult"":2.5,""n"":19}",1.0905216670809827,0.008807588075880758,2.442343232522489,2.626580716682399,0.8303794994944264,0.8583247527018508,1.040384310871507,true,0,false,plateau_area
none,1H,BAC,long,tf_keltner_breakout,1476,2,false,99ac912745da30c40aa5d164072dc7296a7824c6fec0f2650756a8320e7fed50,neginf,full,100,1476,869,804,33,0,0,1.0513480709518366,0.6150093950435777,1.5124330404799444,1.0599500745859494,"{""mult"":1.0,""n"":41}",0.9081591808312434,0.12737127371273713,1.6097036838886116,1.4782934572687934,1.1908752894732832,1.237507893630762,1.0440530424477672,true,2,true,""
none,1H,BAC,long,tf_keltner_breakout,1476,2,false,99ac912745da30c40aa5d164072dc7296a7824c6fec0f2650756a8320e7fed50,neginf,half,50,1476,40,29,33,0,0,1.0513480709518366,0.6150093950435777,1.5124330404799444,1.0599500745859494,"{""mult"":2.5,""n"":19}",1.0905216670809827,0.008130081300813009,2.442343232522489,2.626580716682399,0.8303794994944264,0.8583247527018508,1.040384310871507,true,0,false,plateau_area
random_walk,1H,BAC,long,tf_keltner_breakout,1476,2,false,99ac912745da30c40aa5d164072dc7296a7824c6fec0f2650756a8320e7fed50,skip,full,100,1476,783,959,64,0,0,-0.12225263749827714,-0.328677039226807,0.05327307369779764,-0.11426476721431417,"{""mult"":0.9,""n"":24}",0.251850062592731,0.0006775067750677507,0.10237358185453913,0.034292880648644566,0.20264645958672514,0.18511047756373475,0.9026482879784961,true,0,false,spp_median_target;stability_ratio;plateau_area
random_walk,1H,BAC,long,tf_keltner_breakout,1476,2,false,99ac912745da30c40aa5d164072dc7296a7824c6fec0f2650756a8320e7fed50,skip,half,50,1476,49,91,64,0,0,-0.12225263749827714,-0.328677039226807,0.05327307369779764,-0.11426476721431417,"{""mult"":1.85,""n"":47}",1.2823524108442608,0.0033875338753387536,0.12661855987251908,0.15839727599486053,0.008172163680792394,0.011446551954990388,1.450760282387731,true,0,false,spp_median_target;plateau_area
random_walk,1H,BAC,long,tf_keltner_breakout,1476,2,false,99ac912745da30c40aa5d164072dc7296a7824c6fec0f2650756a8320e7fed50,worst,full,100,1476,783,959,64,0,0,-0.12225263749827714,-0.328677039226807,0.05327307369779764,-0.11426476721431417,"{""mult"":0.9,""n"":24}",0.251850062592731,0.0006775067750677507,0.10237358185453913,0.034292880648644566,0.20264645958672514,0.18511047756373475,0.9026482879784961,true,0,false,spp_median_target;stability_ratio;plateau_area
random_walk,1H,BAC,long,tf_keltner_breakout,1476,2,false,99ac912745da30c40aa5d164072dc7296a7824c6fec0f2650756a8320e7fed50,worst,half,50,1476,49,91,64,0,0,-0.12225263749827714,-0.328677039226807,0.05327307369779764,-0.11426476721431417,"{""mult"":1.85,""n"":47}",1.2823524108442608,0.0033875338753387536,0.12661855987251908,0.15839727599486053,0.008172163680792394,0.011446551954990388,1.450760282387731,true,0,false,spp_median_target;plateau_area
random_walk,1H,BAC,long,tf_keltner_breakout,1476,2,false,99ac912745da30c40aa5d164072dc7296a7824c6fec0f2650756a8320e7fed50,zero,full,100,1476,783,959,64,0,0,-0.12225263749827714,-0.328677039226807,0.05327307369779764,-0.11426476721431417,"{""mult"":0.9,""n"":24}",0.251850062592731,0.0006775067750677507,0.10237358185453913,0.034292880648644566,0.20264645958672514,0.18511047756373475,0.9026482879784961,true,0,false,spp_median_target;stability_ratio;plateau_area
random_walk,1H,BAC,long,tf_keltner_breakout,1476,2,false,99ac912745da30c40aa5d164072dc7296a7824c6fec0f2650756a8320e7fed50,zero,half,50,1476,49,91,64,0,0,-0.12225263749827714,-0.328677039226807,0.05327307369779764,-0.11426476721431417,"{""mult"":1.85,""n"":47}",1.2823524108442608,0.0033875338753387536,0.12661855987251908,0.15839727599486053,0.008172163680792394,0.011446551954990388,1.450760282387731,true,0,false,spp_median_target;plateau_area
random_walk,1H,BAC,long,tf_keltner_breakout,1476,2,false,99ac912745da30c40aa5d164072dc7296a7824c6fec0f2650756a8320e7fed50,worst0,full,100,1476,783,959,64,0,0,-0.12225263749827714,-0.328677039226807,0.05327307369779764,-0.11426476721431417,"{""mult"":0.9,""n"":24}",0.251850062592731,0.0006775067750677507,0.10237358185453913,0.034292880648644566,0.20264645958672514,0.18511047756373475,0.9026482879784961,true,0,false,spp_median_target;stability_ratio;plateau_area
random_walk,1H,BAC,long,tf_keltner_breakout,1476,2,false,99ac912745da30c40aa5d164072dc7296a7824c6fec0f2650756a8320e7fed50,worst0,half,50,1476,49,91,64,0,0,-0.12225263749827714,-0.328677039226807,0.05327307369779764,-0.11426476721431417,"{""mult"":1.85,""n"":47}",1.2823524108442608,0.0033875338753387536,0.12661855987251908,0.15839727599486053,0.008172163680792394,0.011446551954990388,1.450760282387731,true,0,false,spp_median_target;plateau_area
random_walk,1H,BAC,long,tf_keltner_breakout,1476,2,false,99ac912745da30c40aa5d164072dc7296a7824c6fec0f2650756a8320e7fed50,neginf,full,100,1476,783,959,64,0,0,-0.12225263749827714,-0.328677039226807,0.05327307369779764,-0.11426476721431417,"{""mult"":0.9,""n"":24}",0.251850062592731,0.0006775067750677507,0.10237358185453913,0.034292880648644566,0.20264645958672514,0.18511047756373475,0.9026482879784961,true,0,false,spp_median_target;stability_ratio;plateau_area
random_walk,1H,BAC,long,tf_keltner_breakout,1476,2,false,99ac912745da30c40aa5d164072dc7296a7824c6fec0f2650756a8320e7fed50,neginf,half,50,1476,49,91,64,0,0,-0.12225263749827714,-0.328677039226807,0.05327307369779764,-0.11426476721431417,"{""mult"":1.85,""n"":47}",1.2823524108442608,0.0033875338753387536,0.12661855987251908,0.15839727599486053,0.008172163680792394,0.011446551954990388,1.450760282387731,true,0,false,spp_median_target;plateau_area
none,1H,MRNA,long,tf_ichimoku,1820,3,false,7486469de13caaed3aa84068065df5f33b16263e1d130feea9480fc9f0c91335,skip,full,100,1820,1820,1820,0,0,0,0.6098621200584913,0.3122436738508285,0.9278074402968495,0.6097898494265672,,NaN,0.0,,,,NaN,NaN,false,,false,no_valid_cell
none,1H,MRNA,long,tf_ichimoku,1820,3,false,7486469de13caaed3aa84068065df5f33b16263e1d130feea9480fc9f0c91335,skip,half,50,1820,0,0,0,0,0,0.6098621200584913,0.3122436738508285,0.9278074402968495,0.6097898494265672,"{""base"":21,""conversion"":9,""span_b"":36}",0.8507855586520914,0.36153846153846153,3.505277175359276,3.025825697826034,-0.6318785759261091,-0.6693165572702903,NaN,false,0,false,selected_in_both_halves
none,1H,MRNA,long,tf_ichimoku,1820,3,false,7486469de13caaed3aa84068065df5f33b16263e1d130feea9480fc9f0c91335,worst,full,100,1820,1820,1820,0,0,0,0.6098621200584913,0.3122436738508285,0.9278074402968495,0.6097898494265672,,NaN,0.0,,,,NaN,NaN,false,,false,no_valid_cell
none,1H,MRNA,long,tf_ichimoku,1820,3,false,7486469de13caaed3aa84068065df5f33b16263e1d130feea9480fc9f0c91335,worst,half,50,1820,0,0,0,0,0,0.6098621200584913,0.3122436738508285,0.9278074402968495,0.6097898494265672,"{""base"":21,""conversion"":9,""span_b"":36}",0.8507855586520914,0.36153846153846153,3.505277175359276,3.025825697826034,-0.6318785759261091,-0.6693165572702903,NaN,false,0,false,selected_in_both_halves
none,1H,MRNA,long,tf_ichimoku,1820,3,false,7486469de13caaed3aa84068065df5f33b16263e1d130feea9480fc9f0c91335,zero,full,100,1820,1820,1820,0,0,0,0.6098621200584913,0.3122436738508285,0.9278074402968495,0.6097898494265672,,NaN,0.0,,,,NaN,NaN,false,,false,no_valid_cell
none,1H,MRNA,long,tf_ichimoku,1820,3,false,7486469de13caaed3aa84068065df5f33b16263e1d130feea9480fc9f0c91335,zero,half,50,1820,0,0,0,0,0,0.6098621200584913,0.3122436738508285,0.9278074402968495,0.6097898494265672,"{""base"":21,""conversion"":9,""span_b"":36}",0.8507855586520914,0.36153846153846153,3.505277175359276,3.025825697826034,-0.6318785759261091,-0.6693165572702903,NaN,false,0,false,selected_in_both_halves
none,1H,MRNA,long,tf_ichimoku,1820,3,false,7486469de13caaed3aa84068065df5f33b16263e1d130feea9480fc9f0c91335,worst0,full,100,1820,1820,1820,0,0,0,0.6098621200584913,0.3122436738508285,0.9278074402968495,0.6097898494265672,,NaN,0.0,,,,NaN,NaN,false,,false,no_valid_cell
none,1H,MRNA,long,tf_ichimoku,1820,3,false,7486469de13caaed3aa84068065df5f33b16263e1d130feea9480fc9f0c91335,worst0,half,50,1820,0,0,0,0,0,0.6098621200584913,0.3122436738508285,0.9278074402968495,0.6097898494265672,"{""base"":21,""conversion"":9,""span_b"":36}",0.8507855586520914,0.36153846153846153,3.505277175359276,3.025825697826034,-0.6318785759261091,-0.6693165572702903,NaN,false,0,false,selected_in_both_halves
none,1H,MRNA,long,tf_ichimoku,1820,3,false,7486469de13caaed3aa84068065df5f33b16263e1d130feea9480fc9f0c91335,neginf,full,100,1820,1820,1820,0,0,0,0.6098621200584913,0.3122436738508285,0.9278074402968495,0.6097898494265672,,NaN,0.0,,,,NaN,NaN,false,,false,no_valid_cell
none,1H,MRNA,long,tf_ichimoku,1820,3,false,7486469de13caaed3aa84068065df5f33b16263e1d130feea9480fc9f0c91335,neginf,half,50,1820,0,0,0,0,0,0.6098621200584913,0.3122436738508285,0.9278074402968495,0.6097898494265672,"{""base"":21,""conversion"":9,""span_b"":36}",0.8507855586520914,0.36153846153846153,3.505277175359276,3.025825697826034,-0.6318785759261091,-0.6693165572702903,NaN,false,0,false,selected_in_both_halves
random_walk,1H,MRNA,long,tf_ichimoku,1820,3,false,7486469de13caaed3aa84068065df5f33b16263e1d130feea9480fc9f0c91335,skip,full,100,1820,1820,1819,0,0,0,-0.2557050934812139,-0.41942928896466,-0.05851569129676071,-0.2557218990004154,,NaN,0.0,,,,NaN,NaN,false,,false,no_valid_cell
random_walk,1H,MRNA,long,tf_ichimoku,1820,3,false,7486469de13caaed3aa84068065df5f33b16263e1d130feea9480fc9f0c91335,skip,half,50,1820,0,0,0,0,0,-0.2557050934812139,-0.41942928896466,-0.05851569129676071,-0.2557218990004154,"{""base"":48,""conversion"":16,""span_b"":86}",1.0746305845021467,0.007692307692307693,0.4139717270133036,0.44315029274798257,-0.4743398120625809,-0.44230175294768004,NaN,false,0,false,spp_median_target;plateau_area;selected_in_both_halves
random_walk,1H,MRNA,long,tf_ichimoku,1820,3,false,7486469de13caaed3aa84068065df5f33b16263e1d130feea9480fc9f0c91335,worst,full,100,1820,1820,1819,0,0,0,-0.2557050934812139,-0.41942928896466,-0.05851569129676071,-0.2557218990004154,,NaN,0.0,,,,NaN,NaN,false,,false,no_valid_cell
random_walk,1H,MRNA,long,tf_ichimoku,1820,3,false,7486469de13caaed3aa84068065df5f33b16263e1d130feea9480fc9f0c91335,worst,half,50,1820,0,0,0,0,0,-0.2557050934812139,-0.41942928896466,-0.05851569129676071,-0.2557218990004154,"{""base"":48,""conversion"":16,""span_b"":86}",1.0746305845021467,0.007692307692307693,0.4139717270133036,0.44315029274798257,-0.4743398120625809,-0.44230175294768004,NaN,false,0,false,spp_median_target;plateau_area;selected_in_both_halves
random_walk,1H,MRNA,long,tf_ichimoku,1820,3,false,7486469de13caaed3aa84068065df5f33b16263e1d130feea9480fc9f0c91335,zero,full,100,1820,1820,1819,0,0,0,-0.2557050934812139,-0.41942928896466,-0.05851569129676071,-0.2557218990004154,,NaN,0.0,,,,NaN,NaN,false,,false,no_valid_cell
random_walk,1H,MRNA,long,tf_ichimoku,1820,3,false,7486469de13caaed3aa84068065df5f33b16263e1d130feea9480fc9f0c91335,zero,half,50,1820,0,0,0,0,0,-0.2557050934812139,-0.41942928896466,-0.05851569129676071,-0.2557218990004154,"{""base"":48,""conversion"":16,""span_b"":86}",1.0746305845021467,0.007692307692307693,0.4139717270133036,0.44315029274798257,-0.4743398120625809,-0.44230175294768004,NaN,false,0,false,spp_median_target;plateau_area;selected_in_both_halves
random_walk,1H,MRNA,long,tf_ichimoku,1820,3,false,7486469de13caaed3aa84068065df5f33b16263e1d130feea9480fc9f0c91335,worst0,full,100,1820,1820,1819,0,0,0,-0.2557050934812139,-0.41942928896466,-0.05851569129676071,-0.2557218990004154,,NaN,0.0,,,,NaN,NaN,false,,false,no_valid_cell
random_walk,1H,MRNA,long,tf_ichimoku,1820,3,false,7486469de13caaed3aa84068065df5f33b16263e1d130feea9480fc9f0c91335,worst0,half,50,1820,0,0,0,0,0,-0.2557050934812139,-0.41942928896466,-0.05851569129676071,-0.2557218990004154,"{""base"":48,""conversion"":16,""span_b"":86}",1.0746305845021467,0.007692307692307693,0.4139717270133036,0.44315029274798257,-0.4743398120625809,-0.44230175294768004,NaN,false,0,false,spp_median_target;plateau_area;selected_in_both_halves
random_walk,1H,MRNA,long,tf_ichimoku,1820,3,false,7486469de13caaed3aa84068065df5f33b16263e1d130feea9480fc9f0c91335,neginf,full,100,1820,1820,1819,0,0,0,-0.2557050934812139,-0.41942928896466,-0.05851569129676071,-0.2557218990004154,,NaN,0.0,,,,NaN,NaN,false,,false,no_valid_cell
random_walk,1H,MRNA,long,tf_ichimoku,1820,3,false,7486469de13caaed3aa84068065df5f33b16263e1d130feea9480fc9f0c91335,neginf,half,50,1820,0,0,0,0,0,-0.2557050934812139,-0.41942928896466,-0.05851569129676071,-0.2557218990004154,"{""base"":48,""conversion"":16,""span_b"":86}",1.0746305845021467,0.007692307692307693,0.4139717270133036,0.44315029274798257,-0.4743398120625809,-0.44230175294768004,NaN,false,0,false,spp_median_target;plateau_area;selected_in_both_halves
none,1H,TSLA,long,tf_hma_turn,34,1,false,952c96cb82f81865388adc05a2f36477736ba414f9a95940fe5c584b4e380970,skip,full,100,34,0,0,0,0,0,1.497763221183079,1.2241571612621853,1.910667093955646,1.4970591284002905,"{""n"":32}",0.9864220696460336,0.35294117647058826,1.9629026468038977,1.9451345431839515,1.7389354523103968,1.7827692716107084,1.037810908313537,true,0,true,""
none,1H,TSLA,long,tf_hma_turn,34,1,false,952c96cb82f81865388adc05a2f36477736ba414f9a95940fe5c584b4e380970,skip,half,50,34,0,0,0,0,0,1.497763221183079,1.2241571612621853,1.910667093955646,1.4970591284002905,"{""n"":32}",0.9864220696460336,0.35294117647058826,1.9629026468038977,1.9451345431839515,1.7389354523103968,1.7827692716107084,1.037810908313537,true,0,true,""
none,1H,TSLA,long,tf_hma_turn,34,1,false,952c96cb82f81865388adc05a2f36477736ba414f9a95940fe5c584b4e380970,worst,full,100,34,0,0,0,0,0,1.497763221183079,1.2241571612621853,1.910667093955646,1.4970591284002905,"{""n"":32}",0.9864220696460336,0.35294117647058826,1.9629026468038977,1.9451345431839515,1.7389354523103968,1.7827692716107084,1.037810908313537,true,0,true,""
none,1H,TSLA,long,tf_hma_turn,34,1,false,952c96cb82f81865388adc05a2f36477736ba414f9a95940fe5c584b4e380970,worst,half,50,34,0,0,0,0,0,1.497763221183079,1.2241571612621853,1.910667093955646,1.4970591284002905,"{""n"":32}",0.9864220696460336,0.35294117647058826,1.9629026468038977,1.9451345431839515,1.7389354523103968,1.7827692716107084,1.037810908313537,true,0,true,""
none,1H,TSLA,long,tf_hma_turn,34,1,false,952c96cb82f81865388adc05a2f36477736ba414f9a95940fe5c584b4e380970,zero,full,100,34,0,0,0,0,0,1.497763221183079,1.2241571612621853,1.910667093955646,1.4970591284002905,"{""n"":32}",0.9864220696460336,0.35294117647058826,1.9629026468038977,1.9451345431839515,1.7389354523103968,1.7827692716107084,1.037810908313537,true,0,true,""
none,1H,TSLA,long,tf_hma_turn,34,1,false,952c96cb82f81865388adc05a2f36477736ba414f9a95940fe5c584b4e380970,zero,half,50,34,0,0,0,0,0,1.497763221183079,1.2241571612621853,1.910667093955646,1.4970591284002905,"{""n"":32}",0.9864220696460336,0.35294117647058826,1.9629026468038977,1.9451345431839515,1.7389354523103968,1.7827692716107084,1.037810908313537,true,0,true,""
none,1H,TSLA,long,tf_hma_turn,34,1,false,952c96cb82f81865388adc05a2f36477736ba414f9a95940fe5c584b4e380970,worst0,full,100,34,0,0,0,0,0,1.497763221183079,1.2241571612621853,1.910667093955646,1.4970591284002905,"{""n"":32}",0.9864220696460336,0.35294117647058826,1.9629026468038977,1.9451345431839515,1.7389354523103968,1.7827692716107084,1.037810908313537,true,0,true,""
none,1H,TSLA,long,tf_hma_turn,34,1,false,952c96cb82f81865388adc05a2f36477736ba414f9a95940fe5c584b4e380970,worst0,half,50,34,0,0,0,0,0,1.497763221183079,1.2241571612621853,1.910667093955646,1.4970591284002905,"{""n"":32}",0.9864220696460336,0.35294117647058826,1.9629026468038977,1.9451345431839515,1.7389354523103968,1.7827692716107084,1.037810908313537,true,0,true,""
none,1H,TSLA,long,tf_hma_turn,34,1,false,952c96cb82f81865388adc05a2f36477736ba414f9a95940fe5c584b4e380970,neginf,full,100,34,0,0,0,0,0,1.497763221183079,1.2241571612621853,1.910667093955646,1.4970591284002905,"{""n"":32}",0.9864220696460336,0.35294117647058826,1.9629026468038977,1.9451345431839515,1.7389354523103968,1.7827692716107084,1.037810908313537,true,0,true,""
none,1H,TSLA,long,tf_hma_turn,34,1,false,952c96cb82f81865388adc05a2f36477736ba414f9a95940fe5c584b4e380970,neginf,half,50,34,0,0,0,0,0,1.497763221183079,1.2241571612621853,1.910667093955646,1.4970591284002905,"{""n"":32}",0.9864220696460336,0.35294117647058826,1.9629026468038977,1.9451345431839515,1.7389354523103968,1.7827692716107084,1.037810908313537,true,0,true,""
random_walk,1H,TSLA,long,tf_hma_turn,34,1,false,952c96cb82f81865388adc05a2f36477736ba414f9a95940fe5c584b4e380970,skip,full,100,34,0,0,0,0,0,-0.1374322913698664,-0.2664694617961234,-0.015282382253451491,-0.13752183170318594,"{""n"":18}",0.34856810806367583,0.058823529411764705,0.13696977982314887,0.07748545795095178,-0.13549197801618576,-0.19907980815861018,NaN,false,0,false,spp_median_target;stability_ratio;plateau_area;selected_in_both_halves
random_walk,1H,TSLA,long,tf_hma_turn,34,1,false,952c96cb82f81865388adc05a2f36477736ba414f9a95940fe5c584b4e380970,skip,half,50,34,0,0,0,0,0,-0.1374322913698664,-0.2664694617961234,-0.015282382253451491,-0.13752183170318594,"{""n"":18}",0.34856810806367583,0.058823529411764705,0.13696977982314887,0.07748545795095178,-0.13549197801618576,-0.19907980815861018,NaN,false,0,false,spp_median_target;stability_ratio;plateau_area;selected_in_both_halves
random_walk,1H,TSLA,long,tf_hma_turn,34,1,false,952c96cb82f81865388adc05a2f36477736ba414f9a95940fe5c584b4e380970,worst,full,100,34,0,0,0,0,0,-0.1374322913698664,-0.2664694617961234,-0.015282382253451491,-0.13752183170318594,"{""n"":18}",0.34856810806367583,0.058823529411764705,0.13696977982314887,0.07748545795095178,-0.13549197801618576,-0.19907980815861018,NaN,false,0,false,spp_median_target;stability_ratio;plateau_area;selected_in_both_halves
random_walk,1H,TSLA,long,tf_hma_turn,34,1,false,952c96cb82f81865388adc05a2f36477736ba414f9a95940fe5c584b4e380970,worst,half,50,34,0,0,0,0,0,-0.1374322913698664,-0.2664694617961234,-0.015282382253451491,-0.13752183170318594,"{""n"":18}",0.34856810806367583,0.058823529411764705,0.13696977982314887,0.07748545795095178,-0.13549197801618576,-0.19907980815861018,NaN,false,0,false,spp_median_target;stability_ratio;plateau_area;selected_in_both_halves
random_walk,1H,TSLA,long,tf_hma_turn,34,1,false,952c96cb82f81865388adc05a2f36477736ba414f9a95940fe5c584b4e380970,zero,full,100,34,0,0,0,0,0,-0.1374322913698664,-0.2664694617961234,-0.015282382253451491,-0.13752183170318594,"{""n"":18}",0.34856810806367583,0.058823529411764705,0.13696977982314887,0.07748545795095178,-0.13549197801618576,-0.19907980815861018,NaN,false,0,false,spp_median_target;stability_ratio;plateau_area;selected_in_both_halves
random_walk,1H,TSLA,long,tf_hma_turn,34,1,false,952c96cb82f81865388adc05a2f36477736ba414f9a95940fe5c584b4e380970,zero,half,50,34,0,0,0,0,0,-0.1374322913698664,-0.2664694617961234,-0.015282382253451491,-0.13752183170318594,"{""n"":18}",0.34856810806367583,0.058823529411764705,0.13696977982314887,0.07748545795095178,-0.13549197801618576,-0.19907980815861018,NaN,false,0,false,spp_median_target;stability_ratio;plateau_area;selected_in_both_halves
random_walk,1H,TSLA,long,tf_hma_turn,34,1,false,952c96cb82f81865388adc05a2f36477736ba414f9a95940fe5c584b4e380970,worst0,full,100,34,0,0,0,0,0,-0.1374322913698664,-0.2664694617961234,-0.015282382253451491,-0.13752183170318594,"{""n"":18}",0.34856810806367583,0.058823529411764705,0.13696977982314887,0.07748545795095178,-0.13549197801618576,-0.19907980815861018,NaN,false,0,false,spp_median_target;stability_ratio;plateau_area;selected_in_both_halves
random_walk,1H,TSLA,long,tf_hma_turn,34,1,false,952c96cb82f81865388adc05a2f36477736ba414f9a95940fe5c584b4e380970,worst0,half,50,34,0,0,0,0,0,-0.1374322913698664,-0.2664694617961234,-0.015282382253451491,-0.13752183170318594,"{""n"":18}",0.34856810806367583,0.058823529411764705,0.13696977982314887,0.07748545795095178,-0.13549197801618576,-0.19907980815861018,NaN,false,0,false,spp_median_target;stability_ratio;plateau_area;selected_in_both_halves
random_walk,1H,TSLA,long,tf_hma_turn,34,1,false,952c96cb82f81865388adc05a2f36477736ba414f9a95940fe5c584b4e380970,neginf,full,100,34,0,0,0,0,0,-0.1374322913698664,-0.2664694617961234,-0.015282382253451491,-0.13752183170318594,"{""n"":18}",0.34856810806367583,0.058823529411764705,0.13696977982314887,0.07748545795095178,-0.13549197801618576,-0.19907980815861018,NaN,false,0,false,spp_median_target;stability_ratio;plateau_area;selected_in_both_halves
random_walk,1H,TSLA,long,tf_hma_turn,34,1,false,952c96cb82f81865388adc05a2f36477736ba414f9a95940fe5c584b4e380970,neginf,half,50,34,0,0,0,0,0,-0.1374322913698664,-0.2664694617961234,-0.015282382253451491,-0.13752183170318594,"{""n"":18}",0.34856810806367583,0.058823529411764705,0.13696977982314887,0.07748545795095178,-0.13549197801618576,-0.19907980815861018,NaN,false,0,false,spp_median_target;stability_ratio;plateau_area;selected_in_both_halves
none,1H,TSLA,long,tf_ichimoku,1540,3,false,c9ca30369b16fdc2acfad1fa9207e569a6caaab54333dd4d1952ce8236c6eec7,skip,full,100,1540,0,0,0,0,0,1.3459520457511092,1.091244079079295,1.5991746603866908,1.345753353388969,"{""base"":39,""conversion"":5,""span_b"":49}",0.9358649990459609,0.4038961038961039,1.6198390897908184,1.5217222849755345,1.8113013506141986,1.650717576041822,0.9061283320407556,true,5,true,""
none,1H,TSLA,long,tf_ichimoku,1540,3,false,c9ca30369b16fdc2acfad1fa9207e569a6caaab54333dd4d1952ce8236c6eec7,skip,half,50,1540,0,0,0,0,0,1.3459520457511092,1.091244079079295,1.5991746603866908,1.345753353388969,"{""base"":39,""conversion"":5,""span_b"":49}",0.9358649990459609,0.4038961038961039,1.6198390897908184,1.5217222849755345,1.8113013506141986,1.650717576041822,0.9061283320407556,true,5,true,""
none,1H,TSLA,long,tf_ichimoku,1540,3,false,c9ca30369b16fdc2acfad1fa9207e569a6caaab54333dd4d1952ce8236c6eec7,worst,full,100,1540,0,0,0,0,0,1.3459520457511092,1.091244079079295,1.5991746603866908,1.345753353388969,"{""base"":39,""conversion"":5,""span_b"":49}",0.9358649990459609,0.4038961038961039,1.6198390897908184,1.5217222849755345,1.8113013506141986,1.650717576041822,0.9061283320407556,true,5,true,""
none,1H,TSLA,long,tf_ichimoku,1540,3,false,c9ca30369b16fdc2acfad1fa9207e569a6caaab54333dd4d1952ce8236c6eec7,worst,half,50,1540,0,0,0,0,0,1.3459520457511092,1.091244079079295,1.5991746603866908,1.345753353388969,"{""base"":39,""conversion"":5,""span_b"":49}",0.9358649990459609,0.4038961038961039,1.6198390897908184,1.5217222849755345,1.8113013506141986,1.650717576041822,0.9061283320407556,true,5,true,""
none,1H,TSLA,long,tf_ichimoku,1540,3,false,c9ca30369b16fdc2acfad1fa9207e569a6caaab54333dd4d1952ce8236c6eec7,zero,full,100,1540,0,0,0,0,0,1.3459520457511092,1.091244079079295,1.5991746603866908,1.345753353388969,"{""base"":39,""conversion"":5,""span_b"":49}",0.9358649990459609,0.4038961038961039,1.6198390897908184,1.5217222849755345,1.8113013506141986,1.650717576041822,0.9061283320407556,true,5,true,""
none,1H,TSLA,long,tf_ichimoku,1540,3,false,c9ca30369b16fdc2acfad1fa9207e569a6caaab54333dd4d1952ce8236c6eec7,zero,half,50,1540,0,0,0,0,0,1.3459520457511092,1.091244079079295,1.5991746603866908,1.345753353388969,"{""base"":39,""conversion"":5,""span_b"":49}",0.9358649990459609,0.4038961038961039,1.6198390897908184,1.5217222849755345,1.8113013506141986,1.650717576041822,0.9061283320407556,true,5,true,""
none,1H,TSLA,long,tf_ichimoku,1540,3,false,c9ca30369b16fdc2acfad1fa9207e569a6caaab54333dd4d1952ce8236c6eec7,worst0,full,100,1540,0,0,0,0,0,1.3459520457511092,1.091244079079295,1.5991746603866908,1.345753353388969,"{""base"":39,""conversion"":5,""span_b"":49}",0.9358649990459609,0.4038961038961039,1.6198390897908184,1.5217222849755345,1.8113013506141986,1.650717576041822,0.9061283320407556,true,5,true,""
none,1H,TSLA,long,tf_ichimoku,1540,3,false,c9ca30369b16fdc2acfad1fa9207e569a6caaab54333dd4d1952ce8236c6eec7,worst0,half,50,1540,0,0,0,0,0,1.3459520457511092,1.091244079079295,1.5991746603866908,1.345753353388969,"{""base"":39,""conversion"":5,""span_b"":49}",0.9358649990459609,0.4038961038961039,1.6198390897908184,1.5217222849755345,1.8113013506141986,1.650717576041822,0.9061283320407556,true,5,true,""
none,1H,TSLA,long,tf_ichimoku,1540,3,false,c9ca30369b16fdc2acfad1fa9207e569a6caaab54333dd4d1952ce8236c6eec7,neginf,full,100,1540,0,0,0,0,0,1.3459520457511092,1.091244079079295,1.5991746603866908,1.345753353388969,"{""base"":39,""conversion"":5,""span_b"":49}",0.9358649990459609,0.4038961038961039,1.6198390897908184,1.5217222849755345,1.8113013506141986,1.650717576041822,0.9061283320407556,true,5,true,""
none,1H,TSLA,long,tf_ichimoku,1540,3,false,c9ca30369b16fdc2acfad1fa9207e569a6caaab54333dd4d1952ce8236c6eec7,neginf,half,50,1540,0,0,0,0,0,1.3459520457511092,1.091244079079295,1.5991746603866908,1.345753353388969,"{""base"":39,""conversion"":5,""span_b"":49}",0.9358649990459609,0.4038961038961039,1.6198390897908184,1.5217222849755345,1.8113013506141986,1.650717576041822,0.9061283320407556,true,5,true,""
random_walk,1H,TSLA,long,tf_ichimoku,1540,3,false,c9ca30369b16fdc2acfad1fa9207e569a6caaab54333dd4d1952ce8236c6eec7,skip,full,100,1540,74,328,0,0,0,0.2455719215933252,-0.0582229018596794,0.5315555124394904,0.2452523925498158,"{""base"":24,""conversion"":17,""span_b"":73}",0.7482001637145266,0.10974025974025974,1.4801513586305313,1.1606926131040551,0.25202782435301757,-0.06661159909852402,NaN,false,5,false,stability_ratio;selected_in_both_halves
random_walk,1H,TSLA,long,tf_ichimoku,1540,3,false,c9ca30369b16fdc2acfad1fa9207e569a6caaab54333dd4d1952ce8236c6eec7,skip,half,50,1540,0,0,0,0,0,0.2455719215933252,-0.0582229018596794,0.5315555124394904,0.2452523925498158,"{""base"":27,""conversion"":16,""span_b"":77}",0.6953383646307527,0.02857142857142857,1.8249307221328521,1.2998324760167526,-0.009197731029297138,0.034205242031093964,NaN,false,0,false,stability_ratio;plateau_area;selected_in_both_halves
random_walk,1H,TSLA,long,tf_ichimoku,1540,3,false,c9ca30369b16fdc2acfad1fa9207e569a6caaab54333dd4d1952ce8236c6eec7,worst,full,100,1540,74,328,0,0,0,0.2455719215933252,-0.0582229018596794,0.5315555124394904,0.2452523925498158,"{""base"":27,""conversion"":16,""span_b"":49}",0.7201946267325432,0.01948051948051948,1.575168033151946,1.1507512751389386,0.03269543893381231,0.010643532874654115,0.29959477410409013,false,0,false,stability_ratio;plateau_area;selected_in_both_halves
random_walk,1H,TSLA,long,tf_ichimoku,1540,3,false,c9ca30369b16fdc2acfad1fa9207e569a6caaab54333dd4d1952ce8236c6eec7,worst,half,50,1540,0,0,0,0,0,0.2455719215933252,-0.0582229018596794,0.5315555124394904,0.2452523925498158,"{""base"":27,""conversion"":16,""span_b"":77}",0.6953383646307527,0.02857142857142857,1.8249307221328521,1.2998324760167526,-0.009197731029297138,0.034205242031093964,NaN,false,0,false,stability_ratio;plateau_area;selected_in_both_halves
random_walk,1H,TSLA,long,tf_ichimoku,1540,3,false,c9ca30369b16fdc2acfad1fa9207e569a6caaab54333dd4d1952ce8236c6eec7,zero,full,100,1540,74,328,0,0,0,0.2455719215933252,-0.0582229018596794,0.5315555124394904,0.2452523925498158,"{""base"":27,""conversion"":16,""span_b"":49}",0.7201946267325432,0.01948051948051948,1.575168033151946,1.1507512751389386,0.03269543893381231,0.010643532874654115,0.29959477410409013,false,0,false,stability_ratio;plateau_area;selected_in_both_halves
random_walk,1H,TSLA,long,tf_ichimoku,1540,3,false,c9ca30369b16fdc2acfad1fa9207e569a6caaab54333dd4d1952ce8236c6eec7,zero,half,50,1540,0,0,0,0,0,0.2455719215933252,-0.0582229018596794,0.5315555124394904,0.2452523925498158,"{""base"":27,""conversion"":16,""span_b"":77}",0.6953383646307527,0.02857142857142857,1.8249307221328521,1.2998324760167526,-0.009197731029297138,0.034205242031093964,NaN,false,0,false,stability_ratio;plateau_area;selected_in_both_halves
random_walk,1H,TSLA,long,tf_ichimoku,1540,3,false,c9ca30369b16fdc2acfad1fa9207e569a6caaab54333dd4d1952ce8236c6eec7,worst0,full,100,1540,74,328,0,0,0,0.2455719215933252,-0.0582229018596794,0.5315555124394904,0.2452523925498158,"{""base"":27,""conversion"":16,""span_b"":49}",0.7201946267325432,0.01948051948051948,1.575168033151946,1.1507512751389386,0.03269543893381231,0.010643532874654115,0.29959477410409013,false,0,false,stability_ratio;plateau_area;selected_in_both_halves
random_walk,1H,TSLA,long,tf_ichimoku,1540,3,false,c9ca30369b16fdc2acfad1fa9207e569a6caaab54333dd4d1952ce8236c6eec7,worst0,half,50,1540,0,0,0,0,0,0.2455719215933252,-0.0582229018596794,0.5315555124394904,0.2452523925498158,"{""base"":27,""conversion"":16,""span_b"":77}",0.6953383646307527,0.02857142857142857,1.8249307221328521,1.2998324760167526,-0.009197731029297138,0.034205242031093964,NaN,false,0,false,stability_ratio;plateau_area;selected_in_both_halves
random_walk,1H,TSLA,long,tf_ichimoku,1540,3,false,c9ca30369b16fdc2acfad1fa9207e569a6caaab54333dd4d1952ce8236c6eec7,neginf,full,100,1540,74,328,0,0,0,0.2455719215933252,-0.0582229018596794,0.5315555124394904,0.2452523925498158,"{""base"":27,""conversion"":16,""span_b"":49}",0.7201946267325432,0.012337662337662338,1.575168033151946,1.1507512751389386,0.03269543893381231,0.010643532874654115,0.29959477410409013,false,0,false,stability_ratio;plateau_area;selected_in_both_halves
random_walk,1H,TSLA,long,tf_ichimoku,1540,3,false,c9ca30369b16fdc2acfad1fa9207e569a6caaab54333dd4d1952ce8236c6eec7,neginf,half,50,1540,0,0,0,0,0,0.2455719215933252,-0.0582229018596794,0.5315555124394904,0.2452523925498158,"{""base"":27,""conversion"":16,""span_b"":77}",0.6953383646307527,0.02857142857142857,1.8249307221328521,1.2998324760167526,-0.009197731029297138,0.034205242031093964,NaN,false,0,false,stability_ratio;plateau_area;selected_in_both_halves
