symbol,source_of_listing
A,ms_us_1d:us_A.csv
AA,ms_us_1d:us_AA.csv
AABA,ms_us_1d:us_AABA.csv
AACB,ms_us_1d:us_AACB.csv
AACI,ms_us_1d:us_AACI.csv
AACO,ms_us_1d:us_AACO.csv
AACP,ms_us_1d:us_AACP.csv
AADX,ms_us_1d:us_AADX.csv
AAL,ms_us_1d:us_AAL.csv
AAME,ms_us_1d:us_AAME.csv
AAMI,ms_us_1d:us_AAMI.csv
AAOI,ms_us_1d:us_AAOI.csv
AAON,ms_us_1d:us_AAON.csv
AAP,ms_us_1d:us_AAP.csv
AAPG,ms_us_1d:us_AAPG.csv
AAPL,ms_us_1d:us_AAPL.csv
AARD,ms_us_1d:us_AARD.csv
AAUC,ms_us_1d:us_AAUC.csv
AB,ms_us_1d:us_AB.csv
ABAT,ms_us_1d:us_ABAT.csv
ABBV,ms_us_1d:us_ABBV.csv
ABC,ms_us_1d:us_ABC.csv
ABCB,ms_us_1d:us_ABCB.csv
ABCD,ms_us_1d:us_ABCD.csv
ABCL,ms_us_1d:us_ABCL.csv
ABDC,ms_us_1d:us_ABDC.csv
ABEO,ms_us_1d:us_ABEO.csv
ABEV,ms_us_1d:us_ABEV.csv
ABG,ms_us_1d:us_ABG.csv
ABLV,ms_us_1d:us_ABLV.csv
ABM,ms_us_1d:us_ABM.csv
ABMD,ms_us_1d:us_ABMD.csv
ABNB,ms_us_1d:us_ABNB.csv
ABOS,ms_us_1d:us_ABOS.csv
ABSI,ms_us_1d:us_ABSI.csv
ABT,ms_us_1d:us_ABT.csv
ABTC,ms_us_1d:us_ABTC.csv
ABTS,ms_us_1d:us_ABTS.csv
ABUS,ms_us_1d:us_ABUS.csv
ABVC,ms_us_1d:us_ABVC.csv
ABX,ms_us_1d:us_ABX.csv
ACA,ms_us_1d:us_ACA.csv
ACAA,ms_us_1d:us_ACAA.csv
ACAD,ms_us_1d:us_ACAD.csv
ACB,ms_us_1d:us_ACB.csv
ACBI,ms_us_1d:us_ACBI.csv
ACCL,ms_us_1d:us_ACCL.csv
ACCO,ms_us_1d:us_ACCO.csv
ACCS,ms_us_1d:us_ACCS.csv
ACDC,ms_us_1d:us_ACDC.csv
ACEL,ms_us_1d:us_ACEL.csv
ACET,ms_us_1d:us_ACET.csv
ACFN,ms_us_1d:us_ACFN.csv
ACGC,ms_us_1d:us_ACGC.csv
ACGL,ms_us_1d:us_ACGL.csv
ACH,ms_us_1d:us_ACH.csv
ACHC,ms_us_1d:us_ACHC.csv
ACHR,ms_us_1d:us_ACHR.csv
ACHV,ms_us_1d:us_ACHV.csv
ACI,ms_us_1d:us_ACI.csv
ACIA,ms_us_1d:us_ACIA.csv
ACIC,ms_us_1d:us_ACIC.csv
ACIU,ms_us_1d:us_ACIU.csv
ACIW,ms_us_1d:us_ACIW.csv
ACLS,ms_us_1d:us_ACLS.csv
ACM,ms_us_1d:us_ACM.csv
ACMR,ms_us_1d:us_ACMR.csv
ACN,ms_us_1d:us_ACN.csv
ACNB,ms_us_1d:us_ACNB.csv
ACNT,ms_us_1d:us_ACNT.csv
ACOG,ms_us_1d:us_ACOG.csv
ACON,ms_us_1d:us_ACON.csv
ACR,ms_us_1d:us_ACR.csv
ACRE,ms_us_1d:us_ACRE.csv
ACRS,ms_us_1d:us_ACRS.csv
ACRV,ms_us_1d:us_ACRV.csv
ACSF,ms_us_1d:us_ACSF.csv
ACT,ms_us_1d:us_ACT.csv
ACTG,ms_us_1d:us_ACTG.csv
ACTU,ms_us_1d:us_ACTU.csv
ACVA,ms_us_1d:us_ACVA.csv
ACXP,ms_us_1d:us_ACXP.csv
AD,ms_us_1d:us_AD.csv
ADAC,ms_us_1d:us_ADAC.csv
ADBE,ms_us_1d:us_ADBE.csv
ADC,ms_us_1d:us_ADC.csv
ADCT,ms_us_1d:us_ADCT.csv
ADEA,ms_us_1d:us_ADEA.csv
ADGM,ms_us_1d:us_ADGM.csv
ADI,ms_us_1d:us_ADI.csv
ADIL,ms_us_1d:us_ADIL.csv
ADM,ms_us_1d:us_ADM.csv
ADMA,ms_us_1d:us_ADMA.csv
ADMS,ms_us_1d:us_ADMS.csv
ADNT,ms_us_1d:us_ADNT.csv
ADP,ms_us_1d:us_ADP.csv
ADPT,ms_us_1d:us_ADPT.csv
ADS,ms_us_1d:us_ADS.csv
ADSE,ms_us_1d:us_ADSE.csv
ADSK,ms_us_1d:us_ADSK.csv
ADSW,ms_us_1d:us_ADSW.csv
ADT,ms_us_1d:us_ADT.csv
ADTN,ms_us_1d:us_ADTN.csv
ADUR,ms_us_1d:us_ADUR.csv
ADUS,ms_us_1d:us_ADUS.csv
ADV,ms_us_1d:us_ADV.csv
ADVB,ms_us_1d:us_ADVB.csv
AEAQ,ms_us_1d:us_AEAQ.csv
AEBI,ms_us_1d:us_AEBI.csv
AEC,ms_us_1d:us_AEC.csv
AEE,ms_us_1d:us_AEE.csv
AEG,ms_us_1d:us_AEG.csv
AEGN,ms_us_1d:us_AEGN.csv
AEHL,ms_us_1d:us_AEHL.csv
AEHR,ms_us_1d:us_AEHR.csv
AEI,ms_us_1d:us_AEI.csv
AEIS,ms_us_1d:us_AEIS.csv
AEM,ms_us_1d:us_AEM.csv
AEMD,ms_us_1d:us_AEMD.csv
AENT,ms_us_1d:us_AENT.csv
AEO,ms_us_1d:us_AEO.csv
AEON,ms_us_1d:us_AEON.csv
AEP,ms_us_1d:us_AEP.csv
AER,ms_us_1d:us_AER.csv
AERT,ms_us_1d:us_AERT.csv
AES,ms_us_1d:us_AES.csv
AESI,ms_us_1d:us_AESI.csv
AET,ms_us_1d:us_AET.csv
AETI,ms_us_1d:us_AETI.csv
AEVA,ms_us_1d:us_AEVA.csv
AEXA,ms_us_1d:us_AEXA.csv
AEYE,ms_us_1d:us_AEYE.csv
AFBI,ms_us_1d:us_AFBI.csv
AFC,ms_us_1d:us_AFC.csv
AFCG,ms_us_1d:us_AFCG.csv
AFG,ms_us_1d:us_AFG.csv
AFJK,ms_us_1d:us_AFJK.csv
AFL,ms_us_1d:us_AFL.csv
AFRI,ms_us_1d:us_AFRI.csv
AFRM,ms_us_1d:us_AFRM.csv
AFSI,ms_us_1d:us_AFSI.csv
AFYA,ms_us_1d:us_AFYA.csv
AG,ms_us_1d:us_AG.csv
AGBK,ms_us_1d:us_AGBK.csv
AGC,ms_us_1d:us_AGC.csv
AGCC,ms_us_1d:us_AGCC.csv
AGCO,ms_us_1d:us_AGCO.csv
AGEN,ms_us_1d:us_AGEN.csv
AGG,ms_us_1d:us_AGG.csv
AGI,ms_us_1d:us_AGI.csv
AGIG,ms_us_1d:us_AGIG.csv
AGIO,ms_us_1d:us_AGIO.csv
AGL,ms_us_1d:us_AGL.csv
AGM,ms_us_1d:us_AGM.csv
AGM.A,ms_us_1d:us_AGM_A.csv
AGMH,ms_us_1d:us_AGMH.csv
AGN,ms_us_1d:us_AGN.csv
AGNC,ms_us_1d:us_AGNC.csv
AGNT,ms_us_1d:us_AGNT.csv
AGO,ms_us_1d:us_AGO.csv
AGPU,ms_us_1d:us_AGPU.csv
AGQ,ms_us_1d:us_AGQ.csv
AGRO,ms_us_1d:us_AGRO.csv
AGRZ,ms_us_1d:us_AGRZ.csv
AGX,ms_us_1d:us_AGX.csv
AGYS,ms_us_1d:us_AGYS.csv
AHCO,ms_us_1d:us_AHCO.csv
AHG,ms_us_1d:us_AHG.csv
AHL,ms_us_1d:us_AHL.csv
AHMA,ms_us_1d:us_AHMA.csv
AHPA,ms_us_1d:us_AHPA.csv
AHPAU,ms_us_1d:us_AHPAU.csv
AHR,ms_us_1d:us_AHR.csv
AI,ms_us_1d:us_AI.csv
AIAI,ms_us_1d:us_AIAI.csv
AIB,ms_us_1d:us_AIB.csv
AIBZ,ms_us_1d:us_AIBZ.csv
AIDX,ms_us_1d:us_AIDX.csv
AIFA,ms_us_1d:us_AIFA.csv
AIFC,ms_us_1d:us_AIFC.csv
AIFF,ms_us_1d:us_AIFF.csv
AIFU,ms_us_1d:us_AIFU.csv
AIG,ms_us_1d:us_AIG.csv
AIHS,ms_us_1d:us_AIHS.csv
AII,ms_us_1d:us_AII.csv
AIIA,ms_us_1d:us_AIIA.csv
AIIO,ms_us_1d:us_AIIO.csv
AIIR,ms_us_1d:us_AIIR.csv
AIM,ms_us_1d:us_AIM.csv
AIMD,ms_us_1d:us_AIMD.csv
AIMT,ms_us_1d:us_AIMT.csv
AIN,ms_us_1d:us_AIN.csv
AIOS,ms_us_1d:us_AIOS.csv
AIOT,ms_us_1d:us_AIOT.csv
AIP,ms_us_1d:us_AIP.csv
AIQD,ms_us_1d:us_AIQD.csv
AIQU,ms_us_1d:us_AIQU.csv
AIR,ms_us_1d:us_AIR.csv
AIRE,ms_us_1d:us_AIRE.csv
AIRG,ms_us_1d:us_AIRG.csv
AIRI,ms_us_1d:us_AIRI.csv
AIRJ,ms_us_1d:us_AIRJ.csv
AIRO,ms_us_1d:us_AIRO.csv
AIRS,ms_us_1d:us_AIRS.csv
AIRT,ms_us_1d:us_AIRT.csv
AISP,ms_us_1d:us_AISP.csv
AIT,ms_us_1d:us_AIT.csv
AIV,ms_us_1d:us_AIV.csv
AIXC,ms_us_1d:us_AIXC.csv
AIZ,ms_us_1d:us_AIZ.csv
AJG,ms_us_1d:us_AJG.csv
AKA,ms_us_1d:us_AKA.csv
AKAM,ms_us_1d:us_AKAM.csv
AKAN,ms_us_1d:us_AKAN.csv
AKBA,ms_us_1d:us_AKBA.csv
AKCA,ms_us_1d:us_AKCA.csv
AKO.A,ms_us_1d:us_AKO_A.csv
AKO.B,ms_us_1d:us_AKO_B.csv
AKP,ms_us_1d:us_AKP.csv
AKS,ms_us_1d:us_AKS.csv
AKTS,ms_us_1d:us_AKTS.csv
AKTX,ms_us_1d:us_AKTX.csv
ALAB,ms_us_1d:us_ALAB.csv
ALAC,ms_us_1d:us_ALAC.csv
ALB,ms_us_1d:us_ALB.csv
ALBT,ms_us_1d:us_ALBT.csv
ALC,ms_us_1d:us_ALC.csv
ALCO,ms_us_1d:us_ALCO.csv
ALD,ms_us_1d:us_ALD.csv
ALDF,ms_us_1d:us_ALDF.csv
ALDR,ms_us_1d:us_ALDR.csv
ALDX,ms_us_1d:us_ALDX.csv
ALEC,ms_us_1d:us_ALEC.csv
ALF,ms_us_1d:us_ALF.csv
ALG,ms_us_1d:us_ALG.csv
ALGM,ms_us_1d:us_ALGM.csv
ALGN,ms_us_1d:us_ALGN.csv
ALGR,ms_us_1d:us_ALGR.csv
ALGS,ms_us_1d:us_ALGS.csv
ALGT,ms_us_1d:us_ALGT.csv
ALH,ms_us_1d:us_ALH.csv
ALHC,ms_us_1d:us_ALHC.csv
ALIS,ms_us_1d:us_ALIS.csv
ALIT,ms_us_1d:us_ALIT.csv
ALK,ms_us_1d:us_ALK.csv
ALKS,ms_us_1d:us_ALKS.csv
ALKT,ms_us_1d:us_ALKT.csv
ALL,ms_us_1d:us_ALL.csv
ALL.PRH,ms_us_1d:us_ALL_PRH.csv
ALL.PRI,ms_us_1d:us_ALL_PRI.csv
ALLE,ms_us_1d:us_ALLE.csv
ALLO,ms_us_1d:us_ALLO.csv
ALLR,ms_us_1d:us_ALLR.csv
ALLT,ms_us_1d:us_ALLT.csv
ALLY,ms_us_1d:us_ALLY.csv
ALM,ms_us_1d:us_ALM.csv
ALMR,ms_us_1d:us_ALMR.csv
ALMS,ms_us_1d:us_ALMS.csv
ALMU,ms_us_1d:us_ALMU.csv
ALN,ms_us_1d:us_ALN.csv
ALNT,ms_us_1d:us_ALNT.csv
ALNY,ms_us_1d:us_ALNY.csv
ALO,ms_us_1d:us_ALO.csv
ALOG,ms_us_1d:us_ALOG.csv
ALOT,ms_us_1d:us_ALOT.csv
ALOY,ms_us_1d:us_ALOY.csv
ALP,ms_us_1d:us_ALP.csv
ALPS,ms_us_1d:us_ALPS.csv
ALRM,ms_us_1d:us_ALRM.csv
ALRS,ms_us_1d:us_ALRS.csv
ALSK,ms_us_1d:us_ALSK.csv
ALSN,ms_us_1d:us_ALSN.csv
ALT,ms_us_1d:us_ALT.csv
ALTA,ms_us_1d:us_ALTA.csv
ALTG,ms_us_1d:us_ALTG.csv
ALTI,ms_us_1d:us_ALTI.csv
ALTO,ms_us_1d:us_ALTO.csv
ALTR,ms_us_1d:us_ALTR.csv
ALUB,ms_us_1d:us_ALUB.csv
ALUS.U,ms_us_1d:us_ALUS_U.csv
ALV,ms_us_1d:us_ALV.csv
ALVO,ms_us_1d:us_ALVO.csv
ALX,ms_us_1d:us_ALX.csv
ALXN,ms_us_1d:us_ALXN.csv
ALXO,ms_us_1d:us_ALXO.csv
ALZN,ms_us_1d:us_ALZN.csv
AM,ms_us_1d:us_AM.csv
AMAG,ms_us_1d:us_AMAG.csv
AMAL,ms_us_1d:us_AMAL.csv
AMAN,ms_us_1d:us_AMAN.csv
AMAT,ms_us_1d:us_AMAT.csv
AMBA,ms_us_1d:us_AMBA.csv
AMBO,ms_us_1d:us_AMBO.csv
AMBP,ms_us_1d:us_AMBP.csv
AMBQ,ms_us_1d:us_AMBQ.csv
AMC,ms_us_1d:us_AMC.csv
AMCI,ms_us_1d:us_AMCI.csv
AMCR,ms_us_1d:us_AMCR.csv
AMCX,ms_us_1d:us_AMCX.csv
AMD,ms_us_1d:us_AMD.csv
AME,ms_us_1d:us_AME.csv
AMG,ms_us_1d:us_AMG.csv
AMGN,ms_us_1d:us_AMGN.csv
AMH,ms_us_1d:us_AMH.csv
AMIX,ms_us_1d:us_AMIX.csv
AMJB,ms_us_1d:us_AMJB.csv
AMJL,ms_us_1d:us_AMJL.csv
AMKR,ms_us_1d:us_AMKR.csv
AMLX,ms_us_1d:us_AMLX.csv
AMMA,ms_us_1d:us_AMMA.csv
AMN,ms_us_1d:us_AMN.csv
AMOD,ms_us_1d:us_AMOD.csv
AMP,ms_us_1d:us_AMP.csv
AMPG,ms_us_1d:us_AMPG.csv
AMPH,ms_us_1d:us_AMPH.csv
AMPL,ms_us_1d:us_AMPL.csv
AMPX,ms_us_1d:us_AMPX.csv
AMPY,ms_us_1d:us_AMPY.csv
AMR,ms_us_1d:us_AMR.csv
AMRB,ms_us_1d:us_AMRB.csv
AMRC,ms_us_1d:us_AMRC.csv
AMRN,ms_us_1d:us_AMRN.csv
AMRX,ms_us_1d:us_AMRX.csv
AMRZ,ms_us_1d:us_AMRZ.csv
AMS,ms_us_1d:us_AMS.csv
AMSC,ms_us_1d:us_AMSC.csv
AMSF,ms_us_1d:us_AMSF.csv
AMSS,ms_us_1d:us_AMSS.csv
AMST,ms_us_1d:us_AMST.csv
AMT,ms_us_1d:us_AMT.csv
AMTB,ms_us_1d:us_AMTB.csv
AMTBB,ms_us_1d:us_AMTBB.csv
AMTM,ms_us_1d:us_AMTM.csv
AMTX,ms_us_1d:us_AMTX.csv
AMU,ms_us_1d:us_AMU.csv
AMUB,ms_us_1d:us_AMUB.csv
AMWL,ms_us_1d:us_AMWL.csv
AMZE,ms_us_1d:us_AMZE.csv
AMZN,ms_us_1d:us_AMZN.csv
AN,ms_us_1d:us_AN.csv
ANAB,ms_us_1d:us_ANAB.csv
ANAT,ms_us_1d:us_ANAT.csv
ANCB,ms_us_1d:us_ANCB.csv
ANCX,ms_us_1d:us_ANCX.csv
ANDE,ms_us_1d:us_ANDE.csv
ANDG,ms_us_1d:us_ANDG.csv
ANDV,ms_us_1d:us_ANDV.csv
ANDX,ms_us_1d:us_ANDX.csv
ANET,ms_us_1d:us_ANET.csv
ANF,ms_us_1d:us_ANF.csv
ANGH,ms_us_1d:us_ANGH.csv
ANGI,ms_us_1d:us_ANGI.csv
ANGO,ms_us_1d:us_ANGO.csv
ANGX,ms_us_1d:us_ANGX.csv
ANH,ms_us_1d:us_ANH.csv
ANIK,ms_us_1d:us_ANIK.csv
ANIP,ms_us_1d:us_ANIP.csv
ANIX,ms_us_1d:us_ANIX.csv
ANNA,ms_us_1d:us_ANNA.csv
ANNX,ms_us_1d:us_ANNX.csv
ANPA,ms_us_1d:us_ANPA.csv
ANRO,ms_us_1d:us_ANRO.csv
ANSC,ms_us_1d:us_ANSC.csv
ANSS,ms_us_1d:us_ANSS.csv
ANTA,ms_us_1d:us_ANTA.csv
ANTM,ms_us_1d:us_ANTM.csv
ANTX,ms_us_1d:us_ANTX.csv
ANVS,ms_us_1d:us_ANVS.csv
ANY,ms_us_1d:us_ANY.csv
AOI,ms_us_1d:us_AOI.csv
AOMR,ms_us_1d:us_AOMR.csv
AON,ms_us_1d:us_AON.csv
AORT,ms_us_1d:us_AORT.csv
AOS,ms_us_1d:us_AOS.csv
AOSL,ms_us_1d:us_AOSL.csv
AOUT,ms_us_1d:us_AOUT.csv
AP,ms_us_1d:us_AP.csv
APA,ms_us_1d:us_APA.csv
APAC,ms_us_1d:us_APAC.csv
APAM,ms_us_1d:us_APAM.csv
APB,ms_us_1d:us_APB.csv
APC,ms_us_1d:us_APC.csv
APD,ms_us_1d:us_APD.csv
APEI,ms_us_1d:us_APEI.csv
APF,ms_us_1d:us_APF.csv
APG,ms_us_1d:us_APG.csv
APGE,ms_us_1d:us_APGE.csv
APH,ms_us_1d:us_APH.csv
APHA,ms_us_1d:us_APHA.csv
APLD,ms_us_1d:us_APLD.csv
APLE,ms_us_1d:us_APLE.csv
APLM,ms_us_1d:us_APLM.csv
APM,ms_us_1d:us_APM.csv
APMC,ms_us_1d:us_APMC.csv
APO,ms_us_1d:us_APO.csv
APOG,ms_us_1d:us_APOG.csv
APP,ms_us_1d:us_APP.csv
APPF,ms_us_1d:us_APPF.csv
APPN,ms_us_1d:us_APPN.csv
APPS,ms_us_1d:us_APPS.csv
APR,ms_us_1d:us_APR.csv
APRE,ms_us_1d:us_APRE.csv
APT,ms_us_1d:us_APT.csv
APTI,ms_us_1d:us_APTI.csv
APTV,ms_us_1d:us_APTV.csv
APU,ms_us_1d:us_APU.csv
APUR,ms_us_1d:us_APUR.csv
APUS,ms_us_1d:us_APUS.csv
APVO,ms_us_1d:us_APVO.csv
APWC,ms_us_1d:us_APWC.csv
APXT,ms_us_1d:us_APXT.csv
APYX,ms_us_1d:us_APYX.csv
AQ,ms_us_1d:us_AQ.csv
AQB,ms_us_1d:us_AQB.csv
AQMS,ms_us_1d:us_AQMS.csv
AQN,ms_us_1d:us_AQN.csv
AQST,ms_us_1d:us_AQST.csv
AR,ms_us_1d:us_AR.csv
ARA,ms_us_1d:us_ARA.csv
ARAI,ms_us_1d:us_ARAI.csv
ARAY,ms_us_1d:us_ARAY.csv
ARBB,ms_us_1d:us_ARBB.csv
ARBE,ms_us_1d:us_ARBE.csv
ARCB,ms_us_1d:us_ARCB.csv
ARCC,ms_us_1d:us_ARCC.csv
ARCI,ms_us_1d:us_ARCI.csv
ARCL,ms_us_1d:us_ARCL.csv
ARCO,ms_us_1d:us_ARCO.csv
ARCT,ms_us_1d:us_ARCT.csv
ARD,ms_us_1d:us_ARD.csv
ARDT,ms_us_1d:us_ARDT.csv
ARDX,ms_us_1d:us_ARDX.csv
ARE,ms_us_1d:us_ARE.csv
AREC,ms_us_1d:us_AREC.csv
AREN,ms_us_1d:us_AREN.csv
ARES,ms_us_1d:us_ARES.csv
ARG,ms_us_1d:us_ARG.csv
ARGT,ms_us_1d:us_ARGT.csv
ARHS,ms_us_1d:us_ARHS.csv
ARI,ms_us_1d:us_ARI.csv
ARII,ms_us_1d:us_ARII.csv
ARIS,ms_us_1d:us_ARIS.csv
ARKK,ms_us_1d:us_ARKK.csv
ARKO,ms_us_1d:us_ARKO.csv
ARKR,ms_us_1d:us_ARKR.csv
ARL,ms_us_1d:us_ARL.csv
ARLO,ms_us_1d:us_ARLO.csv
ARMH,ms_us_1d:us_ARMH.csv
ARMK,ms_us_1d:us_ARMK.csv
ARMO,ms_us_1d:us_ARMO.csv
ARMP,ms_us_1d:us_ARMP.csv
ARNA,ms_us_1d:us_ARNA.csv
ARNC,ms_us_1d:us_ARNC.csv
AROC,ms_us_1d:us_AROC.csv
AROW,ms_us_1d:us_AROW.csv
ARQ,ms_us_1d:us_ARQ.csv
ARQL,ms_us_1d:us_ARQL.csv
ARQQ,ms_us_1d:us_ARQQ.csv
ARQT,ms_us_1d:us_ARQT.csv
ARR,ms_us_1d:us_ARR.csv
ARRS,ms_us_1d:us_ARRS.csv
ARRY,ms_us_1d:us_ARRY.csv
ARTA,ms_us_1d:us_ARTA.csv
ARTC,ms_us_1d:us_ARTC.csv
ARTL,ms_us_1d:us_ARTL.csv
ARTNA,ms_us_1d:us_ARTNA.csv
ARTV,ms_us_1d:us_ARTV.csv
ARTW,ms_us_1d:us_ARTW.csv
ARTX,ms_us_1d:us_ARTX.csv
ARVN,ms_us_1d:us_ARVN.csv
ARW,ms_us_1d:us_ARW.csv
ARWR,ms_us_1d:us_ARWR.csv
ARX,ms_us_1d:us_ARX.csv
ARXS,ms_us_1d:us_ARXS.csv
ARYA,ms_us_1d:us_ARYA.csv
AS,ms_us_1d:us_AS.csv
ASA,ms_us_1d:us_ASA.csv
ASAN,ms_us_1d:us_ASAN.csv
ASB,ms_us_1d:us_ASB.csv
ASB.PRC,ms_us_1d:us_ASB_PRC.csv
ASBP,ms_us_1d:us_ASBP.csv
ASC,ms_us_1d:us_ASC.csv
ASG,ms_us_1d:us_ASG.csv
ASH,ms_us_1d:us_ASH.csv
ASIC,ms_us_1d:us_ASIC.csv
ASIX,ms_us_1d:us_ASIX.csv
ASLE,ms_us_1d:us_ASLE.csv
ASM,ms_us_1d:us_ASM.csv
ASMB,ms_us_1d:us_ASMB.csv
ASMH,ms_us_1d:us_ASMH.csv
ASML,ms_us_1d:us_ASML.csv
ASND,ms_us_1d:us_ASND.csv
ASO,ms_us_1d:us_ASO.csv
ASPC,ms_us_1d:us_ASPC.csv
ASPI,ms_us_1d:us_ASPI.csv
ASPN,ms_us_1d:us_ASPN.csv
ASPS,ms_us_1d:us_ASPS.csv
ASRV,ms_us_1d:us_ASRV.csv
ASST,ms_us_1d:us_ASST.csv
AST,ms_us_1d:us_AST.csv
ASTC,ms_us_1d:us_ASTC.csv
ASTE,ms_us_1d:us_ASTE.csv
ASTH,ms_us_1d:us_ASTH.csv
ASTI,ms_us_1d:us_ASTI.csv
ASTL,ms_us_1d:us_ASTL.csv
ASTS,ms_us_1d:us_ASTS.csv
ASUR,ms_us_1d:us_ASUR.csv
ASV,ms_us_1d:us_ASV.csv
ASX,ms_us_1d:us_ASX.csv
ASYS,ms_us_1d:us_ASYS.csv
AT,ms_us_1d:us_AT.csv
ATAI,ms_us_1d:us_ATAI.csv
ATCH,ms_us_1d:us_ATCH.csv
ATCX,ms_us_1d:us_ATCX.csv
ATEC,ms_us_1d:us_ATEC.csv
ATEN,ms_us_1d:us_ATEN.csv
ATER,ms_us_1d:us_ATER.csv
ATEX,ms_us_1d:us_ATEX.csv
ATGL,ms_us_1d:us_ATGL.csv
ATH,ms_us_1d:us_ATH.csv
ATHN,ms_us_1d:us_ATHN.csv
ATHR,ms_us_1d:us_ATHR.csv
ATI,ms_us_1d:us_ATI.csv
ATII,ms_us_1d:us_ATII.csv
ATIS,ms_us_1d:us_ATIS.csv
ATKR,ms_us_1d:us_ATKR.csv
ATLC,ms_us_1d:us_ATLC.csv
ATLN,ms_us_1d:us_ATLN.csv
ATLO,ms_us_1d:us_ATLO.csv
ATLX,ms_us_1d:us_ATLX.csv
ATMP,ms_us_1d:us_ATMP.csv
ATMU,ms_us_1d:us_ATMU.csv
ATNI,ms_us_1d:us_ATNI.csv
ATNM,ms_us_1d:us_ATNM.csv
ATO,ms_us_1d:us_ATO.csv
ATOM,ms_us_1d:us_ATOM.csv
ATOS,ms_us_1d:us_ATOS.csv
ATPC,ms_us_1d:us_ATPC.csv
ATR,ms_us_1d:us_ATR.csv
ATRA,ms_us_1d:us_ATRA.csv
ATRC,ms_us_1d:us_ATRC.csv
ATRO,ms_us_1d:us_ATRO.csv
ATRS,ms_us_1d:us_ATRS.csv
ATS,ms_us_1d:us_ATS.csv
ATTU,ms_us_1d:us_ATTU.csv
ATV,ms_us_1d:us_ATV.csv
ATVI,ms_us_1d:us_ATVI.csv
ATXG,ms_us_1d:us_ATXG.csv
ATYR,ms_us_1d:us_ATYR.csv
AU,ms_us_1d:us_AU.csv
AUB,ms_us_1d:us_AUB.csv
AUBN,ms_us_1d:us_AUBN.csv
AUC,ms_us_1d:us_AUC.csv
AUDC,ms_us_1d:us_AUDC.csv
AUGO,ms_us_1d:us_AUGO.csv
AUID,ms_us_1d:us_AUID.csv
AUNA,ms_us_1d:us_AUNA.csv
AUPH,ms_us_1d:us_AUPH.csv
AUR,ms_us_1d:us_AUR.csv
AURA,ms_us_1d:us_AURA.csv
AURE,ms_us_1d:us_AURE.csv
AUSE,ms_us_1d:us_AUSE.csv
AUST,ms_us_1d:us_AUST.csv
AUTO,ms_us_1d:us_AUTO.csv
AUUD,ms_us_1d:us_AUUD.csv
AVA,ms_us_1d:us_AVA.csv
AVAH,ms_us_1d:us_AVAH.csv
AVAL,ms_us_1d:us_AVAL.csv
AVAT,ms_us_1d:us_AVAT.csv
AVAV,ms_us_1d:us_AVAV.csv
AVB,ms_us_1d:us_AVB.csv
AVBC,ms_us_1d:us_AVBC.csv
AVBH,ms_us_1d:us_AVBH.csv
AVBP,ms_us_1d:us_AVBP.csv
AVD,ms_us_1d:us_AVD.csv
AVEX,ms_us_1d:us_AVEX.csv
AVGO,ms_us_1d:us_AVGO.csv
AVIR,ms_us_1d:us_AVIR.csv
AVLN,ms_us_1d:us_AVLN.csv
AVNS,ms_us_1d:us_AVNS.csv
AVNT,ms_us_1d:us_AVNT.csv
AVNW,ms_us_1d:us_AVNW.csv
AVO,ms_us_1d:us_AVO.csv
AVPT,ms_us_1d:us_AVPT.csv
AVR,ms_us_1d:us_AVR.csv
AVT,ms_us_1d:us_AVT.csv
AVTR,ms_us_1d:us_AVTR.csv
AVTX,ms_us_1d:us_AVTX.csv
AVX,ms_us_1d:us_AVX.csv
AVXL,ms_us_1d:us_AVXL.csv
AVY,ms_us_1d:us_AVY.csv
AWI,ms_us_1d:us_AWI.csv
AWK,ms_us_1d:us_AWK.csv
AWR,ms_us_1d:us_AWR.csv
AWRE,ms_us_1d:us_AWRE.csv
AWX,ms_us_1d:us_AWX.csv
AX,ms_us_1d:us_AX.csv
AXE,ms_us_1d:us_AXE.csv
AXG,ms_us_1d:us_AXG.csv
AXGN,ms_us_1d:us_AXGN.csv
AXIL,ms_us_1d:us_AXIL.csv
AXIN,ms_us_1d:us_AXIN.csv
AXJV,ms_us_1d:us_AXJV.csv
AXON,ms_us_1d:us_AXON.csv
AXP,ms_us_1d:us_AXP.csv
AXR,ms_us_1d:us_AXR.csv
AXS,ms_us_1d:us_AXS.csv
AXSM,ms_us_1d:us_AXSM.csv
AXTA,ms_us_1d:us_AXTA.csv
AXTI,ms_us_1d:us_AXTI.csv
AXU,ms_us_1d:us_AXU.csv
AYA,ms_us_1d:us_AYA.csv
AYI,ms_us_1d:us_AYI.csv
AYR,ms_us_1d:us_AYR.csv
AYTU,ms_us_1d:us_AYTU.csv
AZ,ms_us_1d:us_AZ.csv
AZI,ms_us_1d:us_AZI.csv
AZN,ms_us_1d:us_AZN.csv
AZO,ms_us_1d:us_AZO.csv
AZPN,ms_us_1d:us_AZPN.csv
AZTA,ms_us_1d:us_AZTA.csv
AZTR,ms_us_1d:us_AZTR.csv
AZZ,ms_us_1d:us_AZZ.csv
B,ms_us_1d:us_B.csv
BA,ms_us_1d:us_BA.csv
BAC,ms_us_1d:us_BAC.csv
BACC,ms_us_1d:us_BACC.csv
BAER,ms_us_1d:us_BAER.csv
BAFN,ms_us_1d:us_BAFN.csv
BAH,ms_us_1d:us_BAH.csv
BALL,ms_us_1d:us_BALL.csv
BALY,ms_us_1d:us_BALY.csv
BAM,ms_us_1d:us_BAM.csv
BANC,ms_us_1d:us_BANC.csv
BAND,ms_us_1d:us_BAND.csv
BANF,ms_us_1d:us_BANF.csv
BANL,ms_us_1d:us_BANL.csv
BANR,ms_us_1d:us_BANR.csv
BANX,ms_us_1d:us_BANX.csv
BAOS,ms_us_1d:us_BAOS.csv
BAP,ms_us_1d:us_BAP.csv
BAR,ms_us_1d:us_BAR.csv
BARK,ms_us_1d:us_BARK.csv
BATL,ms_us_1d:us_BATL.csv
BATRA,ms_us_1d:us_BATRA.csv
BATRK,ms_us_1d:us_BATRK.csv
BAX,ms_us_1d:us_BAX.csv
BAYA,ms_us_1d:us_BAYA.csv
BB,ms_us_1d:us_BB.csv
BBAI,ms_us_1d:us_BBAI.csv
BBAR,ms_us_1d:us_BBAR.csv
BBBY,ms_us_1d:us_BBBY.csv
BBCP,ms_us_1d:us_BBCP.csv
BBCQ,ms_us_1d:us_BBCQ.csv
BBDC,ms_us_1d:us_BBDC.csv
BBGI,ms_us_1d:us_BBGI.csv
BBIGV,ms_us_1d:us_BBIGV.csv
BBIO,ms_us_1d:us_BBIO.csv
BBLG,ms_us_1d:us_BBLG.csv
BBNX,ms_us_1d:us_BBNX.csv
BBOT,ms_us_1d:us_BBOT.csv
BBOX,ms_us_1d:us_BBOX.csv
BBRC,ms_us_1d:us_BBRC.csv
BBSI,ms_us_1d:us_BBSI.csv
BBT,ms_us_1d:us_BBT.csv
BBUC,ms_us_1d:us_BBUC.csv
BBVA,ms_us_1d:us_BBVA.csv
BBW,ms_us_1d:us_BBW.csv
BBWI,ms_us_1d:us_BBWI.csv
BBY,ms_us_1d:us_BBY.csv
BC,ms_us_1d:us_BC.csv
BCAB,ms_us_1d:us_BCAB.csv
BCAL,ms_us_1d:us_BCAL.csv
BCAR,ms_us_1d:us_BCAR.csv
BCAX,ms_us_1d:us_BCAX.csv
BCBP,ms_us_1d:us_BCBP.csv
BCC,ms_us_1d:us_BCC.csv
BCDA,ms_us_1d:us_BCDA.csv
BCE,ms_us_1d:us_BCE.csv
BCG,ms_us_1d:us_BCG.csv
BCHT,ms_us_1d:us_BCHT.csv
BCIC,ms_us_1d:us_BCIC.csv
BCML,ms_us_1d:us_BCML.csv
BCNA,ms_us_1d:us_BCNA.csv
BCO,ms_us_1d:us_BCO.csv
BCPC,ms_us_1d:us_BCPC.csv
BCR,ms_us_1d:us_BCR.csv
BCRX,ms_us_1d:us_BCRX.csv
BCS,ms_us_1d:us_BCS.csv
BCSF,ms_us_1d:us_BCSF.csv
BCSS,ms_us_1d:us_BCSS.csv
BCTX,ms_us_1d:us_BCTX.csv
BDC,ms_us_1d:us_BDC.csv
BDCI,ms_us_1d:us_BDCI.csv
BDCL,ms_us_1d:us_BDCL.csv
BDCS,ms_us_1d:us_BDCS.csv
BDCX,ms_us_1d:us_BDCX.csv
BDCY,ms_us_1d:us_BDCY.csv
BDCZ,ms_us_1d:us_BDCZ.csv
BDL,ms_us_1d:us_BDL.csv
BDMD,ms_us_1d:us_BDMD.csv
BDSI,ms_us_1d:us_BDSI.csv
BDSX,ms_us_1d:us_BDSX.csv
BDTX,ms_us_1d:us_BDTX.csv
BDX,ms_us_1d:us_BDX.csv
BE,ms_us_1d:us_BE.csv
BEAG,ms_us_1d:us_BEAG.csv
BEAM,ms_us_1d:us_BEAM.csv
BEAT,ms_us_1d:us_BEAT.csv
BEBE,ms_us_1d:us_BEBE.csv
BEEM,ms_us_1d:us_BEEM.csv
BEEP,ms_us_1d:us_BEEP.csv
BEL,ms_us_1d:us_BEL.csv
BELFA,ms_us_1d:us_BELFA.csv
BELFB,ms_us_1d:us_BELFB.csv
BEN,ms_us_1d:us_BEN.csv
BENF,ms_us_1d:us_BENF.csv
BEP,ms_us_1d:us_BEP.csv
BEPC,ms_us_1d:us_BEPC.csv
BERN,ms_us_1d:us_BERN.csv
BERZ,ms_us_1d:us_BERZ.csv
BESS,ms_us_1d:us_BESS.csv
BETA,ms_us_1d:us_BETA.csv
BETR,ms_us_1d:us_BETR.csv
BF.A,ms_us_1d:us_BF_A.csv
BF.B,ms_us_1d:us_BF_B.csv
BFC,ms_us_1d:us_BFC.csv
BFH,ms_us_1d:us_BFH.csv
BFLY,ms_us_1d:us_BFLY.csv
BFRG,ms_us_1d:us_BFRG.csv
BFRI,ms_us_1d:us_BFRI.csv
BFS,ms_us_1d:us_BFS.csv
BFST,ms_us_1d:us_BFST.csv
BFYT,ms_us_1d:us_BFYT.csv
BG,ms_us_1d:us_BG.csv
BGC,ms_us_1d:us_BGC.csv
BGDE,ms_us_1d:us_BGDE.csv
BGI,ms_us_1d:us_BGI.csv
BGIN,ms_us_1d:us_BGIN.csv
BGL,ms_us_1d:us_BGL.csv
BGLC,ms_us_1d:us_BGLC.csv
BGM,ms_us_1d:us_BGM.csv
BGMS,ms_us_1d:us_BGMS.csv
BGS,ms_us_1d:us_BGS.csv
BGSF,ms_us_1d:us_BGSF.csv
BGSI,ms_us_1d:us_BGSI.csv
BH,ms_us_1d:us_BH.csv
BH.A,ms_us_1d:us_BH_A.csv
BHAV,ms_us_1d:us_BHAV.csv
BHB,ms_us_1d:us_BHB.csv
BHBK,ms_us_1d:us_BHBK.csv
BHC,ms_us_1d:us_BHC.csv
BHE,ms_us_1d:us_BHE.csv
BHF,ms_us_1d:us_BHF.csv
BHGE,ms_us_1d:us_BHGE.csv
BHK,ms_us_1d:us_BHK.csv
BHR,ms_us_1d:us_BHR.csv
BHRB,ms_us_1d:us_BHRB.csv
BHST,ms_us_1d:us_BHST.csv
BHVN,ms_us_1d:us_BHVN.csv
BIAF,ms_us_1d:us_BIAF.csv
BID,ms_us_1d:us_BID.csv
BIDU,ms_us_1d:us_BIDU.csv
BIIB,ms_us_1d:us_BIIB.csv
BIII,ms_us_1d:us_BIII.csv
BIKR,ms_us_1d:us_BIKR.csv
BILL,ms_us_1d:us_BILL.csv
BIO,ms_us_1d:us_BIO.csv
BIO.B,ms_us_1d:us_BIO_B.csv
BIOA,ms_us_1d:us_BIOA.csv
BIOS,ms_us_1d:us_BIOS.csv
BIOX,ms_us_1d:us_BIOX.csv
BIPC,ms_us_1d:us_BIPC.csv
BIRD,ms_us_1d:us_BIRD.csv
BIRK,ms_us_1d:us_BIRK.csv
BIVI,ms_us_1d:us_BIVI.csv
BIXI,ms_us_1d:us_BIXI.csv
BIYA,ms_us_1d:us_BIYA.csv
BJ,ms_us_1d:us_BJ.csv
BJDX,ms_us_1d:us_BJDX.csv
BJRI,ms_us_1d:us_BJRI.csv
BJZ,ms_us_1d:us_BJZ.csv
BK,ms_us_1d:us_BK.csv
BKC,ms_us_1d:us_BKC.csv
BKD,ms_us_1d:us_BKD.csv
BKE,ms_us_1d:us_BKE.csv
BKH,ms_us_1d:us_BKH.csv
BKHA,ms_us_1d:us_BKHA.csv
BKJ,ms_us_1d:us_BKJ.csv
BKKT,ms_us_1d:us_BKKT.csv
BKNG,ms_us_1d:us_BKNG.csv
BKR,ms_us_1d:us_BKR.csv
BKS,ms_us_1d:us_BKS.csv
BKSY,ms_us_1d:us_BKSY.csv
BKTI,ms_us_1d:us_BKTI.csv
BKV,ms_us_1d:us_BKV.csv
BL,ms_us_1d:us_BL.csv
BLBD,ms_us_1d:us_BLBD.csv
BLCO,ms_us_1d:us_BLCO.csv
BLD,ms_us_1d:us_BLD.csv
BLDP,ms_us_1d:us_BLDP.csv
BLDR,ms_us_1d:us_BLDR.csv
BLFS,ms_us_1d:us_BLFS.csv
BLH,ms_us_1d:us_BLH.csv
BLIN,ms_us_1d:us_BLIN.csv
BLIV,ms_us_1d:us_BLIV.csv
BLK,ms_us_1d:us_BLK.csv
BLKB,ms_us_1d:us_BLKB.csv
BLL,ms_us_1d:us_BLL.csv
BLLN,ms_us_1d:us_BLLN.csv
BLMN,ms_us_1d:us_BLMN.csv
BLMT,ms_us_1d:us_BLMT.csv
BLND,ms_us_1d:us_BLND.csv
BLNE,ms_us_1d:us_BLNE.csv
BLNK,ms_us_1d:us_BLNK.csv
BLRK,ms_us_1d:us_BLRK.csv
BLSH,ms_us_1d:us_BLSH.csv
BLUW,ms_us_1d:us_BLUW.csv
BLX,ms_us_1d:us_BLX.csv
BLZE,ms_us_1d:us_BLZE.csv
BLZR,ms_us_1d:us_BLZR.csv
BMA,ms_us_1d:us_BMA.csv
BMBL,ms_us_1d:us_BMBL.csv
BMCH,ms_us_1d:us_BMCH.csv
BMEA,ms_us_1d:us_BMEA.csv
BMGL,ms_us_1d:us_BMGL.csv
BMHL,ms_us_1d:us_BMHL.csv
BMI,ms_us_1d:us_BMI.csv
BMM,ms_us_1d:us_BMM.csv
BMNR,ms_us_1d:us_BMNR.csv
BMO,ms_us_1d:us_BMO.csv
BMR,ms_us_1d:us_BMR.csv
BMRA,ms_us_1d:us_BMRA.csv
BMRC,ms_us_1d:us_BMRC.csv
BMRN,ms_us_1d:us_BMRN.csv
BMS,ms_us_1d:us_BMS.csv
BMTC,ms_us_1d:us_BMTC.csv
BMY,ms_us_1d:us_BMY.csv
BN,ms_us_1d:us_BN.csv
BNAI,ms_us_1d:us_BNAI.csv
BNBX,ms_us_1d:us_BNBX.csv
BNC,ms_us_1d:us_BNC.csv
BNCL,ms_us_1d:us_BNCL.csv
BND,ms_us_1d:us_BND.csv
BNED,ms_us_1d:us_BNED.csv
BNGO,ms_us_1d:us_BNGO.csv
BNGOU,ms_us_1d:us_BNGOU.csv
BNKD,ms_us_1d:us_BNKD.csv
BNKK,ms_us_1d:us_BNKK.csv
BNKO,ms_us_1d:us_BNKO.csv
BNKU,ms_us_1d:us_BNKU.csv
BNKZ,ms_us_1d:us_BNKZ.csv
BNL,ms_us_1d:us_BNL.csv
BNO,ms_us_1d:us_BNO.csv
BNRG,ms_us_1d:us_BNRG.csv
BNS,ms_us_1d:us_BNS.csv
BNT,ms_us_1d:us_BNT.csv
BNTC,ms_us_1d:us_BNTC.csv
BNY,ms_us_1d:us_BNY.csv
BNZI,ms_us_1d:us_BNZI.csv
BOBS,ms_us_1d:us_BOBS.csv
BOC,ms_us_1d:us_BOC.csv
BOCH,ms_us_1d:us_BOCH.csv
BODI,ms_us_1d:us_BODI.csv
BOF,ms_us_1d:us_BOF.csv
BOH,ms_us_1d:us_BOH.csv
BOIL,ms_us_1d:us_BOIL.csv
BOJA,ms_us_1d:us_BOJA.csv
BOKF,ms_us_1d:us_BOKF.csv
BOLD,ms_us_1d:us_BOLD.csv
BOLT,ms_us_1d:us_BOLT.csv
BON,ms_us_1d:us_BON.csv
BOOM,ms_us_1d:us_BOOM.csv
BOOT,ms_us_1d:us_BOOT.csv
BORR,ms_us_1d:us_BORR.csv
BOSC,ms_us_1d:us_BOSC.csv
BOT,ms_us_1d:us_BOT.csv
BOTJ,ms_us_1d:us_BOTJ.csv
BOTZ,ms_us_1d:us_BOTZ.csv
BOW,ms_us_1d:us_BOW.csv
BOX,ms_us_1d:us_BOX.csv
BOXL,ms_us_1d:us_BOXL.csv
BP,ms_us_1d:us_BP.csv
BPAC,ms_us_1d:us_BPAC.csv
BPFH,ms_us_1d:us_BPFH.csv
BPH,ms_us_1d:us_BPH.csv
BPK,ms_us_1d:us_BPK.csv
BPL,ms_us_1d:us_BPL.csv
BPOP,ms_us_1d:us_BPOP.csv
BPRN,ms_us_1d:us_BPRN.csv
BPYU,ms_us_1d:us_BPYU.csv
BQ,ms_us_1d:us_BQ.csv
BR,ms_us_1d:us_BR.csv
BRAC,ms_us_1d:us_BRAC.csv
BRAG,ms_us_1d:us_BRAG.csv
BRAI,ms_us_1d:us_BRAI.csv
BRBI,ms_us_1d:us_BRBI.csv
BRBR,ms_us_1d:us_BRBR.csv
BRBS,ms_us_1d:us_BRBS.csv
BRC,ms_us_1d:us_BRC.csv
BRCB,ms_us_1d:us_BRCB.csv
BRCC,ms_us_1d:us_BRCC.csv
BRCM,ms_us_1d:us_BRCM.csv
BREZ,ms_us_1d:us_BREZ.csv
BRFH,ms_us_1d:us_BRFH.csv
BRIA,ms_us_1d:us_BRIA.csv
BRID,ms_us_1d:us_BRID.csv
BRK.A,ms_us_1d:us_BRK_A.csv
BRK.B,ms_us_1d:us_BRK_B.csv
BRKR,ms_us_1d:us_BRKR.csv
BRLS,ms_us_1d:us_BRLS.csv
BRLT,ms_us_1d:us_BRLT.csv
BRN,ms_us_1d:us_BRN.csv
BRO,ms_us_1d:us_BRO.csv
BROS,ms_us_1d:us_BROS.csv
BRPM,ms_us_1d:us_BRPM.csv
BRR,ms_us_1d:us_BRR.csv
BRSS,ms_us_1d:us_BRSS.csv
BRT,ms_us_1d:us_BRT.csv
BRTX,ms_us_1d:us_BRTX.csv
BRUN,ms_us_1d:us_BRUN.csv
BRX,ms_us_1d:us_BRX.csv
BRZE,ms_us_1d:us_BRZE.csv
BSAA,ms_us_1d:us_BSAA.csv
BSAC,ms_us_1d:us_BSAC.csv
BSBK,ms_us_1d:us_BSBK.csv
BSBR,ms_us_1d:us_BSBR.csv
BSCI,ms_us_1d:us_BSCI.csv
BSET,ms_us_1d:us_BSET.csv
BSIN,ms_us_1d:us_BSIN.csv
BSJI,ms_us_1d:us_BSJI.csv
BSM,ms_us_1d:us_BSM.csv
BSRR,ms_us_1d:us_BSRR.csv
BSTC,ms_us_1d:us_BSTC.csv
BSVN,ms_us_1d:us_BSVN.csv
BSWN,ms_us_1d:us_BSWN.csv
BSX,ms_us_1d:us_BSX.csv
BSY,ms_us_1d:us_BSY.csv
BT,ms_us_1d:us_BT.csv
BTAI,ms_us_1d:us_BTAI.csv
BTAQ,ms_us_1d:us_BTAQ.csv
BTBD,ms_us_1d:us_BTBD.csv
BTBT,ms_us_1d:us_BTBT.csv
BTCS,ms_us_1d:us_BTCS.csv
BTCT,ms_us_1d:us_BTCT.csv
BTDR,ms_us_1d:us_BTDR.csv
BTE,ms_us_1d:us_BTE.csv
BTG,ms_us_1d:us_BTG.csv
BTGO,ms_us_1d:us_BTGO.csv
BTMD,ms_us_1d:us_BTMD.csv
BTOC,ms_us_1d:us_BTOC.csv
BTOG,ms_us_1d:us_BTOG.csv
BTQ,ms_us_1d:us_BTQ.csv
BTTC,ms_us_1d:us_BTTC.csv
BTU,ms_us_1d:us_BTU.csv
BTYS,ms_us_1d:us_BTYS.csv
BUD,ms_us_1d:us_BUD.csv
BUDA,ms_us_1d:us_BUDA.csv
BULL,ms_us_1d:us_BULL.csv
BULZ,ms_us_1d:us_BULZ.csv
BUR,ms_us_1d:us_BUR.csv
BURL,ms_us_1d:us_BURL.csv
BURU,ms_us_1d:us_BURU.csv
BUSE,ms_us_1d:us_BUSE.csv
BUUU,ms_us_1d:us_BUUU.csv
BUZ,ms_us_1d:us_BUZ.csv
BVC,ms_us_1d:us_BVC.csv
BVFL,ms_us_1d:us_BVFL.csv
BVN,ms_us_1d:us_BVN.csv
BVS,ms_us_1d:us_BVS.csv
BVSN,ms_us_1d:us_BVSN.csv
BW,ms_us_1d:us_BW.csv
BWA,ms_us_1d:us_BWA.csv
BWB,ms_us_1d:us_BWB.csv
BWEN,ms_us_1d:us_BWEN.csv
BWFG,ms_us_1d:us_BWFG.csv
BWIN,ms_us_1d:us_BWIN.csv
BWIV,ms_us_1d:us_BWIV.csv
BWL.A,ms_us_1d:us_BWL_A.csv
BWLP,ms_us_1d:us_BWLP.csv
BWMCU,ms_us_1d:us_BWMCU.csv
BWMN,ms_us_1d:us_BWMN.csv
BWMX,ms_us_1d:us_BWMX.csv
BWXT,ms_us_1d:us_BWXT.csv
BX,ms_us_1d:us_BX.csv
BXC,ms_us_1d:us_BXC.csv
BXG,ms_us_1d:us_BXG.csv
BXLT,ms_us_1d:us_BXLT.csv
BXP,ms_us_1d:us_BXP.csv
BY,ms_us_1d:us_BY.csv
BYAH,ms_us_1d:us_BYAH.csv
BYD,ms_us_1d:us_BYD.csv
BYFC,ms_us_1d:us_BYFC.csv
BYND,ms_us_1d:us_BYND.csv
BYRN,ms_us_1d:us_BYRN.csv
BYSI,ms_us_1d:us_BYSI.csv
BZ,ms_us_1d:us_BZ.csv
BZAI,ms_us_1d:us_BZAI.csv
BZF,ms_us_1d:us_BZF.csv
BZFD,ms_us_1d:us_BZFD.csv
BZH,ms_us_1d:us_BZH.csv
BZQ,ms_us_1d:us_BZQ.csv
C,ms_us_1d:us_C.csv
CA,ms_us_1d:us_CA.csv
CAAP,ms_us_1d:us_CAAP.csv
CAAS,ms_us_1d:us_CAAS.csv
CABA,ms_us_1d:us_CABA.csv
CABO,ms_us_1d:us_CABO.csv
CABR,ms_us_1d:us_CABR.csv
CAC,ms_us_1d:us_CAC.csv
CACC,ms_us_1d:us_CACC.csv
CACI,ms_us_1d:us_CACI.csv
CADE,ms_us_1d:us_CADE.csv
CADL,ms_us_1d:us_CADL.csv
CAE,ms_us_1d:us_CAE.csv
CAES,ms_us_1d:us_CAES.csv
CAG,ms_us_1d:us_CAG.csv
CAH,ms_us_1d:us_CAH.csv
CAI,ms_us_1d:us_CAI.csv
CAII,ms_us_1d:us_CAII.csv
CAKE,ms_us_1d:us_CAKE.csv
CAL,ms_us_1d:us_CAL.csv
CALC,ms_us_1d:us_CALC.csv
CALL,ms_us_1d:us_CALL.csv
CALM,ms_us_1d:us_CALM.csv
CALX,ms_us_1d:us_CALX.csv
CALY,ms_us_1d:us_CALY.csv
CAM,ms_us_1d:us_CAM.csv
CAMP,ms_us_1d:us_CAMP.csv
CAMT,ms_us_1d:us_CAMT.csv
CANE,ms_us_1d:us_CANE.csv
CANG,ms_us_1d:us_CANG.csv
CAPN,ms_us_1d:us_CAPN.csv
CAPR,ms_us_1d:us_CAPR.csv
CAPS,ms_us_1d:us_CAPS.csv
CAQ,ms_us_1d:us_CAQ.csv
CAR,ms_us_1d:us_CAR.csv
CARB,ms_us_1d:us_CARB.csv
CARD,ms_us_1d:us_CARD.csv
CARE,ms_us_1d:us_CARE.csv
CARG,ms_us_1d:us_CARG.csv
CARL,ms_us_1d:us_CARL.csv
CARO,ms_us_1d:us_CARO.csv
CARR,ms_us_1d:us_CARR.csv
CARS,ms_us_1d:us_CARS.csv
CART,ms_us_1d:us_CART.csv
CARU,ms_us_1d:us_CARU.csv
CASH,ms_us_1d:us_CASH.csv
CASM,ms_us_1d:us_CASM.csv
CASS,ms_us_1d:us_CASS.csv
CAST,ms_us_1d:us_CAST.csv
CASY,ms_us_1d:us_CASY.csv
CAT,ms_us_1d:us_CAT.csv
CATM,ms_us_1d:us_CATM.csv
CATO,ms_us_1d:us_CATO.csv
CATX,ms_us_1d:us_CATX.csv
CATY,ms_us_1d:us_CATY.csv
CAVA,ms_us_1d:us_CAVA.csv
CAVM,ms_us_1d:us_CAVM.csv
CB,ms_us_1d:us_CB.csv
CBAH.U,ms_us_1d:us_CBAH_U.csv
CBAN,ms_us_1d:us_CBAN.csv
CBAT,ms_us_1d:us_CBAT.csv
CBB,ms_us_1d:us_CBB.csv
CBC,ms_us_1d:us_CBC.csv
CBFV,ms_us_1d:us_CBFV.csv
CBIO,ms_us_1d:us_CBIO.csv
CBK,ms_us_1d:us_CBK.csv
CBL,ms_us_1d:us_CBL.csv
CBLK,ms_us_1d:us_CBLK.csv
CBLL,ms_us_1d:us_CBLL.csv
CBM,ms_us_1d:us_CBM.csv
CBMG,ms_us_1d:us_CBMG.csv
CBNA,ms_us_1d:us_CBNA.csv
CBNK,ms_us_1d:us_CBNK.csv
CBOE,ms_us_1d:us_CBOE.csv
CBPO,ms_us_1d:us_CBPO.csv
CBPX,ms_us_1d:us_CBPX.csv
CBRE,ms_us_1d:us_CBRE.csv
CBRL,ms_us_1d:us_CBRL.csv
CBRS,ms_us_1d:us_CBRS.csv
CBS,ms_us_1d:us_CBS.csv
CBS.A,ms_us_1d:us_CBS_A.csv
CBSH,ms_us_1d:us_CBSH.csv
CBT,ms_us_1d:us_CBT.csv
CBUS,ms_us_1d:us_CBUS.csv
CBZ,ms_us_1d:us_CBZ.csv
CC,ms_us_1d:us_CC.csv
CCA,ms_us_1d:us_CCA.csv
CCAP,ms_us_1d:us_CCAP.csv
CCAQ,ms_us_1d:us_CCAQ.csv
CCB,ms_us_1d:us_CCB.csv
CCBG,ms_us_1d:us_CCBG.csv
CCC,ms_us_1d:us_CCC.csv
CCCC,ms_us_1d:us_CCCC.csv
CCEC,ms_us_1d:us_CCEC.csv
CCEL,ms_us_1d:us_CCEL.csv
CCEP,ms_us_1d:us_CCEP.csv
CCG,ms_us_1d:us_CCG.csv
CCHH,ms_us_1d:us_CCHH.csv
CCI,ms_us_1d:us_CCI.csv
CCII,ms_us_1d:us_CCII.csv
CCIX,ms_us_1d:us_CCIX.csv
CCJ,ms_us_1d:us_CCJ.csv
CCK,ms_us_1d:us_CCK.csv
CCL,ms_us_1d:us_CCL.csv
CCLD,ms_us_1d:us_CCLD.csv
CCM,ms_us_1d:us_CCM.csv
CCMP,ms_us_1d:us_CCMP.csv
CCNE,ms_us_1d:us_CCNE.csv
CCO,ms_us_1d:us_CCO.csv
CCOI,ms_us_1d:us_CCOI.csv
CCOR,ms_us_1d:us_CCOR.csv
CCR,ms_us_1d:us_CCR.csv
CCRC,ms_us_1d:us_CCRC.csv
CCRN,ms_us_1d:us_CCRN.csv
CCSI,ms_us_1d:us_CCSI.csv
CCT,ms_us_1d:us_CCT.csv
CCTG,ms_us_1d:us_CCTG.csv
CCU,ms_us_1d:us_CCU.csv
CCX.U,ms_us_1d:us_CCX_U.csv
CCXI,ms_us_1d:us_CCXI.csv
CD,ms_us_1d:us_CD.csv
CDAY,ms_us_1d:us_CDAY.csv
CDE,ms_us_1d:us_CDE.csv
CDIO,ms_us_1d:us_CDIO.csv
CDK,ms_us_1d:us_CDK.csv
CDLX,ms_us_1d:us_CDLX.csv
CDNA,ms_us_1d:us_CDNA.csv
CDNL,ms_us_1d:us_CDNL.csv
CDNS,ms_us_1d:us_CDNS.csv
CDP,ms_us_1d:us_CDP.csv
CDRE,ms_us_1d:us_CDRE.csv
CDRO,ms_us_1d:us_CDRO.csv
CDT,ms_us_1d:us_CDT.csv
CDTG,ms_us_1d:us_CDTG.csv
CDW,ms_us_1d:us_CDW.csv
CDXS,ms_us_1d:us_CDXS.csv
CDZI,ms_us_1d:us_CDZI.csv
CE,ms_us_1d:us_CE.csv
CECO,ms_us_1d:us_CECO.csv
CEG,ms_us_1d:us_CEG.csv
CELC,ms_us_1d:us_CELC.csv
CELG,ms_us_1d:us_CELG.csv
CELH,ms_us_1d:us_CELH.csv
CELU,ms_us_1d:us_CELU.csv
CELZ,ms_us_1d:us_CELZ.csv
CENN,ms_us_1d:us_CENN.csv
CENT,ms_us_1d:us_CENT.csv
CENTA,ms_us_1d:us_CENTA.csv
CENX,ms_us_1d:us_CENX.csv
CEO,ms_us_1d:us_CEO.csv
CEPF,ms_us_1d:us_CEPF.csv
CEPO,ms_us_1d:us_CEPO.csv
CEPS,ms_us_1d:us_CEPS.csv
CEPT,ms_us_1d:us_CEPT.csv
CEPV,ms_us_1d:us_CEPV.csv
CERN,ms_us_1d:us_CERN.csv
CERS,ms_us_1d:us_CERS.csv
CERT,ms_us_1d:us_CERT.csv
CET,ms_us_1d:us_CET.csv
CETV,ms_us_1d:us_CETV.csv
CETX,ms_us_1d:us_CETX.csv
CETY,ms_us_1d:us_CETY.csv
CEVA,ms_us_1d:us_CEVA.csv
CF,ms_us_1d:us_CF.csv
CFBK,ms_us_1d:us_CFBK.csv
CFFI,ms_us_1d:us_CFFI.csv
CFFN,ms_us_1d:us_CFFN.csv
CFG,ms_us_1d:us_CFG.csv
CFR,ms_us_1d:us_CFR.csv
CG,ms_us_1d:us_CG.csv
CGAU,ms_us_1d:us_CGAU.csv
CGBD,ms_us_1d:us_CGBD.csv
CGC,ms_us_1d:us_CGC.csv
CGEM,ms_us_1d:us_CGEM.csv
CGEN,ms_us_1d:us_CGEN.csv
CGNT,ms_us_1d:us_CGNT.csv
CGNX,ms_us_1d:us_CGNX.csv
CGON,ms_us_1d:us_CGON.csv
CGTL,ms_us_1d:us_CGTL.csv
CGTX,ms_us_1d:us_CGTX.csv
CHAC,ms_us_1d:us_CHAC.csv
CHAI,ms_us_1d:us_CHAI.csv
CHAR,ms_us_1d:us_CHAR.csv
CHCI,ms_us_1d:us_CHCI.csv
CHCO,ms_us_1d:us_CHCO.csv
CHD,ms_us_1d:us_CHD.csv
CHDN,ms_us_1d:us_CHDN.csv
CHE,ms_us_1d:us_CHE.csv
CHEC,ms_us_1d:us_CHEC.csv
CHEF,ms_us_1d:us_CHEF.csv
CHFN,ms_us_1d:us_CHFN.csv
CHGG,ms_us_1d:us_CHGG.csv
CHH,ms_us_1d:us_CHH.csv
CHK,ms_us_1d:us_CHK.csv
CHKE,ms_us_1d:us_CHKE.csv
CHKP,ms_us_1d:us_CHKP.csv
CHL,ms_us_1d:us_CHL.csv
CHMA,ms_us_1d:us_CHMA.csv
CHMG,ms_us_1d:us_CHMG.csv
CHMI,ms_us_1d:us_CHMI.csv
CHNR,ms_us_1d:us_CHNR.csv
CHOW,ms_us_1d:us_CHOW.csv
CHPG,ms_us_1d:us_CHPG.csv
CHPM,ms_us_1d:us_CHPM.csv
CHPT,ms_us_1d:us_CHPT.csv
CHR,ms_us_1d:us_CHR.csv
CHRD,ms_us_1d:us_CHRD.csv
CHRN,ms_us_1d:us_CHRN.csv
CHRS,ms_us_1d:us_CHRS.csv
CHRW,ms_us_1d:us_CHRW.csv
CHSN,ms_us_1d:us_CHSN.csv
CHSP,ms_us_1d:us_CHSP.csv
CHT,ms_us_1d:us_CHT.csv
CHTR,ms_us_1d:us_CHTR.csv
CHU,ms_us_1d:us_CHU.csv
CHWY,ms_us_1d:us_CHWY.csv
CHYM,ms_us_1d:us_CHYM.csv
CI,ms_us_1d:us_CI.csv
CIA,ms_us_1d:us_CIA.csv
CIC,ms_us_1d:us_CIC.csv
CIEN,ms_us_1d:us_CIEN.csv
CIFR,ms_us_1d:us_CIFR.csv
CIG,ms_us_1d:us_CIG.csv
CIG.C,ms_us_1d:us_CIG_C.csv
CIGI,ms_us_1d:us_CIGI.csv
CIIT,ms_us_1d:us_CIIT.csv
CIM,ms_us_1d:us_CIM.csv
CINF,ms_us_1d:us_CINF.csv
CING,ms_us_1d:us_CING.csv
CINT,ms_us_1d:us_CINT.csv
CION,ms_us_1d:us_CION.csv
CISN,ms_us_1d:us_CISN.csv
CISO,ms_us_1d:us_CISO.csv
CISS,ms_us_1d:us_CISS.csv
CIT,ms_us_1d:us_CIT.csv
CITR,ms_us_1d:us_CITR.csv
CIVB,ms_us_1d:us_CIVB.csv
CIVI,ms_us_1d:us_CIVI.csv
CIX,ms_us_1d:us_CIX.csv
CJ,ms_us_1d:us_CJ.csv
CJMB,ms_us_1d:us_CJMB.csv
CKH,ms_us_1d:us_CKH.csv
CKX,ms_us_1d:us_CKX.csv
CL,ms_us_1d:us_CL.csv
CLAR,ms_us_1d:us_CLAR.csv
CLB,ms_us_1d:us_CLB.csv
CLBK,ms_us_1d:us_CLBK.csv
CLBR,ms_us_1d:us_CLBR.csv
CLBT,ms_us_1d:us_CLBT.csv
CLCT,ms_us_1d:us_CLCT.csv
CLDB,ms_us_1d:us_CLDB.csv
CLDI,ms_us_1d:us_CLDI.csv
CLDR,ms_us_1d:us_CLDR.csv
CLDS,ms_us_1d:us_CLDS.csv
CLDX,ms_us_1d:us_CLDX.csv
CLF,ms_us_1d:us_CLF.csv
CLFD,ms_us_1d:us_CLFD.csv
CLGN,ms_us_1d:us_CLGN.csv
CLGX,ms_us_1d:us_CLGX.csv
CLH,ms_us_1d:us_CLH.csv
CLIK,ms_us_1d:us_CLIK.csv
CLIR,ms_us_1d:us_CLIR.csv
CLMB,ms_us_1d:us_CLMB.csv
CLMT,ms_us_1d:us_CLMT.csv
CLNE,ms_us_1d:us_CLNE.csv
CLNN,ms_us_1d:us_CLNN.csv
CLNS,ms_us_1d:us_CLNS.csv
CLOV,ms_us_1d:us_CLOV.csv
CLPR,ms_us_1d:us_CLPR.csv
CLPS,ms_us_1d:us_CLPS.csv
CLPT,ms_us_1d:us_CLPT.csv
CLRB,ms_us_1d:us_CLRB.csv
CLRO,ms_us_1d:us_CLRO.csv
CLS,ms_us_1d:us_CLS.csv
CLSK,ms_us_1d:us_CLSK.csv
CLST,ms_us_1d:us_CLST.csv
CLVT,ms_us_1d:us_CLVT.csv
CLW,ms_us_1d:us_CLW.csv
CLWT,ms_us_1d:us_CLWT.csv
CLX,ms_us_1d:us_CLX.csv
CLYM,ms_us_1d:us_CLYM.csv
CM,ms_us_1d:us_CM.csv
CMA,ms_us_1d:us_CMA.csv
CMBT,ms_us_1d:us_CMBT.csv
CMC,ms_us_1d:us_CMC.csv
CMCL,ms_us_1d:us_CMCL.csv
CMCO,ms_us_1d:us_CMCO.csv
CMCSA,ms_us_1d:us_CMCSA.csv
CMD,ms_us_1d:us_CMD.csv
CMDB,ms_us_1d:us_CMDB.csv
CME,ms_us_1d:us_CME.csv
CMG,ms_us_1d:us_CMG.csv
CMI,ms_us_1d:us_CMI.csv
CMII,ms_us_1d:us_CMII.csv
CMND,ms_us_1d:us_CMND.csv
CMO,ms_us_1d:us_CMO.csv
CMP,ms_us_1d:us_CMP.csv
CMPI,ms_us_1d:us_CMPI.csv
CMPR,ms_us_1d:us_CMPR.csv
CMPS,ms_us_1d:us_CMPS.csv
CMPX,ms_us_1d:us_CMPX.csv
CMRC,ms_us_1d:us_CMRC.csv
CMRE,ms_us_1d:us_CMRE.csv
CMS,ms_us_1d:us_CMS.csv
CMSS,ms_us_1d:us_CMSS.csv
CMSSU,ms_us_1d:us_CMSSU.csv
CMT,ms_us_1d:us_CMT.csv
CMTA,ms_us_1d:us_CMTA.csv
CMTL,ms_us_1d:us_CMTL.csv
CNA,ms_us_1d:us_CNA.csv
CNAC,ms_us_1d:us_CNAC.csv
CNBKA,ms_us_1d:us_CNBKA.csv
CNC,ms_us_1d:us_CNC.csv
CNCK,ms_us_1d:us_CNCK.csv
CNDF,ms_us_1d:us_CNDF.csv
CNDT,ms_us_1d:us_CNDT.csv
CNET,ms_us_1d:us_CNET.csv
CNEY,ms_us_1d:us_CNEY.csv
CNH,ms_us_1d:us_CNH.csv
CNI,ms_us_1d:us_CNI.csv
CNK,ms_us_1d:us_CNK.csv
CNL,ms_us_1d:us_CNL.csv
CNM,ms_us_1d:us_CNM.csv
CNMD,ms_us_1d:us_CNMD.csv
CNNE,ms_us_1d:us_CNNE.csv
CNO,ms_us_1d:us_CNO.csv
CNOB,ms_us_1d:us_CNOB.csv
CNP,ms_us_1d:us_CNP.csv
CNQ,ms_us_1d:us_CNQ.csv
CNR,ms_us_1d:us_CNR.csv
CNS,ms_us_1d:us_CNS.csv
CNSF,ms_us_1d:us_CNSF.csv
CNSP,ms_us_1d:us_CNSP.csv
CNST,ms_us_1d:us_CNST.csv
CNTB,ms_us_1d:us_CNTB.csv
CNTN,ms_us_1d:us_CNTN.csv
CNTX,ms_us_1d:us_CNTX.csv
CNTY,ms_us_1d:us_CNTY.csv
CNVS,ms_us_1d:us_CNVS.csv
CNX,ms_us_1d:us_CNX.csv
CNXC,ms_us_1d:us_CNXC.csv
CNXM,ms_us_1d:us_CNXM.csv
CNXN,ms_us_1d:us_CNXN.csv
CNXU,ms_us_1d:us_CNXU.csv
CNY,ms_us_1d:us_CNY.csv
COAG,ms_us_1d:us_COAG.csv
COBZ,ms_us_1d:us_COBZ.csv
COCH,ms_us_1d:us_COCH.csv
COCO,ms_us_1d:us_COCO.csv
COCP,ms_us_1d:us_COCP.csv
CODA,ms_us_1d:us_CODA.csv
CODI,ms_us_1d:us_CODI.csv
CODX,ms_us_1d:us_CODX.csv
COEP,ms_us_1d:us_COEP.csv
COF,ms_us_1d:us_COF.csv
COFS,ms_us_1d:us_COFS.csv
COG,ms_us_1d:us_COG.csv
COGT,ms_us_1d:us_COGT.csv
COHN,ms_us_1d:us_COHN.csv
COHR,ms_us_1d:us_COHR.csv
COHU,ms_us_1d:us_COHU.csv
COIA,ms_us_1d:us_COIA.csv
COIN,ms_us_1d:us_COIN.csv
COKE,ms_us_1d:us_COKE.csv
COL,ms_us_1d:us_COL.csv
COLA,ms_us_1d:us_COLA.csv
COLB,ms_us_1d:us_COLB.csv
COLL,ms_us_1d:us_COLL.csv
COLM,ms_us_1d:us_COLM.csv
COMP,ms_us_1d:us_COMP.csv
CON,ms_us_1d:us_CON.csv
CONE,ms_us_1d:us_CONE.csv
COO,ms_us_1d:us_COO.csv
COOK,ms_us_1d:us_COOK.csv
COOT,ms_us_1d:us_COOT.csv
COP,ms_us_1d:us_COP.csv
COPL,ms_us_1d:us_COPL.csv
COR,ms_us_1d:us_COR.csv
CORE,ms_us_1d:us_CORE.csv
CORI,ms_us_1d:us_CORI.csv
CORN,ms_us_1d:us_CORN.csv
CORT,ms_us_1d:us_CORT.csv
CORV,ms_us_1d:us_CORV.csv
CORZ,ms_us_1d:us_CORZ.csv
COSM,ms_us_1d:us_COSM.csv
COSO,ms_us_1d:us_COSO.csv
COST,ms_us_1d:us_COST.csv
COTV,ms_us_1d:us_COTV.csv
COTY,ms_us_1d:us_COTY.csv
COUR,ms_us_1d:us_COUR.csv
COYA,ms_us_1d:us_COYA.csv
CP,ms_us_1d:us_CP.csv
CPA,ms_us_1d:us_CPA.csv
CPAC,ms_us_1d:us_CPAC.csv
CPAH,ms_us_1d:us_CPAH.csv
CPAY,ms_us_1d:us_CPAY.csv
CPB,ms_us_1d:us_CPB.csv
CPBI,ms_us_1d:us_CPBI.csv
CPER,ms_us_1d:us_CPER.csv
CPF,ms_us_1d:us_CPF.csv
CPGX,ms_us_1d:us_CPGX.csv
CPHC,ms_us_1d:us_CPHC.csv
CPHI,ms_us_1d:us_CPHI.csv
CPIX,ms_us_1d:us_CPIX.csv
CPK,ms_us_1d:us_CPK.csv
CPL,ms_us_1d:us_CPL.csv
CPLG,ms_us_1d:us_CPLG.csv
CPNG,ms_us_1d:us_CPNG.csv
CPOP,ms_us_1d:us_CPOP.csv
CPRI,ms_us_1d:us_CPRI.csv
CPRT,ms_us_1d:us_CPRT.csv
CPRX,ms_us_1d:us_CPRX.csv
CPS,ms_us_1d:us_CPS.csv
CPSH,ms_us_1d:us_CPSH.csv
CPSS,ms_us_1d:us_CPSS.csv
CPT,ms_us_1d:us_CPT.csv
CQH,ms_us_1d:us_CQH.csv
CQP,ms_us_1d:us_CQP.csv
CR,ms_us_1d:us_CR.csv
CRAC,ms_us_1d:us_CRAC.csv
CRAI,ms_us_1d:us_CRAI.csv
CRAN,ms_us_1d:us_CRAN.csv
CRAQ,ms_us_1d:us_CRAQ.csv
CRAY,ms_us_1d:us_CRAY.csv
CRBG,ms_us_1d:us_CRBG.csv
CRBP,ms_us_1d:us_CRBP.csv
CRBU,ms_us_1d:us_CRBU.csv
CRC,ms_us_1d:us_CRC.csv
CRCA,ms_us_1d:us_CRCA.csv
CRCL,ms_us_1d:us_CRCL.csv
CRCM,ms_us_1d:us_CRCM.csv
CRCT,ms_us_1d:us_CRCT.csv
CRD.A,ms_us_1d:us_CRD_A.csv
CRD.B,ms_us_1d:us_CRD_B.csv
CRDF,ms_us_1d:us_CRDF.csv
CRDL,ms_us_1d:us_CRDL.csv
CRDO,ms_us_1d:us_CRDO.csv
CRE,ms_us_1d:us_CRE.csv
CREG,ms_us_1d:us_CREG.csv
CREX,ms_us_1d:us_CREX.csv
CRGO,ms_us_1d:us_CRGO.csv
CRGY,ms_us_1d:us_CRGY.csv
CRH,ms_us_1d:us_CRH.csv
CRHM,ms_us_1d:us_CRHM.csv
CRI,ms_us_1d:us_CRI.csv
CRIS,ms_us_1d:us_CRIS.csv
CRK,ms_us_1d:us_CRK.csv
CRL,ms_us_1d:us_CRL.csv
CRM,ms_us_1d:us_CRM.csv
CRMD,ms_us_1d:us_CRMD.csv
CRML,ms_us_1d:us_CRML.csv
CRMT,ms_us_1d:us_CRMT.csv
CRNC,ms_us_1d:us_CRNC.csv
CRNT,ms_us_1d:us_CRNT.csv
CRNX,ms_us_1d:us_CRNX.csv
CROC,ms_us_1d:us_CROC.csv
CRON,ms_us_1d:us_CRON.csv
CROX,ms_us_1d:us_CROX.csv
CRS,ms_us_1d:us_CRS.csv
CRSP,ms_us_1d:us_CRSP.csv
CRSR,ms_us_1d:us_CRSR.csv
CRUS,ms_us_1d:us_CRUS.csv
CRVL,ms_us_1d:us_CRVL.csv
CRVO,ms_us_1d:us_CRVO.csv
CRVS,ms_us_1d:us_CRVS.csv
CRWD,ms_us_1d:us_CRWD.csv
CRWS,ms_us_1d:us_CRWS.csv
CRWV,ms_us_1d:us_CRWV.csv
CRZO,ms_us_1d:us_CRZO.csv
CSAI,ms_us_1d:us_CSAI.csv
CSBR,ms_us_1d:us_CSBR.csv
CSCO,ms_us_1d:us_CSCO.csv
CSFL,ms_us_1d:us_CSFL.csv
CSGP,ms_us_1d:us_CSGP.csv
CSHR,ms_us_1d:us_CSHR.csv
CSIQ,ms_us_1d:us_CSIQ.csv
CSL,ms_us_1d:us_CSL.csv
CSLT,ms_us_1d:us_CSLT.csv
CSM,ms_us_1d:us_CSM.csv
CSOD,ms_us_1d:us_CSOD.csv
CSPI,ms_us_1d:us_CSPI.csv
CSPR,ms_us_1d:us_CSPR.csv
CSQ,ms_us_1d:us_CSQ.csv
CSR,ms_us_1d:us_CSR.csv
CSRA,ms_us_1d:us_CSRA.csv
CSS,ms_us_1d:us_CSS.csv
CSTE,ms_us_1d:us_CSTE.csv
CSTL,ms_us_1d:us_CSTL.csv
CSTM,ms_us_1d:us_CSTM.csv
CSV,ms_us_1d:us_CSV.csv
CSW,ms_us_1d:us_CSW.csv
CSWC,ms_us_1d:us_CSWC.csv
CSX,ms_us_1d:us_CSX.csv
CTAA,ms_us_1d:us_CTAA.csv
CTACU,ms_us_1d:us_CTACU.csv
CTAS,ms_us_1d:us_CTAS.csv
CTB,ms_us_1d:us_CTB.csv
CTEK,ms_us_1d:us_CTEK.csv
CTEV,ms_us_1d:us_CTEV.csv
CTGO,ms_us_1d:us_CTGO.csv
CTKB,ms_us_1d:us_CTKB.csv
CTL,ms_us_1d:us_CTL.csv
CTLT,ms_us_1d:us_CTLT.csv
CTM,ms_us_1d:us_CTM.csv
CTMX,ms_us_1d:us_CTMX.csv
CTNM,ms_us_1d:us_CTNM.csv
CTNT,ms_us_1d:us_CTNT.csv
CTO,ms_us_1d:us_CTO.csv
CTOR,ms_us_1d:us_CTOR.csv
CTOS,ms_us_1d:us_CTOS.csv
CTRA,ms_us_1d:us_CTRA.csv
CTRI,ms_us_1d:us_CTRI.csv
CTRL,ms_us_1d:us_CTRL.csv
CTRM,ms_us_1d:us_CTRM.csv
CTRN,ms_us_1d:us_CTRN.csv
CTS,ms_us_1d:us_CTS.csv
CTSH,ms_us_1d:us_CTSH.csv
CTSO,ms_us_1d:us_CTSO.csv
CTV,ms_us_1d:us_CTV.csv
CTVA,ms_us_1d:us_CTVA.csv
CTW,ms_us_1d:us_CTW.csv
CTWS,ms_us_1d:us_CTWS.csv
CTXR,ms_us_1d:us_CTXR.csv
CTXS,ms_us_1d:us_CTXS.csv
CTZ,ms_us_1d:us_CTZ.csv
CUB,ms_us_1d:us_CUB.csv
CUBE,ms_us_1d:us_CUBE.csv
CUBI,ms_us_1d:us_CUBI.csv
CUE,ms_us_1d:us_CUE.csv
CULP,ms_us_1d:us_CULP.csv
CUMB,ms_us_1d:us_CUMB.csv
CUO,ms_us_1d:us_CUO.csv
CUPR,ms_us_1d:us_CUPR.csv
CUR,ms_us_1d:us_CUR.csv
CURB,ms_us_1d:us_CURB.csv
CURI,ms_us_1d:us_CURI.csv
CURR,ms_us_1d:us_CURR.csv
CURV,ms_us_1d:us_CURV.csv
CURX,ms_us_1d:us_CURX.csv
CUZ,ms_us_1d:us_CUZ.csv
CV,ms_us_1d:us_CV.csv
CVA,ms_us_1d:us_CVA.csv
CVBF,ms_us_1d:us_CVBF.csv
CVC,ms_us_1d:us_CVC.csv
CVCO,ms_us_1d:us_CVCO.csv
CVE,ms_us_1d:us_CVE.csv
CVEO,ms_us_1d:us_CVEO.csv
CVGI,ms_us_1d:us_CVGI.csv
CVI,ms_us_1d:us_CVI.csv
CVKD,ms_us_1d:us_CVKD.csv
CVLG,ms_us_1d:us_CVLG.csv
CVLT,ms_us_1d:us_CVLT.csv
CVM,ms_us_1d:us_CVM.csv
CVNA,ms_us_1d:us_CVNA.csv
CVON,ms_us_1d:us_CVON.csv
CVR,ms_us_1d:us_CVR.csv
CVRR,ms_us_1d:us_CVRR.csv
CVRS,ms_us_1d:us_CVRS.csv
CVRX,ms_us_1d:us_CVRX.csv
CVS,ms_us_1d:us_CVS.csv
CVSA,ms_us_1d:us_CVSA.csv
CVU,ms_us_1d:us_CVU.csv
CVV,ms_us_1d:us_CVV.csv
CVX,ms_us_1d:us_CVX.csv
CWAY,ms_us_1d:us_CWAY.csv
CWCO,ms_us_1d:us_CWCO.csv
CWD,ms_us_1d:us_CWD.csv
CWEN,ms_us_1d:us_CWEN.csv
CWH,ms_us_1d:us_CWH.csv
CWK,ms_us_1d:us_CWK.csv
CWST,ms_us_1d:us_CWST.csv
CWT,ms_us_1d:us_CWT.csv
CX,ms_us_1d:us_CX.csv
CXAI,ms_us_1d:us_CXAI.csv
CXDO,ms_us_1d:us_CXDO.csv
CXII,ms_us_1d:us_CXII.csv
CXM,ms_us_1d:us_CXM.csv
CXO,ms_us_1d:us_CXO.csv
CXT,ms_us_1d:us_CXT.csv
CXW,ms_us_1d:us_CXW.csv
CY,ms_us_1d:us_CY.csv
CYAB,ms_us_1d:us_CYAB.csv
CYCN,ms_us_1d:us_CYCN.csv
CYCU,ms_us_1d:us_CYCU.csv
CYD,ms_us_1d:us_CYD.csv
CYN,ms_us_1d:us_CYN.csv
CYOU,ms_us_1d:us_CYOU.csv
CYPH,ms_us_1d:us_CYPH.csv
CYRX,ms_us_1d:us_CYRX.csv
CYTK,ms_us_1d:us_CYTK.csv
CYTX,ms_us_1d:us_CYTX.csv
CZFC,ms_us_1d:us_CZFC.csv
CZFS,ms_us_1d:us_CZFS.csv
CZNC,ms_us_1d:us_CZNC.csv
CZR,ms_us_1d:us_CZR.csv
CZZ,ms_us_1d:us_CZZ.csv
D,ms_us_1d:us_D.csv
DAAQ,ms_us_1d:us_DAAQ.csv
DAC,ms_us_1d:us_DAC.csv
DAIC,ms_us_1d:us_DAIC.csv
DAIO,ms_us_1d:us_DAIO.csv
DAKT,ms_us_1d:us_DAKT.csv
DAL,ms_us_1d:us_DAL.csv
DAN,ms_us_1d:us_DAN.csv
DAR,ms_us_1d:us_DAR.csv
DARE,ms_us_1d:us_DARE.csv
DASH,ms_us_1d:us_DASH.csv
DATA,ms_us_1d:us_DATA.csv
DAVE,ms_us_1d:us_DAVE.csv
DAY,ms_us_1d:us_DAY.csv
DB,ms_us_1d:us_DB.csv
DBA,ms_us_1d:us_DBA.csv
DBC,ms_us_1d:us_DBC.csv
DBCA,ms_us_1d:us_DBCA.csv
DBD,ms_us_1d:us_DBD.csv
DBGI,ms_us_1d:us_DBGI.csv
DBI,ms_us_1d:us_DBI.csv
DBRG,ms_us_1d:us_DBRG.csv
DBUK,ms_us_1d:us_DBUK.csv
DBX,ms_us_1d:us_DBX.csv
DC,ms_us_1d:us_DC.csv
DCBO,ms_us_1d:us_DCBO.csv
DCGO,ms_us_1d:us_DCGO.csv
DCH,ms_us_1d:us_DCH.csv
DCI,ms_us_1d:us_DCI.csv
DCO,ms_us_1d:us_DCO.csv
DCOM,ms_us_1d:us_DCOM.csv
DCOY,ms_us_1d:us_DCOY.csv
DCT,ms_us_1d:us_DCT.csv
DCTH,ms_us_1d:us_DCTH.csv
DCUD,ms_us_1d:us_DCUD.csv
DCX,ms_us_1d:us_DCX.csv
DD,ms_us_1d:us_DD.csv
DDBI,ms_us_1d:us_DDBI.csv
DDC,ms_us_1d:us_DDC.csv
DDD,ms_us_1d:us_DDD.csv
DDE,ms_us_1d:us_DDE.csv
DDG,ms_us_1d:us_DDG.csv
DDI,ms_us_1d:us_DDI.csv
DDM,ms_us_1d:us_DDM.csv
DDMX,ms_us_1d:us_DDMX.csv
DDMXU,ms_us_1d:us_DDMXU.csv
DDOG,ms_us_1d:us_DDOG.csv
DDS,ms_us_1d:us_DDS.csv
DE,ms_us_1d:us_DE.csv
DEA,ms_us_1d:us_DEA.csv
DEC,ms_us_1d:us_DEC.csv
DECK,ms_us_1d:us_DECK.csv
DEFT,ms_us_1d:us_DEFT.csv
DEI,ms_us_1d:us_DEI.csv
DELL,ms_us_1d:us_DELL.csv
DELT,ms_us_1d:us_DELT.csv
DEO,ms_us_1d:us_DEO.csv
DERM,ms_us_1d:us_DERM.csv
DETX,ms_us_1d:us_DETX.csv
DEWJ,ms_us_1d:us_DEWJ.csv
DEZU,ms_us_1d:us_DEZU.csv
DFBHU,ms_us_1d:us_DFBHU.csv
DFDV,ms_us_1d:us_DFDV.csv
DFH,ms_us_1d:us_DFH.csv
DFIN,ms_us_1d:us_DFIN.csv
DFLI,ms_us_1d:us_DFLI.csv
DFNS,ms_us_1d:us_DFNS.csv
DFRG,ms_us_1d:us_DFRG.csv
DFS,ms_us_1d:us_DFS.csv
DFSC,ms_us_1d:us_DFSC.csv
DFTX,ms_us_1d:us_DFTX.csv
DFVL,ms_us_1d:us_DFVL.csv
DFVS,ms_us_1d:us_DFVS.csv
DG,ms_us_1d:us_DG.csv
DGICA,ms_us_1d:us_DGICA.csv
DGICB,ms_us_1d:us_DGICB.csv
DGII,ms_us_1d:us_DGII.csv
DGNX,ms_us_1d:us_DGNX.csv
DGP,ms_us_1d:us_DGP.csv
DGSE,ms_us_1d:us_DGSE.csv
DGX,ms_us_1d:us_DGX.csv
DGXX,ms_us_1d:us_DGXX.csv
DGZ,ms_us_1d:us_DGZ.csv
DH,ms_us_1d:us_DH.csv
DHCP,ms_us_1d:us_DHCP.csv
DHI,ms_us_1d:us_DHI.csv
DHR,ms_us_1d:us_DHR.csv
DHT,ms_us_1d:us_DHT.csv
DHVW,ms_us_1d:us_DHVW.csv
DHX,ms_us_1d:us_DHX.csv
DIA,ms_us_1d:us_DIA.csv
DIBS,ms_us_1d:us_DIBS.csv
DIG,ms_us_1d:us_DIG.csv
DIN,ms_us_1d:us_DIN.csv
DINO,ms_us_1d:us_DINO.csv
DIOD,ms_us_1d:us_DIOD.csv
DIS,ms_us_1d:us_DIS.csv
DISCA,ms_us_1d:us_DISCA.csv
DISCB,ms_us_1d:us_DISCB.csv
DISCK,ms_us_1d:us_DISCK.csv
DISH,ms_us_1d:us_DISH.csv
DIT,ms_us_1d:us_DIT.csv
DJCI,ms_us_1d:us_DJCI.csv
DJCO,ms_us_1d:us_DJCO.csv
DJP,ms_us_1d:us_DJP.csv
DJT,ms_us_1d:us_DJT.csv
DK,ms_us_1d:us_DK.csv
DKI,ms_us_1d:us_DKI.csv
DKL,ms_us_1d:us_DKL.csv
DKNG,ms_us_1d:us_DKNG.csv
DKS,ms_us_1d:us_DKS.csv
DL,ms_us_1d:us_DL.csv
DLB,ms_us_1d:us_DLB.csv
DLBR,ms_us_1d:us_DLBR.csv
DLBS,ms_us_1d:us_DLBS.csv
DLHC,ms_us_1d:us_DLHC.csv
DLNG,ms_us_1d:us_DLNG.csv
DLO,ms_us_1d:us_DLO.csv
DLPH,ms_us_1d:us_DLPH.csv
DLPN,ms_us_1d:us_DLPN.csv
DLR,ms_us_1d:us_DLR.csv
DLTH,ms_us_1d:us_DLTH.csv
DLTR,ms_us_1d:us_DLTR.csv
DLX,ms_us_1d:us_DLX.csv
DLXY,ms_us_1d:us_DLXY.csv
DM,ms_us_1d:us_DM.csv
DMAA,ms_us_1d:us_DMAA.csv
DMAC,ms_us_1d:us_DMAC.csv
DMC,ms_us_1d:us_DMC.csv
DMII,ms_us_1d:us_DMII.csv
DMRA,ms_us_1d:us_DMRA.csv
DMRC,ms_us_1d:us_DMRC.csv
DNA,ms_us_1d:us_DNA.csv
DNB,ms_us_1d:us_DNB.csv
DNBF,ms_us_1d:us_DNBF.csv
DNKN,ms_us_1d:us_DNKN.csv
DNLI,ms_us_1d:us_DNLI.csv
DNMX,ms_us_1d:us_DNMX.csv
DNN,ms_us_1d:us_DNN.csv
DNO,ms_us_1d:us_DNO.csv
DNOW,ms_us_1d:us_DNOW.csv
DNTH,ms_us_1d:us_DNTH.csv
DNUT,ms_us_1d:us_DNUT.csv
DO,ms_us_1d:us_DO.csv
DOC,ms_us_1d:us_DOC.csv
DOCN,ms_us_1d:us_DOCN.csv
DOCS,ms_us_1d:us_DOCS.csv
DOCU,ms_us_1d:us_DOCU.csv
DOG,ms_us_1d:us_DOG.csv
DOGZ,ms_us_1d:us_DOGZ.csv
DOLE,ms_us_1d:us_DOLE.csv
DOMH,ms_us_1d:us_DOMH.csv
DOMO,ms_us_1d:us_DOMO.csv
DOO,ms_us_1d:us_DOO.csv
DORM,ms_us_1d:us_DORM.csv
DOTA,ms_us_1d:us_DOTA.csv
DOUG,ms_us_1d:us_DOUG.csv
DOV,ms_us_1d:us_DOV.csv
DOVA,ms_us_1d:us_DOVA.csv
DOW,ms_us_1d:us_DOW.csv
DOX,ms_us_1d:us_DOX.csv
DOYU,ms_us_1d:us_DOYU.csv
DPC,ms_us_1d:us_DPC.csv
DPK,ms_us_1d:us_DPK.csv
DPLO,ms_us_1d:us_DPLO.csv
DPRO,ms_us_1d:us_DPRO.csv
DPZ,ms_us_1d:us_DPZ.csv
DQML,ms_us_1d:us_DQML.csv
DRCT,ms_us_1d:us_DRCT.csv
DRD,ms_us_1d:us_DRD.csv
DRDB,ms_us_1d:us_DRDB.csv
DRE,ms_us_1d:us_DRE.csv
DRH,ms_us_1d:us_DRH.csv
DRI,ms_us_1d:us_DRI.csv
DRIO,ms_us_1d:us_DRIO.csv
DRMA,ms_us_1d:us_DRMA.csv
DRNA,ms_us_1d:us_DRNA.csv
DRR,ms_us_1d:us_DRR.csv
DRS,ms_us_1d:us_DRS.csv
DRTS,ms_us_1d:us_DRTS.csv
DRVN,ms_us_1d:us_DRVN.csv
DRYS,ms_us_1d:us_DRYS.csv
DSAC,ms_us_1d:us_DSAC.csv
DSGN,ms_us_1d:us_DSGN.csv
DSGR,ms_us_1d:us_DSGR.csv
DSGX,ms_us_1d:us_DSGX.csv
DSP,ms_us_1d:us_DSP.csv
DSPG,ms_us_1d:us_DSPG.csv
DSS,ms_us_1d:us_DSS.csv
DSSI,ms_us_1d:us_DSSI.csv
DSUM,ms_us_1d:us_DSUM.csv
DSWL,ms_us_1d:us_DSWL.csv
DSX,ms_us_1d:us_DSX.csv
DSY,ms_us_1d:us_DSY.csv
DT,ms_us_1d:us_DT.csv
DTCX,ms_us_1d:us_DTCX.csv
DTE,ms_us_1d:us_DTE.csv
DTI,ms_us_1d:us_DTI.csv
DTIL,ms_us_1d:us_DTIL.csv
DTM,ms_us_1d:us_DTM.csv
DTRM,ms_us_1d:us_DTRM.csv
DTSQ,ms_us_1d:us_DTSQ.csv
DTSS,ms_us_1d:us_DTSS.csv
DTST,ms_us_1d:us_DTST.csv
DTUL,ms_us_1d:us_DTUL.csv
DTUS,ms_us_1d:us_DTUS.csv
DTV,ms_us_1d:us_DTV.csv
DTYL,ms_us_1d:us_DTYL.csv
DTYS,ms_us_1d:us_DTYS.csv
DUG,ms_us_1d:us_DUG.csv
DUK,ms_us_1d:us_DUK.csv
DUKR,ms_us_1d:us_DUKR.csv
DULL,ms_us_1d:us_DULL.csv
DUO,ms_us_1d:us_DUO.csv
DUOL,ms_us_1d:us_DUOL.csv
DUOT,ms_us_1d:us_DUOT.csv
DV,ms_us_1d:us_DV.csv
DVA,ms_us_1d:us_DVA.csv
DVD,ms_us_1d:us_DVD.csv
DVHL,ms_us_1d:us_DVHL.csv
DVLT,ms_us_1d:us_DVLT.csv
DVMT,ms_us_1d:us_DVMT.csv
DVN,ms_us_1d:us_DVN.csv
DVYL,ms_us_1d:us_DVYL.csv
DWCH,ms_us_1d:us_DWCH.csv
DWDP,ms_us_1d:us_DWDP.csv
DWIN,ms_us_1d:us_DWIN.csv
DWLV,ms_us_1d:us_DWLV.csv
DWSN,ms_us_1d:us_DWSN.csv
DWT,ms_us_1d:us_DWT.csv
DWTX,ms_us_1d:us_DWTX.csv
DX,ms_us_1d:us_DX.csv
DXC,ms_us_1d:us_DXC.csv
DXCM,ms_us_1d:us_DXCM.csv
DXD,ms_us_1d:us_DXD.csv
DXJF,ms_us_1d:us_DXJF.csv
DXLG,ms_us_1d:us_DXLG.csv
DXPE,ms_us_1d:us_DXPE.csv
DXR,ms_us_1d:us_DXR.csv
DXST,ms_us_1d:us_DXST.csv
DXYZ,ms_us_1d:us_DXYZ.csv
DY,ms_us_1d:us_DY.csv
DYAI,ms_us_1d:us_DYAI.csv
DYN,ms_us_1d:us_DYN.csv
DYNC,ms_us_1d:us_DYNC.csv
DYOR,ms_us_1d:us_DYOR.csv
DZK,ms_us_1d:us_DZK.csv
DZZ,ms_us_1d:us_DZZ.csv
E,ms_us_1d:us_E.csv
EA,ms_us_1d:us_EA.csv
EAF,ms_us_1d:us_EAF.csv
EAGLU,ms_us_1d:us_EAGLU.csv
EARN,ms_us_1d:us_EARN.csv
EAT,ms_us_1d:us_EAT.csv
EBAY,ms_us_1d:us_EBAY.csv
EBC,ms_us_1d:us_EBC.csv
EBF,ms_us_1d:us_EBF.csv
EBMT,ms_us_1d:us_EBMT.csv
EBON,ms_us_1d:us_EBON.csv
EBS,ms_us_1d:us_EBS.csv
EBSB,ms_us_1d:us_EBSB.csv
EC,ms_us_1d:us_EC.csv
ECA,ms_us_1d:us_ECA.csv
ECBK,ms_us_1d:us_ECBK.csv
ECC,ms_us_1d:us_ECC.csv
ECG,ms_us_1d:us_ECG.csv
ECHO,ms_us_1d:us_ECHO.csv
ECL,ms_us_1d:us_ECL.csv
ECO,ms_us_1d:us_ECO.csv
ECOL,ms_us_1d:us_ECOL.csv
ECOR,ms_us_1d:us_ECOR.csv
ECPG,ms_us_1d:us_ECPG.csv
ECVT,ms_us_1d:us_ECVT.csv
ECX,ms_us_1d:us_ECX.csv
ECYT,ms_us_1d:us_ECYT.csv
ED,ms_us_1d:us_ED.csv
EDBI,ms_us_1d:us_EDBI.csv
EDBL,ms_us_1d:us_EDBL.csv
EDIT,ms_us_1d:us_EDIT.csv
EDN,ms_us_1d:us_EDN.csv
EDOM,ms_us_1d:us_EDOM.csv
EDR,ms_us_1d:us_EDR.csv
EDRY,ms_us_1d:us_EDRY.csv
EDSA,ms_us_1d:us_EDSA.csv
EDTK,ms_us_1d:us_EDTK.csv
EDTX,ms_us_1d:us_EDTX.csv
EDUC,ms_us_1d:us_EDUC.csv
EE,ms_us_1d:us_EE.csv
EEFT,ms_us_1d:us_EEFT.csv
EEH,ms_us_1d:us_EEH.csv
EEI,ms_us_1d:us_EEI.csv
EEIQ,ms_us_1d:us_EEIQ.csv
EEM,ms_us_1d:us_EEM.csv
EEP,ms_us_1d:us_EEP.csv
EEQ,ms_us_1d:us_EEQ.csv
EET,ms_us_1d:us_EET.csv
EEX,ms_us_1d:us_EEX.csv
EFA,ms_us_1d:us_EFA.csv
EFC,ms_us_1d:us_EFC.csv
EFII,ms_us_1d:us_EFII.csv
EFO,ms_us_1d:us_EFO.csv
EFOI,ms_us_1d:us_EFOI.csv
EFOR,ms_us_1d:us_EFOR.csv
EFSC,ms_us_1d:us_EFSC.csv
EFSI,ms_us_1d:us_EFSI.csv
EFTY,ms_us_1d:us_EFTY.csv
EFV,ms_us_1d:us_EFV.csv
EFX,ms_us_1d:us_EFX.csv
EFXT,ms_us_1d:us_EFXT.csv
EG,ms_us_1d:us_EG.csv
EGAN,ms_us_1d:us_EGAN.csv
EGBN,ms_us_1d:us_EGBN.csv
EGC,ms_us_1d:us_EGC.csv
EGG,ms_us_1d:us_EGG.csv
EGHA,ms_us_1d:us_EGHA.csv
EGHT,ms_us_1d:us_EGHT.csv
EGL,ms_us_1d:us_EGL.csv
EGN,ms_us_1d:us_EGN.csv
EGO,ms_us_1d:us_EGO.csv
EGOV,ms_us_1d:us_EGOV.csv
EGP,ms_us_1d:us_EGP.csv
EGY,ms_us_1d:us_EGY.csv
EH,ms_us_1d:us_EH.csv
EHC,ms_us_1d:us_EHC.csv
EHGO,ms_us_1d:us_EHGO.csv
EHIC,ms_us_1d:us_EHIC.csv
EHLD,ms_us_1d:us_EHLD.csv
EHTH,ms_us_1d:us_EHTH.csv
EIA,ms_us_1d:us_EIA.csv
EIC,ms_us_1d:us_EIC.csv
EIDO,ms_us_1d:us_EIDO.csv
EIDX,ms_us_1d:us_EIDX.csv
EIG,ms_us_1d:us_EIG.csv
EIGI,ms_us_1d:us_EIGI.csv
EIKN,ms_us_1d:us_EIKN.csv
EIO,ms_us_1d:us_EIO.csv
EIP,ms_us_1d:us_EIP.csv
EIS,ms_us_1d:us_EIS.csv
EIV,ms_us_1d:us_EIV.csv
EIX,ms_us_1d:us_EIX.csv
EJH,ms_us_1d:us_EJH.csv
EL,ms_us_1d:us_EL.csv
ELA,ms_us_1d:us_ELA.csv
ELAB,ms_us_1d:us_ELAB.csv
ELAN,ms_us_1d:us_ELAN.csv
ELBM,ms_us_1d:us_ELBM.csv
ELDN,ms_us_1d:us_ELDN.csv
ELE,ms_us_1d:us_ELE.csv
ELF,ms_us_1d:us_ELF.csv
ELLI,ms_us_1d:us_ELLI.csv
ELLO,ms_us_1d:us_ELLO.csv
ELMD,ms_us_1d:us_ELMD.csv
ELMT,ms_us_1d:us_ELMT.csv
ELOG,ms_us_1d:us_ELOG.csv
ELOX,ms_us_1d:us_ELOX.csv
ELPW,ms_us_1d:us_ELPW.csv
ELS,ms_us_1d:us_ELS.csv
ELSE,ms_us_1d:us_ELSE.csv
ELTK,ms_us_1d:us_ELTK.csv
ELTX,ms_us_1d:us_ELTX.csv
ELUT,ms_us_1d:us_ELUT.csv
ELV,ms_us_1d:us_ELV.csv
ELVA,ms_us_1d:us_ELVA.csv
ELVN,ms_us_1d:us_ELVN.csv
ELVR,ms_us_1d:us_ELVR.csv
ELWT,ms_us_1d:us_ELWT.csv
EMA,ms_us_1d:us_EMA.csv
EMAT,ms_us_1d:us_EMAT.csv
EMB,ms_us_1d:us_EMB.csv
EMBC,ms_us_1d:us_EMBC.csv
EMBU,ms_us_1d:us_EMBU.csv
EMC,ms_us_1d:us_EMC.csv
EMCG,ms_us_1d:us_EMCG.csv
EMCI,ms_us_1d:us_EMCI.csv
EME,ms_us_1d:us_EME.csv
EMI,ms_us_1d:us_EMI.csv
EMIS,ms_us_1d:us_EMIS.csv
EMJ,ms_us_1d:us_EMJ.csv
EML,ms_us_1d:us_EML.csv
EMN,ms_us_1d:us_EMN.csv
EMPD,ms_us_1d:us_EMPD.csv
EMPG,ms_us_1d:us_EMPG.csv
EMR,ms_us_1d:us_EMR.csv
ENB,ms_us_1d:us_ENB.csv
ENBL,ms_us_1d:us_ENBL.csv
ENDP,ms_us_1d:us_ENDP.csv
ENFC,ms_us_1d:us_ENFC.csv
ENGN,ms_us_1d:us_ENGN.csv
ENGS,ms_us_1d:us_ENGS.csv
ENHA,ms_us_1d:us_ENHA.csv
ENLK,ms_us_1d:us_ENLK.csv
ENLT,ms_us_1d:us_ENLT.csv
ENLV,ms_us_1d:us_ENLV.csv
ENOV,ms_us_1d:us_ENOV.csv
ENPH,ms_us_1d:us_ENPH.csv
ENR,ms_us_1d:us_ENR.csv
ENS,ms_us_1d:us_ENS.csv
ENSC,ms_us_1d:us_ENSC.csv
ENSG,ms_us_1d:us_ENSG.csv
ENTA,ms_us_1d:us_ENTA.csv
ENTG,ms_us_1d:us_ENTG.csv
ENTX,ms_us_1d:us_ENTX.csv
ENVA,ms_us_1d:us_ENVA.csv
ENVB,ms_us_1d:us_ENVB.csv
ENVX,ms_us_1d:us_ENVX.csv
ENY,ms_us_1d:us_ENY.csv
EOG,ms_us_1d:us_EOG.csv
EOLS,ms_us_1d:us_EOLS.csv
EONR,ms_us_1d:us_EONR.csv
EOSE,ms_us_1d:us_EOSE.csv
EP,ms_us_1d:us_EP.csv
EPAC,ms_us_1d:us_EPAC.csv
EPAM,ms_us_1d:us_EPAM.csv
EPAY,ms_us_1d:us_EPAY.csv
EPC,ms_us_1d:us_EPC.csv
EPD,ms_us_1d:us_EPD.csv
EPM,ms_us_1d:us_EPM.csv
EPOL,ms_us_1d:us_EPOL.csv
EPOW,ms_us_1d:us_EPOW.csv
EPR,ms_us_1d:us_EPR.csv
EPRX,ms_us_1d:us_EPRX.csv
EPSM,ms_us_1d:us_EPSM.csv
EPSN,ms_us_1d:us_EPSN.csv
EPV,ms_us_1d:us_EPV.csv
EPZM,ms_us_1d:us_EPZM.csv
EQ,ms_us_1d:us_EQ.csv
EQBK,ms_us_1d:us_EQBK.csv
EQD,ms_us_1d:us_EQD.csv
EQGP,ms_us_1d:us_EQGP.csv
EQH,ms_us_1d:us_EQH.csv
EQIX,ms_us_1d:us_EQIX.csv
EQM,ms_us_1d:us_EQM.csv
EQPT,ms_us_1d:us_EQPT.csv
EQR,ms_us_1d:us_EQR.csv
EQS,ms_us_1d:us_EQS.csv
EQT,ms_us_1d:us_EQT.csv
EQWS,ms_us_1d:us_EQWS.csv
EQX,ms_us_1d:us_EQX.csv
ERAS,ms_us_1d:us_ERAS.csv
ERGF,ms_us_1d:us_ERGF.csv
ERIE,ms_us_1d:us_ERIE.csv
ERII,ms_us_1d:us_ERII.csv
ERNA,ms_us_1d:us_ERNA.csv
ERO,ms_us_1d:us_ERO.csv
EROC,ms_us_1d:us_EROC.csv
EROK,ms_us_1d:us_EROK.csv
ES,ms_us_1d:us_ES.csv
ESAB,ms_us_1d:us_ESAB.csv
ESBA,ms_us_1d:us_ESBA.csv
ESBK,ms_us_1d:us_ESBK.csv
ESCA,ms_us_1d:us_ESCA.csv
ESE,ms_us_1d:us_ESE.csv
ESEA,ms_us_1d:us_ESEA.csv
ESGL,ms_us_1d:us_ESGL.csv
ESI,ms_us_1d:us_ESI.csv
ESIO,ms_us_1d:us_ESIO.csv
ESL,ms_us_1d:us_ESL.csv
ESLA,ms_us_1d:us_ESLA.csv
ESLT,ms_us_1d:us_ESLT.csv
ESND,ms_us_1d:us_ESND.csv
ESNT,ms_us_1d:us_ESNT.csv
ESOA,ms_us_1d:us_ESOA.csv
ESP,ms_us_1d:us_ESP.csv
ESPR,ms_us_1d:us_ESPR.csv
ESQ,ms_us_1d:us_ESQ.csv
ESRX,ms_us_1d:us_ESRX.csv
ESS,ms_us_1d:us_ESS.csv
ESTA,ms_us_1d:us_ESTA.csv
ESTC,ms_us_1d:us_ESTC.csv
ESV,ms_us_1d:us_ESV.csv
ETAC,ms_us_1d:us_ETAC.csv
ETD,ms_us_1d:us_ETD.csv
ETFC,ms_us_1d:us_ETFC.csv
ETN,ms_us_1d:us_ETN.csv
ETON,ms_us_1d:us_ETON.csv
ETOR,ms_us_1d:us_ETOR.csv
ETP,ms_us_1d:us_ETP.csv
ETR,ms_us_1d:us_ETR.csv
ETS,ms_us_1d:us_ETS.csv
ETSY,ms_us_1d:us_ETSY.csv
ETTX,ms_us_1d:us_ETTX.csv
EU,ms_us_1d:us_EU.csv
EUDA,ms_us_1d:us_EUDA.csv
EUFL,ms_us_1d:us_EUFL.csv
EUFX,ms_us_1d:us_EUFX.csv
EUO,ms_us_1d:us_EUO.csv
EURK,ms_us_1d:us_EURK.csv
EUXL,ms_us_1d:us_EUXL.csv
EVAC,ms_us_1d:us_EVAC.csv
EVC,ms_us_1d:us_EVC.csv
EVCM,ms_us_1d:us_EVCM.csv
EVER,ms_us_1d:us_EVER.csv
EVEX,ms_us_1d:us_EVEX.csv
EVGN,ms_us_1d:us_EVGN.csv
EVGO,ms_us_1d:us_EVGO.csv
EVH,ms_us_1d:us_EVH.csv
EVHC,ms_us_1d:us_EVHC.csv
EVI,ms_us_1d:us_EVI.csv
EVIX,ms_us_1d:us_EVIX.csv
EVJ,ms_us_1d:us_EVJ.csv
EVLV,ms_us_1d:us_EVLV.csv
EVMN,ms_us_1d:us_EVMN.csv
EVOX,ms_us_1d:us_EVOX.csv
EVP,ms_us_1d:us_EVP.csv
EVR,ms_us_1d:us_EVR.csv
EVRG,ms_us_1d:us_EVRG.csv
EVTC,ms_us_1d:us_EVTC.csv
EVTL,ms_us_1d:us_EVTL.csv
EVTV,ms_us_1d:us_EVTV.csv
EW,ms_us_1d:us_EW.csv
EWA,ms_us_1d:us_EWA.csv
EWBC,ms_us_1d:us_EWBC.csv
EWC,ms_us_1d:us_EWC.csv
EWD,ms_us_1d:us_EWD.csv
EWG,ms_us_1d:us_EWG.csv
EWH,ms_us_1d:us_EWH.csv
EWI,ms_us_1d:us_EWI.csv
EWJ,ms_us_1d:us_EWJ.csv
EWL,ms_us_1d:us_EWL.csv
EWM,ms_us_1d:us_EWM.csv
EWN,ms_us_1d:us_EWN.csv
EWP,ms_us_1d:us_EWP.csv
EWQ,ms_us_1d:us_EWQ.csv
EWS,ms_us_1d:us_EWS.csv
EWT,ms_us_1d:us_EWT.csv
EWTX,ms_us_1d:us_EWTX.csv
EWU,ms_us_1d:us_EWU.csv
EWW,ms_us_1d:us_EWW.csv
EWY,ms_us_1d:us_EWY.csv
EWZ,ms_us_1d:us_EWZ.csv
EXC,ms_us_1d:us_EXC.csv
EXCVV,ms_us_1d:us_EXCVV.csv
EXE,ms_us_1d:us_EXE.csv
EXEL,ms_us_1d:us_EXEL.csv
EXFO,ms_us_1d:us_EXFO.csv
EXFY,ms_us_1d:us_EXFY.csv
EXIV,ms_us_1d:us_EXIV.csv
EXK,ms_us_1d:us_EXK.csv
EXLS,ms_us_1d:us_EXLS.csv
EXOD,ms_us_1d:us_EXOD.csv
EXOZ,ms_us_1d:us_EXOZ.csv
EXP,ms_us_1d:us_EXP.csv
EXPD,ms_us_1d:us_EXPD.csv
EXPE,ms_us_1d:us_EXPE.csv
EXPO,ms_us_1d:us_EXPO.csv
EXR,ms_us_1d:us_EXR.csv
EXTR,ms_us_1d:us_EXTR.csv
EXYN,ms_us_1d:us_EXYN.csv
EYE,ms_us_1d:us_EYE.csv
EYPT,ms_us_1d:us_EYPT.csv
EZA,ms_us_1d:us_EZA.csv
EZGO,ms_us_1d:us_EZGO.csv
EZJ,ms_us_1d:us_EZJ.csv
EZPW,ms_us_1d:us_EZPW.csv
EZRA,ms_us_1d:us_EZRA.csv
F,ms_us_1d:us_F.csv
FA,ms_us_1d:us_FA.csv
FABC,ms_us_1d:us_FABC.csv
FAC,ms_us_1d:us_FAC.csv
FACT,ms_us_1d:us_FACT.csv
FAF,ms_us_1d:us_FAF.csv
FAMI,ms_us_1d:us_FAMI.csv
FANG,ms_us_1d:us_FANG.csv
FANZ,ms_us_1d:us_FANZ.csv
FAST,ms_us_1d:us_FAST.csv
FATE,ms_us_1d:us_FATE.csv
FATN,ms_us_1d:us_FATN.csv
FB,ms_us_1d:us_FB.csv
FBGL,ms_us_1d:us_FBGL.csv
FBHS,ms_us_1d:us_FBHS.csv
FBIN,ms_us_1d:us_FBIN.csv
FBIO,ms_us_1d:us_FBIO.csv
FBIZ,ms_us_1d:us_FBIZ.csv
FBK,ms_us_1d:us_FBK.csv
FBLA,ms_us_1d:us_FBLA.csv
FBLG,ms_us_1d:us_FBLG.csv
FBM,ms_us_1d:us_FBM.csv
FBNC,ms_us_1d:us_FBNC.csv
FBP,ms_us_1d:us_FBP.csv
FBR,ms_us_1d:us_FBR.csv
FBRX,ms_us_1d:us_FBRX.csv
FBSS,ms_us_1d:us_FBSS.csv
FBYD,ms_us_1d:us_FBYD.csv
FC,ms_us_1d:us_FC.csv
FCAP,ms_us_1d:us_FCAP.csv
FCB,ms_us_1d:us_FCB.csv
FCBM,ms_us_1d:us_FCBM.csv
FCBP,ms_us_1d:us_FCBP.csv
FCCY,ms_us_1d:us_FCCY.csv
FCE.A,ms_us_1d:us_FCE_A.csv
FCEL,ms_us_1d:us_FCEL.csv
FCF,ms_us_1d:us_FCF.csv
FCFS,ms_us_1d:us_FCFS.csv
FCHL,ms_us_1d:us_FCHL.csv
FCN,ms_us_1d:us_FCN.csv
FCNCA,ms_us_1d:us_FCNCA.csv
FCRS,ms_us_1d:us_FCRS.csv
FCSC,ms_us_1d:us_FCSC.csv
FCUV,ms_us_1d:us_FCUV.csv
FCX,ms_us_1d:us_FCX.csv
FDBC,ms_us_1d:us_FDBC.csv
FDC,ms_us_1d:us_FDC.csv
FDMT,ms_us_1d:us_FDMT.csv
FDS,ms_us_1d:us_FDS.csv
FDSB,ms_us_1d:us_FDSB.csv
FDUS,ms_us_1d:us_FDUS.csv
FDX,ms_us_1d:us_FDX.csv
FDXF,ms_us_1d:us_FDXF.csv
FE,ms_us_1d:us_FE.csv
FEAM,ms_us_1d:us_FEAM.csv
FEBO,ms_us_1d:us_FEBO.csv
FEED,ms_us_1d:us_FEED.csv
FEIM,ms_us_1d:us_FEIM.csv
FELE,ms_us_1d:us_FELE.csv
FEMY,ms_us_1d:us_FEMY.csv
FENC,ms_us_1d:us_FENC.csv
FER,ms_us_1d:us_FER.csv
FERA,ms_us_1d:us_FERA.csv
FERG,ms_us_1d:us_FERG.csv
FET,ms_us_1d:us_FET.csv
FF,ms_us_1d:us_FF.csv
FFAI,ms_us_1d:us_FFAI.csv
FFBC,ms_us_1d:us_FFBC.csv
FFEU,ms_us_1d:us_FFEU.csv
FFG,ms_us_1d:us_FFG.csv
FFIN,ms_us_1d:us_FFIN.csv
FFIV,ms_us_1d:us_FFIV.csv
FFKT,ms_us_1d:us_FFKT.csv
FG,ms_us_1d:us_FG.csv
FGBI,ms_us_1d:us_FGBI.csv
FGI,ms_us_1d:us_FGI.csv
FGII,ms_us_1d:us_FGII.csv
FGL,ms_us_1d:us_FGL.csv
FGMC,ms_us_1d:us_FGMC.csv
FGNX,ms_us_1d:us_FGNX.csv
FHB,ms_us_1d:us_FHB.csv
FHI,ms_us_1d:us_FHI.csv
FHN,ms_us_1d:us_FHN.csv
FHTX,ms_us_1d:us_FHTX.csv
FHY,ms_us_1d:us_FHY.csv
FI,ms_us_1d:us_FI.csv
FIBK,ms_us_1d:us_FIBK.csv
FICO,ms_us_1d:us_FICO.csv
FIEE,ms_us_1d:us_FIEE.csv
FIEU,ms_us_1d:us_FIEU.csv
FIG,ms_us_1d:us_FIG.csv
FIGR,ms_us_1d:us_FIGR.csv
FIGS,ms_us_1d:us_FIGS.csv
FIGX,ms_us_1d:us_FIGX.csv
FINU,ms_us_1d:us_FINU.csv
FINW,ms_us_1d:us_FINW.csv
FINZ,ms_us_1d:us_FINZ.csv
FIP,ms_us_1d:us_FIP.csv
FIRY,ms_us_1d:us_FIRY.csv
FIS,ms_us_1d:us_FIS.csv
FISI,ms_us_1d:us_FISI.csv
FISK,ms_us_1d:us_FISK.csv
FISN,ms_us_1d:us_FISN.csv
FISV,ms_us_1d:us_FISV.csv
FIT,ms_us_1d:us_FIT.csv
FITB,ms_us_1d:us_FITB.csv
FIVE,ms_us_1d:us_FIVE.csv
FIVN,ms_us_1d:us_FIVN.csv
FIX,ms_us_1d:us_FIX.csv
FIZZ,ms_us_1d:us_FIZZ.csv
FJET,ms_us_1d:us_FJET.csv
FKWL,ms_us_1d:us_FKWL.csv
FL,ms_us_1d:us_FL.csv
FLAT,ms_us_1d:us_FLAT.csv
FLD,ms_us_1d:us_FLD.csv
FLEX,ms_us_1d:us_FLEX.csv
FLG,ms_us_1d:us_FLG.csv
FLGT,ms_us_1d:us_FLGT.csv
FLIR,ms_us_1d:us_FLIR.csv
FLL,ms_us_1d:us_FLL.csv
FLLA,ms_us_1d:us_FLLA.csv
FLLC,ms_us_1d:us_FLLC.csv
FLNA,ms_us_1d:us_FLNA.csv
FLNC,ms_us_1d:us_FLNC.csv
FLNG,ms_us_1d:us_FLNG.csv
FLNT,ms_us_1d:us_FLNT.csv
FLO,ms_us_1d:us_FLO.csv
FLOC,ms_us_1d:us_FLOC.csv
FLR,ms_us_1d:us_FLR.csv
FLS,ms_us_1d:us_FLS.csv
FLT,ms_us_1d:us_FLT.csv
FLUT,ms_us_1d:us_FLUT.csv
FLUX,ms_us_1d:us_FLUX.csv
FLWS,ms_us_1d:us_FLWS.csv
FLXS,ms_us_1d:us_FLXS.csv
FLY,ms_us_1d:us_FLY.csv
FLYD,ms_us_1d:us_FLYD.csv
FLYE,ms_us_1d:us_FLYE.csv
FLYU,ms_us_1d:us_FLYU.csv
FLYW,ms_us_1d:us_FLYW.csv
FLYX,ms_us_1d:us_FLYX.csv
FLZH,ms_us_1d:us_FLZH.csv
FMAC,ms_us_1d:us_FMAC.csv
FMAO,ms_us_1d:us_FMAO.csv
FMBH,ms_us_1d:us_FMBH.csv
FMBI,ms_us_1d:us_FMBI.csv
FMC,ms_us_1d:us_FMC.csv
FMDG,ms_us_1d:us_FMDG.csv
FMFC,ms_us_1d:us_FMFC.csv
FMNB,ms_us_1d:us_FMNB.csv
FMS,ms_us_1d:us_FMS.csv
FMST,ms_us_1d:us_FMST.csv
FMX,ms_us_1d:us_FMX.csv
FN,ms_us_1d:us_FN.csv
FNB,ms_us_1d:us_FNB.csv
FNBG,ms_us_1d:us_FNBG.csv
FNCF,ms_us_1d:us_FNCF.csv
FND,ms_us_1d:us_FND.csv
FNF,ms_us_1d:us_FNF.csv
FNGD,ms_us_1d:us_FNGD.csv
FNGO,ms_us_1d:us_FNGO.csv
FNGR,ms_us_1d:us_FNGR.csv
FNGS,ms_us_1d:us_FNGS.csv
FNGU,ms_us_1d:us_FNGU.csv
FNGZ,ms_us_1d:us_FNGZ.csv
FNJN,ms_us_1d:us_FNJN.csv
FNKO,ms_us_1d:us_FNKO.csv
FNLC,ms_us_1d:us_FNLC.csv
FNSR,ms_us_1d:us_FNSR.csv
FNTEU,ms_us_1d:us_FNTEU.csv
FNUC,ms_us_1d:us_FNUC.csv
FNV,ms_us_1d:us_FNV.csv
FNWB,ms_us_1d:us_FNWB.csv
FNWD,ms_us_1d:us_FNWD.csv
FOA,ms_us_1d:us_FOA.csv
FOE,ms_us_1d:us_FOE.csv
FOFO,ms_us_1d:us_FOFO.csv
FOMX,ms_us_1d:us_FOMX.csv
FONE,ms_us_1d:us_FONE.csv
FOR,ms_us_1d:us_FOR.csv
FORK,ms_us_1d:us_FORK.csv
FORM,ms_us_1d:us_FORM.csv
FORR,ms_us_1d:us_FORR.csv
FOSL,ms_us_1d:us_FOSL.csv
FOUR,ms_us_1d:us_FOUR.csv
FOX,ms_us_1d:us_FOX.csv
FOXA,ms_us_1d:us_FOXA.csv
FOXF,ms_us_1d:us_FOXF.csv
FOXX,ms_us_1d:us_FOXX.csv
FPH,ms_us_1d:us_FPH.csv
FPI,ms_us_1d:us_FPI.csv
FPRX,ms_us_1d:us_FPRX.csv
FPS,ms_us_1d:us_FPS.csv
FRAF,ms_us_1d:us_FRAF.csv
FRBA,ms_us_1d:us_FRBA.csv
FRC,ms_us_1d:us_FRC.csv
FRD,ms_us_1d:us_FRD.csv
FRGT,ms_us_1d:us_FRGT.csv
FRHC,ms_us_1d:us_FRHC.csv
FRME,ms_us_1d:us_FRME.csv
FRMEP,ms_us_1d:us_FRMEP.csv
FRMI,ms_us_1d:us_FRMI.csv
FRMM,ms_us_1d:us_FRMM.csv
FRO,ms_us_1d:us_FRO.csv
FROG,ms_us_1d:us_FROG.csv
FRPH,ms_us_1d:us_FRPH.csv
FRPT,ms_us_1d:us_FRPT.csv
FRSH,ms_us_1d:us_FRSH.csv
FRST,ms_us_1d:us_FRST.csv
FRT,ms_us_1d:us_FRT.csv
FRTA,ms_us_1d:us_FRTA.csv
FRTT,ms_us_1d:us_FRTT.csv
FRVO,ms_us_1d:us_FRVO.csv
FSAC,ms_us_1d:us_FSAC.csv
FSB,ms_us_1d:us_FSB.csv
FSBC,ms_us_1d:us_FSBC.csv
FSBW,ms_us_1d:us_FSBW.csv
FSCT,ms_us_1d:us_FSCT.csv
FSEA,ms_us_1d:us_FSEA.csv
FSHP,ms_us_1d:us_FSHP.csv
FSI,ms_us_1d:us_FSI.csv
FSK,ms_us_1d:us_FSK.csv
FSKR,ms_us_1d:us_FSKR.csv
FSLR,ms_us_1d:us_FSLR.csv
FSLY,ms_us_1d:us_FSLY.csv
FSM,ms_us_1d:us_FSM.csv
FSNN,ms_us_1d:us_FSNN.csv
FSP,ms_us_1d:us_FSP.csv
FSS,ms_us_1d:us_FSS.csv
FST,ms_us_1d:us_FST.csv
FSTR,ms_us_1d:us_FSTR.csv
FSUN,ms_us_1d:us_FSUN.csv
FSV,ms_us_1d:us_FSV.csv
FTAC,ms_us_1d:us_FTAC.csv
FTAI,ms_us_1d:us_FTAI.csv
FTAIV,ms_us_1d:us_FTAIV.csv
FTCI,ms_us_1d:us_FTCI.csv
FTDR,ms_us_1d:us_FTDR.csv
FTEK,ms_us_1d:us_FTEK.csv
FTFT,ms_us_1d:us_FTFT.csv
FTH,ms_us_1d:us_FTH.csv
FTHA,ms_us_1d:us_FTHA.csv
FTHM,ms_us_1d:us_FTHM.csv
FTI,ms_us_1d:us_FTI.csv
FTK,ms_us_1d:us_FTK.csv
FTLF,ms_us_1d:us_FTLF.csv
FTNT,ms_us_1d:us_FTNT.csv
FTNW,ms_us_1d:us_FTNW.csv
FTR,ms_us_1d:us_FTR.csv
FTRE,ms_us_1d:us_FTRE.csv
FTRK,ms_us_1d:us_FTRK.csv
FTS,ms_us_1d:us_FTS.csv
FTSI,ms_us_1d:us_FTSI.csv
FTSV,ms_us_1d:us_FTSV.csv
FTV,ms_us_1d:us_FTV.csv
FTVA,ms_us_1d:us_FTVA.csv
FTW,ms_us_1d:us_FTW.csv
FUBO,ms_us_1d:us_FUBO.csv
FUD,ms_us_1d:us_FUD.csv
FUFU,ms_us_1d:us_FUFU.csv
FUL,ms_us_1d:us_FUL.csv
FULC,ms_us_1d:us_FULC.csv
FULT,ms_us_1d:us_FULT.csv
FUN,ms_us_1d:us_FUN.csv
FURY,ms_us_1d:us_FURY.csv
FUSB,ms_us_1d:us_FUSB.csv
FUSE,ms_us_1d:us_FUSE.csv
FVAV,ms_us_1d:us_FVAV.csv
FVCB,ms_us_1d:us_FVCB.csv
FVN,ms_us_1d:us_FVN.csv
FVR,ms_us_1d:us_FVR.csv
FVRR,ms_us_1d:us_FVRR.csv
FWDD,ms_us_1d:us_FWDD.csv
FWDI,ms_us_1d:us_FWDI.csv
FWONA,ms_us_1d:us_FWONA.csv
FWONK,ms_us_1d:us_FWONK.csv
FWRD,ms_us_1d:us_FWRD.csv
FWRG,ms_us_1d:us_FWRG.csv
FXI,ms_us_1d:us_FXI.csv
FXNC,ms_us_1d:us_FXNC.csv
G,ms_us_1d:us_G.csv
GABC,ms_us_1d:us_GABC.csv
GAIA,ms_us_1d:us_GAIA.csv
GAIN,ms_us_1d:us_GAIN.csv
GALT,ms_us_1d:us_GALT.csv
GAM,ms_us_1d:us_GAM.csv
GAMB,ms_us_1d:us_GAMB.csv
GAME,ms_us_1d:us_GAME.csv
GANX,ms_us_1d:us_GANX.csv
GAP,ms_us_1d:us_GAP.csv
GARS,ms_us_1d:us_GARS.csv
GAS,ms_us_1d:us_GAS.csv
GASL,ms_us_1d:us_GASL.csv
GASS,ms_us_1d:us_GASS.csv
GASX,ms_us_1d:us_GASX.csv
GATX,ms_us_1d:us_GATX.csv
GAU,ms_us_1d:us_GAU.csv
GAUZ,ms_us_1d:us_GAUZ.csv
GBCI,ms_us_1d:us_GBCI.csv
GBDC,ms_us_1d:us_GBDC.csv
GBFH,ms_us_1d:us_GBFH.csv
GBLI,ms_us_1d:us_GBLI.csv
GBNK,ms_us_1d:us_GBNK.csv
GBR,ms_us_1d:us_GBR.csv
GBTG,ms_us_1d:us_GBTG.csv
GBX,ms_us_1d:us_GBX.csv
GCAP,ms_us_1d:us_GCAP.csv
GCBC,ms_us_1d:us_GCBC.csv
GCDT,ms_us_1d:us_GCDT.csv
GCGR,ms_us_1d:us_GCGR.csv
GCL,ms_us_1d:us_GCL.csv
GCMG,ms_us_1d:us_GCMG.csv
GCO,ms_us_1d:us_GCO.csv
GCP,ms_us_1d:us_GCP.csv
GCT,ms_us_1d:us_GCT.csv
GCTK,ms_us_1d:us_GCTK.csv
GCTS,ms_us_1d:us_GCTS.csv
GD,ms_us_1d:us_GD.csv
GDC,ms_us_1d:us_GDC.csv
GDDY,ms_us_1d:us_GDDY.csv
GDEV,ms_us_1d:us_GDEV.csv
GDHG,ms_us_1d:us_GDHG.csv
GDOT,ms_us_1d:us_GDOT.csv
GDP,ms_us_1d:us_GDP.csv
GDRX,ms_us_1d:us_GDRX.csv
GDS,ms_us_1d:us_GDS.csv
GDTC,ms_us_1d:us_GDTC.csv
GDX,ms_us_1d:us_GDX.csv
GDXD,ms_us_1d:us_GDXD.csv
GDXJ,ms_us_1d:us_GDXJ.csv
GDXS,ms_us_1d:us_GDXS.csv
GDXU,ms_us_1d:us_GDXU.csv
GDXX,ms_us_1d:us_GDXX.csv
GDYN,ms_us_1d:us_GDYN.csv
GE,ms_us_1d:us_GE.csv
GECC,ms_us_1d:us_GECC.csv
GEF,ms_us_1d:us_GEF.csv
GEF.B,ms_us_1d:us_GEF_B.csv
GEG,ms_us_1d:us_GEG.csv
GEHC,ms_us_1d:us_GEHC.csv
GEL,ms_us_1d:us_GEL.csv
GELS,ms_us_1d:us_GELS.csv
GEMI,ms_us_1d:us_GEMI.csv
GEN,ms_us_1d:us_GEN.csv
GENB,ms_us_1d:us_GENB.csv
GENC,ms_us_1d:us_GENC.csv
GENI,ms_us_1d:us_GENI.csv
GENK,ms_us_1d:us_GENK.csv
GEO,ms_us_1d:us_GEO.csv
GEOS,ms_us_1d:us_GEOS.csv
GERN,ms_us_1d:us_GERN.csv
GETY,ms_us_1d:us_GETY.csv
GEV,ms_us_1d:us_GEV.csv
GEVO,ms_us_1d:us_GEVO.csv
GFAI,ms_us_1d:us_GFAI.csv
GFED,ms_us_1d:us_GFED.csv
GFF,ms_us_1d:us_GFF.csv
GFI,ms_us_1d:us_GFI.csv
GFL,ms_us_1d:us_GFL.csv
GFN,ms_us_1d:us_GFN.csv
GFR,ms_us_1d:us_GFR.csv
GFS,ms_us_1d:us_GFS.csv
GG,ms_us_1d:us_GG.csv
GGB,ms_us_1d:us_GGB.csv
GGG,ms_us_1d:us_GGG.csv
GGGV,ms_us_1d:us_GGGV.csv
GGP,ms_us_1d:us_GGP.csv
GGR,ms_us_1d:us_GGR.csv
GGRP,ms_us_1d:us_GGRP.csv
GH,ms_us_1d:us_GH.csv
GHC,ms_us_1d:us_GHC.csv
GHDX,ms_us_1d:us_GHDX.csv
GHIV,ms_us_1d:us_GHIV.csv
GHM,ms_us_1d:us_GHM.csv
GHRS,ms_us_1d:us_GHRS.csv
GIB,ms_us_1d:us_GIB.csv
GIBO,ms_us_1d:us_GIBO.csv
GIC,ms_us_1d:us_GIC.csv
GIFT,ms_us_1d:us_GIFT.csv
GIGM,ms_us_1d:us_GIGM.csv
GIII,ms_us_1d:us_GIII.csv
GIL,ms_us_1d:us_GIL.csv
GILD,ms_us_1d:us_GILD.csv
GILT,ms_us_1d:us_GILT.csv
GIPR,ms_us_1d:us_GIPR.csv
GIS,ms_us_1d:us_GIS.csv
GITS,ms_us_1d:us_GITS.csv
GIW,ms_us_1d:us_GIW.csv
GIX,ms_us_1d:us_GIX.csv
GIX.U,ms_us_1d:us_GIX_U.csv
GJP,ms_us_1d:us_GJP.csv
GJS,ms_us_1d:us_GJS.csv
GJT,ms_us_1d:us_GJT.csv
GKOS,ms_us_1d:us_GKOS.csv
GL,ms_us_1d:us_GL.csv
GLAD,ms_us_1d:us_GLAD.csv
GLAS,ms_us_1d:us_GLAS.csv
GLBE,ms_us_1d:us_GLBE.csv
GLBS,ms_us_1d:us_GLBS.csv
GLD,ms_us_1d:us_GLD.csv
GLDG,ms_us_1d:us_GLDG.csv
GLDI,ms_us_1d:us_GLDI.csv
GLDM,ms_us_1d:us_GLDM.csv
GLE,ms_us_1d:us_GLE.csv
GLED,ms_us_1d:us_GLED.csv
GLF,ms_us_1d:us_GLF.csv
GLIBA,ms_us_1d:us_GLIBA.csv
GLIBK,ms_us_1d:us_GLIBK.csv
GLL,ms_us_1d:us_GLL.csv
GLMD,ms_us_1d:us_GLMD.csv
GLND,ms_us_1d:us_GLND.csv
GLNG,ms_us_1d:us_GLNG.csv
GLOB,ms_us_1d:us_GLOB.csv
GLOG,ms_us_1d:us_GLOG.csv
GLOO,ms_us_1d:us_GLOO.csv
GLP,ms_us_1d:us_GLP.csv
GLPI,ms_us_1d:us_GLPI.csv
GLRE,ms_us_1d:us_GLRE.csv
GLSI,ms_us_1d:us_GLSI.csv
GLUE,ms_us_1d:us_GLUE.csv
GLUU,ms_us_1d:us_GLUU.csv
GLW,ms_us_1d:us_GLW.csv
GLXG,ms_us_1d:us_GLXG.csv
GLXY,ms_us_1d:us_GLXY.csv
GM,ms_us_1d:us_GM.csv
GMAB,ms_us_1d:us_GMAB.csv
GMCR,ms_us_1d:us_GMCR.csv
GME,ms_us_1d:us_GME.csv
GMED,ms_us_1d:us_GMED.csv
GMEX,ms_us_1d:us_GMEX.csv
GMFL,ms_us_1d:us_GMFL.csv
GMHS,ms_us_1d:us_GMHS.csv
GMM,ms_us_1d:us_GMM.csv
GMRS,ms_us_1d:us_GMRS.csv
GNAF,ms_us_1d:us_GNAF.csv
GNBC,ms_us_1d:us_GNBC.csv
GNE,ms_us_1d:us_GNE.csv
GNK,ms_us_1d:us_GNK.csv
GNL,ms_us_1d:us_GNL.csv
GNLN,ms_us_1d:us_GNLN.csv
GNLX,ms_us_1d:us_GNLX.csv
GNMK,ms_us_1d:us_GNMK.csv
GNOG,ms_us_1d:us_GNOG.csv
GNPX,ms_us_1d:us_GNPX.csv
GNRC,ms_us_1d:us_GNRC.csv
GNRX,ms_us_1d:us_GNRX.csv
GNS,ms_us_1d:us_GNS.csv
GNSS,ms_us_1d:us_GNSS.csv
GNTX,ms_us_1d:us_GNTX.csv
GNW,ms_us_1d:us_GNW.csv
GO,ms_us_1d:us_GO.csv
GOAC,ms_us_1d:us_GOAC.csv
GOAI,ms_us_1d:us_GOAI.csv
GOBI,ms_us_1d:us_GOBI.csv
GOGO,ms_us_1d:us_GOGO.csv
GOLD,ms_us_1d:us_GOLD.csv
GOLF,ms_us_1d:us_GOLF.csv
GOOG,ms_us_1d:us_GOOG.csv
GOOGL,ms_us_1d:us_GOOGL.csv
GOOS,ms_us_1d:us_GOOS.csv
GORO,ms_us_1d:us_GORO.csv
GOSS,ms_us_1d:us_GOSS.csv
GOV,ms_us_1d:us_GOV.csv
GOVX,ms_us_1d:us_GOVX.csv
GP,ms_us_1d:us_GP.csv
GPAC,ms_us_1d:us_GPAC.csv
GPAQ,ms_us_1d:us_GPAQ.csv
GPAT,ms_us_1d:us_GPAT.csv
GPC,ms_us_1d:us_GPC.csv
GPGI,ms_us_1d:us_GPGI.csv
GPI,ms_us_1d:us_GPI.csv
GPIC,ms_us_1d:us_GPIC.csv
GPK,ms_us_1d:us_GPK.csv
GPN,ms_us_1d:us_GPN.csv
GPOR,ms_us_1d:us_GPOR.csv
GPRE,ms_us_1d:us_GPRE.csv
GPRK,ms_us_1d:us_GPRK.csv
GPRO,ms_us_1d:us_GPRO.csv
GPS,ms_us_1d:us_GPS.csv
GPUS,ms_us_1d:us_GPUS.csv
GPX,ms_us_1d:us_GPX.csv
GRA,ms_us_1d:us_GRA.csv
GRAB,ms_us_1d:us_GRAB.csv
GRAF,ms_us_1d:us_GRAF.csv
GRAL,ms_us_1d:us_GRAL.csv
GRAN,ms_us_1d:us_GRAN.csv
GRBIC,ms_us_1d:us_GRBIC.csv
GRBK,ms_us_1d:us_GRBK.csv
GRC,ms_us_1d:us_GRC.csv
GRCE,ms_us_1d:us_GRCE.csv
GRDN,ms_us_1d:us_GRDN.csv
GRDX,ms_us_1d:us_GRDX.csv
GREE,ms_us_1d:us_GREE.csv
GREK,ms_us_1d:us_GREK.csv
GRI,ms_us_1d:us_GRI.csv
GRML,ms_us_1d:us_GRML.csv
GRMN,ms_us_1d:us_GRMN.csv
GRMY,ms_us_1d:us_GRMY.csv
GRND,ms_us_1d:us_GRND.csv
GRNQ,ms_us_1d:us_GRNQ.csv
GRNT,ms_us_1d:us_GRNT.csv
GRO,ms_us_1d:us_GRO.csv
GROV,ms_us_1d:us_GROV.csv
GROW,ms_us_1d:us_GROW.csv
GROY,ms_us_1d:us_GROY.csv
GRPN,ms_us_1d:us_GRPN.csv
GRRR,ms_us_1d:us_GRRR.csv
GRSH,ms_us_1d:us_GRSH.csv
GRVY,ms_us_1d:us_GRVY.csv
GRWG,ms_us_1d:us_GRWG.csv
GS,ms_us_1d:us_GS.csv
GSAQ,ms_us_1d:us_GSAQ.csv
GSAT,ms_us_1d:us_GSAT.csv
GSB,ms_us_1d:us_GSB.csv
GSBC,ms_us_1d:us_GSBC.csv
GSBD,ms_us_1d:us_GSBD.csv
GSD,ms_us_1d:us_GSD.csv
GSG,ms_us_1d:us_GSG.csv
GSHD,ms_us_1d:us_GSHD.csv
GSHR,ms_us_1d:us_GSHR.csv
GSIT,ms_us_1d:us_GSIT.csv
GSIW,ms_us_1d:us_GSIW.csv
GSKH,ms_us_1d:us_GSKH.csv
GSKY,ms_us_1d:us_GSKY.csv
GSL,ms_us_1d:us_GSL.csv
GSM,ms_us_1d:us_GSM.csv
GSRF,ms_us_1d:us_GSRF.csv
GSS,ms_us_1d:us_GSS.csv
GSUN,ms_us_1d:us_GSUN.csv
GSV,ms_us_1d:us_GSV.csv
GT,ms_us_1d:us_GT.csv
GTBP,ms_us_1d:us_GTBP.csv
GTE,ms_us_1d:us_GTE.csv
GTEC,ms_us_1d:us_GTEC.csv
GTEN,ms_us_1d:us_GTEN.csv
GTERA,ms_us_1d:us_GTERA.csv
GTES,ms_us_1d:us_GTES.csv
GTIM,ms_us_1d:us_GTIM.csv
GTLB,ms_us_1d:us_GTLB.csv
GTLS,ms_us_1d:us_GTLS.csv
GTM,ms_us_1d:us_GTM.csv
GTN,ms_us_1d:us_GTN.csv
GTN.A,ms_us_1d:us_GTN_A.csv
GTS,ms_us_1d:us_GTS.csv
GTX,ms_us_1d:us_GTX.csv
GTY,ms_us_1d:us_GTY.csv
GTYH,ms_us_1d:us_GTYH.csv
GTYHU,ms_us_1d:us_GTYHU.csv
GURE,ms_us_1d:us_GURE.csv
GUTS,ms_us_1d:us_GUTS.csv
GV,ms_us_1d:us_GV.csv
GVA,ms_us_1d:us_GVA.csv
GVH,ms_us_1d:us_GVH.csv
GWAV,ms_us_1d:us_GWAV.csv
GWB,ms_us_1d:us_GWB.csv
GWH,ms_us_1d:us_GWH.csv
GWR,ms_us_1d:us_GWR.csv
GWRE,ms_us_1d:us_GWRE.csv
GWRS,ms_us_1d:us_GWRS.csv
GWW,ms_us_1d:us_GWW.csv
GXAI,ms_us_1d:us_GXAI.csv
GXO,ms_us_1d:us_GXO.csv
GYRE,ms_us_1d:us_GYRE.csv
GYRO,ms_us_1d:us_GYRO.csv
H,ms_us_1d:us_H.csv
HABT,ms_us_1d:us_HABT.csv
HACK,ms_us_1d:us_HACK.csv
HACQ,ms_us_1d:us_HACQ.csv
HACV,ms_us_1d:us_HACV.csv
HACW,ms_us_1d:us_HACW.csv
HAE,ms_us_1d:us_HAE.csv
HAFC,ms_us_1d:us_HAFC.csv
HAFN,ms_us_1d:us_HAFN.csv
HAHA,ms_us_1d:us_HAHA.csv
HAIN,ms_us_1d:us_HAIN.csv
HAL,ms_us_1d:us_HAL.csv
HALO,ms_us_1d:us_HALO.csv
HAO,ms_us_1d:us_HAO.csv
HAPN,ms_us_1d:us_HAPN.csv
HAR,ms_us_1d:us_HAR.csv
HAS,ms_us_1d:us_HAS.csv
HASI,ms_us_1d:us_HASI.csv
HAVA,ms_us_1d:us_HAVA.csv
HAWK,ms_us_1d:us_HAWK.csv
HAYW,ms_us_1d:us_HAYW.csv
HBAN,ms_us_1d:us_HBAN.csv
HBB,ms_us_1d:us_HBB.csv
HBCP,ms_us_1d:us_HBCP.csv
HBI,ms_us_1d:us_HBI.csv
HBIO,ms_us_1d:us_HBIO.csv
HBK,ms_us_1d:us_HBK.csv
HBM,ms_us_1d:us_HBM.csv
HBMD,ms_us_1d:us_HBMD.csv
HBNB,ms_us_1d:us_HBNB.csv
HBNC,ms_us_1d:us_HBNC.csv
HBP,ms_us_1d:us_HBP.csv
HBT,ms_us_1d:us_HBT.csv
HCA,ms_us_1d:us_HCA.csv
HCAC,ms_us_1d:us_HCAC.csv
HCAI,ms_us_1d:us_HCAI.csv
HCAP,ms_us_1d:us_HCAP.csv
HCAT,ms_us_1d:us_HCAT.csv
HCC,ms_us_1d:us_HCC.csv
HCCH,ms_us_1d:us_HCCH.csv
HCHL,ms_us_1d:us_HCHL.csv
HCI,ms_us_1d:us_HCI.csv
HCIC,ms_us_1d:us_HCIC.csv
HCKT,ms_us_1d:us_HCKT.csv
HCMA,ms_us_1d:us_HCMA.csv
HCP,ms_us_1d:us_HCP.csv
HCRF,ms_us_1d:us_HCRF.csv
HCSG,ms_us_1d:us_HCSG.csv
HCTI,ms_us_1d:us_HCTI.csv
HCWB,ms_us_1d:us_HCWB.csv
HCWC,ms_us_1d:us_HCWC.csv
HD,ms_us_1d:us_HD.csv
HDB,ms_us_1d:us_HDB.csv
HDLB,ms_us_1d:us_HDLB.csv
HDLV,ms_us_1d:us_HDLV.csv
HDP,ms_us_1d:us_HDP.csv
HDRN,ms_us_1d:us_HDRN.csv
HDS,ms_us_1d:us_HDS.csv
HDSN,ms_us_1d:us_HDSN.csv
HE,ms_us_1d:us_HE.csv
HEEM,ms_us_1d:us_HEEM.csv
HEFV,ms_us_1d:us_HEFV.csv
HEI,ms_us_1d:us_HEI.csv
HEI.A,ms_us_1d:us_HEI_A.csv
HELE,ms_us_1d:us_HELE.csv
HELP,ms_us_1d:us_HELP.csv
HEMV,ms_us_1d:us_HEMV.csv
HES,ms_us_1d:us_HES.csv
HESM,ms_us_1d:us_HESM.csv
HEUS,ms_us_1d:us_HEUS.csv
HFBC,ms_us_1d:us_HFBC.csv
HFBL,ms_us_1d:us_HFBL.csv
HFC,ms_us_1d:us_HFC.csv
HFFG,ms_us_1d:us_HFFG.csv
HFWA,ms_us_1d:us_HFWA.csv
HG,ms_us_1d:us_HG.csv
HGBL,ms_us_1d:us_HGBL.csv
HGI,ms_us_1d:us_HGI.csv
HGSD,ms_us_1d:us_HGSD.csv
HGTY,ms_us_1d:us_HGTY.csv
HGV,ms_us_1d:us_HGV.csv
HHH,ms_us_1d:us_HHH.csv
HHS,ms_us_1d:us_HHS.csv
HHYX,ms_us_1d:us_HHYX.csv
HIFR,ms_us_1d:us_HIFR.csv
HIFS,ms_us_1d:us_HIFS.csv
HIG,ms_us_1d:us_HIG.csv
HIHO,ms_us_1d:us_HIHO.csv
HII,ms_us_1d:us_HII.csv
HILO,ms_us_1d:us_HILO.csv
HIMS,ms_us_1d:us_HIMS.csv
HIND,ms_us_1d:us_HIND.csv
HIPO,ms_us_1d:us_HIPO.csv
HIT,ms_us_1d:us_HIT.csv
HITI,ms_us_1d:us_HITI.csv
HIVE,ms_us_1d:us_HIVE.csv
HIW,ms_us_1d:us_HIW.csv
HKIT,ms_us_1d:us_HKIT.csv
HKPD,ms_us_1d:us_HKPD.csv
HL,ms_us_1d:us_HL.csv
HLF,ms_us_1d:us_HLF.csv
HLI,ms_us_1d:us_HLI.csv
HLIO,ms_us_1d:us_HLIO.csv
HLIT,ms_us_1d:us_HLIT.csv
HLLY,ms_us_1d:us_HLLY.csv
HLMN,ms_us_1d:us_HLMN.csv
HLNE,ms_us_1d:us_HLNE.csv
HLP,ms_us_1d:us_HLP.csv
HLT,ms_us_1d:us_HLT.csv
HLX,ms_us_1d:us_HLX.csv
HLXC,ms_us_1d:us_HLXC.csv
HMG,ms_us_1d:us_HMG.csv
HMH,ms_us_1d:us_HMH.csv
HMHC,ms_us_1d:us_HMHC.csv
HMLP,ms_us_1d:us_HMLP.csv
HMN,ms_us_1d:us_HMN.csv
HMR,ms_us_1d:us_HMR.csv
HMSY,ms_us_1d:us_HMSY.csv
HMTA,ms_us_1d:us_HMTA.csv
HMTV,ms_us_1d:us_HMTV.csv
HMY,ms_us_1d:us_HMY.csv
HNGE,ms_us_1d:us_HNGE.csv
HNI,ms_us_1d:us_HNI.csv
HNNA,ms_us_1d:us_HNNA.csv
HNRG,ms_us_1d:us_HNRG.csv
HNST,ms_us_1d:us_HNST.csv
HNVR,ms_us_1d:us_HNVR.csv
HOFT,ms_us_1d:us_HOFT.csv
HOG,ms_us_1d:us_HOG.csv
HOLO,ms_us_1d:us_HOLO.csv
HOLX,ms_us_1d:us_HOLX.csv
HOMB,ms_us_1d:us_HOMB.csv
HOME,ms_us_1d:us_HOME.csv
HOML,ms_us_1d:us_HOML.csv
HON,ms_us_1d:us_HON.csv
HONA,ms_us_1d:us_HONA.csv
HOOD,ms_us_1d:us_HOOD.csv
HOPE,ms_us_1d:us_HOPE.csv
HOT,ms_us_1d:us_HOT.csv
HOUR,ms_us_1d:us_HOUR.csv
HOV,ms_us_1d:us_HOV.csv
HOVR,ms_us_1d:us_HOVR.csv
HOWL,ms_us_1d:us_HOWL.csv
HP,ms_us_1d:us_HP.csv
HPAI,ms_us_1d:us_HPAI.csv
HPE,ms_us_1d:us_HPE.csv
HPJ,ms_us_1d:us_HPJ.csv
HPK,ms_us_1d:us_HPK.csv
HPP,ms_us_1d:us_HPP.csv
HPQ,ms_us_1d:us_HPQ.csv
HPR,ms_us_1d:us_HPR.csv
HQ,ms_us_1d:us_HQ.csv
HQBD,ms_us_1d:us_HQBD.csv
HQCL,ms_us_1d:us_HQCL.csv
HQH,ms_us_1d:us_HQH.csv
HQI,ms_us_1d:us_HQI.csv
HQL,ms_us_1d:us_HQL.csv
HQY,ms_us_1d:us_HQY.csv
HRB,ms_us_1d:us_HRB.csv
HRC,ms_us_1d:us_HRC.csv
HRI,ms_us_1d:us_HRI.csv
HRL,ms_us_1d:us_HRL.csv
HRMY,ms_us_1d:us_HRMY.csv
HROW,ms_us_1d:us_HROW.csv
HRS,ms_us_1d:us_HRS.csv
HRTG,ms_us_1d:us_HRTG.csv
HRTX,ms_us_1d:us_HRTX.csv
HRZN,ms_us_1d:us_HRZN.csv
HSBC,ms_us_1d:us_HSBC.csv
HSBH,ms_us_1d:us_HSBH.csv
HSCS,ms_us_1d:us_HSCS.csv
HSDT,ms_us_1d:us_HSDT.csv
HSHP,ms_us_1d:us_HSHP.csv
HSIC,ms_us_1d:us_HSIC.csv
HSLV,ms_us_1d:us_HSLV.csv
HST,ms_us_1d:us_HST.csv
HSTM,ms_us_1d:us_HSTM.csv
HSY,ms_us_1d:us_HSY.csv
HTCO,ms_us_1d:us_HTCO.csv
HTCR,ms_us_1d:us_HTCR.csv
HTFL,ms_us_1d:us_HTFL.csv
HTGC,ms_us_1d:us_HTGC.csv
HTH,ms_us_1d:us_HTH.csv
HTLD,ms_us_1d:us_HTLD.csv
HTLM,ms_us_1d:us_HTLM.csv
HTO,ms_us_1d:us_HTO.csv
HTOO,ms_us_1d:us_HTOO.csv
HTT,ms_us_1d:us_HTT.csv
HTZ,ms_us_1d:us_HTZ.csv
HUBB,ms_us_1d:us_HUBB.csv
HUBC,ms_us_1d:us_HUBC.csv
HUBG,ms_us_1d:us_HUBG.csv
HUBS,ms_us_1d:us_HUBS.csv
HUD,ms_us_1d:us_HUD.csv
HUDI,ms_us_1d:us_HUDI.csv
HUHU,ms_us_1d:us_HUHU.csv
HUM,ms_us_1d:us_HUM.csv
HUMA,ms_us_1d:us_HUMA.csv
HUN,ms_us_1d:us_HUN.csv
HURA,ms_us_1d:us_HURA.csv
HURC,ms_us_1d:us_HURC.csv
HURN,ms_us_1d:us_HURN.csv
HUT,ms_us_1d:us_HUT.csv
HUYA,ms_us_1d:us_HUYA.csv
HVII,ms_us_1d:us_HVII.csv
HVMC,ms_us_1d:us_HVMC.csv
HVT,ms_us_1d:us_HVT.csv
HVT.A,ms_us_1d:us_HVT_A.csv
HWBK,ms_us_1d:us_HWBK.csv
HWC,ms_us_1d:us_HWC.csv
HWCC,ms_us_1d:us_HWCC.csv
HWH,ms_us_1d:us_HWH.csv
HWKN,ms_us_1d:us_HWKN.csv
HWM,ms_us_1d:us_HWM.csv
HXHX,ms_us_1d:us_HXHX.csv
HXL,ms_us_1d:us_HXL.csv
HY,ms_us_1d:us_HY.csv
HYAC,ms_us_1d:us_HYAC.csv
HYDD,ms_us_1d:us_HYDD.csv
HYFM,ms_us_1d:us_HYFM.csv
HYFT,ms_us_1d:us_HYFT.csv
HYG,ms_us_1d:us_HYG.csv
HYGS,ms_us_1d:us_HYGS.csv
HYLN,ms_us_1d:us_HYLN.csv
HYMC,ms_us_1d:us_HYMC.csv
HYNE,ms_us_1d:us_HYNE.csv
HYPD,ms_us_1d:us_HYPD.csv
HYPR,ms_us_1d:us_HYPR.csv
HZO,ms_us_1d:us_HZO.csv
IAC,ms_us_1d:us_IAC.csv
IACO,ms_us_1d:us_IACO.csv
IACQ,ms_us_1d:us_IACQ.csv
IAG,ms_us_1d:us_IAG.csv
IAM,ms_us_1d:us_IAM.csv
IART,ms_us_1d:us_IART.csv
IAU,ms_us_1d:us_IAU.csv
IAUX,ms_us_1d:us_IAUX.csv
IBAC,ms_us_1d:us_IBAC.csv
IBB,ms_us_1d:us_IBB.csv
IBCP,ms_us_1d:us_IBCP.csv
IBDH,ms_us_1d:us_IBDH.csv
IBEX,ms_us_1d:us_IBEX.csv
IBG,ms_us_1d:us_IBG.csv
IBIO,ms_us_1d:us_IBIO.csv
IBKC,ms_us_1d:us_IBKC.csv
IBKR,ms_us_1d:us_IBKR.csv
IBM,ms_us_1d:us_IBM.csv
IBMG,ms_us_1d:us_IBMG.csv
IBMH,ms_us_1d:us_IBMH.csv
IBN,ms_us_1d:us_IBN.csv
IBO,ms_us_1d:us_IBO.csv
IBOC,ms_us_1d:us_IBOC.csv
IBP,ms_us_1d:us_IBP.csv
IBTA,ms_us_1d:us_IBTA.csv
ICAN,ms_us_1d:us_ICAN.csv
ICBK,ms_us_1d:us_ICBK.csv
ICCC,ms_us_1d:us_ICCC.csv
ICCM,ms_us_1d:us_ICCM.csv
ICE,ms_us_1d:us_ICE.csv
ICFI,ms_us_1d:us_ICFI.csv
ICHR,ms_us_1d:us_ICHR.csv
ICL,ms_us_1d:us_ICL.csv
ICLN,ms_us_1d:us_ICLN.csv
ICLR,ms_us_1d:us_ICLR.csv
ICMB,ms_us_1d:us_ICMB.csv
ICON,ms_us_1d:us_ICON.csv
ICU,ms_us_1d:us_ICU.csv
ICUI,ms_us_1d:us_ICUI.csv
IDA,ms_us_1d:us_IDA.csv
IDAI,ms_us_1d:us_IDAI.csv
IDCC,ms_us_1d:us_IDCC.csv
IDN,ms_us_1d:us_IDN.csv
IDR,ms_us_1d:us_IDR.csv
IDSA,ms_us_1d:us_IDSA.csv
IDT,ms_us_1d:us_IDT.csv
IDTI,ms_us_1d:us_IDTI.csv
IDXX,ms_us_1d:us_IDXX.csv
IDYA,ms_us_1d:us_IDYA.csv
IE,ms_us_1d:us_IE.csv
IEAG,ms_us_1d:us_IEAG.csv
IEC,ms_us_1d:us_IEC.csv
IEF,ms_us_1d:us_IEF.csv
IEI,ms_us_1d:us_IEI.csv
IEMD,ms_us_1d:us_IEMD.csv
IEMV,ms_us_1d:us_IEMV.csv
IEP,ms_us_1d:us_IEP.csv
IESC,ms_us_1d:us_IESC.csv
IEX,ms_us_1d:us_IEX.csv
IFBD,ms_us_1d:us_IFBD.csv
IFED,ms_us_1d:us_IFED.csv
IFF,ms_us_1d:us_IFF.csv
IFRX,ms_us_1d:us_IFRX.csv
IFS,ms_us_1d:us_IFS.csv
IGAC,ms_us_1d:us_IGAC.csv
IGC,ms_us_1d:us_IGC.csv
IGHG,ms_us_1d:us_IGHG.csv
IGIC,ms_us_1d:us_IGIC.csv
IHC,ms_us_1d:us_IHC.csv
IHG,ms_us_1d:us_IHG.csv
IHRT,ms_us_1d:us_IHRT.csv
IHS,ms_us_1d:us_IHS.csv
IHYV,ms_us_1d:us_IHYV.csv
III,ms_us_1d:us_III.csv
IIIN,ms_us_1d:us_IIIN.csv
IIIV,ms_us_1d:us_IIIV.csv
IIN,ms_us_1d:us_IIN.csv
IIPR,ms_us_1d:us_IIPR.csv
IJH,ms_us_1d:us_IJH.csv
IJR,ms_us_1d:us_IJR.csv
IKT,ms_us_1d:us_IKT.csv
ILAG,ms_us_1d:us_ILAG.csv
ILG,ms_us_1d:us_ILG.csv
ILLR,ms_us_1d:us_ILLR.csv
ILLU,ms_us_1d:us_ILLU.csv
ILMN,ms_us_1d:us_ILMN.csv
IMA,ms_us_1d:us_IMA.csv
IMAX,ms_us_1d:us_IMAX.csv
IMCC,ms_us_1d:us_IMCC.csv
IMDX,ms_us_1d:us_IMDX.csv
IMDZ,ms_us_1d:us_IMDZ.csv
IMFC,ms_us_1d:us_IMFC.csv
IMI,ms_us_1d:us_IMI.csv
IMKTA,ms_us_1d:us_IMKTA.csv
IMMR,ms_us_1d:us_IMMR.csv
IMMU,ms_us_1d:us_IMMU.csv
IMMX,ms_us_1d:us_IMMX.csv
IMNM,ms_us_1d:us_IMNM.csv
IMNN,ms_us_1d:us_IMNN.csv
IMO,ms_us_1d:us_IMO.csv
IMPP,ms_us_1d:us_IMPP.csv
IMPV,ms_us_1d:us_IMPV.csv
IMRX,ms_us_1d:us_IMRX.csv
IMSR,ms_us_1d:us_IMSR.csv
IMTE,ms_us_1d:us_IMTE.csv
IMTX,ms_us_1d:us_IMTX.csv
IMUX,ms_us_1d:us_IMUX.csv
IMVT,ms_us_1d:us_IMVT.csv
IMXI,ms_us_1d:us_IMXI.csv
INAB,ms_us_1d:us_INAB.csv
INAC,ms_us_1d:us_INAC.csv
INB,ms_us_1d:us_INB.csv
INBK,ms_us_1d:us_INBK.csv
INBS,ms_us_1d:us_INBS.csv
INBX,ms_us_1d:us_INBX.csv
INCR,ms_us_1d:us_INCR.csv
INCY,ms_us_1d:us_INCY.csv
INDA,ms_us_1d:us_INDA.csv
INDB,ms_us_1d:us_INDB.csv
INDI,ms_us_1d:us_INDI.csv
INDO,ms_us_1d:us_INDO.csv
INDP,ms_us_1d:us_INDP.csv
INDU,ms_us_1d:us_INDU.csv
INDV,ms_us_1d:us_INDV.csv
INEO,ms_us_1d:us_INEO.csv
INFO,ms_us_1d:us_INFO.csv
INFQ,ms_us_1d:us_INFQ.csv
INFU,ms_us_1d:us_INFU.csv
INGM,ms_us_1d:us_INGM.csv
INGN,ms_us_1d:us_INGN.csv
INGR,ms_us_1d:us_INGR.csv
INHD,ms_us_1d:us_INHD.csv
INIO,ms_us_1d:us_INIO.csv
INKT,ms_us_1d:us_INKT.csv
INLF,ms_us_1d:us_INLF.csv
INLX,ms_us_1d:us_INLX.csv
INM,ms_us_1d:us_INM.csv
INMB,ms_us_1d:us_INMB.csv
INMD,ms_us_1d:us_INMD.csv
INN,ms_us_1d:us_INN.csv
INNV,ms_us_1d:us_INNV.csv
INO,ms_us_1d:us_INO.csv
INOD,ms_us_1d:us_INOD.csv
INR,ms_us_1d:us_INR.csv
INSE,ms_us_1d:us_INSE.csv
INSG,ms_us_1d:us_INSG.csv
INSM,ms_us_1d:us_INSM.csv
INSP,ms_us_1d:us_INSP.csv
INST,ms_us_1d:us_INST.csv
INSW,ms_us_1d:us_INSW.csv
INTA,ms_us_1d:us_INTA.csv
INTC,ms_us_1d:us_INTC.csv
INTG,ms_us_1d:us_INTG.csv
INTJ,ms_us_1d:us_INTJ.csv
INTR,ms_us_1d:us_INTR.csv
INTS,ms_us_1d:us_INTS.csv
INTT,ms_us_1d:us_INTT.csv
INTU,ms_us_1d:us_INTU.csv
INTX,ms_us_1d:us_INTX.csv
INTZ,ms_us_1d:us_INTZ.csv
INUV,ms_us_1d:us_INUV.csv
INV,ms_us_1d:us_INV.csv
INVA,ms_us_1d:us_INVA.csv
INVE,ms_us_1d:us_INVE.csv
INVH,ms_us_1d:us_INVH.csv
INVX,ms_us_1d:us_INVX.csv
INVZ,ms_us_1d:us_INVZ.csv
INWK,ms_us_1d:us_INWK.csv
INXN,ms_us_1d:us_INXN.csv
INXX,ms_us_1d:us_INXX.csv
IONQ,ms_us_1d:us_IONQ.csv
IONS,ms_us_1d:us_IONS.csv
IOSP,ms_us_1d:us_IOSP.csv
IOT,ms_us_1d:us_IOT.csv
IOTR,ms_us_1d:us_IOTR.csv
IOTS,ms_us_1d:us_IOTS.csv
IOVA,ms_us_1d:us_IOVA.csv
IP,ms_us_1d:us_IP.csv
IPAR,ms_us_1d:us_IPAR.csv
IPAS,ms_us_1d:us_IPAS.csv
IPCX,ms_us_1d:us_IPCX.csv
IPDN,ms_us_1d:us_IPDN.csv
IPEX,ms_us_1d:us_IPEX.csv
IPFX,ms_us_1d:us_IPFX.csv
IPG,ms_us_1d:us_IPG.csv
IPGP,ms_us_1d:us_IPGP.csv
IPHA,ms_us_1d:us_IPHA.csv
IPHI,ms_us_1d:us_IPHI.csv
IPHS,ms_us_1d:us_IPHS.csv
IPI,ms_us_1d:us_IPI.csv
IPLDP,ms_us_1d:us_IPLDP.csv
IPM,ms_us_1d:us_IPM.csv
IPOA,ms_us_1d:us_IPOA.csv
IPSC,ms_us_1d:us_IPSC.csv
IPST,ms_us_1d:us_IPST.csv
IPW,ms_us_1d:us_IPW.csv
IPWR,ms_us_1d:us_IPWR.csv
IQI,ms_us_1d:us_IQI.csv
IQST,ms_us_1d:us_IQST.csv
IQV,ms_us_1d:us_IQV.csv
IR,ms_us_1d:us_IR.csv
IRAB,ms_us_1d:us_IRAB.csv
IRD,ms_us_1d:us_IRD.csv
IRDM,ms_us_1d:us_IRDM.csv
IREN,ms_us_1d:us_IREN.csv
IRHO,ms_us_1d:us_IRHO.csv
IRIX,ms_us_1d:us_IRIX.csv
IRM,ms_us_1d:us_IRM.csv
IRMD,ms_us_1d:us_IRMD.csv
IRON,ms_us_1d:us_IRON.csv
IRTC,ms_us_1d:us_IRTC.csv
IRWD,ms_us_1d:us_IRWD.csv
ISBA,ms_us_1d:us_ISBA.csv
ISBC,ms_us_1d:us_ISBC.csv
ISCA,ms_us_1d:us_ISCA.csv
ISLE,ms_us_1d:us_ISLE.csv
ISOU,ms_us_1d:us_ISOU.csv
ISPC,ms_us_1d:us_ISPC.csv
ISPR,ms_us_1d:us_ISPR.csv
ISRG,ms_us_1d:us_ISRG.csv
ISRL,ms_us_1d:us_ISRL.csv
ISSC,ms_us_1d:us_ISSC.csv
ISTR,ms_us_1d:us_ISTR.csv
IT,ms_us_1d:us_IT.csv
ITB,ms_us_1d:us_ITB.csv
ITG,ms_us_1d:us_ITG.csv
ITGR,ms_us_1d:us_ITGR.csv
ITHA,ms_us_1d:us_ITHA.csv
ITIC,ms_us_1d:us_ITIC.csv
ITMR,ms_us_1d:us_ITMR.csv
ITOC,ms_us_1d:us_ITOC.csv
ITP,ms_us_1d:us_ITP.csv
ITRG,ms_us_1d:us_ITRG.csv
ITRI,ms_us_1d:us_ITRI.csv
ITRN,ms_us_1d:us_ITRN.csv
ITT,ms_us_1d:us_ITT.csv
ITUS,ms_us_1d:us_ITUS.csv
ITW,ms_us_1d:us_ITW.csv
IVA,ms_us_1d:us_IVA.csv
IVDA,ms_us_1d:us_IVDA.csv
IVF,ms_us_1d:us_IVF.csv
IVR,ms_us_1d:us_IVR.csv
IVTY,ms_us_1d:us_IVTY.csv
IVVD,ms_us_1d:us_IVVD.csv
IVZ,ms_us_1d:us_IVZ.csv
IWD,ms_us_1d:us_IWD.csv
IWDL,ms_us_1d:us_IWDL.csv
IWF,ms_us_1d:us_IWF.csv
IWFL,ms_us_1d:us_IWFL.csv
IWM,ms_us_1d:us_IWM.csv
IWML,ms_us_1d:us_IWML.csv
IWR,ms_us_1d:us_IWR.csv
IXHL,ms_us_1d:us_IXHL.csv
IYR,ms_us_1d:us_IYR.csv
IZEA,ms_us_1d:us_IZEA.csv
IZM,ms_us_1d:us_IZM.csv
J,ms_us_1d:us_J.csv
JACK,ms_us_1d:us_JACK.csv
JACS,ms_us_1d:us_JACS.csv
JAG,ms_us_1d:us_JAG.csv
JAGU,ms_us_1d:us_JAGU.csv
JAGX,ms_us_1d:us_JAGX.csv
JAKK,ms_us_1d:us_JAKK.csv
JAN,ms_us_1d:us_JAN.csv
JANX,ms_us_1d:us_JANX.csv
JATT,ms_us_1d:us_JATT.csv
JAX,ms_us_1d:us_JAX.csv
JAZZ,ms_us_1d:us_JAZZ.csv
JBDI,ms_us_1d:us_JBDI.csv
JBGS,ms_us_1d:us_JBGS.csv
JBHT,ms_us_1d:us_JBHT.csv
JBI,ms_us_1d:us_JBI.csv
JBIO,ms_us_1d:us_JBIO.csv
JBK,ms_us_1d:us_JBK.csv
JBL,ms_us_1d:us_JBL.csv
JBLU,ms_us_1d:us_JBLU.csv
JBS,ms_us_1d:us_JBS.csv
JBSS,ms_us_1d:us_JBSS.csv
JBTM,ms_us_1d:us_JBTM.csv
JCAP,ms_us_1d:us_JCAP.csv
JCI,ms_us_1d:us_JCI.csv
JCSE,ms_us_1d:us_JCSE.csv
JCTC,ms_us_1d:us_JCTC.csv
JDZG,ms_us_1d:us_JDZG.csv
JEC,ms_us_1d:us_JEC.csv
JEF,ms_us_1d:us_JEF.csv
JELD,ms_us_1d:us_JELD.csv
JEM,ms_us_1d:us_JEM.csv
JENA,ms_us_1d:us_JENA.csv
JETD,ms_us_1d:us_JETD.csv
JETS,ms_us_1d:us_JETS.csv
JETU,ms_us_1d:us_JETU.csv
JFB,ms_us_1d:us_JFB.csv
JHA,ms_us_1d:us_JHA.csv
JHG,ms_us_1d:us_JHG.csv
JHX,ms_us_1d:us_JHX.csv
JILL,ms_us_1d:us_JILL.csv
JJSF,ms_us_1d:us_JJSF.csv
JKHY,ms_us_1d:us_JKHY.csv
JKS,ms_us_1d:us_JKS.csv
JL,ms_us_1d:us_JL.csv
JLHL,ms_us_1d:us_JLHL.csv
JLL,ms_us_1d:us_JLL.csv
JMBA,ms_us_1d:us_JMBA.csv
JMIA,ms_us_1d:us_JMIA.csv
JMP,ms_us_1d:us_JMP.csv
JMSB,ms_us_1d:us_JMSB.csv
JNJ,ms_us_1d:us_JNJ.csv
JNP,ms_us_1d:us_JNP.csv
JNPR,ms_us_1d:us_JNPR.csv
JOB,ms_us_1d:us_JOB.csv
JOBY,ms_us_1d:us_JOBY.csv
JOE,ms_us_1d:us_JOE.csv
JONE,ms_us_1d:us_JONE.csv
JOUT,ms_us_1d:us_JOUT.csv
JPBI,ms_us_1d:us_JPBI.csv
JPEH,ms_us_1d:us_JPEH.csv
JPIH,ms_us_1d:us_JPIH.csv
JPM,ms_us_1d:us_JPM.csv
JPNL,ms_us_1d:us_JPNL.csv
JRSH,ms_us_1d:us_JRSH.csv
JRVR,ms_us_1d:us_JRVR.csv
JSPR,ms_us_1d:us_JSPR.csv
JSYNU,ms_us_1d:us_JSYNU.csv
JTAI,ms_us_1d:us_JTAI.csv
JTPY,ms_us_1d:us_JTPY.csv
JUNS,ms_us_1d:us_JUNS.csv
JVA,ms_us_1d:us_JVA.csv
JWEL,ms_us_1d:us_JWEL.csv
JWN,ms_us_1d:us_JWN.csv
JXG,ms_us_1d:us_JXG.csv
JXN,ms_us_1d:us_JXN.csv
JYD,ms_us_1d:us_JYD.csv
JYNT,ms_us_1d:us_JYNT.csv
JZXN,ms_us_1d:us_JZXN.csv
K,ms_us_1d:us_K.csv
KAAC,ms_us_1d:us_KAAC.csv
KAI,ms_us_1d:us_KAI.csv
KALA,ms_us_1d:us_KALA.csv
KALU,ms_us_1d:us_KALU.csv
KANG,ms_us_1d:us_KANG.csv
KAPA,ms_us_1d:us_KAPA.csv
KARD,ms_us_1d:us_KARD.csv
KARO,ms_us_1d:us_KARO.csv
KAZR,ms_us_1d:us_KAZR.csv
KB,ms_us_1d:us_KB.csv
KBDC,ms_us_1d:us_KBDC.csv
KBH,ms_us_1d:us_KBH.csv
KBON,ms_us_1d:us_KBON.csv
KBR,ms_us_1d:us_KBR.csv
KBSX,ms_us_1d:us_KBSX.csv
KCAP,ms_us_1d:us_KCAP.csv
KCHV,ms_us_1d:us_KCHV.csv
KD,ms_us_1d:us_KD.csv
KDK,ms_us_1d:us_KDK.csv
KDMN,ms_us_1d:us_KDMN.csv
KDP,ms_us_1d:us_KDP.csv
KE,ms_us_1d:us_KE.csv
KED,ms_us_1d:us_KED.csv
KEEL,ms_us_1d:us_KEEL.csv
KELYA,ms_us_1d:us_KELYA.csv
KELYB,ms_us_1d:us_KELYB.csv
KEN,ms_us_1d:us_KEN.csv
KEP,ms_us_1d:us_KEP.csv
KEQU,ms_us_1d:us_KEQU.csv
KERX,ms_us_1d:us_KERX.csv
KEX,ms_us_1d:us_KEX.csv
KEY,ms_us_1d:us_KEY.csv
KEYS,ms_us_1d:us_KEYS.csv
KEYW,ms_us_1d:us_KEYW.csv
KEYY,ms_us_1d:us_KEYY.csv
KFFB,ms_us_1d:us_KFFB.csv
KFII,ms_us_1d:us_KFII.csv
KFRC,ms_us_1d:us_KFRC.csv
KFY,ms_us_1d:us_KFY.csv
KG,ms_us_1d:us_KG.csv
KGC,ms_us_1d:us_KGC.csv
KGEI,ms_us_1d:us_KGEI.csv
KGS,ms_us_1d:us_KGS.csv
KHC,ms_us_1d:us_KHC.csv
KIDS,ms_us_1d:us_KIDS.csv
KIDZ,ms_us_1d:us_KIDZ.csv
KIM,ms_us_1d:us_KIM.csv
KIN,ms_us_1d:us_KIN.csv
KIND,ms_us_1d:us_KIND.csv
KINS,ms_us_1d:us_KINS.csv
KITT,ms_us_1d:us_KITT.csv
KKR,ms_us_1d:us_KKR.csv
KL,ms_us_1d:us_KL.csv
KLAC,ms_us_1d:us_KLAC.csv
KLAR,ms_us_1d:us_KLAR.csv
KLC,ms_us_1d:us_KLC.csv
KLIC,ms_us_1d:us_KLIC.csv
KLRA,ms_us_1d:us_KLRA.csv
KLRS,ms_us_1d:us_KLRS.csv
KLTR,ms_us_1d:us_KLTR.csv
KLXE,ms_us_1d:us_KLXE.csv
KLXI,ms_us_1d:us_KLXI.csv
KMB,ms_us_1d:us_KMB.csv
KMDA,ms_us_1d:us_KMDA.csv
KMG,ms_us_1d:us_KMG.csv
KMI,ms_us_1d:us_KMI.csv
KMM,ms_us_1d:us_KMM.csv
KMPR,ms_us_1d:us_KMPR.csv
KMRK,ms_us_1d:us_KMRK.csv
KMT,ms_us_1d:us_KMT.csv
KMTS,ms_us_1d:us_KMTS.csv
KMX,ms_us_1d:us_KMX.csv
KN,ms_us_1d:us_KN.csv
KNAB,ms_us_1d:us_KNAB.csv
KNDI,ms_us_1d:us_KNDI.csv
KNF,ms_us_1d:us_KNF.csv
KNL,ms_us_1d:us_KNL.csv
KNOP,ms_us_1d:us_KNOP.csv
KNRX,ms_us_1d:us_KNRX.csv
KNSA,ms_us_1d:us_KNSA.csv
KNSL,ms_us_1d:us_KNSL.csv
KNTK,ms_us_1d:us_KNTK.csv
KNX,ms_us_1d:us_KNX.csv
KO,ms_us_1d:us_KO.csv
KOD,ms_us_1d:us_KOD.csv
KODK,ms_us_1d:us_KODK.csv
KOF,ms_us_1d:us_KOF.csv
KOLD,ms_us_1d:us_KOLD.csv
KONE,ms_us_1d:us_KONE.csv
KOP,ms_us_1d:us_KOP.csv
KOPN,ms_us_1d:us_KOPN.csv
KOR,ms_us_1d:us_KOR.csv
KORE,ms_us_1d:us_KORE.csv
KORS,ms_us_1d:us_KORS.csv
KOS,ms_us_1d:us_KOS.csv
KOSS,ms_us_1d:us_KOSS.csv
KOYN,ms_us_1d:us_KOYN.csv
KPET,ms_us_1d:us_KPET.csv
KPFS,ms_us_1d:us_KPFS.csv
KPLT,ms_us_1d:us_KPLT.csv
KPRX,ms_us_1d:us_KPRX.csv
KPTI,ms_us_1d:us_KPTI.csv
KR,ms_us_1d:us_KR.csv
KRA,ms_us_1d:us_KRA.csv
KRAQ,ms_us_1d:us_KRAQ.csv
KRC,ms_us_1d:us_KRC.csv
KRE,ms_us_1d:us_KRE.csv
KRMD,ms_us_1d:us_KRMD.csv
KRMN,ms_us_1d:us_KRMN.csv
KRNT,ms_us_1d:us_KRNT.csv
KRNY,ms_us_1d:us_KRNY.csv
KRO,ms_us_1d:us_KRO.csv
KROS,ms_us_1d:us_KROS.csv
KRRO,ms_us_1d:us_KRRO.csv
KRSP,ms_us_1d:us_KRSP.csv
KRT,ms_us_1d:us_KRT.csv
KRUS,ms_us_1d:us_KRUS.csv
KRYS,ms_us_1d:us_KRYS.csv
KS,ms_us_1d:us_KS.csv
KSA,ms_us_1d:us_KSA.csv
KSCP,ms_us_1d:us_KSCP.csv
KSPI,ms_us_1d:us_KSPI.csv
KSS,ms_us_1d:us_KSS.csv
KST,ms_us_1d:us_KST.csv
KSU,ms_us_1d:us_KSU.csv
KT,ms_us_1d:us_KT.csv
KTB,ms_us_1d:us_KTB.csv
KTCC,ms_us_1d:us_KTCC.csv
KTOS,ms_us_1d:us_KTOS.csv
KTTA,ms_us_1d:us_KTTA.csv
KTWO,ms_us_1d:us_KTWO.csv
KULR,ms_us_1d:us_KULR.csv
KURA,ms_us_1d:us_KURA.csv
KUST,ms_us_1d:us_KUST.csv
KVAC,ms_us_1d:us_KVAC.csv
KVHI,ms_us_1d:us_KVHI.csv
KVSB,ms_us_1d:us_KVSB.csv
KVUE,ms_us_1d:us_KVUE.csv
KVYO,ms_us_1d:us_KVYO.csv
KWM,ms_us_1d:us_KWM.csv
KWR,ms_us_1d:us_KWR.csv
KWY,ms_us_1d:us_KWY.csv
KXIN,ms_us_1d:us_KXIN.csv
KYE,ms_us_1d:us_KYE.csv
KYIV,ms_us_1d:us_KYIV.csv
KYMR,ms_us_1d:us_KYMR.csv
KYNB,ms_us_1d:us_KYNB.csv
KYTX,ms_us_1d:us_KYTX.csv
L,ms_us_1d:us_L.csv
LAB,ms_us_1d:us_LAB.csv
LABL,ms_us_1d:us_LABL.csv
LABT,ms_us_1d:us_LABT.csv
LAC,ms_us_1d:us_LAC.csv
LACK,ms_us_1d:us_LACK.csv
LAD,ms_us_1d:us_LAD.csv
LADR,ms_us_1d:us_LADR.csv
LAES,ms_us_1d:us_LAES.csv
LAFA,ms_us_1d:us_LAFA.csv
LAKE,ms_us_1d:us_LAKE.csv
LAMR,ms_us_1d:us_LAMR.csv
LAND,ms_us_1d:us_LAND.csv
LANV,ms_us_1d:us_LANV.csv
LAR,ms_us_1d:us_LAR.csv
LARK,ms_us_1d:us_LARK.csv
LASE,ms_us_1d:us_LASE.csv
LASR,ms_us_1d:us_LASR.csv
LATA,ms_us_1d:us_LATA.csv
LAUR,ms_us_1d:us_LAUR.csv
LAW,ms_us_1d:us_LAW.csv
LAWR,ms_us_1d:us_LAWR.csv
LAZ,ms_us_1d:us_LAZ.csv
LB,ms_us_1d:us_LB.csv
LBDC,ms_us_1d:us_LBDC.csv
LBGJ,ms_us_1d:us_LBGJ.csv
LBJ,ms_us_1d:us_LBJ.csv
LBRDA,ms_us_1d:us_LBRDA.csv
LBRDK,ms_us_1d:us_LBRDK.csv
LBRT,ms_us_1d:us_LBRT.csv
LBRX,ms_us_1d:us_LBRX.csv
LBTYA,ms_us_1d:us_LBTYA.csv
LBTYB,ms_us_1d:us_LBTYB.csv
LBTYK,ms_us_1d:us_LBTYK.csv
LCA,ms_us_1d:us_LCA.csv
LCAHU,ms_us_1d:us_LCAHU.csv
LCCC,ms_us_1d:us_LCCC.csv
LCFY,ms_us_1d:us_LCFY.csv
LCID,ms_us_1d:us_LCID.csv
LCII,ms_us_1d:us_LCII.csv
LCLN,ms_us_1d:us_LCLN.csv
LCM,ms_us_1d:us_LCM.csv
LCNB,ms_us_1d:us_LCNB.csv
LCTX,ms_us_1d:us_LCTX.csv
LCUT,ms_us_1d:us_LCUT.csv
LDF,ms_us_1d:us_LDF.csv
LDI,ms_us_1d:us_LDI.csv
LDL,ms_us_1d:us_LDL.csv
LDOS,ms_us_1d:us_LDOS.csv
LE,ms_us_1d:us_LE.csv
LEA,ms_us_1d:us_LEA.csv
LEAF,ms_us_1d:us_LEAF.csv
LEAP,ms_us_1d:us_LEAP.csv
LECO,ms_us_1d:us_LECO.csv
LEDS,ms_us_1d:us_LEDS.csv
LEE,ms_us_1d:us_LEE.csv
LEG,ms_us_1d:us_LEG.csv
LEGH,ms_us_1d:us_LEGH.csv
LEGO,ms_us_1d:us_LEGO.csv
LEN,ms_us_1d:us_LEN.csv
LEN.B,ms_us_1d:us_LEN_B.csv
LENZ,ms_us_1d:us_LENZ.csv
LEO,ms_us_1d:us_LEO.csv
LESL,ms_us_1d:us_LESL.csv
LEU,ms_us_1d:us_LEU.csv
LEVI,ms_us_1d:us_LEVI.csv
LEVL,ms_us_1d:us_LEVL.csv
LEXEA,ms_us_1d:us_LEXEA.csv
LEXX,ms_us_1d:us_LEXX.csv
LFAC,ms_us_1d:us_LFAC.csv
LFCR,ms_us_1d:us_LFCR.csv
LFMD,ms_us_1d:us_LFMD.csv
LFST,ms_us_1d:us_LFST.csv
LFTO,ms_us_1d:us_LFTO.csv
LFUS,ms_us_1d:us_LFUS.csv
LFVN,ms_us_1d:us_LFVN.csv
LFWD,ms_us_1d:us_LFWD.csv
LGCL,ms_us_1d:us_LGCL.csv
LGCY,ms_us_1d:us_LGCY.csv
LGIH,ms_us_1d:us_LGIH.csv
LGL,ms_us_1d:us_LGL.csv
LGN,ms_us_1d:us_LGN.csv
LGND,ms_us_1d:us_LGND.csv
LGO,ms_us_1d:us_LGO.csv
LGPS,ms_us_1d:us_LGPS.csv
LGVN,ms_us_1d:us_LGVN.csv
LH,ms_us_1d:us_LH.csv
LHAI,ms_us_1d:us_LHAI.csv
LHO,ms_us_1d:us_LHO.csv
LHSW,ms_us_1d:us_LHSW.csv
LHX,ms_us_1d:us_LHX.csv
LICN,ms_us_1d:us_LICN.csv
LIDR,ms_us_1d:us_LIDR.csv
LIEN,ms_us_1d:us_LIEN.csv
LIF,ms_us_1d:us_LIF.csv
LIFE,ms_us_1d:us_LIFE.csv
LII,ms_us_1d:us_LII.csv
LILA,ms_us_1d:us_LILA.csv
LILAK,ms_us_1d:us_LILAK.csv
LIMN,ms_us_1d:us_LIMN.csv
LIN,ms_us_1d:us_LIN.csv
LINC,ms_us_1d:us_LINC.csv
LIND,ms_us_1d:us_LIND.csv
LINE,ms_us_1d:us_LINE.csv
LINK,ms_us_1d:us_LINK.csv
LINX,ms_us_1d:us_LINX.csv
LION,ms_us_1d:us_LION.csv
LIQT,ms_us_1d:us_LIQT.csv
LIT,ms_us_1d:us_LIT.csv
LITE,ms_us_1d:us_LITE.csv
LITS,ms_us_1d:us_LITS.csv
LIVE,ms_us_1d:us_LIVE.csv
LIVN,ms_us_1d:us_LIVN.csv
LIXT,ms_us_1d:us_LIXT.csv
LJPC,ms_us_1d:us_LJPC.csv
LKFN,ms_us_1d:us_LKFN.csv
LKM,ms_us_1d:us_LKM.csv
LKQ,ms_us_1d:us_LKQ.csv
LKSP,ms_us_1d:us_LKSP.csv
LLL,ms_us_1d:us_LLL.csv
LLQD,ms_us_1d:us_LLQD.csv
LLTC,ms_us_1d:us_LLTC.csv
LLY,ms_us_1d:us_LLY.csv
LLYVA,ms_us_1d:us_LLYVA.csv
LLYVK,ms_us_1d:us_LLYVK.csv
LM,ms_us_1d:us_LM.csv
LMAT,ms_us_1d:us_LMAT.csv
LMB,ms_us_1d:us_LMB.csv
LMLB,ms_us_1d:us_LMLB.csv
LMLP,ms_us_1d:us_LMLP.csv
LMND,ms_us_1d:us_LMND.csv
LMNR,ms_us_1d:us_LMNR.csv
LMRI,ms_us_1d:us_LMRI.csv
LMT,ms_us_1d:us_LMT.csv
LN,ms_us_1d:us_LN.csv
LNAI,ms_us_1d:us_LNAI.csv
LNC,ms_us_1d:us_LNC.csv
LND,ms_us_1d:us_LND.csv
LNG,ms_us_1d:us_LNG.csv
LNKS,ms_us_1d:us_LNKS.csv
LNN,ms_us_1d:us_LNN.csv
LNSR,ms_us_1d:us_LNSR.csv
LNT,ms_us_1d:us_LNT.csv
LNTH,ms_us_1d:us_LNTH.csv
LNZA,ms_us_1d:us_LNZA.csv
LOAC,ms_us_1d:us_LOAC.csv
LOAN,ms_us_1d:us_LOAN.csv
LOAR,ms_us_1d:us_LOAR.csv
LOB,ms_us_1d:us_LOB.csv
LOBO,ms_us_1d:us_LOBO.csv
LOCL,ms_us_1d:us_LOCL.csv
LOCO,ms_us_1d:us_LOCO.csv
LODE,ms_us_1d:us_LODE.csv
LOGI,ms_us_1d:us_LOGI.csv
LOGM,ms_us_1d:us_LOGM.csv
LONA,ms_us_1d:us_LONA.csv
LOOP,ms_us_1d:us_LOOP.csv
LOPE,ms_us_1d:us_LOPE.csv
LORL,ms_us_1d:us_LORL.csv
LOVE,ms_us_1d:us_LOVE.csv
LOW,ms_us_1d:us_LOW.csv
LOXO,ms_us_1d:us_LOXO.csv
LPA,ms_us_1d:us_LPA.csv
LPAA,ms_us_1d:us_LPAA.csv
LPBB,ms_us_1d:us_LPBB.csv
LPCN,ms_us_1d:us_LPCN.csv
LPCV,ms_us_1d:us_LPCV.csv
LPG,ms_us_1d:us_LPG.csv
LPL,ms_us_1d:us_LPL.csv
LPLA,ms_us_1d:us_LPLA.csv
LPNT,ms_us_1d:us_LPNT.csv
LPRO,ms_us_1d:us_LPRO.csv
LPSN,ms_us_1d:us_LPSN.csv
LPTH,ms_us_1d:us_LPTH.csv
LPX,ms_us_1d:us_LPX.csv
LQD,ms_us_1d:us_LQD.csv
LQDA,ms_us_1d:us_LQDA.csv
LQDT,ms_us_1d:us_LQDT.csv
LRCX,ms_us_1d:us_LRCX.csv
LRET,ms_us_1d:us_LRET.csv
LRHC,ms_us_1d:us_LRHC.csv
LRMR,ms_us_1d:us_LRMR.csv
LRN,ms_us_1d:us_LRN.csv
LSAK,ms_us_1d:us_LSAK.csv
LSBK,ms_us_1d:us_LSBK.csv
LSCC,ms_us_1d:us_LSCC.csv
LSE,ms_us_1d:us_LSE.csv
LSF,ms_us_1d:us_LSF.csv
LSH,ms_us_1d:us_LSH.csv
LSPD,ms_us_1d:us_LSPD.csv
LSTA,ms_us_1d:us_LSTA.csv
LSTR,ms_us_1d:us_LSTR.csv
LSVX,ms_us_1d:us_LSVX.csv
LTBR,ms_us_1d:us_LTBR.csv
LTC,ms_us_1d:us_LTC.csv
LTH,ms_us_1d:us_LTH.csv
LTL,ms_us_1d:us_LTL.csv
LTRN,ms_us_1d:us_LTRN.csv
LTRX,ms_us_1d:us_LTRX.csv
LTS,ms_us_1d:us_LTS.csv
LTXB,ms_us_1d:us_LTXB.csv
LUB,ms_us_1d:us_LUB.csv
LUCD,ms_us_1d:us_LUCD.csv
LUCK,ms_us_1d:us_LUCK.csv
LUCY,ms_us_1d:us_LUCY.csv
LUD,ms_us_1d:us_LUD.csv
LULU,ms_us_1d:us_LULU.csv
LUMN,ms_us_1d:us_LUMN.csv
LUNG,ms_us_1d:us_LUNG.csv
LUNR,ms_us_1d:us_LUNR.csv
LUV,ms_us_1d:us_LUV.csv
LVGO,ms_us_1d:us_LVGO.csv
LVLT,ms_us_1d:us_LVLT.csv
LVLU,ms_us_1d:us_LVLU.csv
LVO,ms_us_1d:us_LVO.csv
LVS,ms_us_1d:us_LVS.csv
LVWR,ms_us_1d:us_LVWR.csv
LW,ms_us_1d:us_LW.csv
LWAC,ms_us_1d:us_LWAC.csv
LWAY,ms_us_1d:us_LWAY.csv
LWLG,ms_us_1d:us_LWLG.csv
LXEO,ms_us_1d:us_LXEO.csv
LXFR,ms_us_1d:us_LXFR.csv
LXFT,ms_us_1d:us_LXFT.csv
LXRX,ms_us_1d:us_LXRX.csv
LXU,ms_us_1d:us_LXU.csv
LYB,ms_us_1d:us_LYB.csv
LYEL,ms_us_1d:us_LYEL.csv
LYFT,ms_us_1d:us_LYFT.csv
LYG,ms_us_1d:us_LYG.csv
LYTS,ms_us_1d:us_LYTS.csv
LYV,ms_us_1d:us_LYV.csv
LZ,ms_us_1d:us_LZ.csv
LZB,ms_us_1d:us_LZB.csv
LZM,ms_us_1d:us_LZM.csv
LZMH,ms_us_1d:us_LZMH.csv
M,ms_us_1d:us_M.csv
MA,ms_us_1d:us_MA.csv
MAA,ms_us_1d:us_MAA.csv
MAAS,ms_us_1d:us_MAAS.csv
MAB,ms_us_1d:us_MAB.csv
MAC,ms_us_1d:us_MAC.csv
MACI,ms_us_1d:us_MACI.csv
MACQ,ms_us_1d:us_MACQ.csv
MACU,ms_us_1d:us_MACU.csv
MAGH,ms_us_1d:us_MAGH.csv
MAGN,ms_us_1d:us_MAGN.csv
MAIA,ms_us_1d:us_MAIA.csv
MAIN,ms_us_1d:us_MAIN.csv
MAIR,ms_us_1d:us_MAIR.csv
MAKO,ms_us_1d:us_MAKO.csv
MAMA,ms_us_1d:us_MAMA.csv
MAMK,ms_us_1d:us_MAMK.csv
MAMO,ms_us_1d:us_MAMO.csv
MAMS,ms_us_1d:us_MAMS.csv
MAN,ms_us_1d:us_MAN.csv
MANE,ms_us_1d:us_MANE.csv
MANH,ms_us_1d:us_MANH.csv
MANT,ms_us_1d:us_MANT.csv
MAR,ms_us_1d:us_MAR.csv
MARA,ms_us_1d:us_MARA.csv
MAS,ms_us_1d:us_MAS.csv
MASK,ms_us_1d:us_MASK.csv
MASS,ms_us_1d:us_MASS.csv
MAT,ms_us_1d:us_MAT.csv
MATF,ms_us_1d:us_MATF.csv
MATH,ms_us_1d:us_MATH.csv
MATR,ms_us_1d:us_MATR.csv
MATV,ms_us_1d:us_MATV.csv
MATW,ms_us_1d:us_MATW.csv
MATX,ms_us_1d:us_MATX.csv
MAX,ms_us_1d:us_MAX.csv
MAYS,ms_us_1d:us_MAYS.csv
MAZE,ms_us_1d:us_MAZE.csv
MB,ms_us_1d:us_MB.csv
MBAI,ms_us_1d:us_MBAI.csv
MBAV,ms_us_1d:us_MBAV.csv
MBBC,ms_us_1d:us_MBBC.csv
MBC,ms_us_1d:us_MBC.csv
MBFI,ms_us_1d:us_MBFI.csv
MBI,ms_us_1d:us_MBI.csv
MBII,ms_us_1d:us_MBII.csv
MBIN,ms_us_1d:us_MBIN.csv
MBIO,ms_us_1d:us_MBIO.csv
MBLY,ms_us_1d:us_MBLY.csv
MBNAA,ms_us_1d:us_MBNAA.csv
MBNAB,ms_us_1d:us_MBNAB.csv
MBOT,ms_us_1d:us_MBOT.csv
MBRX,ms_us_1d:us_MBRX.csv
MBTF,ms_us_1d:us_MBTF.csv
MBUU,ms_us_1d:us_MBUU.csv
MBVI,ms_us_1d:us_MBVI.csv
MBWM,ms_us_1d:us_MBWM.csv
MBX,ms_us_1d:us_MBX.csv
MC,ms_us_1d:us_MC.csv
MCAH,ms_us_1d:us_MCAH.csv
MCB,ms_us_1d:us_MCB.csv
MCBS,ms_us_1d:us_MCBS.csv
MCD,ms_us_1d:us_MCD.csv
MCF,ms_us_1d:us_MCF.csv
MCFE,ms_us_1d:us_MCFE.csv
MCFT,ms_us_1d:us_MCFT.csv
MCGA,ms_us_1d:us_MCGA.csv
MCHB,ms_us_1d:us_MCHB.csv
MCHI,ms_us_1d:us_MCHI.csv
MCHP,ms_us_1d:us_MCHP.csv
MCHX,ms_us_1d:us_MCHX.csv
MCI,ms_us_1d:us_MCI.csv
MCK,ms_us_1d:us_MCK.csv
MCO,ms_us_1d:us_MCO.csv
MCRB,ms_us_1d:us_MCRB.csv
MCRI,ms_us_1d:us_MCRI.csv
MCRN,ms_us_1d:us_MCRN.csv
MCRP,ms_us_1d:us_MCRP.csv
MCS,ms_us_1d:us_MCS.csv
MCTA,ms_us_1d:us_MCTA.csv
MCY,ms_us_1d:us_MCY.csv
MD,ms_us_1d:us_MD.csv
MDA,ms_us_1d:us_MDA.csv
MDAI,ms_us_1d:us_MDAI.csv
MDB,ms_us_1d:us_MDB.csv
MDBH,ms_us_1d:us_MDBH.csv
MDCO,ms_us_1d:us_MDCO.csv
MDCX,ms_us_1d:us_MDCX.csv
MDGL,ms_us_1d:us_MDGL.csv
MDIA,ms_us_1d:us_MDIA.csv
MDLA,ms_us_1d:us_MDLA.csv
MDLN,ms_us_1d:us_MDLN.csv
MDLZ,ms_us_1d:us_MDLZ.csv
MDP,ms_us_1d:us_MDP.csv
MDRR,ms_us_1d:us_MDRR.csv
MDSO,ms_us_1d:us_MDSO.csv
MDT,ms_us_1d:us_MDT.csv
MDU,ms_us_1d:us_MDU.csv
MDV,ms_us_1d:us_MDV.csv
MDWD,ms_us_1d:us_MDWD.csv
MDXG,ms_us_1d:us_MDXG.csv
MDXH,ms_us_1d:us_MDXH.csv
MDY,ms_us_1d:us_MDY.csv
MEC,ms_us_1d:us_MEC.csv
MED,ms_us_1d:us_MED.csv
MEDP,ms_us_1d:us_MEDP.csv
MEET,ms_us_1d:us_MEET.csv
MEGL,ms_us_1d:us_MEGL.csv
MEI,ms_us_1d:us_MEI.csv
MELI,ms_us_1d:us_MELI.csv
MENS,ms_us_1d:us_MENS.csv
MEOH,ms_us_1d:us_MEOH.csv
MERC,ms_us_1d:us_MERC.csv
MESH,ms_us_1d:us_MESH.csv
MET,ms_us_1d:us_MET.csv
META,ms_us_1d:us_META.csv
METC,ms_us_1d:us_METC.csv
METCB,ms_us_1d:us_METCB.csv
MEVO,ms_us_1d:us_MEVO.csv
MFA,ms_us_1d:us_MFA.csv
MFAN,ms_us_1d:us_MFAN.csv
MFC,ms_us_1d:us_MFC.csv
MFCB,ms_us_1d:us_MFCB.csv
MFI,ms_us_1d:us_MFI.csv
MFIC,ms_us_1d:us_MFIC.csv
MFIN,ms_us_1d:us_MFIN.csv
MFNC,ms_us_1d:us_MFNC.csv
MFPVV,ms_us_1d:us_MFPVV.csv
MFSF,ms_us_1d:us_MFSF.csv
MG,ms_us_1d:us_MG.csv
MGA,ms_us_1d:us_MGA.csv
MGEE,ms_us_1d:us_MGEE.csv
MGIH,ms_us_1d:us_MGIH.csv
MGLD,ms_us_1d:us_MGLD.csv
MGLN,ms_us_1d:us_MGLN.csv
MGM,ms_us_1d:us_MGM.csv
MGN,ms_us_1d:us_MGN.csv
MGNI,ms_us_1d:us_MGNI.csv
MGNX,ms_us_1d:us_MGNX.csv
MGP,ms_us_1d:us_MGP.csv
MGPI,ms_us_1d:us_MGPI.csv
MGRC,ms_us_1d:us_MGRC.csv
MGRT,ms_us_1d:us_MGRT.csv
MGRX,ms_us_1d:us_MGRX.csv
MGTX,ms_us_1d:us_MGTX.csv
MGX,ms_us_1d:us_MGX.csv
MGY,ms_us_1d:us_MGY.csv
MGYR,ms_us_1d:us_MGYR.csv
MH,ms_us_1d:us_MH.csv
MHH,ms_us_1d:us_MHH.csv
MHK,ms_us_1d:us_MHK.csv
MHLA,ms_us_1d:us_MHLA.csv
MHNC,ms_us_1d:us_MHNC.csv
MHO,ms_us_1d:us_MHO.csv
MI,ms_us_1d:us_MI.csv
MIAX,ms_us_1d:us_MIAX.csv
MICC,ms_us_1d:us_MICC.csv
MIDD,ms_us_1d:us_MIDD.csv
MIDDV,ms_us_1d:us_MIDDV.csv
MIDZ,ms_us_1d:us_MIDZ.csv
MIK,ms_us_1d:us_MIK.csv
MILE,ms_us_1d:us_MILE.csv
MIME,ms_us_1d:us_MIME.csv
MIMI,ms_us_1d:us_MIMI.csv
MIND,ms_us_1d:us_MIND.csv
MINE,ms_us_1d:us_MINE.csv
MINI,ms_us_1d:us_MINI.csv
MIR,ms_us_1d:us_MIR.csv
MIRA,ms_us_1d:us_MIRA.csv
MIRM,ms_us_1d:us_MIRM.csv
MIST,ms_us_1d:us_MIST.csv
MITK,ms_us_1d:us_MITK.csv
MITL,ms_us_1d:us_MITL.csv
MITQ,ms_us_1d:us_MITQ.csv
MIW,ms_us_1d:us_MIW.csv
MJCO,ms_us_1d:us_MJCO.csv
MJJ,ms_us_1d:us_MJJ.csv
MJN,ms_us_1d:us_MJN.csv
MJO,ms_us_1d:us_MJO.csv
MKC,ms_us_1d:us_MKC.csv
MKC.V,ms_us_1d:us_MKC_V.csv
MKDW,ms_us_1d:us_MKDW.csv
MKL,ms_us_1d:us_MKL.csv
MKLY,ms_us_1d:us_MKLY.csv
MKSI,ms_us_1d:us_MKSI.csv
MKTW,ms_us_1d:us_MKTW.csv
MKTX,ms_us_1d:us_MKTX.csv
MKZR,ms_us_1d:us_MKZR.csv
MLAA,ms_us_1d:us_MLAA.csv
MLAB,ms_us_1d:us_MLAB.csv
MLCI,ms_us_1d:us_MLCI.csv
MLEC,ms_us_1d:us_MLEC.csv
MLGO,ms_us_1d:us_MLGO.csv
MLI,ms_us_1d:us_MLI.csv
MLKN,ms_us_1d:us_MLKN.csv
MLM,ms_us_1d:us_MLM.csv
MLNT,ms_us_1d:us_MLNT.csv
MLNX,ms_us_1d:us_MLNX.csv
MLP,ms_us_1d:us_MLP.csv
MLPB,ms_us_1d:us_MLPB.csv
MLPG,ms_us_1d:us_MLPG.csv
MLPQ,ms_us_1d:us_MLPQ.csv
MLPR,ms_us_1d:us_MLPR.csv
MLPS,ms_us_1d:us_MLPS.csv
MLPY,ms_us_1d:us_MLPY.csv
MLPZ,ms_us_1d:us_MLPZ.csv
MLQD,ms_us_1d:us_MLQD.csv
MLR,ms_us_1d:us_MLR.csv
MLSS,ms_us_1d:us_MLSS.csv
MLTI,ms_us_1d:us_MLTI.csv
MLTX,ms_us_1d:us_MLTX.csv
MLYS,ms_us_1d:us_MLYS.csv
MMA,ms_us_1d:us_MMA.csv
MMAC,ms_us_1d:us_MMAC.csv
MMC,ms_us_1d:us_MMC.csv
MMDM,ms_us_1d:us_MMDM.csv
MMED,ms_us_1d:us_MMED.csv
MMI,ms_us_1d:us_MMI.csv
MMLP,ms_us_1d:us_MMLP.csv
MMM,ms_us_1d:us_MMM.csv
MMS,ms_us_1d:us_MMS.csv
MMSI,ms_us_1d:us_MMSI.csv
MMTX,ms_us_1d:us_MMTX.csv
MMV,ms_us_1d:us_MMV.csv
MMYT,ms_us_1d:us_MMYT.csv
MNDO,ms_us_1d:us_MNDO.csv
MNDR,ms_us_1d:us_MNDR.csv
MNDT,ms_us_1d:us_MNDT.csv
MNDY,ms_us_1d:us_MNDY.csv
MNK,ms_us_1d:us_MNK.csv
MNKD,ms_us_1d:us_MNKD.csv
MNOV,ms_us_1d:us_MNOV.csv
MNPR,ms_us_1d:us_MNPR.csv
MNRO,ms_us_1d:us_MNRO.csv
MNSB,ms_us_1d:us_MNSB.csv
MNST,ms_us_1d:us_MNST.csv
MNTA,ms_us_1d:us_MNTA.csv
MNTK,ms_us_1d:us_MNTK.csv
MNTN,ms_us_1d:us_MNTN.csv
MNTS,ms_us_1d:us_MNTS.csv
MNY,ms_us_1d:us_MNY.csv
MO,ms_us_1d:us_MO.csv
MOB,ms_us_1d:us_MOB.csv
MOBI,ms_us_1d:us_MOBI.csv
MOBL,ms_us_1d:us_MOBL.csv
MOBX,ms_us_1d:us_MOBX.csv
MOC,ms_us_1d:us_MOC.csv
MOD,ms_us_1d:us_MOD.csv
MODD,ms_us_1d:us_MODD.csv
MOG.A,ms_us_1d:us_MOG_A.csv
MOG.B,ms_us_1d:us_MOG_B.csv
MOH,ms_us_1d:us_MOH.csv
MON,ms_us_1d:us_MON.csv
MORL,ms_us_1d:us_MORL.csv
MORN,ms_us_1d:us_MORN.csv
MOS,ms_us_1d:us_MOS.csv
MOV,ms_us_1d:us_MOV.csv
MOVE,ms_us_1d:us_MOVE.csv
MP,ms_us_1d:us_MP.csv
MPAA,ms_us_1d:us_MPAA.csv
MPB,ms_us_1d:us_MPB.csv
MPC,ms_us_1d:us_MPC.csv
MPLT,ms_us_1d:us_MPLT.csv
MPLX,ms_us_1d:us_MPLX.csv
MPTI,ms_us_1d:us_MPTI.csv
MPU,ms_us_1d:us_MPU.csv
MPV,ms_us_1d:us_MPV.csv
MPWR,ms_us_1d:us_MPWR.csv
MQ,ms_us_1d:us_MQ.csv
MR,ms_us_1d:us_MR.csv
MRAM,ms_us_1d:us_MRAM.csv
MRBK,ms_us_1d:us_MRBK.csv
MRCY,ms_us_1d:us_MRCY.csv
MRDN,ms_us_1d:us_MRDN.csv
MRK,ms_us_1d:us_MRK.csv
MRKR,ms_us_1d:us_MRKR.csv
MRLN,ms_us_1d:us_MRLN.csv
MRNA,ms_us_1d:us_MRNA.csv
MRNO,ms_us_1d:us_MRNO.csv
MRO,ms_us_1d:us_MRO.csv
MRP,ms_us_1d:us_MRP.csv
MRRL,ms_us_1d:us_MRRL.csv
MRSH,ms_us_1d:us_MRSH.csv
MRT,ms_us_1d:us_MRT.csv
MRTN,ms_us_1d:us_MRTN.csv
MRVI,ms_us_1d:us_MRVI.csv
MRVL,ms_us_1d:us_MRVL.csv
MRX,ms_us_1d:us_MRX.csv
MS,ms_us_1d:us_MS.csv
MSA,ms_us_1d:us_MSA.csv
MSAI,ms_us_1d:us_MSAI.csv
MSBF,ms_us_1d:us_MSBF.csv
MSBI,ms_us_1d:us_MSBI.csv
MSCI,ms_us_1d:us_MSCI.csv
MSEX,ms_us_1d:us_MSEX.csv
MSF,ms_us_1d:us_MSF.csv
MSFT,ms_us_1d:us_MSFT.csv
MSGE,ms_us_1d:us_MSGE.csv
MSGM,ms_us_1d:us_MSGM.csv
MSGN,ms_us_1d:us_MSGN.csv
MSGS,ms_us_1d:us_MSGS.csv
MSGY,ms_us_1d:us_MSGY.csv
MSI,ms_us_1d:us_MSI.csv
MSL,ms_us_1d:us_MSL.csv
MSLE,ms_us_1d:us_MSLE.csv
MSM,ms_us_1d:us_MSM.csv
MSN,ms_us_1d:us_MSN.csv
MSON,ms_us_1d:us_MSON.csv
MSP,ms_us_1d:us_MSP.csv
MSS,ms_us_1d:us_MSS.csv
MSTR,ms_us_1d:us_MSTR.csv
MSW,ms_us_1d:us_MSW.csv
MT,ms_us_1d:us_MT.csv
MTA,ms_us_1d:us_MTA.csv
MTAL,ms_us_1d:us_MTAL.csv
MTB,ms_us_1d:us_MTB.csv
MTC,ms_us_1d:us_MTC.csv
MTCH,ms_us_1d:us_MTCH.csv
MTD,ms_us_1d:us_MTD.csv
MTDR,ms_us_1d:us_MTDR.csv
MTEC,ms_us_1d:us_MTEC.csv
MTECU,ms_us_1d:us_MTECU.csv
MTEK,ms_us_1d:us_MTEK.csv
MTEN,ms_us_1d:us_MTEN.csv
MTEX,ms_us_1d:us_MTEX.csv
MTFB,ms_us_1d:us_MTFB.csv
MTG,ms_us_1d:us_MTG.csv
MTGE,ms_us_1d:us_MTGE.csv
MTH,ms_us_1d:us_MTH.csv
MTN,ms_us_1d:us_MTN.csv
MTNB,ms_us_1d:us_MTNB.csv
MTNE,ms_us_1d:us_MTNE.csv
MTOR,ms_us_1d:us_MTOR.csv
MTRN,ms_us_1d:us_MTRN.csv
MTRX,ms_us_1d:us_MTRX.csv
MTSC,ms_us_1d:us_MTSC.csv
MTSI,ms_us_1d:us_MTSI.csv
MTUL,ms_us_1d:us_MTUL.csv
MTUM,ms_us_1d:us_MTUM.csv
MTUS,ms_us_1d:us_MTUS.csv
MTVA,ms_us_1d:us_MTVA.csv
MTW,ms_us_1d:us_MTW.csv
MTX,ms_us_1d:us_MTX.csv
MTZ,ms_us_1d:us_MTZ.csv
MU,ms_us_1d:us_MU.csv
MUDS,ms_us_1d:us_MUDS.csv
MUFG,ms_us_1d:us_MUFG.csv
MUR,ms_us_1d:us_MUR.csv
MUSA,ms_us_1d:us_MUSA.csv
MUTE,ms_us_1d:us_MUTE.csv
MUX,ms_us_1d:us_MUX.csv
MUZE,ms_us_1d:us_MUZE.csv
MVBF,ms_us_1d:us_MVBF.csv
MVC,ms_us_1d:us_MVC.csv
MVIS,ms_us_1d:us_MVIS.csv
MVRL,ms_us_1d:us_MVRL.csv
MVST,ms_us_1d:us_MVST.csv
MVV,ms_us_1d:us_MVV.csv
MWA,ms_us_1d:us_MWA.csv
MWG,ms_us_1d:us_MWG.csv
MWH,ms_us_1d:us_MWH.csv
MWYN,ms_us_1d:us_MWYN.csv
MX,ms_us_1d:us_MX.csv
MXC,ms_us_1d:us_MXC.csv
MXCT,ms_us_1d:us_MXCT.csv
MXIM,ms_us_1d:us_MXIM.csv
MXL,ms_us_1d:us_MXL.csv
MXWL,ms_us_1d:us_MXWL.csv
MYE,ms_us_1d:us_MYE.csv
MYFW,ms_us_1d:us_MYFW.csv
MYGN,ms_us_1d:us_MYGN.csv
MYL,ms_us_1d:us_MYL.csv
MYO,ms_us_1d:us_MYO.csv
MYOK,ms_us_1d:us_MYOK.csv
MYPS,ms_us_1d:us_MYPS.csv
MYRG,ms_us_1d:us_MYRG.csv
MYSE,ms_us_1d:us_MYSE.csv
MYSZ,ms_us_1d:us_MYSZ.csv
MYX,ms_us_1d:us_MYX.csv
MYY,ms_us_1d:us_MYY.csv
MZF,ms_us_1d:us_MZF.csv
MZOR,ms_us_1d:us_MZOR.csv
MZTI,ms_us_1d:us_MZTI.csv
MZYX,ms_us_1d:us_MZYX.csv
MZZ,ms_us_1d:us_MZZ.csv
NA,ms_us_1d:us_NA.csv
NABL,ms_us_1d:us_NABL.csv
NAGE,ms_us_1d:us_NAGE.csv
NAII,ms_us_1d:us_NAII.csv
NAK,ms_us_1d:us_NAK.csv
NAKA,ms_us_1d:us_NAKA.csv
NAMM,ms_us_1d:us_NAMM.csv
NAMS,ms_us_1d:us_NAMS.csv
NAO,ms_us_1d:us_NAO.csv
NAP,ms_us_1d:us_NAP.csv
NAT,ms_us_1d:us_NAT.csv
NATH,ms_us_1d:us_NATH.csv
NATL,ms_us_1d:us_NATL.csv
NATR,ms_us_1d:us_NATR.csv
NAUT,ms_us_1d:us_NAUT.csv
NAV,ms_us_1d:us_NAV.csv
NAVG,ms_us_1d:us_NAVG.csv
NAVI,ms_us_1d:us_NAVI.csv
NAVN,ms_us_1d:us_NAVN.csv
NB,ms_us_1d:us_NB.csv
NBBK,ms_us_1d:us_NBBK.csv
NBD,ms_us_1d:us_NBD.csv
NBHC,ms_us_1d:us_NBHC.csv
NBIS,ms_us_1d:us_NBIS.csv
NBIX,ms_us_1d:us_NBIX.csv
NBL,ms_us_1d:us_NBL.csv
NBN,ms_us_1d:us_NBN.csv
NBR,ms_us_1d:us_NBR.csv
NBRG,ms_us_1d:us_NBRG.csv
NBTB,ms_us_1d:us_NBTB.csv
NC,ms_us_1d:us_NC.csv
NCDL,ms_us_1d:us_NCDL.csv
NCEL,ms_us_1d:us_NCEL.csv
NCEW,ms_us_1d:us_NCEW.csv
NCI,ms_us_1d:us_NCI.csv
NCL,ms_us_1d:us_NCL.csv
NCLH,ms_us_1d:us_NCLH.csv
NCMI,ms_us_1d:us_NCMI.csv
NCNO,ms_us_1d:us_NCNO.csv
NCOM,ms_us_1d:us_NCOM.csv
NCPL,ms_us_1d:us_NCPL.csv
NCRA,ms_us_1d:us_NCRA.csv
NCSM,ms_us_1d:us_NCSM.csv
NCT,ms_us_1d:us_NCT.csv
NCTY,ms_us_1d:us_NCTY.csv
NDAQ,ms_us_1d:us_NDAQ.csv
NDLS,ms_us_1d:us_NDLS.csv
NDRA,ms_us_1d:us_NDRA.csv
NDSN,ms_us_1d:us_NDSN.csv
NE,ms_us_1d:us_NE.csv
NEE,ms_us_1d:us_NEE.csv
NEED,ms_us_1d:us_NEED.csv
NEGG,ms_us_1d:us_NEGG.csv
NEM,ms_us_1d:us_NEM.csv
NEN,ms_us_1d:us_NEN.csv
NEO,ms_us_1d:us_NEO.csv
NEOG,ms_us_1d:us_NEOG.csv
NEON,ms_us_1d:us_NEON.csv
NEOS,ms_us_1d:us_NEOS.csv
NEOV,ms_us_1d:us_NEOV.csv
NEPH,ms_us_1d:us_NEPH.csv
NERV,ms_us_1d:us_NERV.csv
NES,ms_us_1d:us_NES.csv
NET,ms_us_1d:us_NET.csv
NETS,ms_us_1d:us_NETS.csv
NEU,ms_us_1d:us_NEU.csv
NEUP,ms_us_1d:us_NEUP.csv
NEWA,ms_us_1d:us_NEWA.csv
NEWM,ms_us_1d:us_NEWM.csv
NEWP,ms_us_1d:us_NEWP.csv
NEWT,ms_us_1d:us_NEWT.csv
NEXA,ms_us_1d:us_NEXA.csv
NEXM,ms_us_1d:us_NEXM.csv
NEXN,ms_us_1d:us_NEXN.csv
NEXR,ms_us_1d:us_NEXR.csv
NEXT,ms_us_1d:us_NEXT.csv
NFBK,ms_us_1d:us_NFBK.csv
NFC,ms_us_1d:us_NFC.csv
NFE,ms_us_1d:us_NFE.csv
NFG,ms_us_1d:us_NFG.csv
NFGC,ms_us_1d:us_NFGC.csv
NFH,ms_us_1d:us_NFH.csv
NFLX,ms_us_1d:us_NFLX.csv
NFX,ms_us_1d:us_NFX.csv
NG,ms_us_1d:us_NG.csv
NGEN,ms_us_1d:us_NGEN.csv
NGG,ms_us_1d:us_NGG.csv
NGHC,ms_us_1d:us_NGHC.csv
NGL,ms_us_1d:us_NGL.csv
NGNE,ms_us_1d:us_NGNE.csv
NGS,ms_us_1d:us_NGS.csv
NGVC,ms_us_1d:us_NGVC.csv
NGVT,ms_us_1d:us_NGVT.csv
NHC,ms_us_1d:us_NHC.csv
NHI,ms_us_1d:us_NHI.csv
NHIC,ms_us_1d:us_NHIC.csv
NHIV,ms_us_1d:us_NHIV.csv
NHLD,ms_us_1d:us_NHLD.csv
NHP,ms_us_1d:us_NHP.csv
NHTC,ms_us_1d:us_NHTC.csv
NI,ms_us_1d:us_NI.csv
NIC,ms_us_1d:us_NIC.csv
NIHD,ms_us_1d:us_NIHD.csv
NINE,ms_us_1d:us_NINE.csv
NIQ,ms_us_1d:us_NIQ.csv
NIVF,ms_us_1d:us_NIVF.csv
NIXX,ms_us_1d:us_NIXX.csv
NJR,ms_us_1d:us_NJR.csv
NKE,ms_us_1d:us_NKE.csv
NKLR,ms_us_1d:us_NKLR.csv
NKSH,ms_us_1d:us_NKSH.csv
NKTR,ms_us_1d:us_NKTR.csv
NKTX,ms_us_1d:us_NKTX.csv
NL,ms_us_1d:us_NL.csv
NLOK,ms_us_1d:us_NLOK.csv
NLOP,ms_us_1d:us_NLOP.csv
NLSN,ms_us_1d:us_NLSN.csv
NLY,ms_us_1d:us_NLY.csv
NMAX,ms_us_1d:us_NMAX.csv
NMFC,ms_us_1d:us_NMFC.csv
NMG,ms_us_1d:us_NMG.csv
NMI,ms_us_1d:us_NMI.csv
NMIH,ms_us_1d:us_NMIH.csv
NMM,ms_us_1d:us_NMM.csv
NMP,ms_us_1d:us_NMP.csv
NMR,ms_us_1d:us_NMR.csv
NMRA,ms_us_1d:us_NMRA.csv
NMRK,ms_us_1d:us_NMRK.csv
NMTC,ms_us_1d:us_NMTC.csv
NN,ms_us_1d:us_NN.csv
NNA,ms_us_1d:us_NNA.csv
NNBR,ms_us_1d:us_NNBR.csv
NNE,ms_us_1d:us_NNE.csv
NNI,ms_us_1d:us_NNI.csv
NNN,ms_us_1d:us_NNN.csv
NNNN,ms_us_1d:us_NNNN.csv
NNOX,ms_us_1d:us_NNOX.csv
NNVC,ms_us_1d:us_NNVC.csv
NOA,ms_us_1d:us_NOA.csv
NOC,ms_us_1d:us_NOC.csv
NODK,ms_us_1d:us_NODK.csv
NOEM,ms_us_1d:us_NOEM.csv
NOG,ms_us_1d:us_NOG.csv
NOK,ms_us_1d:us_NOK.csv
NOMA,ms_us_1d:us_NOMA.csv
NOMD,ms_us_1d:us_NOMD.csv
NOV,ms_us_1d:us_NOV.csv
NOVT,ms_us_1d:us_NOVT.csv
NOW,ms_us_1d:us_NOW.csv
NP,ms_us_1d:us_NP.csv
NPAC,ms_us_1d:us_NPAC.csv
NPB,ms_us_1d:us_NPB.csv
NPCE,ms_us_1d:us_NPCE.csv
NPK,ms_us_1d:us_NPK.csv
NPKI,ms_us_1d:us_NPKI.csv
NPO,ms_us_1d:us_NPO.csv
NPT,ms_us_1d:us_NPT.csv
NPTN,ms_us_1d:us_NPTN.csv
NPWR,ms_us_1d:us_NPWR.csv
NRC,ms_us_1d:us_NRC.csv
NRCG,ms_us_1d:us_NRCG.csv
NRDS,ms_us_1d:us_NRDS.csv
NRDY,ms_us_1d:us_NRDY.csv
NRE,ms_us_1d:us_NRE.csv
NREF,ms_us_1d:us_NREF.csv
NRG,ms_us_1d:us_NRG.csv
NRGD,ms_us_1d:us_NRGD.csv
NRGO,ms_us_1d:us_NRGO.csv
NRGU,ms_us_1d:us_NRGU.csv
NRGV,ms_us_1d:us_NRGV.csv
NRGZ,ms_us_1d:us_NRGZ.csv
NRIM,ms_us_1d:us_NRIM.csv
NRIX,ms_us_1d:us_NRIX.csv
NRP,ms_us_1d:us_NRP.csv
NRSN,ms_us_1d:us_NRSN.csv
NRXP,ms_us_1d:us_NRXP.csv
NRXS,ms_us_1d:us_NRXS.csv
NSC,ms_us_1d:us_NSC.csv
NSEC,ms_us_1d:us_NSEC.csv
NSIT,ms_us_1d:us_NSIT.csv
NSP,ms_us_1d:us_NSP.csv
NSPR,ms_us_1d:us_NSPR.csv
NSR,ms_us_1d:us_NSR.csv
NSRX,ms_us_1d:us_NSRX.csv
NSSC,ms_us_1d:us_NSSC.csv
NSTS,ms_us_1d:us_NSTS.csv
NSU,ms_us_1d:us_NSU.csv
NSYS,ms_us_1d:us_NSYS.csv
NTAP,ms_us_1d:us_NTAP.csv
NTB,ms_us_1d:us_NTB.csv
NTCL,ms_us_1d:us_NTCL.csv
NTCT,ms_us_1d:us_NTCT.csv
NTGN,ms_us_1d:us_NTGN.csv
NTGR,ms_us_1d:us_NTGR.csv
NTHI,ms_us_1d:us_NTHI.csv
NTIC,ms_us_1d:us_NTIC.csv
NTIP,ms_us_1d:us_NTIP.csv
NTLA,ms_us_1d:us_NTLA.csv
NTNX,ms_us_1d:us_NTNX.csv
NTR,ms_us_1d:us_NTR.csv
NTRA,ms_us_1d:us_NTRA.csv
NTRB,ms_us_1d:us_NTRB.csv
NTRI,ms_us_1d:us_NTRI.csv
NTRP,ms_us_1d:us_NTRP.csv
NTRS,ms_us_1d:us_NTRS.csv
NTSK,ms_us_1d:us_NTSK.csv
NTST,ms_us_1d:us_NTST.csv
NTUS,ms_us_1d:us_NTUS.csv
NTWK,ms_us_1d:us_NTWK.csv
NTWO,ms_us_1d:us_NTWO.csv
NTZ,ms_us_1d:us_NTZ.csv
NU,ms_us_1d:us_NU.csv
NUAI,ms_us_1d:us_NUAI.csv
NUAN,ms_us_1d:us_NUAN.csv
NUCL,ms_us_1d:us_NUCL.csv
NUE,ms_us_1d:us_NUE.csv
NUS,ms_us_1d:us_NUS.csv
NUTR,ms_us_1d:us_NUTR.csv
NUTX,ms_us_1d:us_NUTX.csv
NUVB,ms_us_1d:us_NUVB.csv
NUVL,ms_us_1d:us_NUVL.csv
NUVO,ms_us_1d:us_NUVO.csv
NUWE,ms_us_1d:us_NUWE.csv
NVA,ms_us_1d:us_NVA.csv
NVAX,ms_us_1d:us_NVAX.csv
NVCR,ms_us_1d:us_NVCR.csv
NVCT,ms_us_1d:us_NVCT.csv
NVDA,ms_us_1d:us_NVDA.csv
NVDB,ms_us_1d:us_NVDB.csv
NVEC,ms_us_1d:us_NVEC.csv
NVGS,ms_us_1d:us_NVGS.csv
NVMI,ms_us_1d:us_NVMI.csv
NVMM,ms_us_1d:us_NVMM.csv
NVNI,ms_us_1d:us_NVNI.csv
NVNO,ms_us_1d:us_NVNO.csv
NVO,ms_us_1d:us_NVO.csv
NVOH,ms_us_1d:us_NVOH.csv
NVR,ms_us_1d:us_NVR.csv
NVRI,ms_us_1d:us_NVRI.csv
NVS,ms_us_1d:us_NVS.csv
NVST,ms_us_1d:us_NVST.csv
NVT,ms_us_1d:us_NVT.csv
NVTS,ms_us_1d:us_NVTS.csv
NVVE,ms_us_1d:us_NVVE.csv
NVX,ms_us_1d:us_NVX.csv
NWAX,ms_us_1d:us_NWAX.csv
NWBI,ms_us_1d:us_NWBI.csv
NWE,ms_us_1d:us_NWE.csv
NWFL,ms_us_1d:us_NWFL.csv
NWHM,ms_us_1d:us_NWHM.csv
NWL,ms_us_1d:us_NWL.csv
NWN,ms_us_1d:us_NWN.csv
NWPX,ms_us_1d:us_NWPX.csv
NWS,ms_us_1d:us_NWS.csv
NWSA,ms_us_1d:us_NWSA.csv
NWTG,ms_us_1d:us_NWTG.csv
NWY,ms_us_1d:us_NWY.csv
NX,ms_us_1d:us_NX.csv
NXB,ms_us_1d:us_NXB.csv
NXDR,ms_us_1d:us_NXDR.csv
NXE,ms_us_1d:us_NXE.csv
NXEO,ms_us_1d:us_NXEO.csv
NXEOU,ms_us_1d:us_NXEOU.csv
NXGL,ms_us_1d:us_NXGL.csv
NXL,ms_us_1d:us_NXL.csv
NXP,ms_us_1d:us_NXP.csv
NXPI,ms_us_1d:us_NXPI.csv
NXPL,ms_us_1d:us_NXPL.csv
NXQ,ms_us_1d:us_NXQ.csv
NXR,ms_us_1d:us_NXR.csv
NXST,ms_us_1d:us_NXST.csv
NXT,ms_us_1d:us_NXT.csv
NXTC,ms_us_1d:us_NXTC.csv
NXTM,ms_us_1d:us_NXTM.csv
NXTS,ms_us_1d:us_NXTS.csv
NXTT,ms_us_1d:us_NXTT.csv
NXXT,ms_us_1d:us_NXXT.csv
NYAX,ms_us_1d:us_NYAX.csv
NYC,ms_us_1d:us_NYC.csv
NYH,ms_us_1d:us_NYH.csv
NYRT,ms_us_1d:us_NYRT.csv
NYT,ms_us_1d:us_NYT.csv
NYXH,ms_us_1d:us_NYXH.csv
O,ms_us_1d:us_O.csv
OABI,ms_us_1d:us_OABI.csv
OAC.U,ms_us_1d:us_OAC_U.csv
OACC,ms_us_1d:us_OACC.csv
OAK,ms_us_1d:us_OAK.csv
OASI,ms_us_1d:us_OASI.csv
OBA,ms_us_1d:us_OBA.csv
OBAI,ms_us_1d:us_OBAI.csv
OBAS,ms_us_1d:us_OBAS.csv
OBCI,ms_us_1d:us_OBCI.csv
OBDC,ms_us_1d:us_OBDC.csv
OBE,ms_us_1d:us_OBE.csv
OBIO,ms_us_1d:us_OBIO.csv
OBK,ms_us_1d:us_OBK.csv
OBT,ms_us_1d:us_OBT.csv
OC,ms_us_1d:us_OC.csv
OCA,ms_us_1d:us_OCA.csv
OCC,ms_us_1d:us_OCC.csv
OCCI,ms_us_1d:us_OCCI.csv
OCDX,ms_us_1d:us_OCDX.csv
OCFC,ms_us_1d:us_OCFC.csv
OCG,ms_us_1d:us_OCG.csv
OCGN,ms_us_1d:us_OCGN.csv
OCIP,ms_us_1d:us_OCIP.csv
OCLR,ms_us_1d:us_OCLR.csv
OCS,ms_us_1d:us_OCS.csv
OCSI,ms_us_1d:us_OCSI.csv
OCSL,ms_us_1d:us_OCSL.csv
OCTV,ms_us_1d:us_OCTV.csv
OCUL,ms_us_1d:us_OCUL.csv
ODC,ms_us_1d:us_ODC.csv
ODD,ms_us_1d:us_ODD.csv
ODFL,ms_us_1d:us_ODFL.csv
ODTX,ms_us_1d:us_ODTX.csv
ODV,ms_us_1d:us_ODV.csv
ODYS,ms_us_1d:us_ODYS.csv
OEC,ms_us_1d:us_OEC.csv
OESX,ms_us_1d:us_OESX.csv
OEW,ms_us_1d:us_OEW.csv
OFAL,ms_us_1d:us_OFAL.csv
OFG,ms_us_1d:us_OFG.csv
OFIX,ms_us_1d:us_OFIX.csv
OFLX,ms_us_1d:us_OFLX.csv
OFRM,ms_us_1d:us_OFRM.csv
OFS,ms_us_1d:us_OFS.csv
OGC,ms_us_1d:us_OGC.csv
OGCP,ms_us_1d:us_OGCP.csv
OGE,ms_us_1d:us_OGE.csv
OGEN,ms_us_1d:us_OGEN.csv
OGI,ms_us_1d:us_OGI.csv
OGN,ms_us_1d:us_OGN.csv
OGS,ms_us_1d:us_OGS.csv
OHAC,ms_us_1d:us_OHAC.csv
OHAI,ms_us_1d:us_OHAI.csv
OHI,ms_us_1d:us_OHI.csv
OHRP,ms_us_1d:us_OHRP.csv
OI,ms_us_1d:us_OI.csv
OII,ms_us_1d:us_OII.csv
OIIL,ms_us_1d:us_OIIL.csv
OIL,ms_us_1d:us_OIL.csv
OILD,ms_us_1d:us_OILD.csv
OILU,ms_us_1d:us_OILU.csv
OILX,ms_us_1d:us_OILX.csv
OIM,ms_us_1d:us_OIM.csv
OIO,ms_us_1d:us_OIO.csv
OIS,ms_us_1d:us_OIS.csv
OKE,ms_us_1d:us_OKE.csv
OKLO,ms_us_1d:us_OKLO.csv
OKTA,ms_us_1d:us_OKTA.csv
OKUR,ms_us_1d:us_OKUR.csv
OKYO,ms_us_1d:us_OKYO.csv
OLB,ms_us_1d:us_OLB.csv
OLBK,ms_us_1d:us_OLBK.csv
OLED,ms_us_1d:us_OLED.csv
OLLI,ms_us_1d:us_OLLI.csv
OLMA,ms_us_1d:us_OLMA.csv
OLN,ms_us_1d:us_OLN.csv
OLOX,ms_us_1d:us_OLOX.csv
OLP,ms_us_1d:us_OLP.csv
OLPX,ms_us_1d:us_OLPX.csv
OM,ms_us_1d:us_OM.csv
OMAB,ms_us_1d:us_OMAB.csv
OMAD,ms_us_1d:us_OMAD.csv
OMC,ms_us_1d:us_OMC.csv
OMCL,ms_us_1d:us_OMCL.csv
OMDA,ms_us_1d:us_OMDA.csv
OMED,ms_us_1d:us_OMED.csv
OMER,ms_us_1d:us_OMER.csv
OMEX,ms_us_1d:us_OMEX.csv
OMF,ms_us_1d:us_OMF.csv
OMH,ms_us_1d:us_OMH.csv
OMN,ms_us_1d:us_OMN.csv
OMSE,ms_us_1d:us_OMSE.csv
ON,ms_us_1d:us_ON.csv
ONB,ms_us_1d:us_ONB.csv
ONCE,ms_us_1d:us_ONCE.csv
ONCH,ms_us_1d:us_ONCH.csv
ONCO,ms_us_1d:us_ONCO.csv
ONCY,ms_us_1d:us_ONCY.csv
ONDK,ms_us_1d:us_ONDK.csv
ONDS,ms_us_1d:us_ONDS.csv
ONEG,ms_us_1d:us_ONEG.csv
ONEW,ms_us_1d:us_ONEW.csv
ONFO,ms_us_1d:us_ONFO.csv
ONIT,ms_us_1d:us_ONIT.csv
ONL,ms_us_1d:us_ONL.csv
ONMD,ms_us_1d:us_ONMD.csv
ONON,ms_us_1d:us_ONON.csv
ONS,ms_us_1d:us_ONS.csv
ONT,ms_us_1d:us_ONT.csv
ONTL,ms_us_1d:us_ONTL.csv
ONTO,ms_us_1d:us_ONTO.csv
OOMA,ms_us_1d:us_OOMA.csv
OPAD,ms_us_1d:us_OPAD.csv
OPAL,ms_us_1d:us_OPAL.csv
OPB,ms_us_1d:us_OPB.csv
OPBK,ms_us_1d:us_OPBK.csv
OPCH,ms_us_1d:us_OPCH.csv
OPEN,ms_us_1d:us_OPEN.csv
OPFI,ms_us_1d:us_OPFI.csv
OPHC,ms_us_1d:us_OPHC.csv
OPHT,ms_us_1d:us_OPHT.csv
OPK,ms_us_1d:us_OPK.csv
OPLN,ms_us_1d:us_OPLN.csv
OPRT,ms_us_1d:us_OPRT.csv
OPRX,ms_us_1d:us_OPRX.csv
OPTH,ms_us_1d:us_OPTH.csv
OPTT,ms_us_1d:us_OPTT.csv
OPTU,ms_us_1d:us_OPTU.csv
OPTX,ms_us_1d:us_OPTX.csv
OPXS,ms_us_1d:us_OPXS.csv
OPY,ms_us_1d:us_OPY.csv
OR,ms_us_1d:us_OR.csv
ORA,ms_us_1d:us_ORA.csv
ORBC,ms_us_1d:us_ORBC.csv
ORBK,ms_us_1d:us_ORBK.csv
ORBS,ms_us_1d:us_ORBS.csv
ORC,ms_us_1d:us_ORC.csv
ORCL,ms_us_1d:us_ORCL.csv
ORGN,ms_us_1d:us_ORGN.csv
ORGO,ms_us_1d:us_ORGO.csv
ORI,ms_us_1d:us_ORI.csv
ORIC,ms_us_1d:us_ORIC.csv
ORIG,ms_us_1d:us_ORIG.csv
ORIO,ms_us_1d:us_ORIO.csv
ORIQ,ms_us_1d:us_ORIQ.csv
ORIT,ms_us_1d:us_ORIT.csv
ORKA,ms_us_1d:us_ORKA.csv
ORKT,ms_us_1d:us_ORKT.csv
ORLA,ms_us_1d:us_ORLA.csv
ORLY,ms_us_1d:us_ORLY.csv
ORM,ms_us_1d:us_ORM.csv
ORMP,ms_us_1d:us_ORMP.csv
ORN,ms_us_1d:us_ORN.csv
ORPN,ms_us_1d:us_ORPN.csv
ORRF,ms_us_1d:us_ORRF.csv
OSB,ms_us_1d:us_OSB.csv
OSBC,ms_us_1d:us_OSBC.csv
OSCR,ms_us_1d:us_OSCR.csv
OSG,ms_us_1d:us_OSG.csv
OSIR,ms_us_1d:us_OSIR.csv
OSIS,ms_us_1d:us_OSIS.csv
OSK,ms_us_1d:us_OSK.csv
OSPN,ms_us_1d:us_OSPN.csv
OSRH,ms_us_1d:us_OSRH.csv
OSS,ms_us_1d:us_OSS.csv
OST,ms_us_1d:us_OST.csv
OSTX,ms_us_1d:us_OSTX.csv
OSUR,ms_us_1d:us_OSUR.csv
OSW,ms_us_1d:us_OSW.csv
OTAI,ms_us_1d:us_OTAI.csv
OTEL,ms_us_1d:us_OTEL.csv
OTEX,ms_us_1d:us_OTEX.csv
OTF,ms_us_1d:us_OTF.csv
OTGA,ms_us_1d:us_OTGA.csv
OTIS,ms_us_1d:us_OTIS.csv
OTLK,ms_us_1d:us_OTLK.csv
OTTR,ms_us_1d:us_OTTR.csv
OUST,ms_us_1d:us_OUST.csv
OUT,ms_us_1d:us_OUT.csv
OVBC,ms_us_1d:us_OVBC.csv
OVID,ms_us_1d:us_OVID.csv
OVLC,ms_us_1d:us_OVLC.csv
OVLY,ms_us_1d:us_OVLY.csv
OVV,ms_us_1d:us_OVV.csv
OWL,ms_us_1d:us_OWL.csv
OWLS,ms_us_1d:us_OWLS.csv
OWLT,ms_us_1d:us_OWLT.csv
OXBR,ms_us_1d:us_OXBR.csv
OXFD,ms_us_1d:us_OXFD.csv
OXLC,ms_us_1d:us_OXLC.csv
OXM,ms_us_1d:us_OXM.csv
OXSQ,ms_us_1d:us_OXSQ.csv
OXY,ms_us_1d:us_OXY.csv
OYSE,ms_us_1d:us_OYSE.csv
OZK,ms_us_1d:us_OZK.csv
P,ms_us_1d:us_P.csv
PAAC,ms_us_1d:us_PAAC.csv
PAAS,ms_us_1d:us_PAAS.csv
PAC,ms_us_1d:us_PAC.csv
PACB,ms_us_1d:us_PACB.csv
PACH,ms_us_1d:us_PACH.csv
PACK,ms_us_1d:us_PACK.csv
PACQ,ms_us_1d:us_PACQ.csv
PACS,ms_us_1d:us_PACS.csv
PAE,ms_us_1d:us_PAE.csv
PAF,ms_us_1d:us_PAF.csv
PAG,ms_us_1d:us_PAG.csv
PAGG,ms_us_1d:us_PAGG.csv
PAGS,ms_us_1d:us_PAGS.csv
PAHC,ms_us_1d:us_PAHC.csv
PAII,ms_us_1d:us_PAII.csv
PAL,ms_us_1d:us_PAL.csv
PALI,ms_us_1d:us_PALI.csv
PALL,ms_us_1d:us_PALL.csv
PALO,ms_us_1d:us_PALO.csv
PAM,ms_us_1d:us_PAM.csv
PAMT,ms_us_1d:us_PAMT.csv
PAND,ms_us_1d:us_PAND.csv
PANL,ms_us_1d:us_PANL.csv
PANW,ms_us_1d:us_PANW.csv
PAPL,ms_us_1d:us_PAPL.csv
PAR,ms_us_1d:us_PAR.csv
PARA,ms_us_1d:us_PARA.csv
PARK,ms_us_1d:us_PARK.csv
PARR,ms_us_1d:us_PARR.csv
PASG,ms_us_1d:us_PASG.csv
PASS,ms_us_1d:us_PASS.csv
PASW,ms_us_1d:us_PASW.csv
PATH,ms_us_1d:us_PATH.csv
PATK,ms_us_1d:us_PATK.csv
PAVM,ms_us_1d:us_PAVM.csv
PAVS,ms_us_1d:us_PAVS.csv
PAX,ms_us_1d:us_PAX.csv
PAY,ms_us_1d:us_PAY.csv
PAYC,ms_us_1d:us_PAYC.csv
PAYO,ms_us_1d:us_PAYO.csv
PAYP,ms_us_1d:us_PAYP.csv
PAYS,ms_us_1d:us_PAYS.csv
PAYX,ms_us_1d:us_PAYX.csv
PB,ms_us_1d:us_PB.csv
PBA,ms_us_1d:us_PBA.csv
PBBI,ms_us_1d:us_PBBI.csv
PBCT,ms_us_1d:us_PBCT.csv
PBF,ms_us_1d:us_PBF.csv
PBFS,ms_us_1d:us_PBFS.csv
PBH,ms_us_1d:us_PBH.csv
PBHC,ms_us_1d:us_PBHC.csv
PBI,ms_us_1d:us_PBI.csv
PBIP,ms_us_1d:us_PBIP.csv
PBK,ms_us_1d:us_PBK.csv
PBLS,ms_us_1d:us_PBLS.csv
PBM,ms_us_1d:us_PBM.csv
PBR,ms_us_1d:us_PBR.csv
PBR.A,ms_us_1d:us_PBR_A.csv
PBSK,ms_us_1d:us_PBSK.csv
PBYI,ms_us_1d:us_PBYI.csv
PC,ms_us_1d:us_PC.csv
PCAP,ms_us_1d:us_PCAP.csv
PCAR,ms_us_1d:us_PCAR.csv
PCB,ms_us_1d:us_PCB.csv
PCG,ms_us_1d:us_PCG.csv
PCL,ms_us_1d:us_PCL.csv
PCMI,ms_us_1d:us_PCMI.csv
PCOM,ms_us_1d:us_PCOM.csv
PCOR,ms_us_1d:us_PCOR.csv
PCP,ms_us_1d:us_PCP.csv
PCRX,ms_us_1d:us_PCRX.csv
PCSA,ms_us_1d:us_PCSA.csv
PCSC,ms_us_1d:us_PCSC.csv
PCT,ms_us_1d:us_PCT.csv
PCTY,ms_us_1d:us_PCTY.csv
PCVX,ms_us_1d:us_PCVX.csv
PCYO,ms_us_1d:us_PCYO.csv
PD,ms_us_1d:us_PD.csv
PDCC,ms_us_1d:us_PDCC.csv
PDCO,ms_us_1d:us_PDCO.csv
PDEX,ms_us_1d:us_PDEX.csv
PDFS,ms_us_1d:us_PDFS.csv
PDLB,ms_us_1d:us_PDLB.csv
PDLI,ms_us_1d:us_PDLI.csv
PDS,ms_us_1d:us_PDS.csv
PDSB,ms_us_1d:us_PDSB.csv
PDYN,ms_us_1d:us_PDYN.csv
PE,ms_us_1d:us_PE.csv
PEAK,ms_us_1d:us_PEAK.csv
PEBK,ms_us_1d:us_PEBK.csv
PEBO,ms_us_1d:us_PEBO.csv
PECE,ms_us_1d:us_PECE.csv
PECO,ms_us_1d:us_PECO.csv
PED,ms_us_1d:us_PED.csv
PEG,ms_us_1d:us_PEG.csv
PEGA,ms_us_1d:us_PEGA.csv
PEGI,ms_us_1d:us_PEGI.csv
PEN,ms_us_1d:us_PEN.csv
PENG,ms_us_1d:us_PENG.csv
PENN,ms_us_1d:us_PENN.csv
PEP,ms_us_1d:us_PEP.csv
PEPG,ms_us_1d:us_PEPG.csv
PERF,ms_us_1d:us_PERF.csv
PERI,ms_us_1d:us_PERI.csv
PERY,ms_us_1d:us_PERY.csv
PESI,ms_us_1d:us_PESI.csv
PETS,ms_us_1d:us_PETS.csv
PETX,ms_us_1d:us_PETX.csv
PETZ,ms_us_1d:us_PETZ.csv
PEW,ms_us_1d:us_PEW.csv
PF,ms_us_1d:us_PF.csv
PFAI,ms_us_1d:us_PFAI.csv
PFBI,ms_us_1d:us_PFBI.csv
PFE,ms_us_1d:us_PFE.csv
PFF,ms_us_1d:us_PFF.csv
PFG,ms_us_1d:us_PFG.csv
PFGC,ms_us_1d:us_PFGC.csv
PFIS,ms_us_1d:us_PFIS.csv
PFLT,ms_us_1d:us_PFLT.csv
PFNX,ms_us_1d:us_PFNX.csv
PFPT,ms_us_1d:us_PFPT.csv
PFS,ms_us_1d:us_PFS.csv
PFSA,ms_us_1d:us_PFSA.csv
PFSI,ms_us_1d:us_PFSI.csv
PFX,ms_us_1d:us_PFX.csv
PG,ms_us_1d:us_PG.csv
PGAC,ms_us_1d:us_PGAC.csv
PGC,ms_us_1d:us_PGC.csv
PGEN,ms_us_1d:us_PGEN.csv
PGLC,ms_us_1d:us_PGLC.csv
PGNX,ms_us_1d:us_PGNX.csv
PGNY,ms_us_1d:us_PGNY.csv
PGR,ms_us_1d:us_PGR.csv
PGY,ms_us_1d:us_PGY.csv
PH,ms_us_1d:us_PH.csv
PHAR,ms_us_1d:us_PHAR.csv
PHAT,ms_us_1d:us_PHAT.csv
PHG,ms_us_1d:us_PHG.csv
PHGE,ms_us_1d:us_PHGE.csv
PHH,ms_us_1d:us_PHH.csv
PHI,ms_us_1d:us_PHI.csv
PHIN,ms_us_1d:us_PHIN.csv
PHIO,ms_us_1d:us_PHIO.csv
PHM,ms_us_1d:us_PHM.csv
PHOE,ms_us_1d:us_PHOE.csv
PHR,ms_us_1d:us_PHR.csv
PHUN,ms_us_1d:us_PHUN.csv
PHVS,ms_us_1d:us_PHVS.csv
PI,ms_us_1d:us_PI.csv
PICS,ms_us_1d:us_PICS.csv
PII,ms_us_1d:us_PII.csv
PIII,ms_us_1d:us_PIII.csv
PINS,ms_us_1d:us_PINS.csv
PIPR,ms_us_1d:us_PIPR.csv
PJT,ms_us_1d:us_PJT.csv
PK,ms_us_1d:us_PK.csv
PKBK,ms_us_1d:us_PKBK.csv
PKD,ms_us_1d:us_PKD.csv
PKE,ms_us_1d:us_PKE.csv
PKG,ms_us_1d:us_PKG.csv
PKI,ms_us_1d:us_PKI.csv
PKOH,ms_us_1d:us_PKOH.csv
PL,ms_us_1d:us_PL.csv
PLAB,ms_us_1d:us_PLAB.csv
PLAG,ms_us_1d:us_PLAG.csv
PLAN,ms_us_1d:us_PLAN.csv
PLAY,ms_us_1d:us_PLAY.csv
PLBC,ms_us_1d:us_PLBC.csv
PLBL,ms_us_1d:us_PLBL.csv
PLBY,ms_us_1d:us_PLBY.csv
PLCE,ms_us_1d:us_PLCE.csv
PLD,ms_us_1d:us_PLD.csv
PLG,ms_us_1d:us_PLG.csv
PLGO,ms_us_1d:us_PLGO.csv
PLMK,ms_us_1d:us_PLMK.csv
PLMR,ms_us_1d:us_PLMR.csv
PLND,ms_us_1d:us_PLND.csv
PLNT,ms_us_1d:us_PLNT.csv
PLOW,ms_us_1d:us_PLOW.csv
PLPC,ms_us_1d:us_PLPC.csv
PLRX,ms_us_1d:us_PLRX.csv
PLRZ,ms_us_1d:us_PLRZ.csv
PLSE,ms_us_1d:us_PLSE.csv
PLSM,ms_us_1d:us_PLSM.csv
PLTA,ms_us_1d:us_PLTA.csv
PLTK,ms_us_1d:us_PLTK.csv
PLTM,ms_us_1d:us_PLTM.csv
PLTR,ms_us_1d:us_PLTR.csv
PLTS,ms_us_1d:us_PLTS.csv
PLUG,ms_us_1d:us_PLUG.csv
PLUN,ms_us_1d:us_PLUN.csv
PLUR,ms_us_1d:us_PLUR.csv
PLUS,ms_us_1d:us_PLUS.csv
PLUT,ms_us_1d:us_PLUT.csv
PLX,ms_us_1d:us_PLX.csv
PLXS,ms_us_1d:us_PLXS.csv
PLYX,ms_us_1d:us_PLYX.csv
PM,ms_us_1d:us_PM.csv
PMAX,ms_us_1d:us_PMAX.csv
PMBC,ms_us_1d:us_PMBC.csv
PMCB,ms_us_1d:us_PMCB.csv
PMEC,ms_us_1d:us_PMEC.csv
PMI,ms_us_1d:us_PMI.csv
PMM,ms_us_1d:us_PMM.csv
PMN,ms_us_1d:us_PMN.csv
PMPT,ms_us_1d:us_PMPT.csv
PMTR,ms_us_1d:us_PMTR.csv
PMTS,ms_us_1d:us_PMTS.csv
PMVP,ms_us_1d:us_PMVP.csv
PN,ms_us_1d:us_PN.csv
PNBK,ms_us_1d:us_PNBK.csv
PNC,ms_us_1d:us_PNC.csv
PNFP,ms_us_1d:us_PNFP.csv
PNK,ms_us_1d:us_PNK.csv
PNNT,ms_us_1d:us_PNNT.csv
PNR,ms_us_1d:us_PNR.csv
PNRG,ms_us_1d:us_PNRG.csv
PNTG,ms_us_1d:us_PNTG.csv
PNTR,ms_us_1d:us_PNTR.csv
PNW,ms_us_1d:us_PNW.csv
POAS,ms_us_1d:us_POAS.csv
POCI,ms_us_1d:us_POCI.csv
PODC,ms_us_1d:us_PODC.csv
PODD,ms_us_1d:us_PODD.csv
POET,ms_us_1d:us_POET.csv
POLA,ms_us_1d:us_POLA.csv
POLE,ms_us_1d:us_POLE.csv
POLY,ms_us_1d:us_POLY.csv
POM,ms_us_1d:us_POM.csv
PONO,ms_us_1d:us_PONO.csv
POOL,ms_us_1d:us_POOL.csv
POR,ms_us_1d:us_POR.csv
POST,ms_us_1d:us_POST.csv
POWI,ms_us_1d:us_POWI.csv
POWL,ms_us_1d:us_POWL.csv
POWW,ms_us_1d:us_POWW.csv
PPC,ms_us_1d:us_PPC.csv
PPCB,ms_us_1d:us_PPCB.csv
PPD,ms_us_1d:us_PPD.csv
PPG,ms_us_1d:us_PPG.csv
PPHC,ms_us_1d:us_PPHC.csv
PPIH,ms_us_1d:us_PPIH.csv
PPL,ms_us_1d:us_PPL.csv
PPLI,ms_us_1d:us_PPLI.csv
PPLN,ms_us_1d:us_PPLN.csv
PPLT,ms_us_1d:us_PPLT.csv
PPSI,ms_us_1d:us_PPSI.csv
PPTA,ms_us_1d:us_PPTA.csv
PR,ms_us_1d:us_PR.csv
PRAA,ms_us_1d:us_PRAA.csv
PRAH,ms_us_1d:us_PRAH.csv
PRAN,ms_us_1d:us_PRAN.csv
PRAX,ms_us_1d:us_PRAX.csv
PRB,ms_us_1d:us_PRB.csv
PRCH,ms_us_1d:us_PRCH.csv
PRCP,ms_us_1d:us_PRCP.csv
PRCT,ms_us_1d:us_PRCT.csv
PRDO,ms_us_1d:us_PRDO.csv
PRE,ms_us_1d:us_PRE.csv
PRFX,ms_us_1d:us_PRFX.csv
PRG,ms_us_1d:us_PRG.csv
PRGO,ms_us_1d:us_PRGO.csv
PRGS,ms_us_1d:us_PRGS.csv
PRGX,ms_us_1d:us_PRGX.csv
PRHI,ms_us_1d:us_PRHI.csv
PRI,ms_us_1d:us_PRI.csv
PRIM,ms_us_1d:us_PRIM.csv
PRK,ms_us_1d:us_PRK.csv
PRLB,ms_us_1d:us_PRLB.csv
PRLD,ms_us_1d:us_PRLD.csv
PRM,ms_us_1d:us_PRM.csv
PRMB,ms_us_1d:us_PRMB.csv
PRME,ms_us_1d:us_PRME.csv
PRNB,ms_us_1d:us_PRNB.csv
PROF,ms_us_1d:us_PROF.csv
PROK,ms_us_1d:us_PROK.csv
PROP,ms_us_1d:us_PROP.csv
PROS,ms_us_1d:us_PROS.csv
PROV,ms_us_1d:us_PROV.csv
PRPB.U,ms_us_1d:us_PRPB_U.csv
PRPL,ms_us_1d:us_PRPL.csv
PRPO,ms_us_1d:us_PRPO.csv
PRQR,ms_us_1d:us_PRQR.csv
PRSO,ms_us_1d:us_PRSO.csv
PRSP,ms_us_1d:us_PRSP.csv
PRSS,ms_us_1d:us_PRSS.csv
PRSU,ms_us_1d:us_PRSU.csv
PRTA,ms_us_1d:us_PRTA.csv
PRTH,ms_us_1d:us_PRTH.csv
PRTS,ms_us_1d:us_PRTS.csv
PRU,ms_us_1d:us_PRU.csv
PRVA,ms_us_1d:us_PRVA.csv
PRVL,ms_us_1d:us_PRVL.csv
PRZO,ms_us_1d:us_PRZO.csv
PS,ms_us_1d:us_PS.csv
PSA,ms_us_1d:us_PSA.csv
PSAU,ms_us_1d:us_PSAU.csv
PSB,ms_us_1d:us_PSB.csv
PSBD,ms_us_1d:us_PSBD.csv
PSDO,ms_us_1d:us_PSDO.csv
PSEC,ms_us_1d:us_PSEC.csv
PSFE,ms_us_1d:us_PSFE.csv
PSHG,ms_us_1d:us_PSHG.csv
PSIG,ms_us_1d:us_PSIG.csv
PSIX,ms_us_1d:us_PSIX.csv
PSKY,ms_us_1d:us_PSKY.csv
PSMT,ms_us_1d:us_PSMT.csv
PSN,ms_us_1d:us_PSN.csv
PSNL,ms_us_1d:us_PSNL.csv
PSNY,ms_us_1d:us_PSNY.csv
PSNYW,ms_us_1d:us_PSNYW.csv
PSO,ms_us_1d:us_PSO.csv
PSQ,ms_us_1d:us_PSQ.csv
PSQH,ms_us_1d:us_PSQH.csv
PSTH,ms_us_1d:us_PSTH.csv
PSTV,ms_us_1d:us_PSTV.csv
PSUS,ms_us_1d:us_PSUS.csv
PSX,ms_us_1d:us_PSX.csv
PSXP,ms_us_1d:us_PSXP.csv
PTC,ms_us_1d:us_PTC.csv
PTCT,ms_us_1d:us_PTCT.csv
PTEN,ms_us_1d:us_PTEN.csv
PTGX,ms_us_1d:us_PTGX.csv
PTHS,ms_us_1d:us_PTHS.csv
PTIE,ms_us_1d:us_PTIE.csv
PTLA,ms_us_1d:us_PTLA.csv
PTLE,ms_us_1d:us_PTLE.csv
PTLO,ms_us_1d:us_PTLO.csv
PTN,ms_us_1d:us_PTN.csv
PTNM,ms_us_1d:us_PTNM.csv
PTON,ms_us_1d:us_PTON.csv
PTOR,ms_us_1d:us_PTOR.csv
PTRN,ms_us_1d:us_PTRN.csv
PTVCA,ms_us_1d:us_PTVCA.csv
PTVCB,ms_us_1d:us_PTVCB.csv
PUBM,ms_us_1d:us_PUBM.csv
PUK,ms_us_1d:us_PUK.csv
PULM,ms_us_1d:us_PULM.csv
PUMP,ms_us_1d:us_PUMP.csv
PURR,ms_us_1d:us_PURR.csv
PUSA,ms_us_1d:us_PUSA.csv
PUW,ms_us_1d:us_PUW.csv
PVG,ms_us_1d:us_PVG.csv
PVH,ms_us_1d:us_PVH.csv
PVLA,ms_us_1d:us_PVLA.csv
PVTL,ms_us_1d:us_PVTL.csv
PW,ms_us_1d:us_PW.csv
PWM,ms_us_1d:us_PWM.csv
PWP,ms_us_1d:us_PWP.csv
PWR,ms_us_1d:us_PWR.csv
PWRL,ms_us_1d:us_PWRL.csv
PX,ms_us_1d:us_PX.csv
PXD,ms_us_1d:us_PXD.csv
PXED,ms_us_1d:us_PXED.csv
PXLW,ms_us_1d:us_PXLW.csv
PXR,ms_us_1d:us_PXR.csv
PXS,ms_us_1d:us_PXS.csv
PYPD,ms_us_1d:us_PYPD.csv
PYPL,ms_us_1d:us_PYPL.csv
PYT,ms_us_1d:us_PYT.csv
PYXS,ms_us_1d:us_PYXS.csv
PZG,ms_us_1d:us_PZG.csv
PZI,ms_us_1d:us_PZI.csv
PZZA,ms_us_1d:us_PZZA.csv
Q,ms_us_1d:us_Q.csv
QADA,ms_us_1d:us_QADA.csv
QADB,ms_us_1d:us_QADB.csv
QADR,ms_us_1d:us_QADR.csv
QBTS,ms_us_1d:us_QBTS.csv
QCLS,ms_us_1d:us_QCLS.csv
QCOM,ms_us_1d:us_QCOM.csv
QCP,ms_us_1d:us_QCP.csv
QCRH,ms_us_1d:us_QCRH.csv
QDEL,ms_us_1d:us_QDEL.csv
QEP,ms_us_1d:us_QEP.csv
QES,ms_us_1d:us_QES.csv
QETA,ms_us_1d:us_QETA.csv
QFRD,ms_us_1d:us_QFRD.csv
QGEN,ms_us_1d:us_QGEN.csv
QH,ms_us_1d:us_QH.csv
QID,ms_us_1d:us_QID.csv
QLD,ms_us_1d:us_QLD.csv
QLEP,ms_us_1d:us_QLEP.csv
QLYS,ms_us_1d:us_QLYS.csv
QMCO,ms_us_1d:us_QMCO.csv
QMMM,ms_us_1d:us_QMMM.csv
QNC,ms_us_1d:us_QNC.csv
QNCX,ms_us_1d:us_QNCX.csv
QNST,ms_us_1d:us_QNST.csv
QNT,ms_us_1d:us_QNT.csv
QNTM,ms_us_1d:us_QNTM.csv
QQQ,ms_us_1d:us_QQQ.csv
QRED,ms_us_1d:us_QRED.csv
QRHC,ms_us_1d:us_QRHC.csv
QRTAV,ms_us_1d:us_QRTAV.csv
QRVO,ms_us_1d:us_QRVO.csv
QS,ms_us_1d:us_QS.csv
QSEA,ms_us_1d:us_QSEA.csv
QSI,ms_us_1d:us_QSI.csv
QSR,ms_us_1d:us_QSR.csv
QTEX,ms_us_1d:us_QTEX.csv
QTI,ms_us_1d:us_QTI.csv
QTNA,ms_us_1d:us_QTNA.csv
QTRX,ms_us_1d:us_QTRX.csv
QTTB,ms_us_1d:us_QTTB.csv
QTWO,ms_us_1d:us_QTWO.csv
QUAD,ms_us_1d:us_QUAD.csv
QUAL,ms_us_1d:us_QUAL.csv
QUBT,ms_us_1d:us_QUBT.csv
QUCY,ms_us_1d:us_QUCY.csv
QUIK,ms_us_1d:us_QUIK.csv
QULL,ms_us_1d:us_QULL.csv
QUMS,ms_us_1d:us_QUMS.csv
QURE,ms_us_1d:us_QURE.csv
QXGG,ms_us_1d:us_QXGG.csv
QXL,ms_us_1d:us_QXL.csv
QXMI,ms_us_1d:us_QXMI.csv
QXO,ms_us_1d:us_QXO.csv
QXTR,ms_us_1d:us_QXTR.csv
R,ms_us_1d:us_R.csv
RAAQ,ms_us_1d:us_RAAQ.csv
RAC,ms_us_1d:us_RAC.csv
RACC,ms_us_1d:us_RACC.csv
RACE,ms_us_1d:us_RACE.csv
RAI,ms_us_1d:us_RAI.csv
RAIL,ms_us_1d:us_RAIL.csv
RAIN,ms_us_1d:us_RAIN.csv
RAL,ms_us_1d:us_RAL.csv
RALS,ms_us_1d:us_RALS.csv
RAMP,ms_us_1d:us_RAMP.csv
RAND,ms_us_1d:us_RAND.csv
RANG,ms_us_1d:us_RANG.csv
RANI,ms_us_1d:us_RANI.csv
RAPP,ms_us_1d:us_RAPP.csv
RARE,ms_us_1d:us_RARE.csv
RARX,ms_us_1d:us_RARX.csv
RAVE,ms_us_1d:us_RAVE.csv
RAVN,ms_us_1d:us_RAVN.csv
RAY,ms_us_1d:us_RAY.csv
RAYA,ms_us_1d:us_RAYA.csv
RBA,ms_us_1d:us_RBA.csv
RBAC,ms_us_1d:us_RBAC.csv
RBB,ms_us_1d:us_RBB.csv
RBBN,ms_us_1d:us_RBBN.csv
RBC,ms_us_1d:us_RBC.csv
RBCAA,ms_us_1d:us_RBCAA.csv
RBKB,ms_us_1d:us_RBKB.csv
RBLX,ms_us_1d:us_RBLX.csv
RBNC,ms_us_1d:us_RBNC.csv
RBNE,ms_us_1d:us_RBNE.csv
RBRK,ms_us_1d:us_RBRK.csv
RC,ms_us_1d:us_RC.csv
RCAT,ms_us_1d:us_RCAT.csv
RCEL,ms_us_1d:us_RCEL.csv
RCI,ms_us_1d:us_RCI.csv
RCKT,ms_us_1d:us_RCKT.csv
RCKY,ms_us_1d:us_RCKY.csv
RCL,ms_us_1d:us_RCL.csv
RCMT,ms_us_1d:us_RCMT.csv
RCON,ms_us_1d:us_RCON.csv
RCT,ms_us_1d:us_RCT.csv
RCUS,ms_us_1d:us_RCUS.csv
RDAC,ms_us_1d:us_RDAC.csv
RDAG,ms_us_1d:us_RDAG.csv
RDBX,ms_us_1d:us_RDBX.csv
RDC,ms_us_1d:us_RDC.csv
RDCM,ms_us_1d:us_RDCM.csv
RDDT,ms_us_1d:us_RDDT.csv
RDGT,ms_us_1d:us_RDGT.csv
RDI,ms_us_1d:us_RDI.csv
RDIB,ms_us_1d:us_RDIB.csv
RDN,ms_us_1d:us_RDN.csv
RDNT,ms_us_1d:us_RDNT.csv
RDNW,ms_us_1d:us_RDNW.csv
RDS.A,ms_us_1d:us_RDS_A.csv
RDS.B,ms_us_1d:us_RDS_B.csv
RDUS,ms_us_1d:us_RDUS.csv
RDVT,ms_us_1d:us_RDVT.csv
RDW,ms_us_1d:us_RDW.csv
RDWR,ms_us_1d:us_RDWR.csv
RDZN,ms_us_1d:us_RDZN.csv
RE,ms_us_1d:us_RE.csv
REA,ms_us_1d:us_REA.csv
REAL,ms_us_1d:us_REAL.csv
REAX,ms_us_1d:us_REAX.csv
REBN,ms_us_1d:us_REBN.csv
RECT,ms_us_1d:us_RECT.csv
REE,ms_us_1d:us_REE.csv
REED,ms_us_1d:us_REED.csv
REEM,ms_us_1d:us_REEM.csv
REFI,ms_us_1d:us_REFI.csv
REFR,ms_us_1d:us_REFR.csv
REG,ms_us_1d:us_REG.csv
REGI,ms_us_1d:us_REGI.csv
REGN,ms_us_1d:us_REGN.csv
REI,ms_us_1d:us_REI.csv
REIS,ms_us_1d:us_REIS.csv
REK,ms_us_1d:us_REK.csv
REKR,ms_us_1d:us_REKR.csv
RELL,ms_us_1d:us_RELL.csv
RELX,ms_us_1d:us_RELX.csv
RELY,ms_us_1d:us_RELY.csv
REML,ms_us_1d:us_REML.csv
REN,ms_us_1d:us_REN.csv
RENT,ms_us_1d:us_RENT.csv
RENX,ms_us_1d:us_RENX.csv
REPL,ms_us_1d:us_REPL.csv
REPX,ms_us_1d:us_REPX.csv
RES,ms_us_1d:us_RES.csv
RESN,ms_us_1d:us_RESN.csv
RETO,ms_us_1d:us_RETO.csv
REVB,ms_us_1d:us_REVB.csv
REW,ms_us_1d:us_REW.csv
REX,ms_us_1d:us_REX.csv
REXR,ms_us_1d:us_REXR.csv
REYN,ms_us_1d:us_REYN.csv
REZI,ms_us_1d:us_REZI.csv
RF,ms_us_1d:us_RF.csv
RFAI,ms_us_1d:us_RFAI.csv
RFAM,ms_us_1d:us_RFAM.csv
RFIL,ms_us_1d:us_RFIL.csv
RFL,ms_us_1d:us_RFL.csv
RFUN,ms_us_1d:us_RFUN.csv
RGA,ms_us_1d:us_RGA.csv
RGC,ms_us_1d:us_RGC.csv
RGCO,ms_us_1d:us_RGCO.csv
RGEN,ms_us_1d:us_RGEN.csv
RGLD,ms_us_1d:us_RGLD.csv
RGNT,ms_us_1d:us_RGNT.csv
RGNX,ms_us_1d:us_RGNX.csv
RGP,ms_us_1d:us_RGP.csv
RGR,ms_us_1d:us_RGR.csv
RGS,ms_us_1d:us_RGS.csv
RGTI,ms_us_1d:us_RGTI.csv
RH,ms_us_1d:us_RH.csv
RHI,ms_us_1d:us_RHI.csv
RHLD,ms_us_1d:us_RHLD.csv
RHP,ms_us_1d:us_RHP.csv
RHT,ms_us_1d:us_RHT.csv
RIBB,ms_us_1d:us_RIBB.csv
RICK,ms_us_1d:us_RICK.csv
RIG,ms_us_1d:us_RIG.csv
RIGL,ms_us_1d:us_RIGL.csv
RILY,ms_us_1d:us_RILY.csv
RIME,ms_us_1d:us_RIME.csv
RIO,ms_us_1d:us_RIO.csv
RIOT,ms_us_1d:us_RIOT.csv
RITM,ms_us_1d:us_RITM.csv
RITR,ms_us_1d:us_RITR.csv
RIVE,ms_us_1d:us_RIVE.csv
RIVN,ms_us_1d:us_RIVN.csv
RJET,ms_us_1d:us_RJET.csv
RJF,ms_us_1d:us_RJF.csv
RKDA,ms_us_1d:us_RKDA.csv
RKLB,ms_us_1d:us_RKLB.csv
RKT,ms_us_1d:us_RKT.csv
RKTO,ms_us_1d:us_RKTO.csv
RL,ms_us_1d:us_RL.csv
RLAY,ms_us_1d:us_RLAY.csv
RLGT,ms_us_1d:us_RLGT.csv
RLH,ms_us_1d:us_RLH.csv
RLI,ms_us_1d:us_RLI.csv
RLJE,ms_us_1d:us_RLJE.csv
RLM,ms_us_1d:us_RLM.csv
RLMD,ms_us_1d:us_RLMD.csv
RLYB,ms_us_1d:us_RLYB.csv
RM,ms_us_1d:us_RM.csv
RMAX,ms_us_1d:us_RMAX.csv
RMBI,ms_us_1d:us_RMBI.csv
RMBS,ms_us_1d:us_RMBS.csv
RMCF,ms_us_1d:us_RMCF.csv
RMCO,ms_us_1d:us_RMCO.csv
RMD,ms_us_1d:us_RMD.csv
RMG.U,ms_us_1d:us_RMG_U.csv
RMGN,ms_us_1d:us_RMGN.csv
RMIX,ms_us_1d:us_RMIX.csv
RMNI,ms_us_1d:us_RMNI.csv
RMR,ms_us_1d:us_RMR.csv
RMSG,ms_us_1d:us_RMSG.csv
RMTI,ms_us_1d:us_RMTI.csv
RNA,ms_us_1d:us_RNA.csv
RNAC,ms_us_1d:us_RNAC.csv
RNAZ,ms_us_1d:us_RNAZ.csv
RNET,ms_us_1d:us_RNET.csv
RNG,ms_us_1d:us_RNG.csv
RNGR,ms_us_1d:us_RNGR.csv
RNGT,ms_us_1d:us_RNGT.csv
RNR,ms_us_1d:us_RNR.csv
RNST,ms_us_1d:us_RNST.csv
RNTX,ms_us_1d:us_RNTX.csv
RNW,ms_us_1d:us_RNW.csv
RNXT,ms_us_1d:us_RNXT.csv
ROAD,ms_us_1d:us_ROAD.csv
ROAN,ms_us_1d:us_ROAN.csv
ROC,ms_us_1d:us_ROC.csv
ROCK,ms_us_1d:us_ROCK.csv
ROG,ms_us_1d:us_ROG.csv
ROIV,ms_us_1d:us_ROIV.csv
ROK,ms_us_1d:us_ROK.csv
ROKU,ms_us_1d:us_ROKU.csv
ROL,ms_us_1d:us_ROL.csv
ROLR,ms_us_1d:us_ROLR.csv
ROM,ms_us_1d:us_ROM.csv
ROMA,ms_us_1d:us_ROMA.csv
ROOT,ms_us_1d:us_ROOT.csv
ROP,ms_us_1d:us_ROP.csv
ROST,ms_us_1d:us_ROST.csv
ROX,ms_us_1d:us_ROX.csv
RP,ms_us_1d:us_RP.csv
RPAI,ms_us_1d:us_RPAI.csv
RPAY,ms_us_1d:us_RPAY.csv
RPC,ms_us_1d:us_RPC.csv
RPD,ms_us_1d:us_RPD.csv
RPGL,ms_us_1d:us_RPGL.csv
RPID,ms_us_1d:us_RPID.csv
RPLA.U,ms_us_1d:us_RPLA_U.csv
RPM,ms_us_1d:us_RPM.csv
RPRX,ms_us_1d:us_RPRX.csv
RR,ms_us_1d:us_RR.csv
RRBI,ms_us_1d:us_RRBI.csv
RRC,ms_us_1d:us_RRC.csv
RRD,ms_us_1d:us_RRD.csv
RREV,ms_us_1d:us_RREV.csv
RRGB,ms_us_1d:us_RRGB.csv
RRR,ms_us_1d:us_RRR.csv
RRX,ms_us_1d:us_RRX.csv
RS,ms_us_1d:us_RS.csv
RSG,ms_us_1d:us_RSG.csv
RSI,ms_us_1d:us_RSI.csv
RSKD,ms_us_1d:us_RSKD.csv
RSLS,ms_us_1d:us_RSLS.csv
RSSS,ms_us_1d:us_RSSS.csv
RST,ms_us_1d:us_RST.csv
RSVR,ms_us_1d:us_RSVR.csv
RSYS,ms_us_1d:us_RSYS.csv
RTAC,ms_us_1d:us_RTAC.csv
RTB,ms_us_1d:us_RTB.csv
RTEC,ms_us_1d:us_RTEC.csv
RTL,ms_us_1d:us_RTL.csv
RTN,ms_us_1d:us_RTN.csv
RTX,ms_us_1d:us_RTX.csv
RUBI,ms_us_1d:us_RUBI.csv
RUM,ms_us_1d:us_RUM.csv
RUN,ms_us_1d:us_RUN.csv
RUSHA,ms_us_1d:us_RUSHA.csv
RUSHB,ms_us_1d:us_RUSHB.csv
RUSL,ms_us_1d:us_RUSL.csv
RUSS,ms_us_1d:us_RUSS.csv
RVEN,ms_us_1d:us_RVEN.csv
RVLV,ms_us_1d:us_RVLV.csv
RVMD,ms_us_1d:us_RVMD.csv
RVP,ms_us_1d:us_RVP.csv
RVSB,ms_us_1d:us_RVSB.csv
RVSN,ms_us_1d:us_RVSN.csv
RVTY,ms_us_1d:us_RVTY.csv
RWAY,ms_us_1d:us_RWAY.csv
RWM,ms_us_1d:us_RWM.csv
RXD,ms_us_1d:us_RXD.csv
RXII,ms_us_1d:us_RXII.csv
RXL,ms_us_1d:us_RXL.csv
RXO,ms_us_1d:us_RXO.csv
RXRX,ms_us_1d:us_RXRX.csv
RXST,ms_us_1d:us_RXST.csv
RXT,ms_us_1d:us_RXT.csv
RY,ms_us_1d:us_RY.csv
RYAM,ms_us_1d:us_RYAM.csv
RYAN,ms_us_1d:us_RYAN.csv
RYDE,ms_us_1d:us_RYDE.csv
RYET,ms_us_1d:us_RYET.csv
RYM,ms_us_1d:us_RYM.csv
RYN,ms_us_1d:us_RYN.csv
RYOJ,ms_us_1d:us_RYOJ.csv
RYTM,ms_us_1d:us_RYTM.csv
RYZ,ms_us_1d:us_RYZ.csv
RZLT,ms_us_1d:us_RZLT.csv
RZLV,ms_us_1d:us_RZLV.csv
S,ms_us_1d:us_S.csv
SA,ms_us_1d:us_SA.csv
SAA,ms_us_1d:us_SAA.csv
SAAQ,ms_us_1d:us_SAAQ.csv
SABR,ms_us_1d:us_SABR.csv
SABS,ms_us_1d:us_SABS.csv
SAC,ms_us_1d:us_SAC.csv
SACH,ms_us_1d:us_SACH.csv
SAFE,ms_us_1d:us_SAFE.csv
SAFM,ms_us_1d:us_SAFM.csv
SAFT,ms_us_1d:us_SAFT.csv
SAFX,ms_us_1d:us_SAFX.csv
SAGG,ms_us_1d:us_SAGG.csv
SAGT,ms_us_1d:us_SAGT.csv
SAGU,ms_us_1d:us_SAGU.csv
SAH,ms_us_1d:us_SAH.csv
SAIA,ms_us_1d:us_SAIA.csv
SAIC,ms_us_1d:us_SAIC.csv
SAIH,ms_us_1d:us_SAIH.csv
SAIL,ms_us_1d:us_SAIL.csv
SAM,ms_us_1d:us_SAM.csv
SAMA,ms_us_1d:us_SAMA.csv
SAMG,ms_us_1d:us_SAMG.csv
SAN,ms_us_1d:us_SAN.csv
SANA,ms_us_1d:us_SANA.csv
SANG,ms_us_1d:us_SANG.csv
SANM,ms_us_1d:us_SANM.csv
SAP,ms_us_1d:us_SAP.csv
SAPH,ms_us_1d:us_SAPH.csv
SAR,ms_us_1d:us_SAR.csv
SARO,ms_us_1d:us_SARO.csv
SATL,ms_us_1d:us_SATL.csv
SATS,ms_us_1d:us_SATS.csv
SAUC,ms_us_1d:us_SAUC.csv
SB,ms_us_1d:us_SB.csv
SBAC,ms_us_1d:us_SBAC.csv
SBB,ms_us_1d:us_SBB.csv
SBBP,ms_us_1d:us_SBBP.csv
SBBX,ms_us_1d:us_SBBX.csv
SBC,ms_us_1d:us_SBC.csv
SBCF,ms_us_1d:us_SBCF.csv
SBE.U,ms_us_1d:us_SBE_U.csv
SBET,ms_us_1d:us_SBET.csv
SBEV,ms_us_1d:us_SBEV.csv
SBFG,ms_us_1d:us_SBFG.csv
SBFM,ms_us_1d:us_SBFM.csv
SBGI,ms_us_1d:us_SBGI.csv
SBH,ms_us_1d:us_SBH.csv
SBLK,ms_us_1d:us_SBLK.csv
SBM,ms_us_1d:us_SBM.csv
SBMT,ms_us_1d:us_SBMT.csv
SBNY,ms_us_1d:us_SBNY.csv
SBRA,ms_us_1d:us_SBRA.csv
SBS,ms_us_1d:us_SBS.csv
SBSI,ms_us_1d:us_SBSI.csv
SBUX,ms_us_1d:us_SBUX.csv
SBXD,ms_us_1d:us_SBXD.csv
SBXE,ms_us_1d:us_SBXE.csv
SC,ms_us_1d:us_SC.csv
SCAC,ms_us_1d:us_SCAC.csv
SCACU,ms_us_1d:us_SCACU.csv
SCC,ms_us_1d:us_SCC.csv
SCCO,ms_us_1d:us_SCCO.csv
SCDL,ms_us_1d:us_SCDL.csv
SCG,ms_us_1d:us_SCG.csv
SCHL,ms_us_1d:us_SCHL.csv
SCHW,ms_us_1d:us_SCHW.csv
SCI,ms_us_1d:us_SCI.csv
SCII,ms_us_1d:us_SCII.csv
SCIN,ms_us_1d:us_SCIN.csv
SCKT,ms_us_1d:us_SCKT.csv
SCL,ms_us_1d:us_SCL.csv
SCLX,ms_us_1d:us_SCLX.csv
SCM,ms_us_1d:us_SCM.csv
SCNX,ms_us_1d:us_SCNX.csv
SCO,ms_us_1d:us_SCO.csv
SCOM,ms_us_1d:us_SCOM.csv
SCOR,ms_us_1d:us_SCOR.csv
SCPQ,ms_us_1d:us_SCPQ.csv
SCR,ms_us_1d:us_SCR.csv
SCSC,ms_us_1d:us_SCSC.csv
SCTO,ms_us_1d:us_SCTO.csv
SCWO,ms_us_1d:us_SCWO.csv
SCYX,ms_us_1d:us_SCYX.csv
SCZ,ms_us_1d:us_SCZ.csv
SCZM,ms_us_1d:us_SCZM.csv
SD,ms_us_1d:us_SD.csv
SDA,ms_us_1d:us_SDA.csv
SDD,ms_us_1d:us_SDD.csv
SDEV,ms_us_1d:us_SDEV.csv
SDGR,ms_us_1d:us_SDGR.csv
SDHC,ms_us_1d:us_SDHC.csv
SDHI,ms_us_1d:us_SDHI.csv
SDI,ms_us_1d:us_SDI.csv
SDOT,ms_us_1d:us_SDOT.csv
SDOW,ms_us_1d:us_SDOW.csv
SDP,ms_us_1d:us_SDP.csv
SDRL,ms_us_1d:us_SDRL.csv
SDS,ms_us_1d:us_SDS.csv
SDST,ms_us_1d:us_SDST.csv
SDYL,ms_us_1d:us_SDYL.csv
SE,ms_us_1d:us_SE.csv
SEAT,ms_us_1d:us_SEAT.csv
SEB,ms_us_1d:us_SEB.csv
SEDG,ms_us_1d:us_SEDG.csv
SEE,ms_us_1d:us_SEE.csv
SEED,ms_us_1d:us_SEED.csv
SEER,ms_us_1d:us_SEER.csv
SEF,ms_us_1d:us_SEF.csv
SEG,ms_us_1d:us_SEG.csv
SEGG,ms_us_1d:us_SEGG.csv
SEI,ms_us_1d:us_SEI.csv
SEIC,ms_us_1d:us_SEIC.csv
SELF,ms_us_1d:us_SELF.csv
SEM,ms_us_1d:us_SEM.csv
SEND,ms_us_1d:us_SEND.csv
SENEA,ms_us_1d:us_SENEA.csv
SENEB,ms_us_1d:us_SENEB.csv
SENS,ms_us_1d:us_SENS.csv
SEP,ms_us_1d:us_SEP.csv
SEPN,ms_us_1d:us_SEPN.csv
SER,ms_us_1d:us_SER.csv
SERA,ms_us_1d:us_SERA.csv
SERV,ms_us_1d:us_SERV.csv
SES,ms_us_1d:us_SES.csv
SEV,ms_us_1d:us_SEV.csv
SEZL,ms_us_1d:us_SEZL.csv
SF,ms_us_1d:us_SF.csv
SFBC,ms_us_1d:us_SFBC.csv
SFBS,ms_us_1d:us_SFBS.csv
SFD,ms_us_1d:us_SFD.csv
SFHG,ms_us_1d:us_SFHG.csv
SFIX,ms_us_1d:us_SFIX.csv
SFL,ms_us_1d:us_SFL.csv
SFLY,ms_us_1d:us_SFLY.csv
SFM,ms_us_1d:us_SFM.csv
SFNC,ms_us_1d:us_SFNC.csv
SFS,ms_us_1d:us_SFS.csv
SFST,ms_us_1d:us_SFST.csv
SFWL,ms_us_1d:us_SFWL.csv
SG,ms_us_1d:us_SG.csv
SGA,ms_us_1d:us_SGA.csv
SGB,ms_us_1d:us_SGB.csv
SGC,ms_us_1d:us_SGC.csv
SGHC,ms_us_1d:us_SGHC.csv
SGHT,ms_us_1d:us_SGHT.csv
SGI,ms_us_1d:us_SGI.csv
SGLY,ms_us_1d:us_SGLY.csv
SGML,ms_us_1d:us_SGML.csv
SGMT,ms_us_1d:us_SGMT.csv
SGP,ms_us_1d:us_SGP.csv
SGRP,ms_us_1d:us_SGRP.csv
SGRY,ms_us_1d:us_SGRY.csv
SH,ms_us_1d:us_SH.csv
SHAK,ms_us_1d:us_SHAK.csv
SHAZ,ms_us_1d:us_SHAZ.csv
SHBI,ms_us_1d:us_SHBI.csv
SHC,ms_us_1d:us_SHC.csv
SHEH,ms_us_1d:us_SHEH.csv
SHEN,ms_us_1d:us_SHEN.csv
SHFS,ms_us_1d:us_SHFS.csv
SHG,ms_us_1d:us_SHG.csv
SHIM,ms_us_1d:us_SHIM.csv
SHIP,ms_us_1d:us_SHIP.csv
SHLM,ms_us_1d:us_SHLM.csv
SHLS,ms_us_1d:us_SHLS.csv
SHMD,ms_us_1d:us_SHMD.csv
SHNY,ms_us_1d:us_SHNY.csv
SHO,ms_us_1d:us_SHO.csv
SHOE,ms_us_1d:us_SHOE.csv
SHOO,ms_us_1d:us_SHOO.csv
SHOP,ms_us_1d:us_SHOP.csv
SHOS,ms_us_1d:us_SHOS.csv
SHPG,ms_us_1d:us_SHPG.csv
SHPH,ms_us_1d:us_SHPH.csv
SHSP,ms_us_1d:us_SHSP.csv
SHW,ms_us_1d:us_SHW.csv
SHY,ms_us_1d:us_SHY.csv
SI,ms_us_1d:us_SI.csv
SIBN,ms_us_1d:us_SIBN.csv
SIC,ms_us_1d:us_SIC.csv
SID,ms_us_1d:us_SID.csv
SIDU,ms_us_1d:us_SIDU.csv
SIEB,ms_us_1d:us_SIEB.csv
SIF,ms_us_1d:us_SIF.csv
SIG,ms_us_1d:us_SIG.csv
SIGA,ms_us_1d:us_SIGA.csv
SIGI,ms_us_1d:us_SIGI.csv
SII,ms_us_1d:us_SII.csv
SIJ,ms_us_1d:us_SIJ.csv
SILC,ms_us_1d:us_SILC.csv
SILO,ms_us_1d:us_SILO.csv
SIM,ms_us_1d:us_SIM.csv
SIMA,ms_us_1d:us_SIMA.csv
SINA,ms_us_1d:us_SINA.csv
SIND,ms_us_1d:us_SIND.csv
SINT,ms_us_1d:us_SINT.csv
SION,ms_us_1d:us_SION.csv
SIR,ms_us_1d:us_SIR.csv
SIRI,ms_us_1d:us_SIRI.csv
SITC,ms_us_1d:us_SITC.csv
SITE,ms_us_1d:us_SITE.csv
SITM,ms_us_1d:us_SITM.csv
SIVB,ms_us_1d:us_SIVB.csv
SJ,ms_us_1d:us_SJ.csv
SJB,ms_us_1d:us_SJB.csv
SJIU,ms_us_1d:us_SJIU.csv
SJM,ms_us_1d:us_SJM.csv
SKE,ms_us_1d:us_SKE.csv
SKF,ms_us_1d:us_SKF.csv
SKIL,ms_us_1d:us_SKIL.csv
SKIN,ms_us_1d:us_SKIN.csv
SKIS,ms_us_1d:us_SKIS.csv
SKK,ms_us_1d:us_SKK.csv
SKT,ms_us_1d:us_SKT.csv
SKWD,ms_us_1d:us_SKWD.csv
SKY,ms_us_1d:us_SKY.csv
SKYA,ms_us_1d:us_SKYA.csv
SKYE,ms_us_1d:us_SKYE.csv
SKYH,ms_us_1d:us_SKYH.csv
SKYQ,ms_us_1d:us_SKYQ.csv
SKYT,ms_us_1d:us_SKYT.csv
SKYW,ms_us_1d:us_SKYW.csv
SKYX,ms_us_1d:us_SKYX.csv
SKYY,ms_us_1d:us_SKYY.csv
SLAB,ms_us_1d:us_SLAB.csv
SLB,ms_us_1d:us_SLB.csv
SLBT,ms_us_1d:us_SLBT.csv
SLCT,ms_us_1d:us_SLCT.csv
SLDB,ms_us_1d:us_SLDB.csv
SLDE,ms_us_1d:us_SLDE.csv
SLDP,ms_us_1d:us_SLDP.csv
SLE,ms_us_1d:us_SLE.csv
SLF,ms_us_1d:us_SLF.csv
SLG,ms_us_1d:us_SLG.csv
SLGB,ms_us_1d:us_SLGB.csv
SLGL,ms_us_1d:us_SLGL.csv
SLGN,ms_us_1d:us_SLGN.csv
SLI,ms_us_1d:us_SLI.csv
SLM,ms_us_1d:us_SLM.csv
SLMT,ms_us_1d:us_SLMT.csv
SLN,ms_us_1d:us_SLN.csv
SLND,ms_us_1d:us_SLND.csv
SLNG,ms_us_1d:us_SLNG.csv
SLNH,ms_us_1d:us_SLNH.csv
SLP,ms_us_1d:us_SLP.csv
SLQT,ms_us_1d:us_SLQT.csv
SLRC,ms_us_1d:us_SLRC.csv
SLS,ms_us_1d:us_SLS.csv
SLSN,ms_us_1d:us_SLSN.csv
SLSR,ms_us_1d:us_SLSR.csv
SLV,ms_us_1d:us_SLV.csv
SLVM,ms_us_1d:us_SLVM.csv
SLVO,ms_us_1d:us_SLVO.csv
SLXN,ms_us_1d:us_SLXN.csv
SM,ms_us_1d:us_SM.csv
SMA,ms_us_1d:us_SMA.csv
SMBC,ms_us_1d:us_SMBC.csv
SMBK,ms_us_1d:us_SMBK.csv
SMC,ms_us_1d:us_SMC.csv
SMCI,ms_us_1d:us_SMCI.csv
SMDD,ms_us_1d:us_SMDD.csv
SMED,ms_us_1d:us_SMED.csv
SMG,ms_us_1d:us_SMG.csv
SMH,ms_us_1d:us_SMH.csv
SMHB,ms_us_1d:us_SMHB.csv
SMHD,ms_us_1d:us_SMHD.csv
SMHI,ms_us_1d:us_SMHI.csv
SMID,ms_us_1d:us_SMID.csv
SMJF,ms_us_1d:us_SMJF.csv
SMMT,ms_us_1d:us_SMMT.csv
SMN,ms_us_1d:us_SMN.csv
SMP,ms_us_1d:us_SMP.csv
SMPL,ms_us_1d:us_SMPL.csv
SMR,ms_us_1d:us_SMR.csv
SMRT,ms_us_1d:us_SMRT.csv
SMSI,ms_us_1d:us_SMSI.csv
SMTA,ms_us_1d:us_SMTA.csv
SMTC,ms_us_1d:us_SMTC.csv
SMTI,ms_us_1d:us_SMTI.csv
SMTK,ms_us_1d:us_SMTK.csv
SMTX,ms_us_1d:us_SMTX.csv
SMWB,ms_us_1d:us_SMWB.csv
SMX,ms_us_1d:us_SMX.csv
SMXT,ms_us_1d:us_SMXT.csv
SN,ms_us_1d:us_SN.csv
SNA,ms_us_1d:us_SNA.csv
SNAL,ms_us_1d:us_SNAL.csv
SNAP,ms_us_1d:us_SNAP.csv
SND,ms_us_1d:us_SND.csv
SNDA,ms_us_1d:us_SNDA.csv
SNDK,ms_us_1d:us_SNDK.csv
SNDL,ms_us_1d:us_SNDL.csv
SNDR,ms_us_1d:us_SNDR.csv
SNDX,ms_us_1d:us_SNDX.csv
SNES,ms_us_1d:us_SNES.csv
SNEX,ms_us_1d:us_SNEX.csv
SNFCA,ms_us_1d:us_SNFCA.csv
SNGX,ms_us_1d:us_SNGX.csv
SNI,ms_us_1d:us_SNI.csv
SNMX,ms_us_1d:us_SNMX.csv
SNN,ms_us_1d:us_SNN.csv
SNOA,ms_us_1d:us_SNOA.csv
SNOW,ms_us_1d:us_SNOW.csv
SNPS,ms_us_1d:us_SNPS.csv
SNR,ms_us_1d:us_SNR.csv
SNT,ms_us_1d:us_SNT.csv
SNTG,ms_us_1d:us_SNTG.csv
SNTI,ms_us_1d:us_SNTI.csv
SNWV,ms_us_1d:us_SNWV.csv
SNX,ms_us_1d:us_SNX.csv
SNY,ms_us_1d:us_SNY.csv
SNYR,ms_us_1d:us_SNYR.csv
SO,ms_us_1d:us_SO.csv
SOAR,ms_us_1d:us_SOAR.csv
SOBO,ms_us_1d:us_SOBO.csv
SOBR,ms_us_1d:us_SOBR.csv
SOC,ms_us_1d:us_SOC.csv
SOCA,ms_us_1d:us_SOCA.csv
SODA,ms_us_1d:us_SODA.csv
SOFI,ms_us_1d:us_SOFI.csv
SOLN,ms_us_1d:us_SOLN.csv
SOLS,ms_us_1d:us_SOLS.csv
SOLV,ms_us_1d:us_SOLV.csv
SOLY,ms_us_1d:us_SOLY.csv
SON,ms_us_1d:us_SON.csv
SONC,ms_us_1d:us_SONC.csv
SONM,ms_us_1d:us_SONM.csv
SONO,ms_us_1d:us_SONO.csv
SOPH,ms_us_1d:us_SOPH.csv
SOR,ms_us_1d:us_SOR.csv
SORA,ms_us_1d:us_SORA.csv
SORL,ms_us_1d:us_SORL.csv
SORN,ms_us_1d:us_SORN.csv
SOS,ms_us_1d:us_SOS.csv
SOTK,ms_us_1d:us_SOTK.csv
SOUL,ms_us_1d:us_SOUL.csv
SOUN,ms_us_1d:us_SOUN.csv
SOWG,ms_us_1d:us_SOWG.csv
SOXX,ms_us_1d:us_SOXX.csv
SOYB,ms_us_1d:us_SOYB.csv
SPA,ms_us_1d:us_SPA.csv
SPAI,ms_us_1d:us_SPAI.csv
SPB,ms_us_1d:us_SPB.csv
SPCB,ms_us_1d:us_SPCB.csv
SPCE,ms_us_1d:us_SPCE.csv
SPCF,ms_us_1d:us_SPCF.csv
SPCX,ms_us_1d:us_SPCX.csv
SPEG,ms_us_1d:us_SPEG.csv
SPFI,ms_us_1d:us_SPFI.csv
SPG,ms_us_1d:us_SPG.csv
SPGI,ms_us_1d:us_SPGI.csv
SPH,ms_us_1d:us_SPH.csv
SPHL,ms_us_1d:us_SPHL.csv
SPHR,ms_us_1d:us_SPHR.csv
SPIR,ms_us_1d:us_SPIR.csv
SPKL,ms_us_1d:us_SPKL.csv
SPLS,ms_us_1d:us_SPLS.csv
SPLX,ms_us_1d:us_SPLX.csv
SPMC,ms_us_1d:us_SPMC.csv
SPNT,ms_us_1d:us_SPNT.csv
SPOK,ms_us_1d:us_SPOK.csv
SPOT,ms_us_1d:us_SPOT.csv
SPPL,ms_us_1d:us_SPPL.csv
SPRB,ms_us_1d:us_SPRB.csv
SPRC,ms_us_1d:us_SPRC.csv
SPRO,ms_us_1d:us_SPRO.csv
SPRT,ms_us_1d:us_SPRT.csv
SPRU,ms_us_1d:us_SPRU.csv
SPRY,ms_us_1d:us_SPRY.csv
SPSC,ms_us_1d:us_SPSC.csv
SPT,ms_us_1d:us_SPT.csv
SPTX,ms_us_1d:us_SPTX.csv
SPWH,ms_us_1d:us_SPWH.csv
SPWR,ms_us_1d:us_SPWR.csv
SPWRV,ms_us_1d:us_SPWRV.csv
SPXC,ms_us_1d:us_SPXC.csv
SPXU,ms_us_1d:us_SPXU.csv
SPY,ms_us_1d:us_SPY.csv
SPYU,ms_us_1d:us_SPYU.csv
SQM,ms_us_1d:us_SQM.csv
SQQQ,ms_us_1d:us_SQQQ.csv
SR,ms_us_1d:us_SR.csv
SRAD,ms_us_1d:us_SRAD.csv
SRBK,ms_us_1d:us_SRBK.csv
SRCE,ms_us_1d:us_SRCE.csv
SRCI,ms_us_1d:us_SRCI.csv
SRCL,ms_us_1d:us_SRCL.csv
SRE,ms_us_1d:us_SRE.csv
SREV,ms_us_1d:us_SREV.csv
SRFM,ms_us_1d:us_SRFM.csv
SRG,ms_us_1d:us_SRG.csv
SRI,ms_us_1d:us_SRI.csv
SRL,ms_us_1d:us_SRL.csv
SRPT,ms_us_1d:us_SRPT.csv
SRRA,ms_us_1d:us_SRRA.csv
SRRK,ms_us_1d:us_SRRK.csv
SRS,ms_us_1d:us_SRS.csv
SRTA,ms_us_1d:us_SRTA.csv
SRTS,ms_us_1d:us_SRTS.csv
SRTY,ms_us_1d:us_SRTY.csv
SRXH,ms_us_1d:us_SRXH.csv
SRZN,ms_us_1d:us_SRZN.csv
SSAC,ms_us_1d:us_SSAC.csv
SSB,ms_us_1d:us_SSB.csv
SSBI,ms_us_1d:us_SSBI.csv
SSD,ms_us_1d:us_SSD.csv
SSEA,ms_us_1d:us_SSEA.csv
SSFN,ms_us_1d:us_SSFN.csv
SSG,ms_us_1d:us_SSG.csv
SSII,ms_us_1d:us_SSII.csv
SSL,ms_us_1d:us_SSL.csv
SSM,ms_us_1d:us_SSM.csv
SSMR,ms_us_1d:us_SSMR.csv
SSNC,ms_us_1d:us_SSNC.csv
SSO,ms_us_1d:us_SSO.csv
SSP,ms_us_1d:us_SSP.csv
SSRM,ms_us_1d:us_SSRM.csv
SSSS,ms_us_1d:us_SSSS.csv
SST,ms_us_1d:us_SST.csv
SSTI,ms_us_1d:us_SSTI.csv
SSTK,ms_us_1d:us_SSTK.csv
SSYS,ms_us_1d:us_SSYS.csv
ST,ms_us_1d:us_ST.csv
STAA,ms_us_1d:us_STAA.csv
STAG,ms_us_1d:us_STAG.csv
STAK,ms_us_1d:us_STAK.csv
STAY,ms_us_1d:us_STAY.csv
STBA,ms_us_1d:us_STBA.csv
STBZ,ms_us_1d:us_STBZ.csv
STC,ms_us_1d:us_STC.csv
STDY,ms_us_1d:us_STDY.csv
STE,ms_us_1d:us_STE.csv
STEL,ms_us_1d:us_STEL.csv
STEM,ms_us_1d:us_STEM.csv
STEP,ms_us_1d:us_STEP.csv
STEX,ms_us_1d:us_STEX.csv
STFC,ms_us_1d:us_STFC.csv
STFS,ms_us_1d:us_STFS.csv
STGW,ms_us_1d:us_STGW.csv
STHH,ms_us_1d:us_STHH.csv
STHO,ms_us_1d:us_STHO.csv
STI,ms_us_1d:us_STI.csv
STIM,ms_us_1d:us_STIM.csv
STJ,ms_us_1d:us_STJ.csv
STKE,ms_us_1d:us_STKE.csv
STKS,ms_us_1d:us_STKS.csv
STL,ms_us_1d:us_STL.csv
STLA,ms_us_1d:us_STLA.csv
STLD,ms_us_1d:us_STLD.csv
STM,ms_us_1d:us_STM.csv
STML,ms_us_1d:us_STML.csv
STMP,ms_us_1d:us_STMP.csv
STN,ms_us_1d:us_STN.csv
STND,ms_us_1d:us_STND.csv
STNE,ms_us_1d:us_STNE.csv
STNG,ms_us_1d:us_STNG.csv
STNL,ms_us_1d:us_STNL.csv
STNLU,ms_us_1d:us_STNLU.csv
STOK,ms_us_1d:us_STOK.csv
STPP,ms_us_1d:us_STPP.csv
STRA,ms_us_1d:us_STRA.csv
STRL,ms_us_1d:us_STRL.csv
STRO,ms_us_1d:us_STRO.csv
STRR,ms_us_1d:us_STRR.csv
STRS,ms_us_1d:us_STRS.csv
STRT,ms_us_1d:us_STRT.csv
STRW,ms_us_1d:us_STRW.csv
STRZ,ms_us_1d:us_STRZ.csv
STT,ms_us_1d:us_STT.csv
STTK,ms_us_1d:us_STTK.csv
STUB,ms_us_1d:us_STUB.csv
STVN,ms_us_1d:us_STVN.csv
STX,ms_us_1d:us_STX.csv
STXB,ms_us_1d:us_STXB.csv
STXS,ms_us_1d:us_STXS.csv
STZ,ms_us_1d:us_STZ.csv
SU,ms_us_1d:us_SU.csv
SUGP,ms_us_1d:us_SUGP.csv
SUIG,ms_us_1d:us_SUIG.csv
SUJA,ms_us_1d:us_SUJA.csv
SUMA,ms_us_1d:us_SUMA.csv
SUMR,ms_us_1d:us_SUMR.csv
SUN,ms_us_1d:us_SUN.csv
SUNB,ms_us_1d:us_SUNB.csv
SUNC,ms_us_1d:us_SUNC.csv
SUNE,ms_us_1d:us_SUNE.csv
SUPN,ms_us_1d:us_SUPN.csv
SUPV,ms_us_1d:us_SUPV.csv
SUPX,ms_us_1d:us_SUPX.csv
SURG,ms_us_1d:us_SURG.csv
SVA,ms_us_1d:us_SVA.csv
SVAC,ms_us_1d:us_SVAC.csv
SVAQ,ms_us_1d:us_SVAQ.csv
SVBI,ms_us_1d:us_SVBI.csv
SVCC,ms_us_1d:us_SVCC.csv
SVCO,ms_us_1d:us_SVCO.csv
SVIV,ms_us_1d:us_SVIV.csv
SVM,ms_us_1d:us_SVM.csv
SVRA,ms_us_1d:us_SVRA.csv
SVRN,ms_us_1d:us_SVRN.csv
SVU,ms_us_1d:us_SVU.csv
SVV,ms_us_1d:us_SVV.csv
SW,ms_us_1d:us_SW.csv
SWAG,ms_us_1d:us_SWAG.csv
SWBI,ms_us_1d:us_SWBI.csv
SWBIV,ms_us_1d:us_SWBIV.csv
SWIM,ms_us_1d:us_SWIM.csv
SWIN,ms_us_1d:us_SWIN.csv
SWK,ms_us_1d:us_SWK.csv
SWKS,ms_us_1d:us_SWKS.csv
SWMR,ms_us_1d:us_SWMR.csv
SWN,ms_us_1d:us_SWN.csv
SWVL,ms_us_1d:us_SWVL.csv
SWX,ms_us_1d:us_SWX.csv
SXC,ms_us_1d:us_SXC.csv
SXCP,ms_us_1d:us_SXCP.csv
SXI,ms_us_1d:us_SXI.csv
SXT,ms_us_1d:us_SXT.csv
SXTC,ms_us_1d:us_SXTC.csv
SXTP,ms_us_1d:us_SXTP.csv
SY,ms_us_1d:us_SY.csv
SYBT,ms_us_1d:us_SYBT.csv
SYF,ms_us_1d:us_SYF.csv
SYK,ms_us_1d:us_SYK.csv
SYKE,ms_us_1d:us_SYKE.csv
SYM,ms_us_1d:us_SYM.csv
SYMC,ms_us_1d:us_SYMC.csv
SYNA,ms_us_1d:us_SYNA.csv
SYNC,ms_us_1d:us_SYNC.csv
SYNT,ms_us_1d:us_SYNT.csv
SYNX,ms_us_1d:us_SYNX.csv
SYPR,ms_us_1d:us_SYPR.csv
SYRE,ms_us_1d:us_SYRE.csv
SYY,ms_us_1d:us_SYY.csv
SZK,ms_us_1d:us_SZK.csv
SZZL,ms_us_1d:us_SZZL.csv
T,ms_us_1d:us_T.csv
TAC,ms_us_1d:us_TAC.csv
TACA,ms_us_1d:us_TACA.csv
TACH,ms_us_1d:us_TACH.csv
TACO,ms_us_1d:us_TACO.csv
TACT,ms_us_1d:us_TACT.csv
TAHO,ms_us_1d:us_TAHO.csv
TAL,ms_us_1d:us_TAL.csv
TALK,ms_us_1d:us_TALK.csv
TALO,ms_us_1d:us_TALO.csv
TAN,ms_us_1d:us_TAN.csv
TANH,ms_us_1d:us_TANH.csv
TAOP,ms_us_1d:us_TAOP.csv
TAOX,ms_us_1d:us_TAOX.csv
TAP,ms_us_1d:us_TAP.csv
TAP.A,ms_us_1d:us_TAP_A.csv
TARA,ms_us_1d:us_TARA.csv
TARS,ms_us_1d:us_TARS.csv
TASK,ms_us_1d:us_TASK.csv
TAT,ms_us_1d:us_TAT.csv
TATT,ms_us_1d:us_TATT.csv
TAVI,ms_us_1d:us_TAVI.csv
TAWK,ms_us_1d:us_TAWK.csv
TAYD,ms_us_1d:us_TAYD.csv
TBBB,ms_us_1d:us_TBBB.csv
TBBK,ms_us_1d:us_TBBK.csv
TBCH,ms_us_1d:us_TBCH.csv
TBH,ms_us_1d:us_TBH.csv
TBI,ms_us_1d:us_TBI.csv
TBLA,ms_us_1d:us_TBLA.csv
TBN,ms_us_1d:us_TBN.csv
TBPH,ms_us_1d:us_TBPH.csv
TBRG,ms_us_1d:us_TBRG.csv
TBRGU,ms_us_1d:us_TBRGU.csv
TBX,ms_us_1d:us_TBX.csv
TCAC,ms_us_1d:us_TCAC.csv
TCBI,ms_us_1d:us_TCBI.csv
TCBK,ms_us_1d:us_TCBK.csv
TCBX,ms_us_1d:us_TCBX.csv
TCF,ms_us_1d:us_TCF.csv
TCHF,ms_us_1d:us_TCHF.csv
TCI,ms_us_1d:us_TCI.csv
TCMD,ms_us_1d:us_TCMD.csv
TCO,ms_us_1d:us_TCO.csv
TCP,ms_us_1d:us_TCP.csv
TCPC,ms_us_1d:us_TCPC.csv
TCRT,ms_us_1d:us_TCRT.csv
TCRX,ms_us_1d:us_TCRX.csv
TCX,ms_us_1d:us_TCX.csv
TD,ms_us_1d:us_TD.csv
TDAC,ms_us_1d:us_TDAC.csv
TDAY,ms_us_1d:us_TDAY.csv
TDC,ms_us_1d:us_TDC.csv
TDG,ms_us_1d:us_TDG.csv
TDIC,ms_us_1d:us_TDIC.csv
TDOC,ms_us_1d:us_TDOC.csv
TDS,ms_us_1d:us_TDS.csv
TDTH,ms_us_1d:us_TDTH.csv
TDUP,ms_us_1d:us_TDUP.csv
TDW,ms_us_1d:us_TDW.csv
TDWD,ms_us_1d:us_TDWD.csv
TDY,ms_us_1d:us_TDY.csv
TE,ms_us_1d:us_TE.csv
TEAD,ms_us_1d:us_TEAD.csv
TEAM,ms_us_1d:us_TEAM.csv
TECD,ms_us_1d:us_TECD.csv
TECH,ms_us_1d:us_TECH.csv
TECK,ms_us_1d:us_TECK.csv
TECX,ms_us_1d:us_TECX.csv
TEL,ms_us_1d:us_TEL.csv
TELA,ms_us_1d:us_TELA.csv
TELO,ms_us_1d:us_TELO.csv
TEM,ms_us_1d:us_TEM.csv
TEN,ms_us_1d:us_TEN.csv
TENB,ms_us_1d:us_TENB.csv
TENG,ms_us_1d:us_TENG.csv
TENX,ms_us_1d:us_TENX.csv
TEO,ms_us_1d:us_TEO.csv
TER,ms_us_1d:us_TER.csv
TERP,ms_us_1d:us_TERP.csv
TETF,ms_us_1d:us_TETF.csv
TEX,ms_us_1d:us_TEX.csv
TFC,ms_us_1d:us_TFC.csv
TFCF,ms_us_1d:us_TFCF.csv
TFCFA,ms_us_1d:us_TFCFA.csv
TFII,ms_us_1d:us_TFII.csv
TFIN,ms_us_1d:us_TFIN.csv
TFPM,ms_us_1d:us_TFPM.csv
TFSL,ms_us_1d:us_TFSL.csv
TFX,ms_us_1d:us_TFX.csv
TG,ms_us_1d:us_TG.csv
TGB,ms_us_1d:us_TGB.csv
TGE,ms_us_1d:us_TGE.csv
TGEN,ms_us_1d:us_TGEN.csv
TGHL,ms_us_1d:us_TGHL.csv
TGL,ms_us_1d:us_TGL.csv
TGLS,ms_us_1d:us_TGLS.csv
TGNA,ms_us_1d:us_TGNA.csv
TGP,ms_us_1d:us_TGP.csv
TGS,ms_us_1d:us_TGS.csv
TGT,ms_us_1d:us_TGT.csv
TGTX,ms_us_1d:us_TGTX.csv
TH,ms_us_1d:us_TH.csv
THC,ms_us_1d:us_THC.csv
THCH,ms_us_1d:us_THCH.csv
THD,ms_us_1d:us_THD.csv
THFF,ms_us_1d:us_THFF.csv
THG,ms_us_1d:us_THG.csv
THH,ms_us_1d:us_THH.csv
THM,ms_us_1d:us_THM.csv
THO,ms_us_1d:us_THO.csv
THRM,ms_us_1d:us_THRM.csv
THRY,ms_us_1d:us_THRY.csv
TIC,ms_us_1d:us_TIC.csv
TIF,ms_us_1d:us_TIF.csv
TIG,ms_us_1d:us_TIG.csv
TIGO,ms_us_1d:us_TIGO.csv
TII,ms_us_1d:us_TII.csv
TIL,ms_us_1d:us_TIL.csv
TILE,ms_us_1d:us_TILE.csv
TIP,ms_us_1d:us_TIP.csv
TIPT,ms_us_1d:us_TIPT.csv
TISA,ms_us_1d:us_TISA.csv
TISI,ms_us_1d:us_TISI.csv
TITN,ms_us_1d:us_TITN.csv
TIVO,ms_us_1d:us_TIVO.csv
TJGC,ms_us_1d:us_TJGC.csv
TJX,ms_us_1d:us_TJX.csv
TK,ms_us_1d:us_TK.csv
TKC,ms_us_1d:us_TKC.csv
TKKS,ms_us_1d:us_TKKS.csv
TKNO,ms_us_1d:us_TKNO.csv
TKO,ms_us_1d:us_TKO.csv
TKR,ms_us_1d:us_TKR.csv
TLC,ms_us_1d:us_TLC.csv
TLF,ms_us_1d:us_TLF.csv
TLIH,ms_us_1d:us_TLIH.csv
TLK,ms_us_1d:us_TLK.csv
TLMD,ms_us_1d:us_TLMD.csv
TLN,ms_us_1d:us_TLN.csv
TLNC,ms_us_1d:us_TLNC.csv
TLP,ms_us_1d:us_TLP.csv
TLPH,ms_us_1d:us_TLPH.csv
TLRA,ms_us_1d:us_TLRA.csv
TLRY,ms_us_1d:us_TLRY.csv
TLS,ms_us_1d:us_TLS.csv
TLSA,ms_us_1d:us_TLSA.csv
TLSI,ms_us_1d:us_TLSI.csv
TLT,ms_us_1d:us_TLT.csv
TLYS,ms_us_1d:us_TLYS.csv
TMC,ms_us_1d:us_TMC.csv
TMCI,ms_us_1d:us_TMCI.csv
TMCR,ms_us_1d:us_TMCR.csv
TMCX,ms_us_1d:us_TMCX.csv
TMDE,ms_us_1d:us_TMDE.csv
TMDX,ms_us_1d:us_TMDX.csv
TMH,ms_us_1d:us_TMH.csv
TMHC,ms_us_1d:us_TMHC.csv
TMK,ms_us_1d:us_TMK.csv
TMO,ms_us_1d:us_TMO.csv
TMP,ms_us_1d:us_TMP.csv
TMQ,ms_us_1d:us_TMQ.csv
TMS,ms_us_1d:us_TMS.csv
TMTS,ms_us_1d:us_TMTS.csv
TMUS,ms_us_1d:us_TMUS.csv
TNAV,ms_us_1d:us_TNAV.csv
TNC,ms_us_1d:us_TNC.csv
TNDM,ms_us_1d:us_TNDM.csv
TNET,ms_us_1d:us_TNET.csv
TNGX,ms_us_1d:us_TNGX.csv
TNK,ms_us_1d:us_TNK.csv
TNL,ms_us_1d:us_TNL.csv
TNMG,ms_us_1d:us_TNMG.csv
TNON,ms_us_1d:us_TNON.csv
TNXP,ms_us_1d:us_TNXP.csv
TNYA,ms_us_1d:us_TNYA.csv
TOI,ms_us_1d:us_TOI.csv
TOL,ms_us_1d:us_TOL.csv
TOMZ,ms_us_1d:us_TOMZ.csv
TONX,ms_us_1d:us_TONX.csv
TOO,ms_us_1d:us_TOO.csv
TOON,ms_us_1d:us_TOON.csv
TOP,ms_us_1d:us_TOP.csv
TOPP,ms_us_1d:us_TOPP.csv
TOPS,ms_us_1d:us_TOPS.csv
TORO,ms_us_1d:us_TORO.csv
TOST,ms_us_1d:us_TOST.csv
TOVX,ms_us_1d:us_TOVX.csv
TOWN,ms_us_1d:us_TOWN.csv
TOWR,ms_us_1d:us_TOWR.csv
TOYO,ms_us_1d:us_TOYO.csv
TPB,ms_us_1d:us_TPB.csv
TPC,ms_us_1d:us_TPC.csv
TPCO,ms_us_1d:us_TPCO.csv
TPCS,ms_us_1d:us_TPCS.csv
TPET,ms_us_1d:us_TPET.csv
TPG,ms_us_1d:us_TPG.csv
TPGH,ms_us_1d:us_TPGH.csv
TPIV,ms_us_1d:us_TPIV.csv
TPL,ms_us_1d:us_TPL.csv
TPR,ms_us_1d:us_TPR.csv
TPST,ms_us_1d:us_TPST.csv
TPTX,ms_us_1d:us_TPTX.csv
TPVG,ms_us_1d:us_TPVG.csv
TQQQ,ms_us_1d:us_TQQQ.csv
TR,ms_us_1d:us_TR.csv
TRAD,ms_us_1d:us_TRAD.csv
TRAK,ms_us_1d:us_TRAK.csv
TRAW,ms_us_1d:us_TRAW.csv
TRAX,ms_us_1d:us_TRAX.csv
TRC,ms_us_1d:us_TRC.csv
TRCB,ms_us_1d:us_TRCB.csv
TRCO,ms_us_1d:us_TRCO.csv
TRDA,ms_us_1d:us_TRDA.csv
TREC,ms_us_1d:us_TREC.csv
TREE,ms_us_1d:us_TREE.csv
TREX,ms_us_1d:us_TREX.csv
TRGP,ms_us_1d:us_TRGP.csv
TRGS,ms_us_1d:us_TRGS.csv
TRI,ms_us_1d:us_TRI.csv
TRIN,ms_us_1d:us_TRIN.csv
TRIP,ms_us_1d:us_TRIP.csv
TRK,ms_us_1d:us_TRK.csv
TRLV,ms_us_1d:us_TRLV.csv
TRMB,ms_us_1d:us_TRMB.csv
TRMD,ms_us_1d:us_TRMD.csv
TRN,ms_us_1d:us_TRN.csv
TRNO,ms_us_1d:us_TRNO.csv
TRNR,ms_us_1d:us_TRNR.csv
TRNS,ms_us_1d:us_TRNS.csv
TRON,ms_us_1d:us_TRON.csv
TROO,ms_us_1d:us_TROO.csv
TROW,ms_us_1d:us_TROW.csv
TROX,ms_us_1d:us_TROX.csv
TRP,ms_us_1d:us_TRP.csv
TRS,ms_us_1d:us_TRS.csv
TRSG,ms_us_1d:us_TRSG.csv
TRT,ms_us_1d:us_TRT.csv
TRU,ms_us_1d:us_TRU.csv
TRUG,ms_us_1d:us_TRUG.csv
TRUP,ms_us_1d:us_TRUP.csv
TRV,ms_us_1d:us_TRV.csv
TRVI,ms_us_1d:us_TRVI.csv
TRX,ms_us_1d:us_TRX.csv
TS,ms_us_1d:us_TS.csv
TSAT,ms_us_1d:us_TSAT.csv
TSBK,ms_us_1d:us_TSBK.csv
TSC,ms_us_1d:us_TSC.csv
TSCO,ms_us_1d:us_TSCO.csv
TSEM,ms_us_1d:us_TSEM.csv
TSG,ms_us_1d:us_TSG.csv
TSHA,ms_us_1d:us_TSHA.csv
TSLA,ms_us_1d:us_TSLA.csv
TSLI,ms_us_1d:us_TSLI.csv
TSLX,ms_us_1d:us_TSLX.csv
TSM,ms_us_1d:us_TSM.csv
TSN,ms_us_1d:us_TSN.csv
TSQ,ms_us_1d:us_TSQ.csv
TSRO,ms_us_1d:us_TSRO.csv
TSS,ms_us_1d:us_TSS.csv
TSSI,ms_us_1d:us_TSSI.csv
TST,ms_us_1d:us_TST.csv
TSU,ms_us_1d:us_TSU.csv
TT,ms_us_1d:us_TT.csv
TTAM,ms_us_1d:us_TTAM.csv
TTAN,ms_us_1d:us_TTAN.csv
TTC,ms_us_1d:us_TTC.csv
TTD,ms_us_1d:us_TTD.csv
TTE,ms_us_1d:us_TTE.csv
TTEC,ms_us_1d:us_TTEC.csv
TTEK,ms_us_1d:us_TTEK.csv
TTGT,ms_us_1d:us_TTGT.csv
TTI,ms_us_1d:us_TTI.csv
TTMI,ms_us_1d:us_TTMI.csv
TTPH,ms_us_1d:us_TTPH.csv
TTRX,ms_us_1d:us_TTRX.csv
TTT,ms_us_1d:us_TTT.csv
TTWO,ms_us_1d:us_TTWO.csv
TU,ms_us_1d:us_TU.csv
TUFN,ms_us_1d:us_TUFN.csv
TULP,ms_us_1d:us_TULP.csv
TUR,ms_us_1d:us_TUR.csv
TUSK,ms_us_1d:us_TUSK.csv
TV,ms_us_1d:us_TV.csv
TVA,ms_us_1d:us_TVA.csv
TVAI,ms_us_1d:us_TVAI.csv
TVC,ms_us_1d:us_TVC.csv
TVE,ms_us_1d:us_TVE.csv
TVGN,ms_us_1d:us_TVGN.csv
TVIZ,ms_us_1d:us_TVIZ.csv
TVPT,ms_us_1d:us_TVPT.csv
TVRD,ms_us_1d:us_TVRD.csv
TVTX,ms_us_1d:us_TVTX.csv
TVTY,ms_us_1d:us_TVTY.csv
TW,ms_us_1d:us_TW.csv
TWAV,ms_us_1d:us_TWAV.csv
TWC,ms_us_1d:us_TWC.csv
TWFG,ms_us_1d:us_TWFG.csv
TWG,ms_us_1d:us_TWG.csv
TWI,ms_us_1d:us_TWI.csv
TWIN,ms_us_1d:us_TWIN.csv
TWLO,ms_us_1d:us_TWLO.csv
TWLV,ms_us_1d:us_TWLV.csv
TWLVU,ms_us_1d:us_TWLVU.csv
TWM,ms_us_1d:us_TWM.csv
TWO,ms_us_1d:us_TWO.csv
TWST,ms_us_1d:us_TWST.csv
TWTR,ms_us_1d:us_TWTR.csv
TWX,ms_us_1d:us_TWX.csv
TXG,ms_us_1d:us_TXG.csv
TXMD,ms_us_1d:us_TXMD.csv
TXN,ms_us_1d:us_TXN.csv
TXNM,ms_us_1d:us_TXNM.csv
TXO,ms_us_1d:us_TXO.csv
TXRH,ms_us_1d:us_TXRH.csv
TXT,ms_us_1d:us_TXT.csv
TY,ms_us_1d:us_TY.csv
TYBS,ms_us_1d:us_TYBS.csv
TYG,ms_us_1d:us_TYG.csv
TYGO,ms_us_1d:us_TYGO.csv
TYL,ms_us_1d:us_TYL.csv
TYME,ms_us_1d:us_TYME.csv
TYNS,ms_us_1d:us_TYNS.csv
TYPE,ms_us_1d:us_TYPE.csv
TYRA,ms_us_1d:us_TYRA.csv
TZOO,ms_us_1d:us_TZOO.csv
UA,ms_us_1d:us_UA.csv
UAA,ms_us_1d:us_UAA.csv
UAG,ms_us_1d:us_UAG.csv
UAL,ms_us_1d:us_UAL.csv
UAN,ms_us_1d:us_UAN.csv
UAVS,ms_us_1d:us_UAVS.csv
UBC,ms_us_1d:us_UBC.csv
UBER,ms_us_1d:us_UBER.csv
UBG,ms_us_1d:us_UBG.csv
UBM,ms_us_1d:us_UBM.csv
UBN,ms_us_1d:us_UBN.csv
UBNK,ms_us_1d:us_UBNK.csv
UBR,ms_us_1d:us_UBR.csv
UBS,ms_us_1d:us_UBS.csv
UBT,ms_us_1d:us_UBT.csv
UBXG,ms_us_1d:us_UBXG.csv
UCAR,ms_us_1d:us_UCAR.csv
UCBA,ms_us_1d:us_UCBA.csv
UCC,ms_us_1d:us_UCC.csv
UCFI,ms_us_1d:us_UCFI.csv
UCI,ms_us_1d:us_UCI.csv
UCIB,ms_us_1d:us_UCIB.csv
UCO,ms_us_1d:us_UCO.csv
UCOM,ms_us_1d:us_UCOM.csv
UCTT,ms_us_1d:us_UCTT.csv
UDBI,ms_us_1d:us_UDBI.csv
UDOW,ms_us_1d:us_UDOW.csv
UDR,ms_us_1d:us_UDR.csv
UE,ms_us_1d:us_UE.csv
UEC,ms_us_1d:us_UEC.csv
UEIC,ms_us_1d:us_UEIC.csv
UFG,ms_us_1d:us_UFG.csv
UFI,ms_us_1d:us_UFI.csv
UFPI,ms_us_1d:us_UFPI.csv
UFPT,ms_us_1d:us_UFPT.csv
UFS,ms_us_1d:us_UFS.csv
UGA,ms_us_1d:us_UGA.csv
UGE,ms_us_1d:us_UGE.csv
UGI,ms_us_1d:us_UGI.csv
UGL,ms_us_1d:us_UGL.csv
UGP,ms_us_1d:us_UGP.csv
UHAL,ms_us_1d:us_UHAL.csv
UHAL.B,ms_us_1d:us_UHAL_B.csv
UHN,ms_us_1d:us_UHN.csv
UHS,ms_us_1d:us_UHS.csv
UI,ms_us_1d:us_UI.csv
UIS,ms_us_1d:us_UIS.csv
UJB,ms_us_1d:us_UJB.csv
UK,ms_us_1d:us_UK.csv
UL,ms_us_1d:us_UL.csv
ULBI,ms_us_1d:us_ULBI.csv
ULBR,ms_us_1d:us_ULBR.csv
ULCC,ms_us_1d:us_ULCC.csv
ULE,ms_us_1d:us_ULE.csv
ULH,ms_us_1d:us_ULH.csv
ULS,ms_us_1d:us_ULS.csv
ULTA,ms_us_1d:us_ULTA.csv
UMAC,ms_us_1d:us_UMAC.csv
UMBF,ms_us_1d:us_UMBF.csv
UMDD,ms_us_1d:us_UMDD.csv
UMH,ms_us_1d:us_UMH.csv
UN,ms_us_1d:us_UN.csv
UNB,ms_us_1d:us_UNB.csv
UNCY,ms_us_1d:us_UNCY.csv
UNF,ms_us_1d:us_UNF.csv
UNG,ms_us_1d:us_UNG.csv
UNH,ms_us_1d:us_UNH.csv
UNM,ms_us_1d:us_UNM.csv
UNP,ms_us_1d:us_UNP.csv
UONE,ms_us_1d:us_UONE.csv
UONEK,ms_us_1d:us_UONEK.csv
UP,ms_us_1d:us_UP.csv
UPB,ms_us_1d:us_UPB.csv
UPBD,ms_us_1d:us_UPBD.csv
UPC,ms_us_1d:us_UPC.csv
UPLD,ms_us_1d:us_UPLD.csv
UPRO,ms_us_1d:us_UPRO.csv
UPS,ms_us_1d:us_UPS.csv
UPST,ms_us_1d:us_UPST.csv
UPV,ms_us_1d:us_UPV.csv
UPW,ms_us_1d:us_UPW.csv
UPWK,ms_us_1d:us_UPWK.csv
UPXI,ms_us_1d:us_UPXI.csv
UQM,ms_us_1d:us_UQM.csv
URBN,ms_us_1d:us_URBN.csv
URE,ms_us_1d:us_URE.csv
URG,ms_us_1d:us_URG.csv
URGN,ms_us_1d:us_URGN.csv
URI,ms_us_1d:us_URI.csv
UROV,ms_us_1d:us_UROV.csv
UROY,ms_us_1d:us_UROY.csv
URR,ms_us_1d:us_URR.csv
URSP,ms_us_1d:us_URSP.csv
URTY,ms_us_1d:us_URTY.csv
USAC,ms_us_1d:us_USAC.csv
USAG,ms_us_1d:us_USAG.csv
USAK,ms_us_1d:us_USAK.csv
USAR,ms_us_1d:us_USAR.csv
USAS,ms_us_1d:us_USAS.csv
USAU,ms_us_1d:us_USAU.csv
USB,ms_us_1d:us_USB.csv
USBC,ms_us_1d:us_USBC.csv
USCB,ms_us_1d:us_USCB.csv
USCI,ms_us_1d:us_USCI.csv
USCR,ms_us_1d:us_USCR.csv
USD,ms_us_1d:us_USD.csv
USDE,ms_us_1d:us_USDE.csv
USFD,ms_us_1d:us_USFD.csv
USGO,ms_us_1d:us_USGO.csv
USIO,ms_us_1d:us_USIO.csv
USML,ms_us_1d:us_USML.csv
USMV,ms_us_1d:us_USMV.csv
USNA,ms_us_1d:us_USNA.csv
USO,ms_us_1d:us_USO.csv
USOI,ms_us_1d:us_USOI.csv
USPH,ms_us_1d:us_USPH.csv
UST,ms_us_1d:us_UST.csv
USV,ms_us_1d:us_USV.csv
UTI,ms_us_1d:us_UTI.csv
UTLF,ms_us_1d:us_UTLF.csv
UTMD,ms_us_1d:us_UTMD.csv
UTSI,ms_us_1d:us_UTSI.csv
UTX,ms_us_1d:us_UTX.csv
UTZ,ms_us_1d:us_UTZ.csv
UUP,ms_us_1d:us_UUP.csv
UUU,ms_us_1d:us_UUU.csv
UUUU,ms_us_1d:us_UUUU.csv
UVE,ms_us_1d:us_UVE.csv
UVSP,ms_us_1d:us_UVSP.csv
UVV,ms_us_1d:us_UVV.csv
UWM,ms_us_1d:us_UWM.csv
UWMC,ms_us_1d:us_UWMC.csv
UWN,ms_us_1d:us_UWN.csv
UWT,ms_us_1d:us_UWT.csv
UXI,ms_us_1d:us_UXI.csv
UXIN,ms_us_1d:us_UXIN.csv
UYG,ms_us_1d:us_UYG.csv
UYM,ms_us_1d:us_UYM.csv
UYSC,ms_us_1d:us_UYSC.csv
UZX,ms_us_1d:us_UZX.csv
V,ms_us_1d:us_V.csv
VABK,ms_us_1d:us_VABK.csv
VAC,ms_us_1d:us_VAC.csv
VACI,ms_us_1d:us_VACI.csv
VAL,ms_us_1d:us_VAL.csv
VALE,ms_us_1d:us_VALE.csv
VALU,ms_us_1d:us_VALU.csv
VANI,ms_us_1d:us_VANI.csv
VAR,ms_us_1d:us_VAR.csv
VATE,ms_us_1d:us_VATE.csv
VBIO,ms_us_1d:us_VBIO.csv
VBNK,ms_us_1d:us_VBNK.csv
VC,ms_us_1d:us_VC.csv
VCEL,ms_us_1d:us_VCEL.csv
VCIG,ms_us_1d:us_VCIG.csv
VCRA,ms_us_1d:us_VCRA.csv
VCTR,ms_us_1d:us_VCTR.csv
VCYT,ms_us_1d:us_VCYT.csv
VEA,ms_us_1d:us_VEA.csv
VEAC,ms_us_1d:us_VEAC.csv
VEACU,ms_us_1d:us_VEACU.csv
VECA,ms_us_1d:us_VECA.csv
VECO,ms_us_1d:us_VECO.csv
VEDL,ms_us_1d:us_VEDL.csv
VEEA,ms_us_1d:us_VEEA.csv
VEEE,ms_us_1d:us_VEEE.csv
VEEV,ms_us_1d:us_VEEV.csv
VEI,ms_us_1d:us_VEI.csv
VEL,ms_us_1d:us_VEL.csv
VELO,ms_us_1d:us_VELO.csv
VENU,ms_us_1d:us_VENU.csv
VEON,ms_us_1d:us_VEON.csv
VER,ms_us_1d:us_VER.csv
VERA,ms_us_1d:us_VERA.csv
VERI,ms_us_1d:us_VERI.csv
VERU,ms_us_1d:us_VERU.csv
VERX,ms_us_1d:us_VERX.csv
VESH,ms_us_1d:us_VESH.csv
VET,ms_us_1d:us_VET.csv
VFC,ms_us_1d:us_VFC.csv
VFF,ms_us_1d:us_VFF.csv
VFS,ms_us_1d:us_VFS.csv
VG,ms_us_1d:us_VG.csv
VGAS,ms_us_1d:us_VGAS.csv
VGNT,ms_us_1d:us_VGNT.csv
VGZ,ms_us_1d:us_VGZ.csv
VHC,ms_us_1d:us_VHC.csv
VHCP,ms_us_1d:us_VHCP.csv
VHI,ms_us_1d:us_VHI.csv
VHUB,ms_us_1d:us_VHUB.csv
VIA,ms_us_1d:us_VIA.csv
VIAB,ms_us_1d:us_VIAB.csv
VIAC,ms_us_1d:us_VIAC.csv
VIAV,ms_us_1d:us_VIAV.csv
VICI,ms_us_1d:us_VICI.csv
VICL,ms_us_1d:us_VICL.csv
VICR,ms_us_1d:us_VICR.csv
VIDA,ms_us_1d:us_VIDA.csv
VIDI,ms_us_1d:us_VIDI.csv
VIE,ms_us_1d:us_VIE.csv
VIIZ,ms_us_1d:us_VIIZ.csv
VIK,ms_us_1d:us_VIK.csv
VINP,ms_us_1d:us_VINP.csv
VIPS,ms_us_1d:us_VIPS.csv
VIR,ms_us_1d:us_VIR.csv
VIRC,ms_us_1d:us_VIRC.csv
VIRT,ms_us_1d:us_VIRT.csv
VISN,ms_us_1d:us_VISN.csv
VIST,ms_us_1d:us_VIST.csv
VITL,ms_us_1d:us_VITL.csv
VIVK,ms_us_1d:us_VIVK.csv
VIVO,ms_us_1d:us_VIVO.csv
VIVS,ms_us_1d:us_VIVS.csv
VKTX,ms_us_1d:us_VKTX.csv
VLGEA,ms_us_1d:us_VLGEA.csv
VLN,ms_us_1d:us_VLN.csv
VLO,ms_us_1d:us_VLO.csv
VLP,ms_us_1d:us_VLP.csv
VLRS,ms_us_1d:us_VLRS.csv
VLTO,ms_us_1d:us_VLTO.csv
VLUE,ms_us_1d:us_VLUE.csv
VLY,ms_us_1d:us_VLY.csv
VMAR,ms_us_1d:us_VMAR.csv
VMC,ms_us_1d:us_VMC.csv
VMD,ms_us_1d:us_VMD.csv
VMET,ms_us_1d:us_VMET.csv
VMI,ms_us_1d:us_VMI.csv
VMIN,ms_us_1d:us_VMIN.csv
VNCE,ms_us_1d:us_VNCE.csv
VNDA,ms_us_1d:us_VNDA.csv
VNE,ms_us_1d:us_VNE.csv
VNME,ms_us_1d:us_VNME.csv
VNO,ms_us_1d:us_VNO.csv
VNOM,ms_us_1d:us_VNOM.csv
VNQ,ms_us_1d:us_VNQ.csv
VNRX,ms_us_1d:us_VNRX.csv
VNT,ms_us_1d:us_VNT.csv
VNTG,ms_us_1d:us_VNTG.csv
VOO,ms_us_1d:us_VOO.csv
VOR,ms_us_1d:us_VOR.csv
VOXR,ms_us_1d:us_VOXR.csv
VOYA,ms_us_1d:us_VOYA.csv
VOYG,ms_us_1d:us_VOYG.csv
VPG,ms_us_1d:us_VPG.csv
VQT,ms_us_1d:us_VQT.csv
VRA,ms_us_1d:us_VRA.csv
VRAX,ms_us_1d:us_VRAX.csv
VRCA,ms_us_1d:us_VRCA.csv
VRDN,ms_us_1d:us_VRDN.csv
VREX,ms_us_1d:us_VREX.csv
VRM,ms_us_1d:us_VRM.csv
VRME,ms_us_1d:us_VRME.csv
VRNS,ms_us_1d:us_VRNS.csv
VRRM,ms_us_1d:us_VRRM.csv
VRS,ms_us_1d:us_VRS.csv
VRSK,ms_us_1d:us_VRSK.csv
VRSN,ms_us_1d:us_VRSN.csv
VRT,ms_us_1d:us_VRT.csv
VRTS,ms_us_1d:us_VRTS.csv
VRTU,ms_us_1d:us_VRTU.csv
VRTX,ms_us_1d:us_VRTX.csv
VRXA,ms_us_1d:us_VRXA.csv
VS,ms_us_1d:us_VS.csv
VSAT,ms_us_1d:us_VSAT.csv
VSEC,ms_us_1d:us_VSEC.csv
VSEE,ms_us_1d:us_VSEE.csv
VSH,ms_us_1d:us_VSH.csv
VSI,ms_us_1d:us_VSI.csv
VSLR,ms_us_1d:us_VSLR.csv
VSM,ms_us_1d:us_VSM.csv
VSME,ms_us_1d:us_VSME.csv
VSNT,ms_us_1d:us_VSNT.csv
VST,ms_us_1d:us_VST.csv
VSTD,ms_us_1d:us_VSTD.csv
VSTM,ms_us_1d:us_VSTM.csv
VSTS,ms_us_1d:us_VSTS.csv
VSXY,ms_us_1d:us_VSXY.csv
VTAK,ms_us_1d:us_VTAK.csv
VTEX,ms_us_1d:us_VTEX.csv
VTGN,ms_us_1d:us_VTGN.csv
VTI,ms_us_1d:us_VTI.csv
VTIX,ms_us_1d:us_VTIX.csv
VTOL,ms_us_1d:us_VTOL.csv
VTR,ms_us_1d:us_VTR.csv
VTRS,ms_us_1d:us_VTRS.csv
VTS,ms_us_1d:us_VTS.csv
VTSI,ms_us_1d:us_VTSI.csv
VTV,ms_us_1d:us_VTV.csv
VTVT,ms_us_1d:us_VTVT.csv
VUG,ms_us_1d:us_VUG.csv
VUZI,ms_us_1d:us_VUZI.csv
VVC,ms_us_1d:us_VVC.csv
VVOS,ms_us_1d:us_VVOS.csv
VVV,ms_us_1d:us_VVV.csv
VVX,ms_us_1d:us_VVX.csv
VWAV,ms_us_1d:us_VWAV.csv
VWO,ms_us_1d:us_VWO.csv
VWTR,ms_us_1d:us_VWTR.csv
VXX,ms_us_1d:us_VXX.csv
VXZ,ms_us_1d:us_VXZ.csv
VYGR,ms_us_1d:us_VYGR.csv
VYLD,ms_us_1d:us_VYLD.csv
VYNE,ms_us_1d:us_VYNE.csv
VYX,ms_us_1d:us_VYX.csv
VZ,ms_us_1d:us_VZ.csv
VZLA,ms_us_1d:us_VZLA.csv
W,ms_us_1d:us_W.csv
WAAS,ms_us_1d:us_WAAS.csv
WAB,ms_us_1d:us_WAB.csv
WABC,ms_us_1d:us_WABC.csv
WAFD,ms_us_1d:us_WAFD.csv
WAFU,ms_us_1d:us_WAFU.csv
WAGE,ms_us_1d:us_WAGE.csv
WAI,ms_us_1d:us_WAI.csv
WAIR,ms_us_1d:us_WAIR.csv
WAL,ms_us_1d:us_WAL.csv
WALA,ms_us_1d:us_WALA.csv
WALD,ms_us_1d:us_WALD.csv
WARR,ms_us_1d:us_WARR.csv
WAT,ms_us_1d:us_WAT.csv
WATT,ms_us_1d:us_WATT.csv
WAY,ms_us_1d:us_WAY.csv
WBA,ms_us_1d:us_WBA.csv
WBC,ms_us_1d:us_WBC.csv
WBD,ms_us_1d:us_WBD.csv
WBI,ms_us_1d:us_WBI.csv
WBIA,ms_us_1d:us_WBIA.csv
WBIB,ms_us_1d:us_WBIB.csv
WBIC,ms_us_1d:us_WBIC.csv
WBID,ms_us_1d:us_WBID.csv
WBIH,ms_us_1d:us_WBIH.csv
WBIR,ms_us_1d:us_WBIR.csv
WBK,ms_us_1d:us_WBK.csv
WBS,ms_us_1d:us_WBS.csv
WBT,ms_us_1d:us_WBT.csv
WBTN,ms_us_1d:us_WBTN.csv
WBUY,ms_us_1d:us_WBUY.csv
WBX,ms_us_1d:us_WBX.csv
WCC,ms_us_1d:us_WCC.csv
WCG,ms_us_1d:us_WCG.csv
WCN,ms_us_1d:us_WCN.csv
WCT,ms_us_1d:us_WCT.csv
WD,ms_us_1d:us_WD.csv
WDAY,ms_us_1d:us_WDAY.csv
WDC,ms_us_1d:us_WDC.csv
WDFC,ms_us_1d:us_WDFC.csv
WDR,ms_us_1d:us_WDR.csv
WDRW,ms_us_1d:us_WDRW.csv
WEAT,ms_us_1d:us_WEAT.csv
WEAV,ms_us_1d:us_WEAV.csv
WEB,ms_us_1d:us_WEB.csv
WEBK,ms_us_1d:us_WEBK.csv
WEC,ms_us_1d:us_WEC.csv
WELL,ms_us_1d:us_WELL.csv
WEN,ms_us_1d:us_WEN.csv
WENC,ms_us_1d:us_WENC.csv
WENN,ms_us_1d:us_WENN.csv
WERN,ms_us_1d:us_WERN.csv
WES,ms_us_1d:us_WES.csv
WEST,ms_us_1d:us_WEST.csv
WETH,ms_us_1d:us_WETH.csv
WETO,ms_us_1d:us_WETO.csv
WEX,ms_us_1d:us_WEX.csv
WEYS,ms_us_1d:us_WEYS.csv
WFC,ms_us_1d:us_WFC.csv
WFCF,ms_us_1d:us_WFCF.csv
WFF,ms_us_1d:us_WFF.csv
WFG,ms_us_1d:us_WFG.csv
WFM,ms_us_1d:us_WFM.csv
WFRD,ms_us_1d:us_WFRD.csv
WGO,ms_us_1d:us_WGO.csv
WGRX,ms_us_1d:us_WGRX.csv
WGS,ms_us_1d:us_WGS.csv
WH,ms_us_1d:us_WH.csv
WHD,ms_us_1d:us_WHD.csv
WHF,ms_us_1d:us_WHF.csv
WHG,ms_us_1d:us_WHG.csv
WHK,ms_us_1d:us_WHK.csv
WHR,ms_us_1d:us_WHR.csv
WHWK,ms_us_1d:us_WHWK.csv
WIFI,ms_us_1d:us_WIFI.csv
WILC,ms_us_1d:us_WILC.csv
WIMI,ms_us_1d:us_WIMI.csv
WINA,ms_us_1d:us_WINA.csv
WING,ms_us_1d:us_WING.csv
WIT,ms_us_1d:us_WIT.csv
WIX,ms_us_1d:us_WIX.csv
WK,ms_us_1d:us_WK.csv
WKC,ms_us_1d:us_WKC.csv
WKHS,ms_us_1d:us_WKHS.csv
WKSP,ms_us_1d:us_WKSP.csv
WLDN,ms_us_1d:us_WLDN.csv
WLDS,ms_us_1d:us_WLDS.csv
WLFC,ms_us_1d:us_WLFC.csv
WLH,ms_us_1d:us_WLH.csv
WLII,ms_us_1d:us_WLII.csv
WLK,ms_us_1d:us_WLK.csv
WLKP,ms_us_1d:us_WLKP.csv
WLL,ms_us_1d:us_WLL.csv
WLTH,ms_us_1d:us_WLTH.csv
WLTW,ms_us_1d:us_WLTW.csv
WLY,ms_us_1d:us_WLY.csv
WLYB,ms_us_1d:us_WLYB.csv
WM,ms_us_1d:us_WM.csv
WMB,ms_us_1d:us_WMB.csv
WMCR,ms_us_1d:us_WMCR.csv
WMG,ms_us_1d:us_WMG.csv
WMK,ms_us_1d:us_WMK.csv
WMS,ms_us_1d:us_WMS.csv
WMT,ms_us_1d:us_WMT.csv
WNC,ms_us_1d:us_WNC.csv
WNEB,ms_us_1d:us_WNEB.csv
WNW,ms_us_1d:us_WNW.csv
WOK,ms_us_1d:us_WOK.csv
WOLF,ms_us_1d:us_WOLF.csv
WOOF,ms_us_1d:us_WOOF.csv
WOR,ms_us_1d:us_WOR.csv
WORK,ms_us_1d:us_WORK.csv
WP,ms_us_1d:us_WP.csv
WPAC,ms_us_1d:us_WPAC.csv
WPC,ms_us_1d:us_WPC.csv
WPF.U,ms_us_1d:us_WPF_U.csv
WPM,ms_us_1d:us_WPM.csv
WPP,ms_us_1d:us_WPP.csv
WPRT,ms_us_1d:us_WPRT.csv
WPX,ms_us_1d:us_WPX.csv
WRAP,ms_us_1d:us_WRAP.csv
WRB,ms_us_1d:us_WRB.csv
WRBY,ms_us_1d:us_WRBY.csv
WREI,ms_us_1d:us_WREI.csv
WRI,ms_us_1d:us_WRI.csv
WRK,ms_us_1d:us_WRK.csv
WRLD,ms_us_1d:us_WRLD.csv
WRN,ms_us_1d:us_WRN.csv
WS,ms_us_1d:us_WS.csv
WSBC,ms_us_1d:us_WSBC.csv
WSBF,ms_us_1d:us_WSBF.csv
WSBK,ms_us_1d:us_WSBK.csv
WSC,ms_us_1d:us_WSC.csv
WSCI,ms_us_1d:us_WSCI.csv
WSE,ms_us_1d:us_WSE.csv
WSFS,ms_us_1d:us_WSFS.csv
WSHP,ms_us_1d:us_WSHP.csv
WSM,ms_us_1d:us_WSM.csv
WSO,ms_us_1d:us_WSO.csv
WSO.B,ms_us_1d:us_WSO_B.csv
WSR,ms_us_1d:us_WSR.csv
WST,ms_us_1d:us_WST.csv
WSTN,ms_us_1d:us_WSTN.csv
WT,ms_us_1d:us_WT.csv
WTBA,ms_us_1d:us_WTBA.csv
WTF,ms_us_1d:us_WTF.csv
WTG,ms_us_1d:us_WTG.csv
WTI,ms_us_1d:us_WTI.csv
WTID,ms_us_1d:us_WTID.csv
WTIU,ms_us_1d:us_WTIU.csv
WTM,ms_us_1d:us_WTM.csv
WTO,ms_us_1d:us_WTO.csv
WTRG,ms_us_1d:us_WTRG.csv
WTS,ms_us_1d:us_WTS.csv
WTTR,ms_us_1d:us_WTTR.csv
WTW,ms_us_1d:us_WTW.csv
WU,ms_us_1d:us_WU.csv
WUBA,ms_us_1d:us_WUBA.csv
WULF,ms_us_1d:us_WULF.csv
WVE,ms_us_1d:us_WVE.csv
WVVI,ms_us_1d:us_WVVI.csv
WW,ms_us_1d:us_WW.csv
WWD,ms_us_1d:us_WWD.csv
WWR,ms_us_1d:us_WWR.csv
WWW,ms_us_1d:us_WWW.csv
WXM,ms_us_1d:us_WXM.csv
WY,ms_us_1d:us_WY.csv
WYDE,ms_us_1d:us_WYDE.csv
WYFI,ms_us_1d:us_WYFI.csv
WYND,ms_us_1d:us_WYND.csv
WYNN,ms_us_1d:us_WYNN.csv
WYY,ms_us_1d:us_WYY.csv
XAIR,ms_us_1d:us_XAIR.csv
XBI,ms_us_1d:us_XBI.csv
XBIO,ms_us_1d:us_XBIO.csv
XBIT,ms_us_1d:us_XBIT.csv
XBP,ms_us_1d:us_XBP.csv
XCBE,ms_us_1d:us_XCBE.csv
XCRA,ms_us_1d:us_XCRA.csv
XCUR,ms_us_1d:us_XCUR.csv
XE,ms_us_1d:us_XE.csv
XEC,ms_us_1d:us_XEC.csv
XEL,ms_us_1d:us_XEL.csv
XELB,ms_us_1d:us_XELB.csv
XENE,ms_us_1d:us_XENE.csv
XENT,ms_us_1d:us_XENT.csv
XERS,ms_us_1d:us_XERS.csv
XFLH,ms_us_1d:us_XFLH.csv
XFOR,ms_us_1d:us_XFOR.csv
XGN,ms_us_1d:us_XGN.csv
XGTI,ms_us_1d:us_XGTI.csv
XHLD,ms_us_1d:us_XHLD.csv
XHR,ms_us_1d:us_XHR.csv
XIFR,ms_us_1d:us_XIFR.csv
XINA,ms_us_1d:us_XINA.csv
XIVH,ms_us_1d:us_XIVH.csv
XL,ms_us_1d:us_XL.csv
XLB,ms_us_1d:us_XLB.csv
XLC,ms_us_1d:us_XLC.csv
XLE,ms_us_1d:us_XLE.csv
XLF,ms_us_1d:us_XLF.csv
XLI,ms_us_1d:us_XLI.csv
XLK,ms_us_1d:us_XLK.csv
XLNX,ms_us_1d:us_XLNX.csv
XLO,ms_us_1d:us_XLO.csv
XLP,ms_us_1d:us_XLP.csv
XLRE,ms_us_1d:us_XLRE.csv
XLRN,ms_us_1d:us_XLRN.csv
XLU,ms_us_1d:us_XLU.csv
XLV,ms_us_1d:us_XLV.csv
XLY,ms_us_1d:us_XLY.csv
XMAX,ms_us_1d:us_XMAX.csv
XME,ms_us_1d:us_XME.csv
XMTR,ms_us_1d:us_XMTR.csv
XMX,ms_us_1d:us_XMX.csv
XNCR,ms_us_1d:us_XNCR.csv
XNDU,ms_us_1d:us_XNDU.csv
XOG,ms_us_1d:us_XOG.csv
XOM,ms_us_1d:us_XOM.csv
XOMA,ms_us_1d:us_XOMA.csv
XON,ms_us_1d:us_XON.csv
XOP,ms_us_1d:us_XOP.csv
XOS,ms_us_1d:us_XOS.csv
XOXO,ms_us_1d:us_XOXO.csv
XP,ms_us_1d:us_XP.csv
XPEL,ms_us_1d:us_XPEL.csv
XPER,ms_us_1d:us_XPER.csv
XPL,ms_us_1d:us_XPL.csv
XPLR,ms_us_1d:us_XPLR.csv
XPO,ms_us_1d:us_XPO.csv
XPOA,ms_us_1d:us_XPOA.csv
XPOF,ms_us_1d:us_XPOF.csv
XPON,ms_us_1d:us_XPON.csv
XPRO,ms_us_1d:us_XPRO.csv
XRAY,ms_us_1d:us_XRAY.csv
XRM,ms_us_1d:us_XRM.csv
XRN,ms_us_1d:us_XRN.csv
XRPN,ms_us_1d:us_XRPN.csv
XRTX,ms_us_1d:us_XRTX.csv
XRX,ms_us_1d:us_XRX.csv
XSLL,ms_us_1d:us_XSLL.csv
XTIA,ms_us_1d:us_XTIA.csv
XTNT,ms_us_1d:us_XTNT.csv
XUSA,ms_us_1d:us_XUSA.csv
XVZ,ms_us_1d:us_XVZ.csv
XWEL,ms_us_1d:us_XWEL.csv
XXI,ms_us_1d:us_XXI.csv
XXII,ms_us_1d:us_XXII.csv
XYL,ms_us_1d:us_XYL.csv
XYZ,ms_us_1d:us_XYZ.csv
XZO,ms_us_1d:us_XZO.csv
YAAS,ms_us_1d:us_YAAS.csv
YAO,ms_us_1d:us_YAO.csv
YCBD,ms_us_1d:us_YCBD.csv
YCL,ms_us_1d:us_YCL.csv
YCOM,ms_us_1d:us_YCOM.csv
YCS,ms_us_1d:us_YCS.csv
YCY,ms_us_1d:us_YCY.csv
YDDL,ms_us_1d:us_YDDL.csv
YDES,ms_us_1d:us_YDES.csv
YDKG,ms_us_1d:us_YDKG.csv
YELP,ms_us_1d:us_YELP.csv
YESR,ms_us_1d:us_YESR.csv
YETI,ms_us_1d:us_YETI.csv
YEXT,ms_us_1d:us_YEXT.csv
YGRN,ms_us_1d:us_YGRN.csv
YHC,ms_us_1d:us_YHC.csv
YHGJ,ms_us_1d:us_YHGJ.csv
YHNA,ms_us_1d:us_YHNA.csv
YIBO,ms_us_1d:us_YIBO.csv
YJ,ms_us_1d:us_YJ.csv
YMAT,ms_us_1d:us_YMAT.csv
YMLI,ms_us_1d:us_YMLI.csv
YOOV,ms_us_1d:us_YOOV.csv
YORW,ms_us_1d:us_YORW.csv
YOU,ms_us_1d:us_YOU.csv
YPF,ms_us_1d:us_YPF.csv
YRD,ms_us_1d:us_YRD.csv
YSS,ms_us_1d:us_YSS.csv
YSWY,ms_us_1d:us_YSWY.csv
YSXT,ms_us_1d:us_YSXT.csv
YTRA,ms_us_1d:us_YTRA.csv
YUM,ms_us_1d:us_YUM.csv
YUMC,ms_us_1d:us_YUMC.csv
YXT,ms_us_1d:us_YXT.csv
YYAI,ms_us_1d:us_YYAI.csv
YYGH,ms_us_1d:us_YYGH.csv
Z,ms_us_1d:us_Z.csv
ZAGG,ms_us_1d:us_ZAGG.csv
ZAYO,ms_us_1d:us_ZAYO.csv
ZBAO,ms_us_1d:us_ZBAO.csv
ZBH,ms_us_1d:us_ZBH.csv
ZBIO,ms_us_1d:us_ZBIO.csv
ZBRA,ms_us_1d:us_ZBRA.csv
ZCMD,ms_us_1d:us_ZCMD.csv
ZD,ms_us_1d:us_ZD.csv
ZDAI,ms_us_1d:us_ZDAI.csv
ZDGE,ms_us_1d:us_ZDGE.csv
ZDVSV,ms_us_1d:us_ZDVSV.csv
ZENA,ms_us_1d:us_ZENA.csv
ZEO,ms_us_1d:us_ZEO.csv
ZETA,ms_us_1d:us_ZETA.csv
ZG,ms_us_1d:us_ZG.csv
ZGN,ms_us_1d:us_ZGN.csv
ZGNX,ms_us_1d:us_ZGNX.csv
ZGYH,ms_us_1d:us_ZGYH.csv
ZIM,ms_us_1d:us_ZIM.csv
ZION,ms_us_1d:us_ZION.csv
ZIP,ms_us_1d:us_ZIP.csv
ZIXI,ms_us_1d:us_ZIXI.csv
ZJK,ms_us_1d:us_ZJK.csv
ZJYL,ms_us_1d:us_ZJYL.csv
ZKIN,ms_us_1d:us_ZKIN.csv
ZKP,ms_us_1d:us_ZKP.csv
ZM,ms_us_1d:us_ZM.csv
ZMLP,ms_us_1d:us_ZMLP.csv
ZNB,ms_us_1d:us_ZNB.csv
ZNGA,ms_us_1d:us_ZNGA.csv
ZNTL,ms_us_1d:us_ZNTL.csv
ZONE,ms_us_1d:us_ZONE.csv
ZOOZ,ms_us_1d:us_ZOOZ.csv
ZS,ms_us_1d:us_ZS.csv
ZSL,ms_us_1d:us_ZSL.csv
ZSQR,ms_us_1d:us_ZSQR.csv
ZSTK,ms_us_1d:us_ZSTK.csv
ZTEK,ms_us_1d:us_ZTEK.csv
ZTG,ms_us_1d:us_ZTG.csv
ZTS,ms_us_1d:us_ZTS.csv
ZUMZ,ms_us_1d:us_ZUMZ.csv
ZURA,ms_us_1d:us_ZURA.csv
ZVIA,ms_us_1d:us_ZVIA.csv
ZVRA,ms_us_1d:us_ZVRA.csv
ZWS,ms_us_1d:us_ZWS.csv
ZYBT,ms_us_1d:us_ZYBT.csv
ZYME,ms_us_1d:us_ZYME.csv
